Method	num_5010	num_7010	num_9010	num_505	num_605	num_705	num_805	num_905
concoct_bins_checkm2_output/quality_report.tsv	58	37	17	28	22	18	16	12
Method	num_5010	num_7010	num_9010	num_505	num_605	num_705	num_805	num_905
maxbin2_bins_checkm2_output/quality_report.tsv	75	43	24	30	22	18	16	9
Method	num_5010	num_7010	num_9010	num_505	num_605	num_705	num_805	num_905
metabat2_bins_checkm2_output/quality_report.tsv	144	96	38	104	82	65	50	34
Method	num_5010	num_7010	num_9010	num_505	num_605	num_705	num_805	num_905
vamb_m200000/bins_checkm2_output/quality_report.tsv	90	53	23	84	69	49	34	21
Method	num_5010	num_7010	num_9010	num_505	num_605	num_705	num_805	num_905
vamb_v413_m200000/bins_checkm2_output/quality_report.tsv	93	64	30	77	70	50	31	24
clmb_m200000/bins_checkm2_output/quality_report.tsv	86	44	18	74	54	37	22	16
Method	num_5010	num_7010	num_9010	num_505	num_605	num_705	num_805	num_905
metadecoder/samfiles_checkm2_output/quality_report.tsv	124	65	20	107	83	57	38	18
Method	num_5010	num_7010	num_9010	num_505	num_605	num_705	num_805	num_905
semibin_Easy_coassemly_mode_v1.0.0_default/output_recluster_bins_checkm2_output/quality_report.tsv	137	80	30	108	84	63	42	23
Method	num_5010	num_7010	num_9010	num_505	num_605	num_705	num_805	num_905
semibin2_Easy_coassemly_mode/output_bins_checkm2_output/quality_report.tsv	137	81	31	115	88	71	47	28
COMEBin_nocovloss_tau0.15_nepoch200_earlystop_addvars_nedge75_vars_sqrt_NokmerMetric/test3_parallel_leiden_markerseed_RBERVertexPartition_nodesize_hnsw_l2mode_bandwidth_0.05_res_maxedges100respara_30_partgraph_ratio_50.tsv.filtersmallbins_200000.tsv_bins_checkm2_output/quality_report.tsv	205	142	57	125	97	77	62	39
