Method	num_5010	num_7010	num_9010	num_505	num_605	num_705	num_805	num_905
concoct_bins_checkm2_output/quality_report.tsv	33	19	9	15	11	8	5	4
Method	num_5010	num_7010	num_9010	num_505	num_605	num_705	num_805	num_905
maxbin2_bins_checkm2_output/quality_report.tsv	39	23	10	13	11	9	5	4
Method	num_5010	num_7010	num_9010	num_505	num_605	num_705	num_805	num_905
metabat2_bins_checkm2_output/quality_report.tsv	88	55	25	49	40	34	27	18
Method	num_5010	num_7010	num_9010	num_505	num_605	num_705	num_805	num_905
vamb_m200000/bins_checkm2_output/quality_report.tsv	47	28	8	38	32	23	17	7
vamb_v413_m200000/bins_checkm2_output/quality_report.tsv	43	29	9	35	27	24	18	8
Method	num_5010	num_7010	num_9010	num_505	num_605	num_705	num_805	num_905
clmb_m200000/bins_checkm2_output/quality_report.tsv	26	15	4	15	13	10	6	1
Method	num_5010	num_7010	num_9010	num_505	num_605	num_705	num_805	num_905
metadecoder/samfiles_checkm2_output/quality_report.tsv	85	43	8	69	54	38	28	7
Method	num_5010	num_7010	num_9010	num_505	num_605	num_705	num_805	num_905
semibin2_Easy_coassemly_mode/output_bins_checkm2_output/quality_report.tsv	101	56	23	69	53	40	29	20
semibin_Easy_coassemly_mode_v1.0.0_default/output_recluster_bins_checkm2_output/quality_report.tsv	95	57	22	59	48	38	27	17
Method	num_5010	num_7010	num_9010	num_505	num_605	num_705	num_805	num_905
COMEBin_nocovloss_tau0.15_nepoch200_earlystop_addvars_nedge75_vars_sqrt_NokmerMetric/test3_parallel_leiden_markerseed_RBERVertexPartition_nodesize_hnsw_l2mode_bandwidth_0.05_res_maxedges100respara_50_partgraph_ratio_100.tsv.filtersmallbins_200000.tsv_bins_checkm2_output/quality_report.tsv	129	89	31	75	61	48	33	22
