Method	num_5010	num_7010	num_9010	num_505	num_605	num_705	num_805	num_905
concoct_bins_checkm2_quality_report.tsv	21	16	13	19	16	15	14	12
maxbin2_bins_checkm2_quality_report.tsv	20	17	12	15	14	13	12	9
metabat2_bins_checkm2_quality_report.tsv	19	15	11	15	15	13	12	9
VAMB/S3_checkm2_output/quality_report.tsv	17	12	3	17	15	12	9	3
CLMB/S3_checkm2_output/quality_report.tsv	10	9	4	10	10	9	8	4
metadecoder/samfiles_checkm2_output/quality_report.tsv	14	10	3	14	13	10	7	3
semibin_Easy_coassemly_mode_v1.0.0_default/output_recluster_bins_checkm2_output/quality_report.tsv	17	14	6	17	17	14	13	6
semibin2_Easy_coassemly_mode/output_bins_checkm2_output/quality_report.tsv	19	14	6	16	16	13	12	6
COMEBin_nocovloss_tau0.15_nepoch200_earlystop_addvars_nedge75_vars_sqrt_NokmerMetric/filter200000/*filtersmallbins_200000.tsv_bins_checkm2_output/quality_report.tsv	24	19	9	22	19	18	15	8
