Method	num_5010	num_7010	num_9010	num_505	num_605	num_705	num_805	num_905
concoct_bins_checkm2_quality_report.tsv	2	2	1	2	2	2	2	1
maxbin2_bins_checkm2_quality_report.tsv	3	2	2	1	1	1	1	1
metabat2_bins_checkm2_quality_report.tsv	3	2	0	2	2	1	1	0
VAMB/S8_checkm2_output/quality_report.tsv	2	1	0	2	1	1	1	0
CLMB/S8_checkm2_output/quality_report.tsv	2	0	0	2	1	0	0	0
metadecoder/samfiles_checkm2_output/quality_report.tsv	3	2	1	3	3	2	1	1
semibin_Easy_coassemly_mode_v1.0.0_default/output_recluster_bins_checkm2_output/quality_report.tsv	3	2	1	3	2	2	2	1
semibin2_Easy_coassemly_mode/output_bins_checkm2_output/quality_report.tsv	3	3	0	3	3	3	3	0
COMEBin_nocovloss_tau0.15_nepoch200_earlystop_addvars_nedge75_vars_sqrt_NokmerMetric/filter200000/*filtersmallbins_200000.tsv_bins_checkm2_output/quality_report.tsv	3	1	1	3	2	1	1	1
