Method	num_5010	num_7010	num_9010	num_505	num_605	num_705	num_805	num_905
concoct_bins_checkm2_quality_report.tsv	12	10	9	12	11	10	10	9
maxbin2_bins_checkm2_quality_report.tsv	10	9	5	8	8	8	7	4
metabat2_bins_checkm2_quality_report.tsv	11	11	7	11	11	11	9	7
VAMB/S7_checkm2_output/quality_report.tsv	9	9	2	9	9	9	7	2
CLMB/S7_checkm2_output/quality_report.tsv	6	6	2	6	6	6	5	2
metadecoder/samfiles_checkm2_output/quality_report.tsv	11	9	4	11	9	9	7	4
semibin_Easy_coassemly_mode_v1.0.0_default/output_recluster_bins_checkm2_output/quality_report.tsv	11	9	5	11	10	9	8	5
semibin2_Easy_coassemly_mode/output_bins_checkm2_output/quality_report.tsv	10	9	6	10	9	9	8	6
COMEBin_nocovloss_tau0.15_nepoch200_earlystop_addvars_nedge75_vars_sqrt_NokmerMetric/filter200000/*filtersmallbins_200000.tsv_bins_checkm2_output/quality_report.tsv	13	11	9	12	12	11	11	9
