Method	num_5010	num_7010	num_9010	num_505	num_605	num_705	num_805	num_905
concoct_bins_checkm2_quality_report.tsv	28	21	12	15	13	12	10	7
maxbin2_bins_checkm2_quality_report.tsv	24	12	4	6	2	2	2	2
metabat2_bins_checkm2_quality_report.tsv	33	20	4	22	19	14	9	3
VAMB/S2_checkm2_output/quality_report.tsv	20	14	2	18	16	13	5	2
CLMB/S2_checkm2_output/quality_report.tsv	15	9	1	14	10	8	4	1
metadecoder/samfiles_checkm2_output/quality_report.tsv	26	13	1	24	18	13	6	1
semibin_Easy_coassemly_mode_v1.0.0_default/output_recluster_bins_checkm2_output/quality_report.tsv	28	16	4	23	18	13	6	4
semibin2_Easy_coassemly_mode/output_bins_checkm2_output/quality_report.tsv	26	15	4	23	19	14	6	4
COMEBin_nocovloss_tau0.15_nepoch200_earlystop_addvars_nedge75_vars_sqrt_NokmerMetric/comebin_res_bins_checkm2_output/quality_report.tsv	47	34	14	25	19	16	12	8
