Method	num_5010	num_7010	num_9010	num_505	num_605	num_705	num_805	num_905
concoct_bins_checkm2_quality_report.tsv	15	8	4	10	7	6	4	3
maxbin2_bins_checkm2_quality_report.tsv	11	4	2	3	2	1	1	1
metabat2_bins_checkm2_quality_report.tsv	29	17	7	22	15	13	10	5
VAMB/S2_checkm2_output/quality_report.tsv	14	11	2	14	13	11	5	2
CLMB/S2_checkm2_output/quality_report.tsv	14	8	1	13	12	8	6	1
metadecoder/samfiles_checkm2_output/quality_report.tsv	21	13	4	20	15	12	7	4
semibin_Easy_coassemly_mode_v1.0.0_default/output_recluster_bins_checkm2_output/quality_report.tsv	25	14	5	21	18	13	7	4
semibin2_Easy_coassemly_mode/output_bins_checkm2_output/quality_report.tsv	21	15	6	19	18	14	9	6
COMEBin_nocovloss_tau0.15_nepoch200_earlystop_addvars_nedge75_vars_sqrt_NokmerMetric/comebin_res_bins_checkm2_output/quality_report.tsv	39	27	10	22	15	12	11	7
