Method	num_5010	num_7010	num_9010	num_505	num_605	num_705	num_805	num_905
COMEBin_nocovloss_tau0.15_nepoch200_earlystop_addvars_nedge75_vars_sqrt_NokmerMetric_2view/cluster_res/res/test3_parallel_leiden_markerseed_RBERVertexPartition_nodesize_hnsw_l2mode_bandwidth_0.1_res_maxedges100respara_10_partgraph_ratio_50.tsv.filtersmallbins_200000.tsv_bins_checkm2_output/quality_report.tsv	192	131	42	156	128	101	70	34
COMEBin_nocovloss_tau0.15_nepoch200_earlystop_addvars_nedge75_vars_sqrt_NokmerMetric_4view/cluster_res/res/test3_parallel_leiden_markerseed_RBERVertexPartition_nodesize_hnsw_l2mode_bandwidth_0.1_res_maxedges100respara_10_partgraph_ratio_50.tsv.filtersmallbins_200000.tsv_bins_checkm2_output/quality_report.tsv	195	135	43	160	135	105	74	34
COMEBin_nocovloss_tau0.15_nepoch200_earlystop_addvars_nedge75_vars_sqrt_NokmerMetric_8view/cluster_res/res/test3_parallel_leiden_markerseed_RBERVertexPartition_nodesize_hnsw_l2mode_bandwidth_0.15_res_maxedges100respara_10_partgraph_ratio_100.tsv.filtersmallbins_200000.tsv_bins_checkm2_output/quality_report.tsv	190	134	43	156	132	100	75	34
COMEBin_nocovloss_tau0.15_nepoch200_earlystop_addvars_nedge75_vars_sqrt_NokmerMetric/test3_parallel_leiden_markerseed_RBERVertexPartition_nodesize_hnsw_l2mode_bandwidth_0.05_res_maxedges100respara_5_partgraph_ratio_80.tsv.filtersmallbins_200000.tsv_bins_checkm2_output/quality_report.tsv	194	138	44	163	141	110	74	37
