sample_id	Bin ID	Most abundant genome	Purity (bp)	Completeness (bp)	Bin size (bp)	True positives (bp)	True size of most abundant genome (bp)	Purity (seq)	Completeness (seq)	Bin size (seq)	True positives (seq)	True size of most abundant genome (seq)
marmgCAMI2_short_read_pooled_gold_standard_assembly	544	Otu1000	1.0	1.0	4884705	4884705	4884705	1.0	1.0	1	1	1
marmgCAMI2_short_read_pooled_gold_standard_assembly	450	Otu85.0	1.0	1.0	3427048	3427048	3427048	1.0	1.0	1	1	1
marmgCAMI2_short_read_pooled_gold_standard_assembly	431	Otu85.1	1.0	1.0	3293900	3293900	3293900	1.0	1.0	4	4	4
marmgCAMI2_short_read_pooled_gold_standard_assembly	432	Otu470	1.0	1.0	1595975	1595975	1595975	1.0	1.0	1	1	1
marmgCAMI2_short_read_pooled_gold_standard_assembly	100	Otu597.0	1.0	1.0	3782562	3782562	3782562	1.0	1.0	12	12	12
marmgCAMI2_short_read_pooled_gold_standard_assembly	433	Otu398	1.0	1.0	1908158	1908158	1908158	1.0	1.0	3	3	3
marmgCAMI2_short_read_pooled_gold_standard_assembly	434	Otu318.0	1.0	1.0	5393517	5393517	5393517	1.0	1.0	3	3	3
marmgCAMI2_short_read_pooled_gold_standard_assembly	436	Otu315.0	1.0	1.0	3830131	3830131	3830131	1.0	1.0	9	9	9
marmgCAMI2_short_read_pooled_gold_standard_assembly	438	Otu1204	1.0	1.0	1118416	1118416	1118416	1.0	1.0	3	3	3
marmgCAMI2_short_read_pooled_gold_standard_assembly	439	Otu870	1.0	1.0	2736366	2736366	2736366	1.0	1.0	1	1	1
marmgCAMI2_short_read_pooled_gold_standard_assembly	440	Otu4.0	0.5255233261786244	1.0	3666117	1926630	1926630	0.5	1.0	2	1	1
marmgCAMI2_short_read_pooled_gold_standard_assembly	444	Otu42.0	1.0	1.0	3994757	3994757	3994757	1.0	1.0	1	1	1
marmgCAMI2_short_read_pooled_gold_standard_assembly	446	Otu24.0	1.0	1.0	4830178	4830178	4830178	1.0	1.0	1	1	1
marmgCAMI2_short_read_pooled_gold_standard_assembly	447	Otu613	1.0	1.0	3145869	3145869	3145869	1.0	1.0	8	8	8
marmgCAMI2_short_read_pooled_gold_standard_assembly	449	Otu1448	1.0	1.0	2022780	2022780	2022780	1.0	1.0	5	5	5
marmgCAMI2_short_read_pooled_gold_standard_assembly	451	Otu230.1	1.0	1.0	4635062	4635062	4635062	1.0	1.0	1	1	1
marmgCAMI2_short_read_pooled_gold_standard_assembly	475	Otu301	1.0	1.0	5396452	5396452	5396452	1.0	1.0	1	1	1
marmgCAMI2_short_read_pooled_gold_standard_assembly	452	Otu37.0	1.0	1.0	7327599	7327599	7327599	1.0	1.0	4	4	4
marmgCAMI2_short_read_pooled_gold_standard_assembly	453	Otu61.0	1.0	1.0	4052363	4052363	4052363	1.0	1.0	2	2	2
marmgCAMI2_short_read_pooled_gold_standard_assembly	455	Otu241.0	1.0	1.0	4875390	4875390	4875390	1.0	1.0	2	2	2
marmgCAMI2_short_read_pooled_gold_standard_assembly	456	Otu648.0	1.0	1.0	5128065	5128065	5128065	1.0	1.0	4	4	4
marmgCAMI2_short_read_pooled_gold_standard_assembly	457	Otu215.0	1.0	1.0	3074116	3074116	3074116	1.0	1.0	4	4	4
marmgCAMI2_short_read_pooled_gold_standard_assembly	462	Otu274.0	1.0	1.0	2269117	2269117	2269117	1.0	1.0	1	1	1
marmgCAMI2_short_read_pooled_gold_standard_assembly	78	Otu220.0	1.0	1.0	5313838	5313838	5313838	1.0	1.0	4	4	4
marmgCAMI2_short_read_pooled_gold_standard_assembly	463	Otu283.0	1.0	1.0	4200513	4200513	4200513	1.0	1.0	1	1	1
marmgCAMI2_short_read_pooled_gold_standard_assembly	464	Otu199.0	1.0	1.0	4000036	4000036	4000036	1.0	1.0	1	1	1
marmgCAMI2_short_read_pooled_gold_standard_assembly	469	Otu303.0	1.0	1.0	1999613	1999613	1999613	1.0	1.0	2	2	2
marmgCAMI2_short_read_pooled_gold_standard_assembly	471	Otu1337	1.0	1.0	3914592	3914592	3914592	1.0	1.0	2	2	2
marmgCAMI2_short_read_pooled_gold_standard_assembly	472	Otu1458.0	1.0	1.0	4944048	4944048	4944048	1.0	1.0	2	2	2
marmgCAMI2_short_read_pooled_gold_standard_assembly	473	Otu265.0	1.0	1.0	4417500	4417500	4417500	1.0	1.0	8	8	8
marmgCAMI2_short_read_pooled_gold_standard_assembly	429	Otu525.0	1.0	1.0	4337917	4337917	4337917	1.0	1.0	1	1	1
marmgCAMI2_short_read_pooled_gold_standard_assembly	428	Otu133.0	1.0	1.0	3389983	3389983	3389983	1.0	1.0	1	1	1
marmgCAMI2_short_read_pooled_gold_standard_assembly	427	Otu465	1.0	1.0	1443759	1443759	1443759	1.0	1.0	1	1	1
marmgCAMI2_short_read_pooled_gold_standard_assembly	425	Otu312.0	1.0	1.0	4560497	4560497	4560497	1.0	1.0	1	1	1
marmgCAMI2_short_read_pooled_gold_standard_assembly	174	Otu36.0	1.0	1.0	4137509	4137509	4137509	1.0	1.0	2	2	2
marmgCAMI2_short_read_pooled_gold_standard_assembly	178	Otu75.0	0.8041508826935241	1.0	5321326	4279149	4279149	0.0016501650165016502	1.0	606	1	1
marmgCAMI2_short_read_pooled_gold_standard_assembly	144	Otu119.1	0.5193884456669339	1.0	8626478	4480493	4480493	0.3333333333333333	1.0	3	1	1
marmgCAMI2_short_read_pooled_gold_standard_assembly	1	Otu222.0	0.5648553949751853	1.0	11911723	6728401	6728401	0.992	1.0	125	124	124
marmgCAMI2_short_read_pooled_gold_standard_assembly	283	Otu157.0	1.0	1.0	3543876	3543876	3543876	1.0	1.0	1	1	1
marmgCAMI2_short_read_pooled_gold_standard_assembly	286	Otu256	1.0	1.0	3293431	3293431	3293431	1.0	1.0	1	1	1
marmgCAMI2_short_read_pooled_gold_standard_assembly	298	Otu1297	1.0	1.0	2589900	2589900	2589900	1.0	1.0	42	42	42
marmgCAMI2_short_read_pooled_gold_standard_assembly	325	Otu506.0	1.0	1.0	2989885	2989885	2989885	1.0	1.0	6	6	6
marmgCAMI2_short_read_pooled_gold_standard_assembly	341	Otu928.0	1.0	1.0	3019047	3019047	3019047	1.0	1.0	6	6	6
marmgCAMI2_short_read_pooled_gold_standard_assembly	134	Otu854	0.5092448974804638	1.0	3112041	1584791	1584791	0.0013477088948787063	1.0	742	1	1
marmgCAMI2_short_read_pooled_gold_standard_assembly	365	Otu331.0	1.0	1.0	3975877	3975877	3975877	1.0	1.0	1	1	1
marmgCAMI2_short_read_pooled_gold_standard_assembly	368	Otu183.0	1.0	1.0	5413067	5413067	5413067	1.0	1.0	21	21	21
marmgCAMI2_short_read_pooled_gold_standard_assembly	374	Otu549	1.0	1.0	3511658	3511658	3511658	1.0	1.0	9	9	9
marmgCAMI2_short_read_pooled_gold_standard_assembly	387	Otu625	1.0	1.0	1983735	1983735	1983735	1.0	1.0	11	11	11
marmgCAMI2_short_read_pooled_gold_standard_assembly	389	Otu1027	1.0	1.0	3923986	3923986	3923986	1.0	1.0	29	29	29
marmgCAMI2_short_read_pooled_gold_standard_assembly	399	Otu852.0	1.0	1.0	4399929	4399929	4399929	1.0	1.0	9	9	9
marmgCAMI2_short_read_pooled_gold_standard_assembly	403	Otu105.0	1.0	1.0	3914609	3914609	3914609	1.0	1.0	1	1	1
marmgCAMI2_short_read_pooled_gold_standard_assembly	404	Otu255	0.9997755626325776	1.0	5360070	5358867	5358867	0.8	1.0	5	4	4
marmgCAMI2_short_read_pooled_gold_standard_assembly	410	Otu234.0	1.0	1.0	5341530	5341530	5341530	1.0	1.0	1	1	1
marmgCAMI2_short_read_pooled_gold_standard_assembly	414	Otu298	1.0	1.0	8180216	8180216	8180216	1.0	1.0	1	1	1
marmgCAMI2_short_read_pooled_gold_standard_assembly	415	Otu332	1.0	1.0	1231943	1231943	1231943	1.0	1.0	9	9	9
marmgCAMI2_short_read_pooled_gold_standard_assembly	416	Otu219.0	1.0	1.0	5017042	5017042	5017042	1.0	1.0	1	1	1
marmgCAMI2_short_read_pooled_gold_standard_assembly	417	Otu345.0	1.0	1.0	9446022	9446022	9446022	1.0	1.0	11	11	11
marmgCAMI2_short_read_pooled_gold_standard_assembly	418	Otu99.0	1.0	1.0	3296144	3296144	3296144	1.0	1.0	1	1	1
marmgCAMI2_short_read_pooled_gold_standard_assembly	420	Otu2.0	1.0	1.0	4145260	4145260	4145260	1.0	1.0	2	2	2
marmgCAMI2_short_read_pooled_gold_standard_assembly	422	Otu122.0	1.0	1.0	3555091	3555091	3555091	1.0	1.0	1	1	1
marmgCAMI2_short_read_pooled_gold_standard_assembly	424	Otu2119.0	1.0	1.0	3577249	3577249	3577249	1.0	1.0	17	17	17
marmgCAMI2_short_read_pooled_gold_standard_assembly	474	Otu800.0	1.0	1.0	4406281	4406281	4406281	1.0	1.0	3	3	3
marmgCAMI2_short_read_pooled_gold_standard_assembly	465	Otu71	1.0	1.0	2791854	2791854	2791854	1.0	1.0	2	2	2
marmgCAMI2_short_read_pooled_gold_standard_assembly	517	Otu327	1.0	1.0	2011287	2011287	2011287	1.0	1.0	1	1	1
marmgCAMI2_short_read_pooled_gold_standard_assembly	505	Otu80.0	1.0	1.0	4684311	4684311	4684311	1.0	1.0	1	1	1
marmgCAMI2_short_read_pooled_gold_standard_assembly	510	Otu60.0	1.0	1.0	5197896	5197896	5197896	1.0	1.0	1	1	1
marmgCAMI2_short_read_pooled_gold_standard_assembly	511	Otu218	1.0	1.0	1878554	1878554	1878554	1.0	1.0	2	2	2
marmgCAMI2_short_read_pooled_gold_standard_assembly	513	Otu503	1.0	1.0	2366978	2366978	2366978	1.0	1.0	1	1	1
marmgCAMI2_short_read_pooled_gold_standard_assembly	514	Otu9	1.0	1.0	2562275	2562275	2562275	1.0	1.0	1	1	1
marmgCAMI2_short_read_pooled_gold_standard_assembly	515	Otu40.1	1.0	1.0	6512824	6512824	6512824	1.0	1.0	5	5	5
marmgCAMI2_short_read_pooled_gold_standard_assembly	516	Otu11	1.0	1.0	1667163	1667163	1667163	1.0	1.0	1	1	1
marmgCAMI2_short_read_pooled_gold_standard_assembly	476	Otu40.0	1.0	1.0	1481183	1481183	1481183	1.0	1.0	1	1	1
marmgCAMI2_short_read_pooled_gold_standard_assembly	519	Otu176.0	1.0	1.0	3052367	3052367	3052367	1.0	1.0	2	2	2
marmgCAMI2_short_read_pooled_gold_standard_assembly	520	Otu523	1.0	1.0	3052329	3052329	3052329	1.0	1.0	1	1	1
marmgCAMI2_short_read_pooled_gold_standard_assembly	522	Otu35.0	1.0	1.0	5051673	5051673	5051673	1.0	1.0	1	1	1
marmgCAMI2_short_read_pooled_gold_standard_assembly	523	Otu72.0	1.0	1.0	3653830	3653830	3653830	1.0	1.0	2	2	2
marmgCAMI2_short_read_pooled_gold_standard_assembly	524	Otu185.0	1.0	1.0	5373173	5373173	5373173	1.0	1.0	1	1	1
marmgCAMI2_short_read_pooled_gold_standard_assembly	525	Otu130.0	1.0	1.0	4289702	4289702	4289702	1.0	1.0	2	2	2
marmgCAMI2_short_read_pooled_gold_standard_assembly	526	Otu293.0	1.0	1.0	2560157	2560157	2560157	1.0	1.0	2	2	2
marmgCAMI2_short_read_pooled_gold_standard_assembly	528	Otu583	1.0	1.0	1704075	1704075	1704075	1.0	1.0	1	1	1
marmgCAMI2_short_read_pooled_gold_standard_assembly	529	Otu93	1.0	1.0	3251347	3251347	3251347	1.0	1.0	1	1	1
marmgCAMI2_short_read_pooled_gold_standard_assembly	530	Otu833	1.0	1.0	1690869	1690869	1690869	1.0	1.0	1	1	1
marmgCAMI2_short_read_pooled_gold_standard_assembly	531	Otu90.0	1.0	1.0	3705011	3705011	3705011	1.0	1.0	1	1	1
marmgCAMI2_short_read_pooled_gold_standard_assembly	532	Otu110.0	1.0	1.0	2884284	2884284	2884284	1.0	1.0	1	1	1
marmgCAMI2_short_read_pooled_gold_standard_assembly	533	Otu39.0	1.0	1.0	3644088	3644088	3644088	1.0	1.0	2	2	2
marmgCAMI2_short_read_pooled_gold_standard_assembly	535	Otu376	1.0	1.0	490866	490866	490866	1.0	1.0	1	1	1
marmgCAMI2_short_read_pooled_gold_standard_assembly	536	Otu67.0	1.0	1.0	3522108	3522108	3522108	1.0	1.0	2	2	2
marmgCAMI2_short_read_pooled_gold_standard_assembly	537	Otu229.0	1.0	1.0	4134217	4134217	4134217	1.0	1.0	1	1	1
marmgCAMI2_short_read_pooled_gold_standard_assembly	538	Otu69.0	1.0	1.0	4719539	4719539	4719539	1.0	1.0	1	1	1
marmgCAMI2_short_read_pooled_gold_standard_assembly	6	Otu492	1.0	1.0	1641796	1641796	1641796	1.0	1.0	1	1	1
marmgCAMI2_short_read_pooled_gold_standard_assembly	539	Otu132	1.0	1.0	2495237	2495237	2495237	1.0	1.0	1	1	1
marmgCAMI2_short_read_pooled_gold_standard_assembly	540	Otu82	1.0	1.0	4059887	4059887	4059887	1.0	1.0	1	1	1
marmgCAMI2_short_read_pooled_gold_standard_assembly	508	Otu26.0	1.0	1.0	3899934	3899934	3899934	1.0	1.0	1	1	1
marmgCAMI2_short_read_pooled_gold_standard_assembly	171	Otu250	1.0	1.0	4050905	4050905	4050905	1.0	1.0	2	2	2
marmgCAMI2_short_read_pooled_gold_standard_assembly	504	Otu3.0	0.5357777633897599	1.0	6842113	3665852	3665852	0.5	1.0	2	1	1
marmgCAMI2_short_read_pooled_gold_standard_assembly	485	Otu724	1.0	1.0	1766600	1766600	1766600	1.0	1.0	2	2	2
marmgCAMI2_short_read_pooled_gold_standard_assembly	487	Otu450.0	1.0	1.0	2986827	2986827	2986827	1.0	1.0	1	1	1
marmgCAMI2_short_read_pooled_gold_standard_assembly	484	Otu351	1.0	1.0	2606696	2606696	2606696	1.0	1.0	2	2	2
marmgCAMI2_short_read_pooled_gold_standard_assembly	503	Otu160	1.0	1.0	1859369	1859369	1859369	1.0	1.0	1	1	1
marmgCAMI2_short_read_pooled_gold_standard_assembly	483	Otu203	1.0	1.0	4383451	4383451	4383451	1.0	1.0	3	3	3
marmgCAMI2_short_read_pooled_gold_standard_assembly	481	Otu47.0	1.0	1.0	1518632	1518632	1518632	1.0	1.0	1	1	1
marmgCAMI2_short_read_pooled_gold_standard_assembly	488	Otu235.0	1.0	1.0	4616522	4616522	4616522	1.0	1.0	1	1	1
marmgCAMI2_short_read_pooled_gold_standard_assembly	489	Otu179	1.0	1.0	5226895	5226895	5226895	1.0	1.0	1	1	1
marmgCAMI2_short_read_pooled_gold_standard_assembly	480	Otu438	1.0	1.0	6321918	6321918	6321918	1.0	1.0	8	8	8
marmgCAMI2_short_read_pooled_gold_standard_assembly	54	Otu415.0	1.0	1.0	4978230	4978230	4978230	1.0	1.0	11	11	11
marmgCAMI2_short_read_pooled_gold_standard_assembly	53	Otu205.1	1.0	1.0	5786048	5786048	5786048	1.0	1.0	14	14	14
marmgCAMI2_short_read_pooled_gold_standard_assembly	490	Otu245.0	1.0	1.0	4305777	4305777	4305777	1.0	1.0	1	1	1
marmgCAMI2_short_read_pooled_gold_standard_assembly	491	Otu212.0	1.0	1.0	4600946	4600946	4600946	1.0	1.0	3	3	3
marmgCAMI2_short_read_pooled_gold_standard_assembly	492	Otu302.0	1.0	1.0	3132217	3132217	3132217	1.0	1.0	3	3	3
marmgCAMI2_short_read_pooled_gold_standard_assembly	493	Otu64.0	1.0	1.0	5657770	5657770	5657770	1.0	1.0	2	2	2
marmgCAMI2_short_read_pooled_gold_standard_assembly	494	Otu365.0	1.0	1.0	7215228	7215228	7215228	1.0	1.0	1	1	1
marmgCAMI2_short_read_pooled_gold_standard_assembly	477	Otu304.0	1.0	1.0	4023492	4023492	4023492	1.0	1.0	2	2	2
marmgCAMI2_short_read_pooled_gold_standard_assembly	495	Otu846.0	1.0	1.0	3858490	3858490	3858490	1.0	1.0	3	3	3
marmgCAMI2_short_read_pooled_gold_standard_assembly	496	Otu214.0	1.0	1.0	5132065	5132065	5132065	1.0	1.0	1	1	1
marmgCAMI2_short_read_pooled_gold_standard_assembly	497	Otu252	1.0	1.0	2234795	2234795	2234795	1.0	1.0	1	1	1
marmgCAMI2_short_read_pooled_gold_standard_assembly	43	Otu53.0	0.9959072749895392	1.0	3439029	3424954	3424954	0.16666666666666666	1.0	6	1	1
marmgCAMI2_short_read_pooled_gold_standard_assembly	499	Otu180	1.0	1.0	2224849	2224849	2224849	1.0	1.0	2	2	2
marmgCAMI2_short_read_pooled_gold_standard_assembly	501	Otu89	1.0	1.0	1861292	1861292	1861292	1.0	1.0	1	1	1
marmgCAMI2_short_read_pooled_gold_standard_assembly	502	Otu382.0	1.0	1.0	4455384	4455384	4455384	1.0	1.0	1	1	1
marmgCAMI2_short_read_pooled_gold_standard_assembly	486	Otu168.0	1.0	1.0	3274117	3274117	3274117	1.0	1.0	3	3	3
marmgCAMI2_short_read_pooled_gold_standard_assembly	373	Otu323.0	1.0	0.9999576773916858	3544055	3544055	3544205	1.0	0.9615384615384616	25	25	26
marmgCAMI2_short_read_pooled_gold_standard_assembly	65	Otu1200.0	1.0	0.9998554893460158	5099233	5099233	5099970	1.0	0.9375	15	15	16
marmgCAMI2_short_read_pooled_gold_standard_assembly	68	Otu1322	1.0	0.9997647722123865	5933277	5933277	5934673	1.0	0.96875	31	31	32
marmgCAMI2_short_read_pooled_gold_standard_assembly	448	Otu499	1.0	0.9997547274594535	2221473	2221473	2222018	1.0	0.9090909090909091	10	10	11
marmgCAMI2_short_read_pooled_gold_standard_assembly	146	Otu1475	1.0	0.9996550685137331	2475000	2475000	2475854	1.0	0.9841269841269841	62	62	63
marmgCAMI2_short_read_pooled_gold_standard_assembly	357	Otu716.0	1.0	0.9990679740208848	3941492	3941492	3945169	1.0	0.9285714285714286	91	91	98
marmgCAMI2_short_read_pooled_gold_standard_assembly	534	Otu249.0	1.0	0.9989126456586531	4511556	4511556	4516467	1.0	0.5	1	1	2
marmgCAMI2_short_read_pooled_gold_standard_assembly	363	Otu404.0	1.0	0.9988701866133235	4554009	4554009	4559160	1.0	0.8571428571428571	12	12	14
marmgCAMI2_short_read_pooled_gold_standard_assembly	154	Otu1544	1.0	0.9986163001177977	4198851	4198851	4204669	1.0	0.9664804469273743	173	173	179
marmgCAMI2_short_read_pooled_gold_standard_assembly	384	Otu457.0	1.0	0.9986093293124849	3835970	3835970	3841312	1.0	0.9230769230769231	36	36	39
marmgCAMI2_short_read_pooled_gold_standard_assembly	123	Otu713	1.0	0.9985948200158807	1566989	1566989	1569194	1.0	0.9736842105263158	37	37	38
marmgCAMI2_short_read_pooled_gold_standard_assembly	518	Otu70.0	1.0	0.9985680484414919	3702916	3702916	3708226	1.0	0.6666666666666666	2	2	3
marmgCAMI2_short_read_pooled_gold_standard_assembly	393	Otu590	1.0	0.9985357835251834	3920583	3920583	3926332	1.0	0.8823529411764706	15	15	17
marmgCAMI2_short_read_pooled_gold_standard_assembly	215	Otu1469.1	0.9990512665960579	0.998482152422633	4058042	4054192	4060355	0.9459459459459459	0.9210526315789473	37	35	38
marmgCAMI2_short_read_pooled_gold_standard_assembly	342	Otu1136.0	1.0	0.9984806606617964	3801791	3801791	3807576	1.0	0.9454545454545454	52	52	55
marmgCAMI2_short_read_pooled_gold_standard_assembly	291	Otu483	1.0	0.9980666390689933	5894876	5894876	5906295	1.0	0.9134615384615384	95	95	104
marmgCAMI2_short_read_pooled_gold_standard_assembly	375	RNODE_407_length_46658_cov_49.66972	1.0	0.9977952390068466	463878	463878	464903	1.0	0.9523809523809523	20	20	21
marmgCAMI2_short_read_pooled_gold_standard_assembly	181	Otu491.0	1.0	0.9977702322717377	4093074	4093074	4102221	1.0	0.9526627218934911	161	161	169
marmgCAMI2_short_read_pooled_gold_standard_assembly	2	Otu1184	1.0	0.9976884975233902	3534960	3534960	3543150	1.0	0.8823529411764706	15	15	17
marmgCAMI2_short_read_pooled_gold_standard_assembly	381	Otu174	1.0	0.9974756069888814	1477014	1477014	1480752	1.0	0.8928571428571429	25	25	28
marmgCAMI2_short_read_pooled_gold_standard_assembly	4	Otu1664	1.0	0.9973641781480295	3890967	3890967	3901250	1.0	0.9339622641509434	99	99	106
marmgCAMI2_short_read_pooled_gold_standard_assembly	0	Otu1334	1.0	0.9973322889004995	6381300	6381300	6398369	1.0	0.9345794392523364	100	100	107
marmgCAMI2_short_read_pooled_gold_standard_assembly	478	Otu279	1.0	0.9971570961278279	1339175	1339175	1342993	1.0	0.875	7	7	8
marmgCAMI2_short_read_pooled_gold_standard_assembly	350	Otu496.0	1.0	0.9969232210547081	3022090	3022090	3031417	1.0	0.952	119	119	125
marmgCAMI2_short_read_pooled_gold_standard_assembly	23	Otu1913	1.0	0.9964485926236795	1386619	1386619	1391561	1.0	0.9176470588235294	78	78	85
marmgCAMI2_short_read_pooled_gold_standard_assembly	329	Otu12.0	1.0	0.9959943906713761	3644959	3644959	3659618	1.0	0.6666666666666666	2	2	3
marmgCAMI2_short_read_pooled_gold_standard_assembly	460	Otu83	1.0	0.9958074714738744	3305322	3305322	3319238	1.0	0.5	1	1	2
marmgCAMI2_short_read_pooled_gold_standard_assembly	167	Otu1129	1.0	0.9957882517347497	5033618	5033618	5054908	1.0	0.9	72	72	80
marmgCAMI2_short_read_pooled_gold_standard_assembly	479	Otu123.0	1.0	0.9957292954225327	3140110	3140110	3153578	1.0	0.6666666666666666	2	2	3
marmgCAMI2_short_read_pooled_gold_standard_assembly	16	Otu1428.0	0.991152678444951	0.9955376111937918	4666271	4624987	4645718	0.9290780141843972	0.916083916083916	141	131	143
marmgCAMI2_short_read_pooled_gold_standard_assembly	108	Otu592.0	1.0	0.9953802546975514	3930676	3930676	3948919	1.0	0.9161073825503355	273	273	298
marmgCAMI2_short_read_pooled_gold_standard_assembly	338	Otu292.0	1.0	0.9948364741088335	4308785	4308785	4331149	1.0	0.6	3	3	5
marmgCAMI2_short_read_pooled_gold_standard_assembly	152	Otu254	0.9963254786956403	0.9944563141687033	5824160	5802759	5835107	0.9708222811671088	0.9506493506493506	377	366	385
marmgCAMI2_short_read_pooled_gold_standard_assembly	509	Otu388	1.0	0.993934075216105	1750958	1750958	1761644	1.0	0.6666666666666666	2	2	3
marmgCAMI2_short_read_pooled_gold_standard_assembly	76	Otu921.0	1.0	0.9939118833630078	4480354	4480354	4507798	1.0	0.7926829268292683	65	65	82
marmgCAMI2_short_read_pooled_gold_standard_assembly	26	Otu1362.0	1.0	0.9928761927482354	1648102	1648102	1659927	1.0	0.8602150537634409	80	80	93
marmgCAMI2_short_read_pooled_gold_standard_assembly	20	Otu46	1.0	0.9926110424981325	1728784	1728784	1741653	1.0	0.6666666666666666	46	46	69
marmgCAMI2_short_read_pooled_gold_standard_assembly	423	Otu169.1	1.0	0.9925713194501279	2001128	2001128	2016105	1.0	0.8888888888888888	8	8	9
marmgCAMI2_short_read_pooled_gold_standard_assembly	34	Otu445	0.9993165945953157	0.9920890174408565	2023689	2022306	2038432	0.9931972789115646	0.906832298136646	147	146	161
marmgCAMI2_short_read_pooled_gold_standard_assembly	179	Otu1119.0	1.0	0.9915028396072045	2494638	2494638	2516017	1.0	0.9043478260869565	208	208	230
marmgCAMI2_short_read_pooled_gold_standard_assembly	99	Otu352.0	1.0	0.990715375606311	5139764	5139764	5187932	1.0	0.8532110091743119	93	93	109
marmgCAMI2_short_read_pooled_gold_standard_assembly	67	Otu605	1.0	0.9906548710748678	2810368	2810368	2836879	1.0	0.9204545454545454	162	162	176
marmgCAMI2_short_read_pooled_gold_standard_assembly	33	Otu684	1.0	0.9899413778794337	2497730	2497730	2523109	1.0	0.8834080717488789	197	197	223
marmgCAMI2_short_read_pooled_gold_standard_assembly	5	Otu1763.0	0.994683237813174	0.9897324187913317	5136961	5109649	5162657	0.9825673534072901	0.8869814020028612	631	620	699
marmgCAMI2_short_read_pooled_gold_standard_assembly	113	Otu1548.1	1.0	0.9894856492097048	4591064	4591064	4639849	1.0	0.8861788617886179	218	218	246
marmgCAMI2_short_read_pooled_gold_standard_assembly	35	Otu924	1.0	0.9894311404621057	4588198	4588198	4637208	1.0	0.8851351351351351	131	131	148
marmgCAMI2_short_read_pooled_gold_standard_assembly	12	Otu719.0	1.0	0.9891099120707993	4338152	4338152	4385915	1.0	0.8620689655172413	375	375	435
marmgCAMI2_short_read_pooled_gold_standard_assembly	48	Otu638.0	0.9981915729628515	0.9880407219631797	3607555	3601031	3644618	0.9912790697674418	0.8811369509043928	344	341	387
marmgCAMI2_short_read_pooled_gold_standard_assembly	25	Otu829.0	1.0	0.988014772367499	3379713	3379713	3420711	1.0	0.8553615960099751	343	343	401
marmgCAMI2_short_read_pooled_gold_standard_assembly	119	Otu511	0.9963595430822073	0.9879011257791332	1730552	1724252	1745369	0.9849624060150376	0.8562091503267973	133	131	153
marmgCAMI2_short_read_pooled_gold_standard_assembly	299	Otu1147	1.0	0.9876924194938854	5055957	5055957	5118959	1.0	0.8875	213	213	240
marmgCAMI2_short_read_pooled_gold_standard_assembly	18	Otu1399	1.0	0.9873426835042043	2166764	2166764	2194541	1.0	0.8907103825136612	163	163	183
marmgCAMI2_short_read_pooled_gold_standard_assembly	29	Otu1381	0.9950641120196831	0.9871282151089535	2054139	2044000	2070653	0.9756944444444444	0.886435331230284	288	281	317
marmgCAMI2_short_read_pooled_gold_standard_assembly	93	Otu1126	1.0	0.9870856669140825	2559982	2559982	2593475	1.0	0.9029126213592233	93	93	103
marmgCAMI2_short_read_pooled_gold_standard_assembly	13	Otu297.0	1.0	0.9870744398085064	5373576	5373576	5443942	1.0	0.8738738738738738	291	291	333
marmgCAMI2_short_read_pooled_gold_standard_assembly	22	Otu689.0	0.9994689959866743	0.9867481397316488	4546105	4543691	4604712	0.9977578475336323	0.8759842519685039	446	445	508
marmgCAMI2_short_read_pooled_gold_standard_assembly	157	Otu391	1.0	0.9864678427426168	3065290	3065290	3107339	1.0	0.8225806451612904	102	102	124
marmgCAMI2_short_read_pooled_gold_standard_assembly	461	Otu271	1.0	0.9864569751443162	4410022	4410022	4470567	1.0	0.5	1	1	2
marmgCAMI2_short_read_pooled_gold_standard_assembly	60	Otu2299.0	0.9970693921851383	0.9863834426397201	2881996	2873550	2913218	0.9655172413793104	0.8596491228070176	203	196	228
marmgCAMI2_short_read_pooled_gold_standard_assembly	259	Otu1079.0	1.0	0.9863595846184581	4093123	4093123	4149727	1.0	0.8708487084870848	236	236	271
marmgCAMI2_short_read_pooled_gold_standard_assembly	9	Otu1065	0.9991742583508526	0.9860726898853818	3424800	3421972	3470304	0.9918032786885246	0.8864468864468864	244	242	273
marmgCAMI2_short_read_pooled_gold_standard_assembly	57	Otu722	1.0	0.985433174283511	4670564	4670564	4739605	1.0	0.8585365853658536	352	352	410
marmgCAMI2_short_read_pooled_gold_standard_assembly	261	Otu771	1.0	0.9851990755653726	1541474	1541474	1564632	1.0	0.6944444444444444	25	25	36
marmgCAMI2_short_read_pooled_gold_standard_assembly	31	Otu1240.0	0.9991505208031132	0.9849276781760775	4601643	4597734	4668093	0.9968944099378882	0.8629032258064516	322	321	372
marmgCAMI2_short_read_pooled_gold_standard_assembly	406	Otu634.0	1.0	0.9844534324796538	2857255	2857255	2902377	1.0	0.7777777777777778	7	7	9
marmgCAMI2_short_read_pooled_gold_standard_assembly	512	Otu13.0	1.0	0.9840533820989659	2613077	2613077	2655422	1.0	0.5	1	1	2
marmgCAMI2_short_read_pooled_gold_standard_assembly	10	Otu987	1.0	0.9832253453372081	9172934	9172934	9329432	1.0	0.8413001912045889	440	440	523
marmgCAMI2_short_read_pooled_gold_standard_assembly	103	Otu501	1.0	0.9827587569282175	1741193	1741193	1771740	1.0	0.8135593220338984	144	144	177
marmgCAMI2_short_read_pooled_gold_standard_assembly	11	Otu1358	0.9985937617385722	0.9825066323335331	8785140	8772786	8928984	0.9930928626247122	0.8501971090670171	1303	1294	1522
marmgCAMI2_short_read_pooled_gold_standard_assembly	85	Otu726	1.0	0.9820990698636919	5263174	5263174	5359107	1.0	0.8461538461538461	352	352	416
marmgCAMI2_short_read_pooled_gold_standard_assembly	169	Otu447.1	0.9996897577783854	0.9817622808832339	3996877	3995637	4069862	0.9970414201183432	0.8915343915343915	338	337	378
marmgCAMI2_short_read_pooled_gold_standard_assembly	111	Otu810.0	1.0	0.981626198540421	3449192	3449192	3513753	1.0	0.8427672955974843	134	134	159
marmgCAMI2_short_read_pooled_gold_standard_assembly	70	Otu783	0.999763136348292	0.9814946110971301	4825561	4824418	4915379	0.9983277591973244	0.8897168405365127	598	597	671
marmgCAMI2_short_read_pooled_gold_standard_assembly	42	Otu2438	1.0	0.9806756115083437	1988868	1988868	2028059	1.0	0.8257142857142857	289	289	350
marmgCAMI2_short_read_pooled_gold_standard_assembly	3	Otu453	1.0	0.9801774405929335	2935109	2935109	2994467	1.0	0.735632183908046	64	64	87
marmgCAMI2_short_read_pooled_gold_standard_assembly	349	Otu1656	1.0	0.9779377209992015	1714716	1714716	1753400	1.0	0.8594771241830066	263	263	306
marmgCAMI2_short_read_pooled_gold_standard_assembly	445	Otu73	1.0	0.9778344777719357	5417468	5417468	5540271	1.0	0.8333333333333334	5	5	6
marmgCAMI2_short_read_pooled_gold_standard_assembly	30	Otu1002.0	1.0	0.9775358180617562	1708324	1708324	1747582	1.0	0.8184818481848185	248	248	303
marmgCAMI2_short_read_pooled_gold_standard_assembly	77	Otu1957.0	1.0	0.9768879246676514	3174495	3174495	3249600	1.0	0.8956521739130435	103	103	115
marmgCAMI2_short_read_pooled_gold_standard_assembly	112	Otu489.0	1.0	0.9760691704485404	3675652	3675652	3765770	1.0	0.8387596899224806	541	541	645
marmgCAMI2_short_read_pooled_gold_standard_assembly	276	Otu2338	1.0	0.9756066151552122	1439410	1439410	1475400	1.0	0.8097345132743363	183	183	226
marmgCAMI2_short_read_pooled_gold_standard_assembly	72	Otu1187	1.0	0.9749154226768864	6042984	6042984	6198470	1.0	0.8508604206500956	445	445	523
marmgCAMI2_short_read_pooled_gold_standard_assembly	21	Otu364	1.0	0.9749057667868269	1398476	1398476	1434473	1.0	0.859375	55	55	64
marmgCAMI2_short_read_pooled_gold_standard_assembly	95	Otu1225	1.0	0.973813650545694	4866177	4866177	4997031	1.0	0.8582375478927203	224	224	261
marmgCAMI2_short_read_pooled_gold_standard_assembly	116	Otu571.0	0.9997193969775792	0.9719758830723642	4597242	4595952	4728463	0.9970760233918129	0.8042452830188679	342	341	424
marmgCAMI2_short_read_pooled_gold_standard_assembly	162	Otu1139	0.9993379237288136	0.9712098944706633	1940864	1939579	1997075	0.9966996699669967	0.8118279569892473	303	302	372
marmgCAMI2_short_read_pooled_gold_standard_assembly	147	Otu1093	0.9952461618373796	0.9709812514830398	2697189	2684367	2764592	0.9731903485254692	0.8461538461538461	373	363	429
marmgCAMI2_short_read_pooled_gold_standard_assembly	28	Otu1515	1.0	0.9705340176096385	5938291	5938291	6118581	1.0	0.8741721854304636	264	264	302
marmgCAMI2_short_read_pooled_gold_standard_assembly	36	Otu704	0.9990051203301814	0.9691038180556869	1651456	1649813	1702411	0.9945652173913043	0.820627802690583	184	183	223
marmgCAMI2_short_read_pooled_gold_standard_assembly	90	Otu570.0	0.9995549982464615	0.9654803797676398	4231444	4229561	4380784	0.9982046678635548	0.7977044476327116	557	556	697
marmgCAMI2_short_read_pooled_gold_standard_assembly	195	Otu889.0	0.985315903065238	0.964145551903673	3123379	3077515	3191961	0.9808795411089866	0.7978227060653188	523	513	643
marmgCAMI2_short_read_pooled_gold_standard_assembly	83	Otu677	0.9992109491441652	0.9615199157069806	4677772	4674081	4861138	0.9963942307692307	0.7762172284644194	832	829	1068
marmgCAMI2_short_read_pooled_gold_standard_assembly	15	Otu894.0	0.9996878665363694	0.9609026621050087	4139255	4137963	4306329	0.996742671009772	0.7989556135770235	307	306	383
marmgCAMI2_short_read_pooled_gold_standard_assembly	52	Otu520.0	0.9927904974189351	0.9606945544255229	3810249	3782779	3937546	0.978	0.7774244833068362	500	489	629
marmgCAMI2_short_read_pooled_gold_standard_assembly	37	Otu1123	1.0	0.9604225620513788	4687083	4687083	4880230	1.0	0.8060522696011004	586	586	727
marmgCAMI2_short_read_pooled_gold_standard_assembly	98	Otu554	1.0	0.9603778762969007	2085668	2085668	2171716	1.0	0.8355263157894737	127	127	152
marmgCAMI2_short_read_pooled_gold_standard_assembly	141	Otu2479	0.9992380195929966	0.9593367866077598	2910836	2908618	3031905	0.9977426636568849	0.7992766726943942	443	442	553
marmgCAMI2_short_read_pooled_gold_standard_assembly	180	Otu1191	1.0	0.9590386158102059	3439428	3439428	3586329	1.0	0.8194444444444444	118	118	144
marmgCAMI2_short_read_pooled_gold_standard_assembly	105	Otu1676.0	0.9987414836734753	0.9588884459393329	2413159	2410122	2513454	0.9944289693593314	0.7644539614561028	359	357	467
marmgCAMI2_short_read_pooled_gold_standard_assembly	69	Otu1607	0.9942362536022399	0.9534759625130597	6149993	6114546	6412900	0.9891989198919892	0.7626648160999306	1111	1099	1441
marmgCAMI2_short_read_pooled_gold_standard_assembly	39	Otu794.0	1.0	0.9532765933351018	3097617	3097617	3249442	1.0	0.7457627118644068	264	264	354
marmgCAMI2_short_read_pooled_gold_standard_assembly	58	Otu1267.0	0.9993745529094801	0.9527369014314147	3648590	3646308	3827193	0.9983739837398374	0.7580246913580246	615	614	810
marmgCAMI2_short_read_pooled_gold_standard_assembly	45	Otu954	0.9978564689816952	0.9516548267897884	1764845	1761062	1850526	0.9922480620155039	0.75	387	384	512
marmgCAMI2_short_read_pooled_gold_standard_assembly	124	Otu2407.0	0.9984247369160184	0.9507676526680747	5183896	5175730	5443738	0.9948892674616695	0.7724867724867724	587	584	756
marmgCAMI2_short_read_pooled_gold_standard_assembly	145	Otu2189	1.0	0.9487495495782686	1666656	1666656	1756687	1.0	0.7736486486486487	229	229	296
marmgCAMI2_short_read_pooled_gold_standard_assembly	466	Otu393.0	1.0	0.9482181657786573	4712210	4712210	4969542	1.0	0.5	1	1	2
marmgCAMI2_short_read_pooled_gold_standard_assembly	507	Otu20	1.0	0.9468798953674422	4972197	4972197	5251138	1.0	0.5	1	1	2
marmgCAMI2_short_read_pooled_gold_standard_assembly	14	Otu806.0	0.9995185647121144	0.9462655457457089	4617443	4615220	4877299	0.9990859232175503	0.7390128465179175	1094	1093	1479
marmgCAMI2_short_read_pooled_gold_standard_assembly	131	Otu909	0.9967422678425779	0.945827469630061	2698503	2689712	2843766	0.9944341372912802	0.7262872628726287	539	536	738
marmgCAMI2_short_read_pooled_gold_standard_assembly	127	Otu1316	1.0	0.9444378169863837	1860466	1860466	1969919	1.0	0.7415254237288136	350	350	472
marmgCAMI2_short_read_pooled_gold_standard_assembly	459	Otu454.0	1.0	0.9426599245557629	4684047	4684047	4968968	1.0	0.6	6	6	10
marmgCAMI2_short_read_pooled_gold_standard_assembly	97	Otu2468.0	0.9983215646902588	0.9388988427421724	4354651	4347342	4630256	0.9963008631319359	0.7565543071161048	811	808	1068
marmgCAMI2_short_read_pooled_gold_standard_assembly	63	Otu945	0.9995476496362615	0.9372452774337866	2502485	2501353	2668835	0.998422712933754	0.7250859106529209	634	633	873
marmgCAMI2_short_read_pooled_gold_standard_assembly	38	Otu1168.0	0.9996782528064012	0.9368090334226388	3291404	3290345	3512290	0.9985815602836879	0.7295336787564767	705	704	965
marmgCAMI2_short_read_pooled_gold_standard_assembly	369	Otu683.0	1.0	0.9329649097450955	5151237	5151237	5521362	1.0	0.896551724137931	26	26	29
marmgCAMI2_short_read_pooled_gold_standard_assembly	110	Otu856.0	1.0	0.9327350216089315	2833954	2833954	3038327	1.0	0.7061224489795919	692	692	980
marmgCAMI2_short_read_pooled_gold_standard_assembly	66	Otu150.0	1.0	0.9324163953658097	3085419	3085419	3309057	1.0	0.6565656565656566	65	65	99
marmgCAMI2_short_read_pooled_gold_standard_assembly	130	Otu1427	1.0	0.9323489037621858	2644796	2644796	2836702	1.0	0.6960486322188449	229	229	329
marmgCAMI2_short_read_pooled_gold_standard_assembly	46	Otu1332.0	0.9935736072539106	0.9321496701236803	3370320	3348661	3592407	0.9826923076923076	0.7038567493112947	520	511	726
marmgCAMI2_short_read_pooled_gold_standard_assembly	91	Otu1723	0.9954089498176971	0.931264125144351	2509012	2497493	2681831	0.9864864864864865	0.7107093184979137	518	511	719
marmgCAMI2_short_read_pooled_gold_standard_assembly	74	Otu2016.0	1.0	0.9298963948465038	3162029	3162029	3400410	1.0	0.7427821522309711	566	566	762
marmgCAMI2_short_read_pooled_gold_standard_assembly	61	Otu805	0.9997442276838654	0.9278913780519449	5504896	5503488	5931177	0.9990291262135922	0.710635359116022	1030	1029	1448
marmgCAMI2_short_read_pooled_gold_standard_assembly	125	Otu2403	1.0	0.9267443520913186	1635448	1635448	1764724	1.0	0.6639741518578353	411	411	619
marmgCAMI2_short_read_pooled_gold_standard_assembly	266	Otu931	0.9992220802908374	0.9265977988074914	1932076	1930573	2083507	0.99581589958159	0.72782874617737	239	238	327
marmgCAMI2_short_read_pooled_gold_standard_assembly	148	Otu2156	0.9971524146811772	0.9246157427974498	1517426	1513105	1636469	0.9962962962962963	0.6950904392764858	270	269	387
marmgCAMI2_short_read_pooled_gold_standard_assembly	92	Otu1462.0	1.0	0.9231989811105672	2983552	2983552	3231754	1.0	0.6835820895522388	687	687	1005
marmgCAMI2_short_read_pooled_gold_standard_assembly	370	Otu22	1.0	0.9231007031069026	3323445	3323445	3600306	1.0	0.4	34	34	85
marmgCAMI2_short_read_pooled_gold_standard_assembly	47	Otu594	0.9995706140473699	0.9226034199709259	2356854	2355842	2553472	0.9978494623655914	0.6894502228826151	465	464	673
marmgCAMI2_short_read_pooled_gold_standard_assembly	372	Otu172.0	1.0	0.9204305310138017	4178646	4178646	4539882	1.0	0.5	4	4	8
marmgCAMI2_short_read_pooled_gold_standard_assembly	71	Otu2117	0.9970359264139427	0.9140206462005945	3582907	3572287	3908322	0.9975460122699387	0.7075718015665796	815	813	1149
marmgCAMI2_short_read_pooled_gold_standard_assembly	138	Otu2128	1.0	0.9126996977077672	1572734	1572734	1723167	1.0	0.6916167664670658	231	231	334
marmgCAMI2_short_read_pooled_gold_standard_assembly	79	Otu1446.0	0.9984574259478807	0.9111052974509842	5545925	5537370	6077640	0.9978880675818373	0.660377358490566	947	945	1431
marmgCAMI2_short_read_pooled_gold_standard_assembly	132	Otu1221	1.0	0.9106231353307976	2318472	2318472	2546028	1.0	0.7051851851851851	476	476	675
marmgCAMI2_short_read_pooled_gold_standard_assembly	73	Otu618.0	0.999655401445252	0.9086284832017584	4558928	4557357	5015644	0.9990783410138249	0.6506602641056423	1085	1084	1666
marmgCAMI2_short_read_pooled_gold_standard_assembly	24	Otu1016.0	0.9955888213268874	0.9079327501858891	3435363	3420209	3767029	0.9901079136690647	0.6461267605633803	1112	1101	1704
marmgCAMI2_short_read_pooled_gold_standard_assembly	62	Otu1133	0.9960409998581209	0.9024166455961616	4701187	4682575	5188928	0.992831541218638	0.6264133876074175	1395	1385	2211
marmgCAMI2_short_read_pooled_gold_standard_assembly	142	Otu340	0.9781326355888181	0.8987060431790327	1559310	1525212	1697120	0.9716312056737588	0.6442006269592476	423	411	638
marmgCAMI2_short_read_pooled_gold_standard_assembly	136	Otu1108.1	0.9951627077475003	0.8986605439125984	1161807	1156187	1286567	0.983402489626556	0.6440217391304348	241	237	368
marmgCAMI2_short_read_pooled_gold_standard_assembly	175	Otu1004	0.995880621042534	0.8985797855884331	1023698	1019481	1134547	0.9922779922779923	0.6745406824146981	259	257	381
marmgCAMI2_short_read_pooled_gold_standard_assembly	176	Otu413	1.0	0.8971349812814686	4268675	4268675	4758119	1.0	0.7873134328358209	211	211	268
marmgCAMI2_short_read_pooled_gold_standard_assembly	50	Otu631.0	0.9951839248421543	0.8949962372807607	3782333	3764117	4205735	0.9858585858585859	0.6532797858099063	990	976	1494
marmgCAMI2_short_read_pooled_gold_standard_assembly	19	Otu687	0.9990986239631778	0.8949756513350469	1355705	1354483	1513430	0.9977116704805492	0.6291486291486291	437	436	693
marmgCAMI2_short_read_pooled_gold_standard_assembly	56	Otu1279	0.997926324569249	0.8898939752740039	7030512	7015933	7884010	0.9929078014184397	0.7324364723467862	987	980	1338
marmgCAMI2_short_read_pooled_gold_standard_assembly	164	Otu2044	1.0	0.885824954831869	1560603	1560603	1761751	1.0	0.6537634408602151	304	304	465
marmgCAMI2_short_read_pooled_gold_standard_assembly	222	Otu1153	0.9165769034304028	0.8853284210462687	1278363	1171718	1323484	0.9903225806451613	0.6342975206611571	310	307	484
marmgCAMI2_short_read_pooled_gold_standard_assembly	158	Otu972	0.9981459139494252	0.8838746468471089	2478310	2473715	2798717	0.9961832061068703	0.6289156626506024	524	522	830
marmgCAMI2_short_read_pooled_gold_standard_assembly	82	Otu1257	0.9874170158414247	0.8835154658209947	2757454	2722757	3081731	0.9606060606060606	0.659729448491155	660	634	961
marmgCAMI2_short_read_pooled_gold_standard_assembly	506	Otu384.0	1.0	0.8799090774500599	3649217	3649217	4147266	1.0	0.4	2	2	5
marmgCAMI2_short_read_pooled_gold_standard_assembly	170	Otu1541	1.0	0.8787419071902739	3320198	3320198	3778354	1.0	0.6097560975609756	575	575	943
marmgCAMI2_short_read_pooled_gold_standard_assembly	86	Otu960.0	0.9965014450377901	0.8785885532948394	3722394	3709371	4221966	0.9927083333333333	0.6105060858424087	960	953	1561
marmgCAMI2_short_read_pooled_gold_standard_assembly	44	Otu881.0	0.9991853228243249	0.8767095336394881	1324451	1323372	1509476	0.9978118161925602	0.6063829787234043	457	456	752
marmgCAMI2_short_read_pooled_gold_standard_assembly	211	Otu1287	1.0	0.8748645284338027	4194419	4194419	4794364	1.0	0.5947540983606557	907	907	1525
marmgCAMI2_short_read_pooled_gold_standard_assembly	101	Otu451	1.0	0.8710258439139591	1788804	1788804	2053675	1.0	0.6244131455399061	133	133	213
marmgCAMI2_short_read_pooled_gold_standard_assembly	281	Otu1420.0	0.9994696229894326	0.8703598928156709	4583532	4581101	5263456	0.9985422740524781	0.6078083407275954	686	685	1127
marmgCAMI2_short_read_pooled_gold_standard_assembly	155	Otu2073	1.0	0.8508081843327077	1378037	1378037	1619680	1.0	0.5769712140175219	461	461	799
marmgCAMI2_short_read_pooled_gold_standard_assembly	172	Otu1918	0.996391527172007	0.8500167220641867	2032993	2025657	2383079	0.9923312883435583	0.5797491039426523	652	647	1116
marmgCAMI2_short_read_pooled_gold_standard_assembly	257	Otu1853	0.9961633616116521	0.8424294869393094	2121649	2113509	2508826	0.9896729776247849	0.5873340143003064	581	575	979
marmgCAMI2_short_read_pooled_gold_standard_assembly	129	Otu936	0.9959575395862906	0.8406931928152288	1508982	1502882	1787670	0.9942196531791907	0.5524625267665952	519	516	934
marmgCAMI2_short_read_pooled_gold_standard_assembly	202	Otu839	0.997070291194355	0.8364664388563083	3529361	3519021	4207008	0.9946188340807175	0.5895800106326422	1115	1109	1881
marmgCAMI2_short_read_pooled_gold_standard_assembly	109	Otu2433.0	0.998042437353749	0.8334818398479583	3532454	3525539	4229893	0.9974293059125964	0.5446888160973327	1167	1164	2137
marmgCAMI2_short_read_pooled_gold_standard_assembly	166	Otu799.0	0.9976023851596982	0.827732408003179	2697681	2691213	3251308	0.9957582184517497	0.5344336937962436	943	939	1757
marmgCAMI2_short_read_pooled_gold_standard_assembly	102	Otu895.0	0.998285597554818	0.8183043177016575	2594490	2590042	3165133	0.9971264367816092	0.5148367952522255	696	694	1348
marmgCAMI2_short_read_pooled_gold_standard_assembly	117	Otu1505.0	0.9952964062823545	0.8182780750392008	4882437	4859472	5938656	0.9929078014184397	0.5251875669882101	1974	1960	3732
marmgCAMI2_short_read_pooled_gold_standard_assembly	40	Otu1580	0.995836454229754	0.8157045138008937	1512653	1506355	1846692	0.9913793103448276	0.5175517551755175	580	575	1111
marmgCAMI2_short_read_pooled_gold_standard_assembly	160	Otu2066	0.9957607218633037	0.8154199803315333	1677880	1670767	2048965	0.9895397489539749	0.5180722891566265	478	473	913
marmgCAMI2_short_read_pooled_gold_standard_assembly	156	Otu2482.0	0.9560841991939052	0.8074658702770042	2389049	2284132	2828766	0.9301130524152107	0.5174385363064609	973	905	1749
marmgCAMI2_short_read_pooled_gold_standard_assembly	17	Otu1445	0.9895608533113119	0.7944622331899336	2693132	2665018	3354493	0.9820359281437125	0.4864406779661017	1169	1148	2360
marmgCAMI2_short_read_pooled_gold_standard_assembly	237	Otu1227	0.9958768443809819	0.789526565327729	2615715	2604930	3299357	0.9919028340080972	0.509090909090909	988	980	1925
marmgCAMI2_short_read_pooled_gold_standard_assembly	133	Otu1468.0	0.9954234143177173	0.7877171000501885	3181848	3167286	4020842	0.9933054393305439	0.4872742200328407	1195	1187	2436
marmgCAMI2_short_read_pooled_gold_standard_assembly	173	Otu1545	0.9909983297366193	0.7873448488806843	2410997	2389294	3034622	0.9823468328141225	0.4824069352371239	963	946	1961
marmgCAMI2_short_read_pooled_gold_standard_assembly	205	Otu797	1.0	0.7865848338739481	2515422	2515422	3197903	1.0	0.5196969696969697	686	686	1320
marmgCAMI2_short_read_pooled_gold_standard_assembly	89	Otu1525.0	0.9995747843646006	0.7689742394558455	2584571	2583472	3359634	0.9990243902439024	0.4708045977011494	1025	1024	2175
marmgCAMI2_short_read_pooled_gold_standard_assembly	143	Otu1082	0.9772288882667133	0.7686040251717708	1292954	1263512	1643905	0.9585585585585585	0.4678979771328056	555	532	1137
marmgCAMI2_short_read_pooled_gold_standard_assembly	200	Otu1398	0.998295975149172	0.7564390219121482	1252916	1250781	1653512	0.9976525821596244	0.5029585798816568	426	425	845
marmgCAMI2_short_read_pooled_gold_standard_assembly	224	Otu532	0.9946120265416747	0.755572787990844	3556068	3536908	4681095	0.9940222032450897	0.4529182879377432	1171	1164	2570
marmgCAMI2_short_read_pooled_gold_standard_assembly	41	Otu927	0.996599672877465	0.7372632684814984	4120780	4106768	5570287	0.9943647540983607	0.4184091399008407	1952	1941	4639
marmgCAMI2_short_read_pooled_gold_standard_assembly	84	Otu1237.0	0.9841157798796946	0.7334466748791598	2500469	2460751	3355051	0.9826839826839827	0.4159032612678637	1155	1135	2729
marmgCAMI2_short_read_pooled_gold_standard_assembly	75	Otu1929	0.9939824965756935	0.7103054789921717	1336767	1328723	1870636	0.9956584659913169	0.4073416222616933	691	688	1689
marmgCAMI2_short_read_pooled_gold_standard_assembly	115	Otu1546	0.9772882881120523	0.7015591803346793	2453712	2397984	3418078	0.9740384615384615	0.4034249303066507	1040	1013	2511
marmgCAMI2_short_read_pooled_gold_standard_assembly	139	Otu2052	0.9886539666805942	0.7007626044967831	3599584	3558743	5078386	0.9840236686390532	0.3936094674556213	1690	1663	4225
marmgCAMI2_short_read_pooled_gold_standard_assembly	177	Otu2107	0.9900632848097862	0.6927451148620993	1989893	1970120	2843932	0.9845837615621789	0.38895655704425497	973	958	2463
marmgCAMI2_short_read_pooled_gold_standard_assembly	59	Otu837.0	0.9899043510701332	0.6895705518792818	3189790	3157587	4579063	0.9824789097988319	0.3985259278757568	1541	1514	3799
marmgCAMI2_short_read_pooled_gold_standard_assembly	191	Otu136	1.0	0.6797058137260217	2883917	2883917	4242890	1.0	0.4074074074074074	110	110	270
marmgCAMI2_short_read_pooled_gold_standard_assembly	94	Otu985.0	0.9748101187464339	0.6455037228560774	1486192	1448755	2244379	0.9841688654353562	0.35255198487712663	758	746	2116
marmgCAMI2_short_read_pooled_gold_standard_assembly	258	Otu1834.0	0.9969734428617437	0.6160396974842294	2303938	2296965	3728599	0.9936305732484076	0.34538745387453873	471	468	1355
marmgCAMI2_short_read_pooled_gold_standard_assembly	149	Otu2352	0.9723407882640014	0.5893484972391801	956101	929656	1577430	0.9734848484848485	0.29540229885057473	528	514	1740
marmgCAMI2_short_read_pooled_gold_standard_assembly	182	Otu1665	0.9821455966557799	0.5817165829272418	1127677	1107543	1903922	0.9772036474164134	0.3023037141513869	658	643	2127
marmgCAMI2_short_read_pooled_gold_standard_assembly	8	Otu1193	0.9929295766095365	0.5772645635030956	790476	784887	1359666	0.9912472647702407	0.2861655085281112	457	453	1583
marmgCAMI2_short_read_pooled_gold_standard_assembly	150	Otu498	0.9814586346908855	0.5737955939689483	1325253	1300681	2266802	0.9769959404600812	0.28548833531039935	739	722	2529
marmgCAMI2_short_read_pooled_gold_standard_assembly	163	Otu1038	0.9479513577276236	0.5672801449908912	1275845	1209439	2131996	0.9389416553595658	0.28095818107998377	737	692	2463
marmgCAMI2_short_read_pooled_gold_standard_assembly	106	Otu2099	0.9857856492592899	0.566414699560611	1510375	1488906	2628650	0.9823321554770318	0.28280773143438453	849	834	2949
marmgCAMI2_short_read_pooled_gold_standard_assembly	120	Otu971.0	0.9977075621087073	0.5663936122775848	2860710	2854152	5039167	0.9967532467532467	0.28462822176895974	1540	1535	5393
marmgCAMI2_short_read_pooled_gold_standard_assembly	87	Otu1920	0.9670957739591997	0.5650496776788055	1018471	984959	1743137	0.9629005059021922	0.2839383391347588	593	571	2011
marmgCAMI2_short_read_pooled_gold_standard_assembly	151	Otu865	0.99175189640666	0.5633981380101858	3012935	2988084	5303681	0.9893238434163701	0.2876357992757372	1686	1668	5799
marmgCAMI2_short_read_pooled_gold_standard_assembly	185	Otu961	0.9587112684730678	0.533556578092201	3815690	3658145	6856152	0.9508050089445438	0.2604434644125934	2236	2126	8163
marmgCAMI2_short_read_pooled_gold_standard_assembly	135	Otu2233.0	0.9910819199754364	0.5030403254380333	1524207	1510614	3002968	0.9898305084745763	0.24407913067706882	885	876	3589
marmgCAMI2_short_read_pooled_gold_standard_assembly	263	Otu1657	0.9678621790607955	0.4805473762637171	375850	363771	756993	0.9642857142857143	0.2134387351778656	224	216	1012
marmgCAMI2_short_read_pooled_gold_standard_assembly	193	Otu2297	0.9869507908188564	0.4637533631658073	1038607	1025054	2210343	0.9885057471264368	0.20602327173169063	609	602	2922
marmgCAMI2_short_read_pooled_gold_standard_assembly	206	Otu1236	1.0	0.4330117325698913	712080	712080	1644482	1.0	0.2212486308871851	202	202	913
marmgCAMI2_short_read_pooled_gold_standard_assembly	49	Otu1784	0.9977011639436406	0.4305309019027876	475023	473931	1100806	0.9965986394557823	0.18939883645765998	294	293	1547
marmgCAMI2_short_read_pooled_gold_standard_assembly	114	Otu2232	0.9763159115277479	0.402064635587774	1099599	1073556	2670108	0.9778699861687413	0.17110358180058083	723	707	4132
marmgCAMI2_short_read_pooled_gold_standard_assembly	118	Otu1405	0.9731829197600274	0.38900411100624155	1718196	1672119	4298461	0.9669852302345786	0.1684831970935513	1151	1113	6606
marmgCAMI2_short_read_pooled_gold_standard_assembly	345	Otu1719	1.0	0.37792435212398157	899740	899740	2380741	1.0	0.17157490396927016	134	134	781
marmgCAMI2_short_read_pooled_gold_standard_assembly	318	Otu2448	0.9299392271528495	0.372701709423341	601749	559590	1501442	0.9347826086956522	0.19100499722376457	368	344	1801
marmgCAMI2_short_read_pooled_gold_standard_assembly	184	Otu2154	0.9795459374420781	0.3336464305759475	442406	433357	1298851	0.9756944444444444	0.1386285150468673	288	281	2027
marmgCAMI2_short_read_pooled_gold_standard_assembly	273	Otu2174	0.996920739328195	0.3316024175212927	916129	913308	2754226	0.9957264957264957	0.1557486631016043	234	233	1496
marmgCAMI2_short_read_pooled_gold_standard_assembly	121	Otu1907	0.9981274801362294	0.31624021049835843	551129	550097	1739491	0.9974226804123711	0.13123092573753814	388	387	2949
marmgCAMI2_short_read_pooled_gold_standard_assembly	323	Otu974	1.0	0.28258190252963167	534448	534448	1891303	1.0	0.13178294573643412	85	85	645
marmgCAMI2_short_read_pooled_gold_standard_assembly	262	Otu1431	0.9599516927915313	0.28068867829525157	441342	423667	1509384	0.9503311258278145	0.10991957104557641	302	287	2611
marmgCAMI2_short_read_pooled_gold_standard_assembly	285	Otu965	1.0	0.27894988980122776	1157579	1157579	4149774	1.0	0.09963768115942029	110	110	1104
marmgCAMI2_short_read_pooled_gold_standard_assembly	356	Otu767	1.0	0.265947073346822	447561	447561	1682895	1.0	0.11045364891518737	56	56	507
marmgCAMI2_short_read_pooled_gold_standard_assembly	189	Otu953.0	1.0	0.2492499287730771	939583	939583	3769642	1.0	0.0948905109489051	130	130	1370
marmgCAMI2_short_read_pooled_gold_standard_assembly	310	Otu750	1.0	0.24881178784922975	456597	456597	1835110	1.0	0.1066447908121411	130	130	1219
marmgCAMI2_short_read_pooled_gold_standard_assembly	312	Otu751.0	1.0	0.2289261351203764	833833	833833	3642367	1.0	0.09184993531694696	213	213	2319
marmgCAMI2_short_read_pooled_gold_standard_assembly	280	Otu472.1	1.0	0.2223135838839748	1034438	1034438	4653058	1.0	0.10176195613088818	283	283	2781
marmgCAMI2_short_read_pooled_gold_standard_assembly	301	Otu1704	1.0	0.22104304732669533	339878	339878	1537610	1.0	0.10279765777488614	158	158	1537
marmgCAMI2_short_read_pooled_gold_standard_assembly	197	Otu1786	1.0	0.21373405598039943	719696	719696	3367250	1.0	0.08073817762399077	140	140	1734
marmgCAMI2_short_read_pooled_gold_standard_assembly	249	Otu612.0	1.0	0.20894121634172014	769416	769416	3682452	1.0	0.09234234234234234	123	123	1332
marmgCAMI2_short_read_pooled_gold_standard_assembly	107	Otu1930	0.9812270495523373	0.19696461477938587	242370	237820	1207425	0.9775280898876404	0.07050243111831442	178	174	2468
marmgCAMI2_short_read_pooled_gold_standard_assembly	122	Otu1787	0.9324169796766404	0.19511751956496345	257979	240544	1232816	0.9319371727748691	0.07108626198083066	191	178	2504
marmgCAMI2_short_read_pooled_gold_standard_assembly	208	Otu717	1.0	0.19403546057667453	310780	310780	1601666	1.0	0.07740585774058577	111	111	1434
marmgCAMI2_short_read_pooled_gold_standard_assembly	239	Otu941	1.0	0.1723471852900728	888402	888402	5154723	1.0	0.06152584085315833	225	225	3657
marmgCAMI2_short_read_pooled_gold_standard_assembly	221	Otu1958.0	0.9595880160331898	0.16787622303943417	249233	239161	1424627	0.956989247311828	0.060074249071886604	186	178	2963
marmgCAMI2_short_read_pooled_gold_standard_assembly	165	Otu2439	0.9917154449509925	0.16763578795244488	988828	980636	5849801	0.9945504087193461	0.06067658548749065	734	730	12031
marmgCAMI2_short_read_pooled_gold_standard_assembly	251	Otu2448	1.0	0.16029257207404615	240670	240670	1501442	1.0	0.06662965019433648	120	120	1801
marmgCAMI2_short_read_pooled_gold_standard_assembly	227	Otu1376	1.0	0.1569650086228869	237098	237098	1510515	1.0	0.06226335717290703	148	148	2377
marmgCAMI2_short_read_pooled_gold_standard_assembly	295	Otu1632	1.0	0.14587875828938882	342418	342418	2347278	1.0	0.07262247838616714	126	126	1735
marmgCAMI2_short_read_pooled_gold_standard_assembly	256	Otu643.0	1.0	0.14338222611814158	444746	444746	3101821	1.0	0.06367825722664433	152	152	2387
marmgCAMI2_short_read_pooled_gold_standard_assembly	379	Otu1460	0.9721240951119318	0.14223184359729357	298932	290599	2043136	0.9723502304147466	0.04977589054022175	217	211	4239
marmgCAMI2_short_read_pooled_gold_standard_assembly	194	Otu2080.0	1.0	0.1397893337457592	382329	382329	2735037	1.0	0.05337646583097452	132	132	2473
marmgCAMI2_short_read_pooled_gold_standard_assembly	161	Otu1577	0.948736441340096	0.13574554221047735	382689	363071	2674644	0.9517241379310345	0.04574080212131256	290	276	6034
marmgCAMI2_short_read_pooled_gold_standard_assembly	380	Otu1078	0.988140968715906	0.13531140774506467	197065	194728	1439110	0.9867549668874173	0.04724159797083069	151	149	3154
marmgCAMI2_short_read_pooled_gold_standard_assembly	279	Otu1069	1.0	0.13062806367018986	202636	202636	1551244	1.0	0.05166374781085814	59	59	1142
marmgCAMI2_short_read_pooled_gold_standard_assembly	213	Otu812	1.0	0.12647338576545078	498894	498894	3944656	1.0	0.04847704847704848	113	113	2331
marmgCAMI2_short_read_pooled_gold_standard_assembly	233	Otu664.0	1.0	0.12626561334894543	505965	505965	4007148	1.0	0.048591261739485504	119	119	2449
marmgCAMI2_short_read_pooled_gold_standard_assembly	187	Otu1737	0.875875744026429	0.12238774416351728	561808	492074	4020615	0.8775981524249422	0.04086460909775245	433	380	9299
marmgCAMI2_short_read_pooled_gold_standard_assembly	426	Otu384.0	1.0	0.12009092254994012	498049	498049	4147266	1.0	0.6	3	3	5
marmgCAMI2_short_read_pooled_gold_standard_assembly	383	Otu2058	0.990915975537625	0.11981019505378951	542711	537781	4488608	0.9926470588235294	0.04303474657315907	408	405	9411
marmgCAMI2_short_read_pooled_gold_standard_assembly	153	Otu2389	0.9946732612779988	0.10577572573690586	238983	237710	2247302	0.9947368421052631	0.03542642924086223	190	189	5335
marmgCAMI2_short_read_pooled_gold_standard_assembly	289	Otu589	1.0	0.10464825874883621	364963	364963	3487521	1.0	0.04198473282442748	165	165	3930
marmgCAMI2_short_read_pooled_gold_standard_assembly	292	Otu643.0	1.0	0.09912403069035898	307465	307465	3101821	1.0	0.04901550062840385	117	117	2387
marmgCAMI2_short_read_pooled_gold_standard_assembly	242	Otu1569	1.0	0.09646039781112965	249340	249340	2584895	1.0	0.03585346843335931	46	46	1283
marmgCAMI2_short_read_pooled_gold_standard_assembly	212	Otu1391	0.8495126344949195	0.09608029548205572	367486	312184	3249199	0.9084249084249084	0.032157676348547715	273	248	7712
marmgCAMI2_short_read_pooled_gold_standard_assembly	236	Otu814.0	0.9878726419025922	0.0951809669296566	215958	213339	2241404	0.9791666666666666	0.03495723317218297	96	94	2689
marmgCAMI2_short_read_pooled_gold_standard_assembly	219	Otu1632	1.0	0.09002470095148508	211313	211313	2347278	1.0	0.03170028818443804	55	55	1735
marmgCAMI2_short_read_pooled_gold_standard_assembly	306	Otu1569	1.0	0.08873319806026937	229366	229366	2584895	1.0	0.03507404520654715	45	45	1283
marmgCAMI2_short_read_pooled_gold_standard_assembly	327	Otu612.0	1.0	0.0870851812868165	320687	320687	3682452	1.0	0.03903903903903904	52	52	1332
marmgCAMI2_short_read_pooled_gold_standard_assembly	275	Otu1326	1.0	0.08320928670766595	251770	251770	3025744	1.0	0.03232701041944964	121	121	3743
marmgCAMI2_short_read_pooled_gold_standard_assembly	521	Otu172.0	1.0	0.07956946898619832	361236	361236	4539882	1.0	0.5	4	4	8
marmgCAMI2_short_read_pooled_gold_standard_assembly	246	Otu2489	0.9909241901055751	0.0794654891530299	312479	309643	3896572	0.9920318725099602	0.02572314049586777	251	249	9680
marmgCAMI2_short_read_pooled_gold_standard_assembly	241	Otu1146.0	1.0	0.07809241163317081	205560	205560	2632266	1.0	0.030970815961882073	104	104	3358
marmgCAMI2_short_read_pooled_gold_standard_assembly	204	Otu2268	1.0	0.07728652209690924	322148	322148	4168230	1.0	0.024747474747474747	49	49	1980
marmgCAMI2_short_read_pooled_gold_standard_assembly	188	Otu2206	1.0	0.07669734749246404	352295	352295	4593314	1.0	0.027614138438880706	75	75	2716
marmgCAMI2_short_read_pooled_gold_standard_assembly	220	Otu2268	1.0	0.07662868891591874	319406	319406	4168230	1.0	0.03383838383838384	67	67	1980
marmgCAMI2_short_read_pooled_gold_standard_assembly	316	Otu472.1	1.0	0.0751507933062515	349681	349681	4653058	1.0	0.038475368572455954	107	107	2781
marmgCAMI2_short_read_pooled_gold_standard_assembly	228	Otu2411	1.0	0.07462843663553999	279357	279357	3743305	1.0	0.028699775393062142	115	115	4007
marmgCAMI2_short_read_pooled_gold_standard_assembly	238	Otu774	1.0	0.07382323881688307	252921	252921	3426035	1.0	0.026948710518690234	93	93	3451
marmgCAMI2_short_read_pooled_gold_standard_assembly	226	Otu1548.0	1.0	0.07369883300002532	232906	232906	3160240	1.0	0.027120600115406807	47	47	1733
marmgCAMI2_short_read_pooled_gold_standard_assembly	287	Otu1483.1	1.0	0.07142981210796746	403012	403012	5642070	1.0	0.023617511520737326	82	82	3472
marmgCAMI2_short_read_pooled_gold_standard_assembly	267	Otu775.0	1.0	0.06916151266557796	303191	303191	4383811	1.0	0.02750314578464857	153	153	5563
marmgCAMI2_short_read_pooled_gold_standard_assembly	214	Otu2206	1.0	0.06907256939107581	317272	317272	4593314	1.0	0.02614138438880707	71	71	2716
marmgCAMI2_short_read_pooled_gold_standard_assembly	330	Otu136	0.9948854463641672	0.06826502690383206	291130	289641	4242890	0.96	0.08888888888888889	25	24	270
marmgCAMI2_short_read_pooled_gold_standard_assembly	371	Otu683.0	1.0	0.06703509025490449	370125	370125	5521362	1.0	0.10344827586206896	3	3	29
marmgCAMI2_short_read_pooled_gold_standard_assembly	277	Otu1160	1.0	0.06658695418630076	252885	252885	3797816	1.0	0.022926219258024176	110	110	4798
marmgCAMI2_short_read_pooled_gold_standard_assembly	244	Otu1389.0	1.0	0.06125498477111211	409650	409650	6687619	1.0	0.0199203187250996	60	60	3012
marmgCAMI2_short_read_pooled_gold_standard_assembly	296	Otu941	1.0	0.06112627196456531	315089	315089	5154723	1.0	0.02761826633852885	101	101	3657
marmgCAMI2_short_read_pooled_gold_standard_assembly	223	Otu169.0	1.0	0.05825301768894938	278709	278709	4784456	1.0	0.01693889897156685	28	28	1653
marmgCAMI2_short_read_pooled_gold_standard_assembly	442	Otu454.0	1.0	0.05734007544423712	284921	284921	4968968	1.0	0.4	4	4	10
marmgCAMI2_short_read_pooled_gold_standard_assembly	398	Otu20	1.0	0.053120104632557744	278941	278941	5251138	1.0	0.5	1	1	2
marmgCAMI2_short_read_pooled_gold_standard_assembly	302	Otu775.0	1.0	0.05235513118608444	229515	229515	4383811	1.0	0.020852058241955778	116	116	5563
marmgCAMI2_short_read_pooled_gold_standard_assembly	360	Otu136	1.0	0.05202256009465247	220726	220726	4242890	1.0	0.02962962962962963	8	8	270
marmgCAMI2_short_read_pooled_gold_standard_assembly	543	Otu393.0	1.0	0.051781834221342735	257332	257332	4969542	1.0	0.5	1	1	2
marmgCAMI2_short_read_pooled_gold_standard_assembly	362	Otu169.0	1.0	0.04846799719759153	231893	231893	4784456	1.0	0.021778584392014518	36	36	1653
marmgCAMI2_short_read_pooled_gold_standard_assembly	203	Otu1433	1.0	0.04578201889793245	244682	244682	5344500	1.0	0.016660881638320028	144	144	8643
marmgCAMI2_short_read_pooled_gold_standard_assembly	309	Otu1389.0	1.0	0.04123889234718665	275790	275790	6687619	1.0	0.01693227091633466	51	51	3012
marmgCAMI2_short_read_pooled_gold_standard_assembly	303	Otu472.1	0.8528261396282579	0.037066591475971286	202237	172473	4653058	0.819672131147541	0.017979144192736426	61	50	2781
marmgCAMI2_short_read_pooled_gold_standard_assembly	346	Otu1389.0	1.0	0.03667134745564901	245244	245244	6687619	1.0	0.014940239043824702	45	45	3012
marmgCAMI2_short_read_pooled_gold_standard_assembly	104	Otu413	0.9339413473820759	0.029657097689233917	151093	141112	4758119	0.5	0.029850746268656716	16	8	268
marmgCAMI2_short_read_pooled_gold_standard_assembly	290	Otu136	1.0	0.023233927818067403	98579	98579	4242890	1.0	0.014814814814814815	4	4	270
marmgCAMI2_short_read_pooled_gold_standard_assembly	328	Otu136	1.0	0.011934082665353096	50635	50635	4242890	1.0	0.018518518518518517	5	5	270
marmgCAMI2_short_read_pooled_gold_standard_assembly	343	Otu608	1.0	0.009465210513080873	14868	14868	1570805	1.0	0.0017969451931716084	4	4	2226
marmgCAMI2_short_read_pooled_gold_standard_assembly	88	Otu2225.0	0.8144754924415941	0.007266199941528373	28379	23114	3181030	0.9411764705882353	0.002505088460936277	17	16	6387
marmgCAMI2_short_read_pooled_gold_standard_assembly	192	Otu1308	0.8163401064344461	0.006939771176224125	16536	13499	1945165	0.8181818181818182	0.0022738756947953513	11	9	3958
marmgCAMI2_short_read_pooled_gold_standard_assembly	137	Otu1483.1	1.0	0.0016054391384722273	9058	9058	5642070	1.0	0.0017281105990783411	6	6	3472
marmgCAMI2_short_read_pooled_gold_standard_assembly	55	Otu1079.0	1.0	0.001563958303763115	6490	6490	4149727	1.0	0.0036900369003690036	1	1	271
marmgCAMI2_short_read_pooled_gold_standard_assembly	96	Otu2268	0.37046100410483107	0.0011258975632342746	12668	4693	4168230	0.25	0.00101010101010101	8	2	1980
marmgCAMI2_short_read_pooled_gold_standard_assembly	308	Otu133.1	1.0	0.0006888812085040687	2049	2049	2974388	1.0	0.00031575623618566466	1	1	3167
marmgCAMI2_short_read_pooled_gold_standard_assembly	354	Otu1631	1.0	0.0006503964523354957	2988	2988	4594121	1.0	0.00014357501794687725	1	1	6965
marmgCAMI2_short_read_pooled_gold_standard_assembly	126	Otu1160	0.3972463029066803	0.0004102357776153452	3922	1558	3797816	0.3333333333333333	0.00020842017507294707	3	1	4798
marmgCAMI2_short_read_pooled_gold_standard_assembly	210	Otu133.1	1.0	0.0003409104662875186	1014	1014	2974388	1.0	0.00031575623618566466	1	1	3167
marmgCAMI2_short_read_pooled_gold_standard_assembly	391	Otu837.0	1.0	0.0003059577909279693	1401	1401	4579063	1.0	0.00026322716504343247	1	1	3799
