sample_id	Bin ID	Most abundant genome	Purity (bp)	Completeness (bp)	Bin size (bp)	True positives (bp)	True size of most abundant genome (bp)	Purity (seq)	Completeness (seq)	Bin size (seq)	True positives (seq)	True size of most abundant genome (seq)
marmgCAMI2_short_read_pooled_gold_standard_assembly	0	Otu2.0	1.0	1.0	4145260	4145260	4145260	1.0	1.0	2	2	2
marmgCAMI2_short_read_pooled_gold_standard_assembly	416	Otu3.0	0.9994173919278384	1.0	3667989	3665852	3665852	0.3333333333333333	1.0	3	1	1
marmgCAMI2_short_read_pooled_gold_standard_assembly	192	Otu70.0	1.0	1.0	3708226	3708226	3708226	1.0	1.0	3	3	3
marmgCAMI2_short_read_pooled_gold_standard_assembly	195	Otu450.0	0.9761424420400239	1.0	3059827	2986827	2986827	0.020833333333333332	1.0	48	1	1
marmgCAMI2_short_read_pooled_gold_standard_assembly	200	Otu122.0	0.998545335044814	1.0	3560270	3555091	3555091	0.25	1.0	4	1	1
marmgCAMI2_short_read_pooled_gold_standard_assembly	452	Otu110.0	0.9954817722938867	1.0	2897375	2884284	2884284	0.16666666666666666	1.0	6	1	1
marmgCAMI2_short_read_pooled_gold_standard_assembly	202	Otu255	0.9967261040656982	1.0	5376469	5358867	5358867	0.26666666666666666	1.0	15	4	4
marmgCAMI2_short_read_pooled_gold_standard_assembly	204	Otu398	0.9457657193271146	1.0	2017580	1908158	1908158	0.04477611940298507	1.0	67	3	3
marmgCAMI2_short_read_pooled_gold_standard_assembly	96	Otu82	1.0	1.0	4059887	4059887	4059887	1.0	1.0	1	1	1
marmgCAMI2_short_read_pooled_gold_standard_assembly	95	Otu42.0	0.9921016947468807	1.0	4026560	3994757	3994757	0.05	1.0	20	1	1
marmgCAMI2_short_read_pooled_gold_standard_assembly	94	Otu283.0	0.9897043266002389	1.0	4244210	4200513	4200513	0.07142857142857142	1.0	14	1	1
marmgCAMI2_short_read_pooled_gold_standard_assembly	434	Otu212.0	0.9888446865899395	1.0	4652850	4600946	4600946	0.2727272727272727	1.0	11	3	3
marmgCAMI2_short_read_pooled_gold_standard_assembly	211	Otu106	0.9461872561336037	1.0	1984437	1877649	1877649	0.015873015873015872	1.0	63	1	1
marmgCAMI2_short_read_pooled_gold_standard_assembly	420	Otu215.0	0.9661851114418213	1.0	3181705	3074116	3074116	0.09090909090909091	1.0	44	4	4
marmgCAMI2_short_read_pooled_gold_standard_assembly	89	Otu71	0.9511119257003745	1.0	2935358	2791854	2791854	0.045454545454545456	1.0	44	2	2
marmgCAMI2_short_read_pooled_gold_standard_assembly	88	Otu846.0	0.9527361636226439	1.0	4049904	3858490	3858490	0.061224489795918366	1.0	49	3	3
marmgCAMI2_short_read_pooled_gold_standard_assembly	86	Otu53.0	0.9808773600441043	1.0	3491725	3424954	3424954	0.027777777777777776	1.0	36	1	1
marmgCAMI2_short_read_pooled_gold_standard_assembly	66	Otu196	0.9693539679683283	1.0	2389510	2316281	2316281	0.07142857142857142	1.0	14	1	1
marmgCAMI2_short_read_pooled_gold_standard_assembly	85	Otu89	1.0	1.0	1861292	1861292	1861292	1.0	1.0	1	1	1
marmgCAMI2_short_read_pooled_gold_standard_assembly	84	Otu1204	0.9948240358999675	1.0	1124235	1118416	1118416	0.375	1.0	8	3	3
marmgCAMI2_short_read_pooled_gold_standard_assembly	83	Otu219.0	0.9899998421380818	1.0	5067720	5017042	5017042	0.03333333333333333	1.0	30	1	1
marmgCAMI2_short_read_pooled_gold_standard_assembly	403	Otu724	0.9134828433691828	1.0	1933917	1766600	1766600	0.01639344262295082	1.0	122	2	2
marmgCAMI2_short_read_pooled_gold_standard_assembly	231	Otu85.0	0.9921575200983632	1.0	3454137	3427048	3427048	0.125	1.0	8	1	1
marmgCAMI2_short_read_pooled_gold_standard_assembly	515	Otu168.0	0.9981997071970858	1.0	3280022	3274117	3274117	0.375	1.0	8	3	3
marmgCAMI2_short_read_pooled_gold_standard_assembly	77	Otu660	0.9841442784526129	1.0	2449652	2410811	2410811	0.10526315789473684	1.0	19	2	2
marmgCAMI2_short_read_pooled_gold_standard_assembly	236	Otu205.1	0.8899231421009056	1.0	6501739	5786048	5786048	0.04	1.0	350	14	14
marmgCAMI2_short_read_pooled_gold_standard_assembly	518	Otu293.0	0.9983391930170455	1.0	2564416	2560157	2560157	0.3333333333333333	1.0	6	2	2
marmgCAMI2_short_read_pooled_gold_standard_assembly	74	Otu327	0.9984595832981696	1.0	2014390	2011287	2011287	0.3333333333333333	1.0	3	1	1
marmgCAMI2_short_read_pooled_gold_standard_assembly	73	Otu583	0.9708446090300527	1.0	1755250	1704075	1704075	0.05555555555555555	1.0	18	1	1
marmgCAMI2_short_read_pooled_gold_standard_assembly	238	Otu157.0	0.9101451865914281	1.0	3893748	3543876	3543876	0.006802721088435374	1.0	147	1	1
marmgCAMI2_short_read_pooled_gold_standard_assembly	69	Otu99.0	0.9664762338160421	1.0	3410476	3296144	3296144	0.05555555555555555	1.0	18	1	1
marmgCAMI2_short_read_pooled_gold_standard_assembly	364	Otu85.1	0.9939045309723512	1.0	3314101	3293900	3293900	0.2222222222222222	1.0	18	4	4
marmgCAMI2_short_read_pooled_gold_standard_assembly	188	Otu365.0	1.0	1.0	7215228	7215228	7215228	1.0	1.0	1	1	1
marmgCAMI2_short_read_pooled_gold_standard_assembly	104	Otu523	0.9996649583801671	1.0	3053352	3052329	3052329	0.5	1.0	2	1	1
marmgCAMI2_short_read_pooled_gold_standard_assembly	510	Otu303.0	1.0	1.0	1999613	1999613	1999613	1.0	1.0	2	2	2
marmgCAMI2_short_read_pooled_gold_standard_assembly	187	Otu852.0	0.9995897072404404	1.0	4401735	4399929	4399929	0.9	1.0	10	9	9
marmgCAMI2_short_read_pooled_gold_standard_assembly	152	Otu713	0.9414162333127756	1.0	1666844	1569194	1569194	0.3392857142857143	1.0	112	38	38
marmgCAMI2_short_read_pooled_gold_standard_assembly	156	Otu203	0.9228228526629005	1.0	4750046	4383451	4383451	0.011857707509881422	1.0	253	3	3
marmgCAMI2_short_read_pooled_gold_standard_assembly	492	Otu220.0	0.99938011718343	1.0	5317134	5313838	5313838	0.6666666666666666	1.0	6	4	4
marmgCAMI2_short_read_pooled_gold_standard_assembly	137	Otu241.0	0.9843032840998979	1.0	4953138	4875390	4875390	0.6666666666666666	1.0	3	2	2
marmgCAMI2_short_read_pooled_gold_standard_assembly	136	Otu315.0	0.9908887916718516	1.0	3865349	3830131	3830131	0.391304347826087	1.0	23	9	9
marmgCAMI2_short_read_pooled_gold_standard_assembly	495	Otu211	0.9679897817180881	1.0	2510011	2429665	2429665	0.027777777777777776	1.0	36	1	1
marmgCAMI2_short_read_pooled_gold_standard_assembly	496	Otu854	0.9857332832419414	1.0	1607728	1584791	1584791	0.05555555555555555	1.0	18	1	1
marmgCAMI2_short_read_pooled_gold_standard_assembly	479	Otu304.0	0.9822345434766899	1.0	4096264	4023492	4023492	0.3333333333333333	1.0	6	2	2
marmgCAMI2_short_read_pooled_gold_standard_assembly	164	Otu218	0.9168472489028409	1.0	2048928	1878554	1878554	0.10526315789473684	1.0	19	2	2
marmgCAMI2_short_read_pooled_gold_standard_assembly	501	Otu176.0	1.0	1.0	3052367	3052367	3052367	1.0	1.0	2	2	2
marmgCAMI2_short_read_pooled_gold_standard_assembly	165	Otu2119.0	0.9793799699663114	1.0	3652565	3577249	3577249	0.37777777777777777	1.0	45	17	17
marmgCAMI2_short_read_pooled_gold_standard_assembly	471	Otu1448	0.926000273756001	1.0	2184427	2022780	2022780	0.054945054945054944	1.0	91	5	5
marmgCAMI2_short_read_pooled_gold_standard_assembly	126	Otu470	0.9082964735235398	1.0	1757108	1595975	1595975	0.00847457627118644	1.0	118	1	1
marmgCAMI2_short_read_pooled_gold_standard_assembly	125	Otu90.0	0.9600177751751282	1.0	3859315	3705011	3705011	0.08333333333333333	1.0	12	1	1
marmgCAMI2_short_read_pooled_gold_standard_assembly	173	Otu3.1	0.9919027290697928	1.0	3202190	3176261	3176261	0.09090909090909091	1.0	11	1	1
marmgCAMI2_short_read_pooled_gold_standard_assembly	467	Otu199.0	0.9859585970132625	1.0	4057002	4000036	4000036	0.08333333333333333	1.0	12	1	1
marmgCAMI2_short_read_pooled_gold_standard_assembly	505	Otu180	0.9973238528092149	1.0	2230819	2224849	2224849	0.2857142857142857	1.0	7	2	2
marmgCAMI2_short_read_pooled_gold_standard_assembly	506	Otu597.0	0.9988170186652273	1.0	3787042	3782562	3782562	0.8	1.0	15	12	12
marmgCAMI2_short_read_pooled_gold_standard_assembly	119	Otu61.0	0.9887796253514831	1.0	4098348	4052363	4052363	0.08	1.0	25	2	2
marmgCAMI2_short_read_pooled_gold_standard_assembly	465	Otu332	0.4294854721211986	1.0	2868416	1231943	1231943	0.023809523809523808	1.0	378	9	9
marmgCAMI2_short_read_pooled_gold_standard_assembly	464	Otu133.0	0.9922446471937922	1.0	3416479	3389983	3389983	0.1111111111111111	1.0	9	1	1
marmgCAMI2_short_read_pooled_gold_standard_assembly	116	Otu105.0	1.0	1.0	3914609	3914609	3914609	1.0	1.0	1	1	1
marmgCAMI2_short_read_pooled_gold_standard_assembly	182	Otu245.0	0.9909751230727804	1.0	4344990	4305777	4305777	0.045454545454545456	1.0	22	1	1
marmgCAMI2_short_read_pooled_gold_standard_assembly	113	Otu1000	0.9929004852395463	1.0	4919632	4884705	4884705	0.038461538461538464	1.0	26	1	1
marmgCAMI2_short_read_pooled_gold_standard_assembly	184	Otu130.0	0.9986660247444261	1.0	4295432	4289702	4289702	0.3333333333333333	1.0	6	2	2
marmgCAMI2_short_read_pooled_gold_standard_assembly	111	Otu1089	0.5855616254297326	1.0	6574729	3849909	3849909	0.007985257985257985	1.0	1628	13	13
marmgCAMI2_short_read_pooled_gold_standard_assembly	110	Otu252	0.8402325194925507	1.0	2659734	2234795	2234795	0.02702702702702703	1.0	37	1	1
marmgCAMI2_short_read_pooled_gold_standard_assembly	507	Otu75.0	1.0	1.0	4279149	4279149	4279149	1.0	1.0	1	1	1
marmgCAMI2_short_read_pooled_gold_standard_assembly	107	Otu239.0	0.9865241652058682	1.0	3973854	3920303	3920303	0.03125	1.0	32	1	1
marmgCAMI2_short_read_pooled_gold_standard_assembly	67	Otu465	0.9015239171633473	1.0	1601465	1443759	1443759	0.017857142857142856	1.0	56	1	1
marmgCAMI2_short_read_pooled_gold_standard_assembly	491	Otu457.0	0.9758600322381098	1.0	3936335	3841312	3841312	0.4020618556701031	1.0	97	39	39
marmgCAMI2_short_read_pooled_gold_standard_assembly	65	Otu179	0.9992307279084229	1.0	5230919	5226895	5226895	0.25	1.0	4	1	1
marmgCAMI2_short_read_pooled_gold_standard_assembly	20	Otu256	0.9923117204608207	1.0	3318948	3293431	3293431	0.07142857142857142	1.0	14	1	1
marmgCAMI2_short_read_pooled_gold_standard_assembly	36	Otu69.0	0.9962636463982502	1.0	4737239	4719539	4719539	0.07692307692307693	1.0	13	1	1
marmgCAMI2_short_read_pooled_gold_standard_assembly	34	Otu30.0	0.9658362081754912	1.0	2446801	2363209	2363209	0.03225806451612903	1.0	31	1	1
marmgCAMI2_short_read_pooled_gold_standard_assembly	522	Otu345.0	0.999586557740275	1.0	9449929	9446022	9446022	0.7857142857142857	1.0	14	11	11
marmgCAMI2_short_read_pooled_gold_standard_assembly	64	Otu37.0	0.9794581888281655	1.0	7481278	7327599	7327599	0.10526315789473684	1.0	38	4	4
marmgCAMI2_short_read_pooled_gold_standard_assembly	30	Otu382.0	0.979843572824143	1.0	4547036	4455384	4455384	0.04	1.0	25	1	1
marmgCAMI2_short_read_pooled_gold_standard_assembly	28	Otu23	0.9626895585273104	1.0	5954955	5732773	5732773	0.028846153846153848	1.0	104	3	3
marmgCAMI2_short_read_pooled_gold_standard_assembly	27	Otu503	0.9892841186031864	1.0	2392617	2366978	2366978	0.09090909090909091	1.0	11	1	1
marmgCAMI2_short_read_pooled_gold_standard_assembly	26	Otu870	0.9713380024209207	1.0	2817110	2736366	2736366	0.023255813953488372	1.0	43	1	1
marmgCAMI2_short_read_pooled_gold_standard_assembly	25	Otu40.1	0.9998021219466103	1.0	6514113	6512824	6512824	0.8333333333333334	1.0	6	5	5
marmgCAMI2_short_read_pooled_gold_standard_assembly	24	Otu189	0.9661239098362834	1.0	5193486	5017551	5017551	0.010752688172043012	1.0	93	1	1
marmgCAMI2_short_read_pooled_gold_standard_assembly	291	Otu60.0	0.9961857473209963	1.0	5217798	5197896	5197896	0.09090909090909091	1.0	11	1	1
marmgCAMI2_short_read_pooled_gold_standard_assembly	22	Otu222.1	0.991343543747895	1.0	5228583	5183322	5183322	0.3333333333333333	1.0	3	1	1
marmgCAMI2_short_read_pooled_gold_standard_assembly	21	Otu1337	0.9838706312784841	1.0	3978767	3914592	3914592	0.06060606060606061	1.0	33	2	2
marmgCAMI2_short_read_pooled_gold_standard_assembly	523	Otu12.0	1.0	1.0	3659618	3659618	3659618	1.0	1.0	3	3	3
marmgCAMI2_short_read_pooled_gold_standard_assembly	38	Otu35.0	0.9139435344621712	1.0	5527336	5051673	5051673	0.017543859649122806	1.0	57	1	1
marmgCAMI2_short_read_pooled_gold_standard_assembly	279	Otu248.0	0.9826498045131835	1.0	4135573	4063820	4063820	0.029411764705882353	1.0	34	1	1
marmgCAMI2_short_read_pooled_gold_standard_assembly	15	Otu274.0	1.0	1.0	2269117	2269117	2269117	1.0	1.0	1	1	1
marmgCAMI2_short_read_pooled_gold_standard_assembly	14	Otu26.0	0.9854621655720692	1.0	3957467	3899934	3899934	0.034482758620689655	1.0	29	1	1
marmgCAMI2_short_read_pooled_gold_standard_assembly	13	Otu36.0	0.899400212768825	1.0	4600298	4137509	4137509	0.038461538461538464	1.0	52	2	2
marmgCAMI2_short_read_pooled_gold_standard_assembly	11	Otu93	0.9781702677000289	1.0	3323907	3251347	3251347	0.02702702702702703	1.0	37	1	1
marmgCAMI2_short_read_pooled_gold_standard_assembly	10	Otu47.0	0.9109494585465545	1.0	1667087	1518632	1518632	0.012658227848101266	1.0	79	1	1
marmgCAMI2_short_read_pooled_gold_standard_assembly	9	Otu24.0	1.0	1.0	4830178	4830178	4830178	1.0	1.0	1	1	1
marmgCAMI2_short_read_pooled_gold_standard_assembly	8	Otu40.0	0.9424753815885588	1.0	1571588	1481183	1481183	0.07142857142857142	1.0	14	1	1
marmgCAMI2_short_read_pooled_gold_standard_assembly	6	Otu48.0	0.9022750260647651	1.0	1927890	1739487	1739487	0.015384615384615385	1.0	65	1	1
marmgCAMI2_short_read_pooled_gold_standard_assembly	5	Otu9	0.9758415634944937	1.0	2625708	2562275	2562275	0.047619047619047616	1.0	21	1	1
marmgCAMI2_short_read_pooled_gold_standard_assembly	4	Otu67.0	0.9952041222000853	1.0	3539081	3522108	3522108	0.15384615384615385	1.0	13	2	2
marmgCAMI2_short_read_pooled_gold_standard_assembly	3	Otu160	0.9807548573071253	1.0	1895855	1859369	1859369	0.08333333333333333	1.0	12	1	1
marmgCAMI2_short_read_pooled_gold_standard_assembly	2	Otu11	0.965846443692081	1.0	1726116	1667163	1667163	0.03225806451612903	1.0	31	1	1
marmgCAMI2_short_read_pooled_gold_standard_assembly	37	Otu86.0	0.9793692143331805	1.0	3843334	3764043	3764043	0.03125	1.0	32	1	1
marmgCAMI2_short_read_pooled_gold_standard_assembly	31	Otu72.0	0.9909626725450972	1.0	3687152	3653830	3653830	0.16666666666666666	1.0	12	2	2
marmgCAMI2_short_read_pooled_gold_standard_assembly	1	Otu4.0	0.9374662432742005	1.0	2055146	1926630	1926630	0.024390243902439025	1.0	41	1	1
marmgCAMI2_short_read_pooled_gold_standard_assembly	47	Otu249.0	0.9471538202464442	1.0	4768462	4516467	4516467	0.02040816326530612	1.0	98	2	2
marmgCAMI2_short_read_pooled_gold_standard_assembly	58	Otu351	0.9810784465010896	1.0	2656970	2606696	2606696	0.07692307692307693	1.0	26	2	2
marmgCAMI2_short_read_pooled_gold_standard_assembly	55	Otu234.0	0.9966429842064274	1.0	5359522	5341530	5341530	0.1	1.0	10	1	1
marmgCAMI2_short_read_pooled_gold_standard_assembly	342	Otu648.0	0.9706707083004922	1.0	5283012	5128065	5128065	0.16	1.0	25	4	4
marmgCAMI2_short_read_pooled_gold_standard_assembly	307	Otu525.0	0.9995935185097706	1.0	4339681	4337917	4337917	0.5	1.0	2	1	1
marmgCAMI2_short_read_pooled_gold_standard_assembly	519	Otu214.0	0.9991735311926266	1.0	5136310	5132065	5132065	0.25	1.0	4	1	1
marmgCAMI2_short_read_pooled_gold_standard_assembly	52	Otu185.0	0.9982927569717533	1.0	5382362	5373173	5373173	0.2	1.0	5	1	1
marmgCAMI2_short_read_pooled_gold_standard_assembly	51	Otu376	0.9925006318556336	1.0	494575	490866	490866	0.5	1.0	2	1	1
marmgCAMI2_short_read_pooled_gold_standard_assembly	521	Otu39.0	1.0	1.0	3644088	3644088	3644088	1.0	1.0	2	2	2
marmgCAMI2_short_read_pooled_gold_standard_assembly	49	Otu352.1	1.0	1.0	3909688	3909688	3909688	1.0	1.0	1	1	1
marmgCAMI2_short_read_pooled_gold_standard_assembly	57	Otu235.0	0.9542186017276101	1.0	4838013	4616522	4616522	0.021739130434782608	1.0	46	1	1
marmgCAMI2_short_read_pooled_gold_standard_assembly	48	Otu50.0	0.9967749861506644	1.0	4411764	4397536	4397536	0.1111111111111111	1.0	9	1	1
marmgCAMI2_short_read_pooled_gold_standard_assembly	62	Otu302.0	0.9996578674996146	1.0	3133289	3132217	3132217	0.75	1.0	4	3	3
marmgCAMI2_short_read_pooled_gold_standard_assembly	46	Otu833	0.9970428401942586	1.0	1695884	1690869	1690869	0.2	1.0	5	1	1
marmgCAMI2_short_read_pooled_gold_standard_assembly	44	Otu20	0.989896011809822	1.0	5304737	5251138	5251138	0.2222222222222222	1.0	9	2	2
marmgCAMI2_short_read_pooled_gold_standard_assembly	63	Otu1458.0	0.9994590359195298	1.0	4946724	4944048	4944048	0.5	1.0	4	2	2
marmgCAMI2_short_read_pooled_gold_standard_assembly	256	Otu331.0	1.0	1.0	3975877	3975877	3975877	1.0	1.0	1	1	1
marmgCAMI2_short_read_pooled_gold_standard_assembly	42	Otu250	0.973826506731965	1.0	4159781	4050905	4050905	0.05714285714285714	1.0	35	2	2
marmgCAMI2_short_read_pooled_gold_standard_assembly	41	Otu298	0.9853850061368109	1.0	8301543	8180216	8180216	0.025	1.0	40	1	1
marmgCAMI2_short_read_pooled_gold_standard_assembly	139	Otu323.0	0.7896017919939542	0.9999576773916858	4488408	3544055	3544205	0.05458515283842795	0.9615384615384616	458	25	26
marmgCAMI2_short_read_pooled_gold_standard_assembly	186	Otu499	0.9983434891618981	0.9997547274594535	2225159	2221473	2222018	0.7692307692307693	0.9090909090909091	13	10	11
marmgCAMI2_short_read_pooled_gold_standard_assembly	435	Otu404.0	0.9968768210159016	0.9996021196887146	4571624	4557346	4559160	0.5652173913043478	0.9285714285714286	23	13	14
marmgCAMI2_short_read_pooled_gold_standard_assembly	271	Otu590	0.9401340568084358	0.9991987432545185	4173007	3923186	3926332	0.09248554913294797	0.9411764705882353	173	16	17
marmgCAMI2_short_read_pooled_gold_standard_assembly	334	Otu383	0.8018217126198555	0.9981728482488338	4057281	3253216	3259171	0.06197654941373534	0.9736842105263158	597	37	38
marmgCAMI2_short_read_pooled_gold_standard_assembly	12	Otu88.0	1.0	0.9976285721694321	3385688	3385688	3393736	1.0	0.961038961038961	74	74	77
marmgCAMI2_short_read_pooled_gold_standard_assembly	29	Otu6	0.9730746607069203	0.9966475169570206	2526282	2458261	2466530	0.7213114754098361	0.9361702127659575	61	44	47
marmgCAMI2_short_read_pooled_gold_standard_assembly	7	Otu10	0.9863112801414532	0.9963876311903784	5770956	5691959	5712595	0.835820895522388	0.9491525423728814	134	112	118
marmgCAMI2_short_read_pooled_gold_standard_assembly	35	Otu150.0	0.9773058334106686	0.9961203448595778	3372761	3296219	3309057	0.7833333333333333	0.9494949494949495	120	94	99
marmgCAMI2_short_read_pooled_gold_standard_assembly	474	Otu76.0	0.9977917949320704	0.9961177328233907	3079877	3073076	3085053	0.8888888888888888	0.8888888888888888	27	24	27
marmgCAMI2_short_read_pooled_gold_standard_assembly	504	Otu83	0.9996624766591722	0.9958074714738744	3306438	3305322	3319238	0.5	0.5	2	1	2
marmgCAMI2_short_read_pooled_gold_standard_assembly	82	Otu123.0	0.9926081731149166	0.9957292954225327	3163494	3140110	3153578	0.125	0.6666666666666666	16	2	3
marmgCAMI2_short_read_pooled_gold_standard_assembly	114	Otu292.0	1.0	0.9948364741088335	4308785	4308785	4331149	1.0	0.6	3	3	5
marmgCAMI2_short_read_pooled_gold_standard_assembly	141	Otu634.0	0.9862349234717492	0.9947653251111072	2927481	2887184	2902377	0.34782608695652173	0.8888888888888888	23	8	9
marmgCAMI2_short_read_pooled_gold_standard_assembly	70	Otu980	0.9093158667310287	0.9945570346649276	4052076	3684617	3704782	0.04980842911877394	0.7222222222222222	261	13	18
marmgCAMI2_short_read_pooled_gold_standard_assembly	45	Otu107	0.867286737014222	0.9944563316574465	5455295	4731305	4757680	0.36633663366336633	0.8604651162790697	202	74	86
marmgCAMI2_short_read_pooled_gold_standard_assembly	142	Otu388	0.9993533440900044	0.993934075216105	1752091	1750958	1761644	0.6666666666666666	0.6666666666666666	3	2	3
marmgCAMI2_short_read_pooled_gold_standard_assembly	489	Otu46	1.0	0.9938897128187991	1731011	1731011	1741653	1.0	0.6811594202898551	47	47	69
marmgCAMI2_short_read_pooled_gold_standard_assembly	392	Otu169.1	0.5429355605742757	0.9925713194501279	3685756	2001128	2016105	0.008620689655172414	0.8888888888888888	928	8	9
marmgCAMI2_short_read_pooled_gold_standard_assembly	32	Otu1180.0	0.9943664718730622	0.990288286091378	4655697	4629469	4674870	0.0625	0.5	16	1	2
marmgCAMI2_short_read_pooled_gold_standard_assembly	17	Otu226	0.9100723369178374	0.9901924495034903	4905932	4464753	4508975	0.2645739910313901	0.8309859154929577	223	59	71
marmgCAMI2_short_read_pooled_gold_standard_assembly	330	Otu44.0	0.9844988004685881	0.9900870765484879	2815266	2771626	2799376	0.9219858156028369	0.935251798561151	141	130	139
marmgCAMI2_short_read_pooled_gold_standard_assembly	324	Otu921.0	0.9768237405684824	0.9896528194031764	4567001	4461155	4507798	0.5333333333333333	0.7804878048780488	120	64	82
marmgCAMI2_short_read_pooled_gold_standard_assembly	520	Otu64.0	1.0	0.9878574067167807	5589070	5589070	5657770	1.0	0.5	1	1	2
marmgCAMI2_short_read_pooled_gold_standard_assembly	480	Otu716.0	0.9990462972793187	0.9874910301687964	3899538	3895819	3945169	0.967032967032967	0.8979591836734694	91	88	98
marmgCAMI2_short_read_pooled_gold_standard_assembly	72	Otu1913	0.9959181867376976	0.9866092826688877	1378554	1372927	1391561	0.9506172839506173	0.9058823529411765	81	77	85
marmgCAMI2_short_read_pooled_gold_standard_assembly	140	Otu271	0.9997352188411743	0.9864569751443162	4411190	4410022	4470567	0.5	0.5	2	1	2
marmgCAMI2_short_read_pooled_gold_standard_assembly	90	Otu595.0	0.9898420420543785	0.9851954318780001	5501401	5445518	5527348	0.6804123711340206	0.8048780487804879	97	66	82
marmgCAMI2_short_read_pooled_gold_standard_assembly	40	Otu13.0	0.964974988201285	0.9840533820989659	2707922	2613077	2655422	0.05263157894736842	0.5	19	1	2
marmgCAMI2_short_read_pooled_gold_standard_assembly	102	Otu1362.0	0.9845697089531397	0.9833336044295924	1657843	1632262	1659927	0.8058252427184466	0.8924731182795699	103	83	93
marmgCAMI2_short_read_pooled_gold_standard_assembly	76	Otu172.0	0.9891000545961514	0.982874444754291	4511307	4462134	4539882	0.2692307692307692	0.875	26	7	8
marmgCAMI2_short_read_pooled_gold_standard_assembly	43	Otu1475	0.9969898093914995	0.9820348857404354	2438716	2431375	2475854	0.9076923076923077	0.9365079365079365	65	59	63
marmgCAMI2_short_read_pooled_gold_standard_assembly	511	Otu415.0	0.9958904897395822	0.9809416198126644	4903504	4883353	4978230	0.43478260869565216	0.9090909090909091	23	10	11
marmgCAMI2_short_read_pooled_gold_standard_assembly	372	Otu1297	0.6116546035630993	0.9788254372755705	4144594	2535060	2589900	0.10230179028132992	0.9523809523809523	391	40	42
marmgCAMI2_short_read_pooled_gold_standard_assembly	53	Otu453	0.9898279496613486	0.9778411316604925	2958204	2928113	2994467	0.75	0.7241379310344828	84	63	87
marmgCAMI2_short_read_pooled_gold_standard_assembly	56	Otu222.0	0.9601019825090961	0.9759140396061412	6839212	6566341	6728401	0.43866171003717475	0.9516129032258065	269	118	124
marmgCAMI2_short_read_pooled_gold_standard_assembly	16	Otu254	0.9953324469272686	0.9741117000939314	5710701	5684046	5835107	0.9696048632218845	0.8285714285714286	329	319	385
marmgCAMI2_short_read_pooled_gold_standard_assembly	78	Otu159	0.9689381397980009	0.973638963514518	3362194	3257758	3345961	0.57	0.75	100	57	76
marmgCAMI2_short_read_pooled_gold_standard_assembly	293	Otu625	0.9935934131329626	0.9729560652002409	1942532	1930087	1983735	0.5555555555555556	0.9090909090909091	18	10	11
marmgCAMI2_short_read_pooled_gold_standard_assembly	127	Otu391	0.7889689814609337	0.9725298720223317	3830290	3021980	3107339	0.23917995444191345	0.8467741935483871	439	105	124
marmgCAMI2_short_read_pooled_gold_standard_assembly	131	Otu1126	0.8881587290851137	0.9721204175864429	2838648	2521170	2593475	0.30448717948717946	0.9223300970873787	312	95	103
marmgCAMI2_short_read_pooled_gold_standard_assembly	292	Otu364	0.9862239951617917	0.970837373725403	1412093	1392640	1434473	0.7945205479452054	0.90625	73	58	64
marmgCAMI2_short_read_pooled_gold_standard_assembly	146	Otu1027	0.9990715108309213	0.9641423287442922	3786797	3783281	3923986	0.9032258064516129	0.9655172413793104	31	28	29
marmgCAMI2_short_read_pooled_gold_standard_assembly	145	Otu829.0	0.9600019336665025	0.9637008212620125	3433891	3296542	3420711	0.7952941176470588	0.8428927680798005	425	338	401
marmgCAMI2_short_read_pooled_gold_standard_assembly	100	Otu435.1	0.9996055625790139	0.9630581282836178	3262875	3261588	3386699	0.5	0.5	2	1	2
marmgCAMI2_short_read_pooled_gold_standard_assembly	87	Otu2338	0.8816274096342361	0.9586762911752745	1604341	1414431	1475400	0.6073825503355704	0.8008849557522124	298	181	226
marmgCAMI2_short_read_pooled_gold_standard_assembly	39	Otu116.0	0.9774826586243739	0.9547823798945526	5501582	5377701	5632384	0.5899280575539568	0.82	139	82	100
marmgCAMI2_short_read_pooled_gold_standard_assembly	174	Otu22	1.0	0.9543291597991949	3435877	3435877	3600306	1.0	0.7176470588235294	61	61	85
marmgCAMI2_short_read_pooled_gold_standard_assembly	178	Otu1399	0.9697897804600393	0.9530033843067867	2156555	2091405	2194541	0.8051282051282052	0.8579234972677595	195	157	183
marmgCAMI2_short_read_pooled_gold_standard_assembly	191	Otu496.0	0.9726781396431892	0.9507880308119933	2963195	2882235	3031417	0.6666666666666666	0.864	162	108	125
marmgCAMI2_short_read_pooled_gold_standard_assembly	322	Otu1544	0.8097664498677901	0.9482256510560046	4923611	3986975	4204669	0.2098092643051771	0.8603351955307262	734	154	179
marmgCAMI2_short_read_pooled_gold_standard_assembly	112	Otu393.0	0.9982634971942038	0.9482181657786573	4720407	4712210	4969542	0.14285714285714285	0.5	7	1	2
marmgCAMI2_short_read_pooled_gold_standard_assembly	412	Otu1119.0	0.835191735629241	0.9477340574407883	2855051	2384515	2516017	0.41594827586206895	0.8391304347826087	464	193	230
marmgCAMI2_short_read_pooled_gold_standard_assembly	68	Otu554	0.9940235201524458	0.944455904915744	2063422	2051090	2171716	0.924812030075188	0.8092105263157895	133	123	152
marmgCAMI2_short_read_pooled_gold_standard_assembly	498	Otu454.0	0.998895979377398	0.9426599245557629	4689224	4684047	4968968	0.6	0.6	10	6	10
marmgCAMI2_short_read_pooled_gold_standard_assembly	490	Otu592.0	0.9970079878268461	0.9404530708277379	3724918	3713773	3948919	0.9691119691119691	0.8422818791946308	259	251	298
marmgCAMI2_short_read_pooled_gold_standard_assembly	384	Otu451	0.7278125830264857	0.937727245060684	2645993	1925787	2053675	0.2653061224489796	0.7934272300469484	637	169	213
marmgCAMI2_short_read_pooled_gold_standard_assembly	398	Otu413	0.9907599180426746	0.9372977010453081	4501367	4459774	4758119	0.9	0.8395522388059702	250	225	268
marmgCAMI2_short_read_pooled_gold_standard_assembly	419	Otu318.0	0.9966751658323675	0.9367303375515457	5069125	5052271	5393517	0.125	0.3333333333333333	8	1	3
marmgCAMI2_short_read_pooled_gold_standard_assembly	54	Otu683.0	0.9922322059402523	0.9329649097450955	5191564	5151237	5521362	0.45614035087719296	0.896551724137931	57	26	29
marmgCAMI2_short_read_pooled_gold_standard_assembly	163	Otu1030	0.774330013982414	0.9291799104873205	2688377	2081691	2240353	0.23636363636363636	0.7982456140350878	385	91	114
marmgCAMI2_short_read_pooled_gold_standard_assembly	115	Otu1656	0.9781483753184927	0.9267925173947759	1661341	1625038	1753400	0.9111111111111111	0.803921568627451	270	246	306
marmgCAMI2_short_read_pooled_gold_standard_assembly	401	Otu2299.0	0.700637349955032	0.9252579106678593	3847180	2695478	2913218	0.1937229437229437	0.7850877192982456	924	179	228
marmgCAMI2_short_read_pooled_gold_standard_assembly	371	Otu230.0	0.43089894366640347	0.9249755895821636	6197474	2670485	2887087	0.060075093867334166	0.5106382978723404	799	48	94
marmgCAMI2_short_read_pooled_gold_standard_assembly	190	Otu605	0.9154973575105608	0.9225289481856646	2858668	2617103	2836879	0.4583333333333333	0.875	336	154	176
marmgCAMI2_short_read_pooled_gold_standard_assembly	475	Otu491.0	0.997257916936094	0.9203373002088381	3785808	3775427	4102221	0.9619047619047619	0.5976331360946746	105	101	169
marmgCAMI2_short_read_pooled_gold_standard_assembly	460	Otu265.0	0.9899182298613017	0.9088282965478212	4055637	4014749	4417500	0.22727272727272727	0.625	22	5	8
marmgCAMI2_short_read_pooled_gold_standard_assembly	150	Otu445	0.6914104712460691	0.9074175640884758	2675269	1849709	2038432	0.2766439909297052	0.7577639751552795	441	122	161
marmgCAMI2_short_read_pooled_gold_standard_assembly	97	Otu1548.1	0.9446858399385198	0.9074012968956533	4456725	4210205	4639849	0.5364583333333334	0.8373983739837398	384	206	246
marmgCAMI2_short_read_pooled_gold_standard_assembly	189	Otu183.1	0.9862829112790017	0.9052476197350926	4386718	4326545	4779405	0.11428571428571428	0.6666666666666666	35	4	6
marmgCAMI2_short_read_pooled_gold_standard_assembly	305	Otu684	0.7560179214532168	0.9047246868843162	3019398	2282719	2523109	0.3282442748091603	0.7713004484304933	524	172	223
marmgCAMI2_short_read_pooled_gold_standard_assembly	194	Otu489.0	0.9892364548949868	0.8981047700735839	3418855	3382056	3765770	0.9507874015748031	0.7488372093023256	508	483	645
marmgCAMI2_short_read_pooled_gold_standard_assembly	429	Otu1957.0	0.780099695096845	0.8978741999015264	3740204	2917732	3249600	0.17570093457943925	0.8173913043478261	535	94	115
marmgCAMI2_short_read_pooled_gold_standard_assembly	476	Otu447.1	0.9934209827422351	0.8961149051245472	3671217	3647064	4069862	0.9446254071661238	0.7671957671957672	307	290	378
marmgCAMI2_short_read_pooled_gold_standard_assembly	438	Otu754	0.9432031530258355	0.8950740242412943	6729282	6347080	7091123	0.6695869837296621	0.7787481804949054	799	535	687
marmgCAMI2_short_read_pooled_gold_standard_assembly	80	Otu613	0.7652039963843169	0.8950112035815859	3679526	2815588	3145869	0.008183306055646482	0.625	611	5	8
marmgCAMI2_short_read_pooled_gold_standard_assembly	312	Otu722	0.8815747967800037	0.8921393238466074	4796403	4228388	4739605	0.47050147492625366	0.7780487804878049	678	319	410
marmgCAMI2_short_read_pooled_gold_standard_assembly	60	Otu1093	0.7628105756990322	0.8919178670849081	3232505	2465789	2764592	0.41379310344827586	0.7832167832167832	812	336	429
marmgCAMI2_short_read_pooled_gold_standard_assembly	446	Otu931	0.9803657048173936	0.8894138584607587	1890213	1853100	2083507	0.9067164179104478	0.7431192660550459	268	243	327
marmgCAMI2_short_read_pooled_gold_standard_assembly	483	Otu719.0	0.9896542832461009	0.8846933878107532	3920753	3880190	4385915	0.9173553719008265	0.7655172413793103	363	333	435
marmgCAMI2_short_read_pooled_gold_standard_assembly	512	Otu1287	0.9966195770519805	0.8837808309923902	4251539	4237167	4794364	0.9882352941176471	0.6609836065573771	1020	1008	1525
marmgCAMI2_short_read_pooled_gold_standard_assembly	99	Otu384.0	0.997765619134306	0.8799090774500599	3657389	3649217	4147266	0.2222222222222222	0.4	9	2	5
marmgCAMI2_short_read_pooled_gold_standard_assembly	248	Otu1676.0	0.78527444142363	0.8795740841089592	2815282	2210769	2513454	0.5015974440894568	0.6723768736616702	626	314	467
marmgCAMI2_short_read_pooled_gold_standard_assembly	23	Otu186.0	1.0	0.8775044181738377	4324290	4324290	4927941	1.0	0.5	1	1	2
marmgCAMI2_short_read_pooled_gold_standard_assembly	280	Otu945	0.9945482773389169	0.8770632129749497	2353568	2340737	2668835	0.9863013698630136	0.6597938144329897	584	576	873
marmgCAMI2_short_read_pooled_gold_standard_assembly	93	Otu954	0.9571230679196404	0.8740720206038716	1689953	1617493	1850526	0.8688118811881188	0.685546875	404	351	512
marmgCAMI2_short_read_pooled_gold_standard_assembly	303	Otu1002.0	0.9782415211207114	0.8654123239996749	1546018	1512379	1747582	0.8922413793103449	0.6831683168316832	232	207	303
marmgCAMI2_short_read_pooled_gold_standard_assembly	71	Otu1763.0	0.9979892038029523	0.8597412146497433	4447492	4438549	5162657	0.9865642994241842	0.7353361945636624	521	514	699
marmgCAMI2_short_read_pooled_gold_standard_assembly	103	Otu1065	0.9548606017024104	0.857096669340784	3114995	2974386	3470304	0.7024221453287197	0.7435897435897436	289	203	273
marmgCAMI2_short_read_pooled_gold_standard_assembly	448	Otu1322	0.9811817419286912	0.8511085614995131	5147926	5051051	5934673	0.2903225806451613	0.84375	93	27	32
marmgCAMI2_short_read_pooled_gold_standard_assembly	407	Otu810.0	0.7584991932375172	0.8500714193627156	3937962	2986941	3513753	0.2528473804100228	0.6981132075471698	439	111	159
marmgCAMI2_short_read_pooled_gold_standard_assembly	135	Otu520.0	0.961042096097778	0.8462638912662862	3467281	3332203	3937546	0.8556910569105691	0.6693163751987281	492	421	629
marmgCAMI2_short_read_pooled_gold_standard_assembly	124	Otu2019	0.9551975210661305	0.8457097711942687	2371342	2265100	2678342	0.5785714285714286	0.7105263157894737	140	81	114
marmgCAMI2_short_read_pooled_gold_standard_assembly	423	Otu687	0.8458940229628156	0.8452462287651229	1512271	1279221	1513430	0.7255244755244755	0.5988455988455988	572	415	693
marmgCAMI2_short_read_pooled_gold_standard_assembly	395	Otu1540	0.7533476637746175	0.8444054519635915	1540776	1160740	1374624	0.4700854700854701	0.7166123778501629	468	220	307
marmgCAMI2_short_read_pooled_gold_standard_assembly	311	Otu894.0	0.9183158936819595	0.8435323915102632	3955641	3632528	4306329	0.558	0.7284595300261096	500	279	383
marmgCAMI2_short_read_pooled_gold_standard_assembly	378	Otu1267.0	0.7486988421441253	0.8430371815583901	4309431	3226466	3827193	0.6020408163265306	0.6555555555555556	882	531	810
marmgCAMI2_short_read_pooled_gold_standard_assembly	468	Otu806.0	0.9784124211658756	0.8420888282633482	4197738	4107119	4877299	0.9334657398212513	0.6355645706558486	1007	940	1479
marmgCAMI2_short_read_pooled_gold_standard_assembly	318	Otu794.0	0.9891943168396937	0.8420667302262973	2766137	2736247	3249442	0.9460431654676259	0.7429378531073446	278	263	354
marmgCAMI2_short_read_pooled_gold_standard_assembly	177	Otu677	0.9443043438434229	0.8397842233649816	4323084	4082307	4861138	0.8235981308411215	0.6601123595505618	856	705	1068
marmgCAMI2_short_read_pooled_gold_standard_assembly	197	Otu2128	0.4247505768609806	0.8366583157639393	3394232	1441702	1723167	0.20802919708029197	0.6826347305389222	1096	228	334
marmgCAMI2_short_read_pooled_gold_standard_assembly	118	Otu2479	0.9328890563425344	0.8338021804772907	2709871	2528009	3031905	0.7826961770623743	0.7034358047016275	497	389	553
marmgCAMI2_short_read_pooled_gold_standard_assembly	315	Otu1316	0.8472919442205452	0.8239044346493435	1915544	1623025	1969919	0.6204081632653061	0.6440677966101694	490	304	472
marmgCAMI2_short_read_pooled_gold_standard_assembly	319	Otu1723	0.9216399793755332	0.8224742722416141	2393274	2205737	2681831	0.7956081081081081	0.655076495132128	592	471	719
marmgCAMI2_short_read_pooled_gold_standard_assembly	444	Otu1168.0	0.9499067387312453	0.8219885032272392	3039311	2887062	3512290	0.8676258992805755	0.6248704663212435	695	603	965
marmgCAMI2_short_read_pooled_gold_standard_assembly	284	Otu1462.0	0.924503991120537	0.8203712287507032	2867741	2651238	3231754	0.8549511854951185	0.609950248756219	717	613	1005
marmgCAMI2_short_read_pooled_gold_standard_assembly	397	Otu851.0	0.993516859964249	0.8188880718790273	2710415	2692843	3288414	0.9776357827476039	0.6017699115044248	626	612	1017
marmgCAMI2_short_read_pooled_gold_standard_assembly	405	Otu1257	0.7736332359927568	0.8146110092022957	3244964	2510412	3081731	0.5796545105566219	0.6285119667013528	1042	604	961
marmgCAMI2_short_read_pooled_gold_standard_assembly	433	Otu1123	0.9788884039892541	0.8112285691453067	4044365	3958982	4880230	0.8913043478260869	0.6767537826685007	552	492	727
marmgCAMI2_short_read_pooled_gold_standard_assembly	148	Otu1332.0	0.9736965581212698	0.8006364534976131	2953910	2876212	3592407	0.9216867469879518	0.6322314049586777	498	459	726
marmgCAMI2_short_read_pooled_gold_standard_assembly	424	Otu594	0.9770213659217837	0.7983643447039952	2086547	2038601	2553472	0.9227166276346604	0.5854383358098069	427	394	673
marmgCAMI2_short_read_pooled_gold_standard_assembly	309	Otu1420.0	0.8416254330113944	0.7924154775873494	4955701	4170844	5263456	0.6120906801007556	0.6468500443655724	1191	729	1127
marmgCAMI2_short_read_pooled_gold_standard_assembly	472	Otu2433.0	0.9726241798945809	0.7886369702496021	3429742	3335850	4229893	0.95578231292517	0.5259709873654657	1176	1124	2137
marmgCAMI2_short_read_pooled_gold_standard_assembly	176	Otu2117	0.9908818164821374	0.7824332283778052	3086141	3058001	3908322	0.9686609686609686	0.5918189730200174	702	680	1149
marmgCAMI2_short_read_pooled_gold_standard_assembly	234	Otu501	0.3000335779832413	0.7817123279939494	4616120	1384991	1771740	0.09725906277630415	0.6214689265536724	1131	110	177
marmgCAMI2_short_read_pooled_gold_standard_assembly	310	Otu1446.0	0.8895319508444196	0.7761186908076161	5302755	4716970	6077640	0.7279860505666957	0.583508036338225	1147	835	1431
marmgCAMI2_short_read_pooled_gold_standard_assembly	287	Otu805	0.9748969121008638	0.7719117133074936	4696235	4578345	5931177	0.9081419624217119	0.600828729281768	958	870	1448
marmgCAMI2_short_read_pooled_gold_standard_assembly	92	Otu2403	0.9883576043780933	0.7704099904574313	1375576	1359561	1764724	0.9606741573033708	0.5525040387722132	356	342	619
marmgCAMI2_short_read_pooled_gold_standard_assembly	502	Otu638.0	0.9992486798128581	0.7648702827017811	2789756	2787660	3644618	0.9912663755458515	0.58656330749354	229	227	387
marmgCAMI2_short_read_pooled_gold_standard_assembly	117	Otu1428.0	0.9817026524822734	0.7643264184352128	3617027	3550845	4645718	0.7028985507246377	0.6783216783216783	138	97	143
marmgCAMI2_short_read_pooled_gold_standard_assembly	314	Otu279	0.8894034755413784	0.7635989167478907	1153029	1025508	1342993	0.12244897959183673	0.75	49	6	8
marmgCAMI2_short_read_pooled_gold_standard_assembly	503	Otu881.0	0.993831042382092	0.7590428731559826	1152869	1145757	1509476	0.9871134020618557	0.5093085106382979	388	383	752
marmgCAMI2_short_read_pooled_gold_standard_assembly	387	Otu909	0.8453978168930001	0.7569061589455672	2546096	2152464	2843766	0.6204379562043796	0.575880758807588	685	425	738
marmgCAMI2_short_read_pooled_gold_standard_assembly	172	Otu856.0	1.0	0.7519898286129175	2284791	2284791	3038327	1.0	0.5683673469387756	557	557	980
marmgCAMI2_short_read_pooled_gold_standard_assembly	276	Otu2189	0.5315931506578024	0.7487275763980721	2474223	1315280	1756687	0.2149321266968326	0.6418918918918919	884	190	296
marmgCAMI2_short_read_pooled_gold_standard_assembly	514	Otu631.0	0.9949212987023707	0.7451311126354846	3149821	3133824	4205735	0.9830097087378641	0.5421686746987951	824	810	1494
marmgCAMI2_short_read_pooled_gold_standard_assembly	289	Otu618.0	0.9872872049496073	0.7384967912395697	3751732	3704037	5015644	0.9612903225806452	0.5366146458583433	930	894	1666
marmgCAMI2_short_read_pooled_gold_standard_assembly	290	Otu2468.0	0.9765270709765728	0.7346572198167877	3483417	3401651	4630256	0.915929203539823	0.5814606741573034	678	621	1068
marmgCAMI2_short_read_pooled_gold_standard_assembly	199	Otu895.0	0.936606395699367	0.7337581074792118	2479635	2322442	3165133	0.8575031525851198	0.5044510385756676	793	680	1348
marmgCAMI2_short_read_pooled_gold_standard_assembly	108	Otu163	1.0	0.730614823311896	5276246	5276246	7221652	1.0	0.6176470588235294	21	21	34
marmgCAMI2_short_read_pooled_gold_standard_assembly	169	Otu1016.0	0.9832842126794669	0.7248202761380388	2776836	2730419	3767029	0.9579545454545455	0.49471830985915494	880	843	1704
marmgCAMI2_short_read_pooled_gold_standard_assembly	351	Otu903	0.8485431882242406	0.7135044396677312	3991250	3386748	4746639	0.7068273092369478	0.4767494356659142	1494	1056	2215
marmgCAMI2_short_read_pooled_gold_standard_assembly	482	Otu2174	0.9756433612391209	0.7093386671972453	2002452	1953679	2754226	0.9525065963060686	0.48262032085561496	758	722	1496
marmgCAMI2_short_read_pooled_gold_standard_assembly	525	Otu2482.0	0.9867205448890793	0.7082738551014824	2030505	2003541	2828766	0.9748743718592965	0.44368210405946257	796	776	1749
marmgCAMI2_short_read_pooled_gold_standard_assembly	81	Otu1381	0.9829826004974752	0.704435267521888	1483893	1458641	2070653	0.905940594059406	0.5772870662460567	202	183	317
marmgCAMI2_short_read_pooled_gold_standard_assembly	153	Otu1664	0.9381541489845808	0.7044201217558475	2929283	2748119	3901250	0.35051546391752575	0.6415094339622641	194	68	106
marmgCAMI2_short_read_pooled_gold_standard_assembly	469	Otu2027	0.9678108750213984	0.7006443414311245	2208106	2137029	3050091	0.9501039501039501	0.42256125751271384	962	914	2163
marmgCAMI2_short_read_pooled_gold_standard_assembly	375	Otu511	0.620688270142421	0.6994492282147786	1966844	1220797	1745369	0.20342612419700215	0.6209150326797386	467	95	153
marmgCAMI2_short_read_pooled_gold_standard_assembly	278	Otu689.0	0.9152353025326484	0.6919210148213395	3481178	3186097	4604712	0.7274826789838337	0.6200787401574803	433	315	508
marmgCAMI2_short_read_pooled_gold_standard_assembly	453	Otu799.0	0.9323597421297477	0.6902714230703458	2407102	2244285	3251308	0.8796400449943758	0.44507683551508254	889	782	1757
marmgCAMI2_short_read_pooled_gold_standard_assembly	394	Otu1541	0.7223241282867019	0.6885908519953398	3601901	2601740	3778354	0.4870259481037924	0.5174973488865323	1002	488	943
marmgCAMI2_short_read_pooled_gold_standard_assembly	106	Otu1279	0.6216363545804933	0.6854633619186176	8693507	5404200	7884010	0.7788649706457925	0.5949177877428998	1022	796	1338
marmgCAMI2_short_read_pooled_gold_standard_assembly	170	Otu1918	0.6145504125877981	0.682973162031137	2648406	1627579	2383079	0.4191114836546521	0.44802867383512546	1193	500	1116
marmgCAMI2_short_read_pooled_gold_standard_assembly	193	Otu1468.0	0.9025403538030854	0.6783392632687383	3022020	2727495	4020842	0.8560606060606061	0.41748768472906406	1188	1017	2436
marmgCAMI2_short_read_pooled_gold_standard_assembly	185	Otu2044	0.9318837367563416	0.677783636847659	1281368	1194086	1761751	0.7894736842105263	0.5161290322580645	304	240	465
marmgCAMI2_short_read_pooled_gold_standard_assembly	410	Otu1129	0.9926084064719827	0.6698889475337633	3411443	3386227	5054908	0.7530864197530864	0.7625	81	61	80
marmgCAMI2_short_read_pooled_gold_standard_assembly	277	Otu1398	0.8830284638825879	0.6690813250826121	1252886	1106334	1653512	0.8024691358024691	0.46153846153846156	486	390	845
marmgCAMI2_short_read_pooled_gold_standard_assembly	499	Otu927	0.9779287503424781	0.6670487535022881	3799513	3715653	5570287	0.9660356347438753	0.374003017891787	1796	1735	4639
marmgCAMI2_short_read_pooled_gold_standard_assembly	486	Otu643.0	0.7704520044244934	0.6662586267872969	2682341	2066615	3101821	0.6981549815498155	0.39631336405529954	1355	946	2387
marmgCAMI2_short_read_pooled_gold_standard_assembly	415	Otu1221	0.8872149730354028	0.6643842879968327	1906574	1691541	2546028	0.751578947368421	0.5288888888888889	475	357	675
marmgCAMI2_short_read_pooled_gold_standard_assembly	362	Otu1569	0.7085770954765074	0.6609061489925123	2410991	1708373	2584895	0.54323499491353	0.4162120031176929	983	534	1283
marmgCAMI2_short_read_pooled_gold_standard_assembly	481	Otu1505.0	0.9856831387110466	0.6588733208321883	3969655	3912822	5938656	0.9769038701622972	0.41934619506966775	1602	1565	3732
marmgCAMI2_short_read_pooled_gold_standard_assembly	269	Otu1545	0.9343967986212218	0.6560319538973882	2130582	1990809	3034622	0.8930602957906713	0.4003059663437022	879	785	1961
marmgCAMI2_short_read_pooled_gold_standard_assembly	143	Otu1546	0.8650706975483718	0.6555965077449959	2590401	2240880	3418078	0.8169375534644996	0.38032656312226204	1169	955	2511
marmgCAMI2_short_read_pooled_gold_standard_assembly	198	Otu2115	0.7837333568083712	0.6489931351073955	2567266	2012052	3100267	0.7338331771321462	0.40802501302761857	1067	783	1919
marmgCAMI2_short_read_pooled_gold_standard_assembly	422	Otu1834.0	0.5328714413341012	0.6481962796213806	4535548	2416864	3728599	0.453416149068323	0.4309963099630996	1288	584	1355
marmgCAMI2_short_read_pooled_gold_standard_assembly	458	Otu1914.0	0.9757212926906523	0.639671550270103	2576208	2513661	3929612	0.930116472545757	0.45263157894736844	601	559	1235
marmgCAMI2_short_read_pooled_gold_standard_assembly	226	Otu873.0	0.9349635181461688	0.6380630267510236	2311149	2160840	3386562	0.89086859688196	0.3992015968063872	898	800	2004
marmgCAMI2_short_read_pooled_gold_standard_assembly	229	Otu873.1	0.8733225954509911	0.6362839481402216	2353040	2054963	3229632	0.8012752391073327	0.4073473797947056	941	754	1851
marmgCAMI2_short_read_pooled_gold_standard_assembly	298	Otu2438	0.9970209576060549	0.6315467153569003	1284641	1280814	2028059	0.9842931937172775	0.5371428571428571	191	188	350
marmgCAMI2_short_read_pooled_gold_standard_assembly	301	Otu570.0	0.9043336021241156	0.6279697880562018	3042019	2751000	4380784	0.6476683937823834	0.5380200860832137	579	375	697
marmgCAMI2_short_read_pooled_gold_standard_assembly	286	Otu783	0.9989277673235633	0.6266007158349336	3083286	3079980	4915379	0.9910714285714286	0.496274217585693	336	333	671
marmgCAMI2_short_read_pooled_gold_standard_assembly	265	Otu941	0.9790400022923426	0.6230650997153484	3280487	3211728	5154723	0.962800875273523	0.3609515996718622	1371	1320	3657
marmgCAMI2_short_read_pooled_gold_standard_assembly	249	Otu1004	0.1893476625423928	0.6204917028558535	3717907	703977	1134547	0.10049627791563276	0.4251968503937008	1612	162	381
marmgCAMI2_short_read_pooled_gold_standard_assembly	144	Otu1548.0	0.9923993907351614	0.6197396400273397	1973526	1958526	3160240	0.9847856154910097	0.4108482400461627	723	712	1733
marmgCAMI2_short_read_pooled_gold_standard_assembly	431	Otu2268	0.9221463726787034	0.6181508697936534	2794128	2576595	4168230	0.8470948012232415	0.4196969696969697	981	831	1980
marmgCAMI2_short_read_pooled_gold_standard_assembly	266	Otu1719	0.7810424081655574	0.6134211995340947	1869805	1460397	2380741	0.559016393442623	0.43661971830985913	610	341	781
marmgCAMI2_short_read_pooled_gold_standard_assembly	385	Otu61.1	0.9957697722115023	0.6052589212657393	3296040	3282097	5422633	0.9935400516795866	0.35340073529411764	1548	1538	4352
marmgCAMI2_short_read_pooled_gold_standard_assembly	417	Otu751.0	0.8875573830966974	0.6037428408504689	2477646	2199053	3642367	0.8323108384458078	0.3510133678309616	978	814	2319
marmgCAMI2_short_read_pooled_gold_standard_assembly	275	Otu2206	0.7670053139833233	0.6033591433113434	3613297	2771418	4593314	0.6764705882352942	0.37260677466863035	1496	1012	2716
marmgCAMI2_short_read_pooled_gold_standard_assembly	272	Otu1133	0.971773889480987	0.5960425737262108	3182656	3092822	5188928	0.9402173913043478	0.3912256897331524	920	865	2211
marmgCAMI2_short_read_pooled_gold_standard_assembly	355	Otu205.0	0.8944260313633072	0.5949872372419946	4514001	4037440	6785759	0.8238372093023256	0.3712339533665182	1720	1417	3817
marmgCAMI2_short_read_pooled_gold_standard_assembly	459	Otu1832	0.9681716806962879	0.5923754947818526	993612	961987	1623948	0.9497098646034816	0.33220568335588635	517	491	1478
marmgCAMI2_short_read_pooled_gold_standard_assembly	218	Otu2362.0	0.6924938400855797	0.5897662235885656	3155888	2185433	3705592	0.5369822485207101	0.4033333333333333	1352	726	1800
marmgCAMI2_short_read_pooled_gold_standard_assembly	261	Otu1237.0	0.9400703956050132	0.5883678072255831	2099847	1974004	3355051	0.9086345381526104	0.33162330524001465	996	905	2729
marmgCAMI2_short_read_pooled_gold_standard_assembly	425	Otu664.0	0.9151303759178444	0.5883568562977959	2576281	2357633	4007148	0.8632395732298739	0.3634136382196815	1031	890	2449
marmgCAMI2_short_read_pooled_gold_standard_assembly	214	Otu1187	0.9291204022493832	0.5851377840015358	3903648	3626959	6198470	0.6721698113207547	0.5449330783938815	424	285	523
marmgCAMI2_short_read_pooled_gold_standard_assembly	161	Otu1950	1.0	0.5751532067844511	3798302	3798302	6603983	1.0	0.31863186318631864	1770	1770	5555
marmgCAMI2_short_read_pooled_gold_standard_assembly	349	Otu2107	0.5192014372499157	0.5733336802708363	3140442	1630522	2843932	0.4678466076696165	0.3219650832318311	1695	793	2463
marmgCAMI2_short_read_pooled_gold_standard_assembly	484	Otu2352	0.9947390354310308	0.5719974895874936	907058	902286	1577430	0.9921722113502935	0.2913793103448276	511	507	1740
marmgCAMI2_short_read_pooled_gold_standard_assembly	447	Otu1900	0.9083790308052603	0.56774712208831	1387750	1260603	2220360	0.8764204545454546	0.315439672801636	704	617	1956
marmgCAMI2_short_read_pooled_gold_standard_assembly	399	Otu297.0	0.9294890280399399	0.5654285075043047	3311669	3078160	5443942	0.5605095541401274	0.5285285285285285	314	176	333
marmgCAMI2_short_read_pooled_gold_standard_assembly	478	Otu472.1	0.9948254288658613	0.5636946713322722	2636547	2622904	4653058	0.9901380670611439	0.3610212153901474	1014	1004	2781
marmgCAMI2_short_read_pooled_gold_standard_assembly	336	Otu1080	0.5858087171491579	0.5623409943686994	1779825	1042637	1854101	0.15571776155717762	0.44755244755244755	411	64	143
marmgCAMI2_short_read_pooled_gold_standard_assembly	400	Otu1580	0.36418861438133515	0.5533499901445396	2805873	1021867	1846692	0.3017312448474856	0.32943294329432943	1213	366	1111
marmgCAMI2_short_read_pooled_gold_standard_assembly	443	Otu985.0	0.9870533982743163	0.5533285599268216	1258168	1241879	2244379	0.9818456883509834	0.30671077504725897	661	649	2116
marmgCAMI2_short_read_pooled_gold_standard_assembly	382	Otu1786	0.5542948196720523	0.5472162744078997	3324249	1842614	3367250	0.471563981042654	0.34429065743944637	1266	597	1734
marmgCAMI2_short_read_pooled_gold_standard_assembly	513	Otu1358	0.9997402505573487	0.5383849943061831	4808480	4807231	8928984	0.9985590778097982	0.45532194480946125	694	693	1522
marmgCAMI2_short_read_pooled_gold_standard_assembly	391	Otu960.0	0.7867479036663197	0.5246823399335759	2815630	2215191	4221966	0.6413301662707839	0.34593209481101855	842	540	1561
marmgCAMI2_short_read_pooled_gold_standard_assembly	75	Otu1193	0.8134406480067272	0.5229225412711651	874065	711000	1359666	0.7754318618042226	0.2552116234996841	521	404	1583
marmgCAMI2_short_read_pooled_gold_standard_assembly	379	Otu340	0.5183705343381471	0.5202077637409258	1703135	882855	1697120	0.38	0.3573667711598746	600	228	638
marmgCAMI2_short_read_pooled_gold_standard_assembly	455	Otu1472	1.0	0.5047072081983948	1169771	1169771	2317722	1.0	0.3234700739744452	481	481	1487
marmgCAMI2_short_read_pooled_gold_standard_assembly	59	Otu1445	0.9993709509530336	0.48970649215842754	1643751	1642717	3354493	0.9985693848354793	0.2957627118644068	699	698	2360
marmgCAMI2_short_read_pooled_gold_standard_assembly	262	Otu971.0	0.8980664837019319	0.4863119241731818	2728759	2450607	5039167	0.8804780876494024	0.2458742814759874	1506	1326	5393
marmgCAMI2_short_read_pooled_gold_standard_assembly	166	Otu1632	0.633552743503877	0.482304609850218	1786912	1132103	2347278	0.5658362989323843	0.2749279538904899	843	477	1735
marmgCAMI2_short_read_pooled_gold_standard_assembly	171	Otu696	0.7548012796139015	0.47316615372924503	2474809	1867989	3947850	0.4024390243902439	0.4018264840182648	656	264	657
marmgCAMI2_short_read_pooled_gold_standard_assembly	50	Otu2297	0.996014882879707	0.47039034213242015	1043884	1039724	2210343	0.998371335504886	0.20978781656399725	614	613	2922
marmgCAMI2_short_read_pooled_gold_standard_assembly	402	Otu1242	0.9143183068590782	0.46258767956823	1386819	1267994	2741089	0.8707482993197279	0.2505873140172279	735	640	2554
marmgCAMI2_short_read_pooled_gold_standard_assembly	500	Otu2052	0.9853289437631992	0.46028127834315863	2372290	2337486	5078386	0.9763851044504995	0.25443786982248523	1101	1075	4225
marmgCAMI2_short_read_pooled_gold_standard_assembly	296	Otu1028	0.4601097599526929	0.4551418506075617	6845484	3149674	6920203	0.38000826104915325	0.3206692227256884	2421	920	2869
marmgCAMI2_short_read_pooled_gold_standard_assembly	413	Otu775.0	0.8513241872744813	0.45251540269413987	2330184	1983742	4383811	0.8384831460674157	0.21463239259392414	1424	1194	5563
marmgCAMI2_short_read_pooled_gold_standard_assembly	461	Otu1525.0	0.9905751197500777	0.4523638586822255	1534237	1519777	3359634	0.9858267716535433	0.28781609195402297	635	626	2175
marmgCAMI2_short_read_pooled_gold_standard_assembly	210	Otu1038	0.49527924625514513	0.44817907725905676	1929247	955516	2131996	0.4828828828828829	0.21762078765732845	1110	536	2463
marmgCAMI2_short_read_pooled_gold_standard_assembly	473	Otu1483.1	0.9805359549670974	0.44717098511716447	2573052	2522970	5642070	0.9691714836223507	0.2897465437788018	1038	1006	3472
marmgCAMI2_short_read_pooled_gold_standard_assembly	180	Otu696	0.7415673169258526	0.43601175323277225	2321177	1721309	3947850	0.38636363636363635	0.3881278538812785	660	255	657
marmgCAMI2_short_read_pooled_gold_standard_assembly	357	Otu750	0.6035895703956936	0.42948760564761784	1305783	788157	1835110	0.5140961857379768	0.25430680885972107	603	310	1219
marmgCAMI2_short_read_pooled_gold_standard_assembly	508	Otu1358	0.9978870470260716	0.4277371311226451	3827345	3819258	8928984	0.9878260869565217	0.3731931668856767	575	568	1522
marmgCAMI2_short_read_pooled_gold_standard_assembly	167	Otu812	0.9281447924021972	0.41752816975675444	1774513	1647005	3944656	0.873015873015873	0.25954525954525953	693	605	2331
marmgCAMI2_short_read_pooled_gold_standard_assembly	130	Otu1153	0.9636731174086242	0.41711422276355437	572854	552044	1323484	0.9333333333333333	0.2892561983471074	150	140	484
marmgCAMI2_short_read_pooled_gold_standard_assembly	367	Otu1015	0.38737293230718317	0.4122888662928762	2671214	1034756	2509784	0.5669371196754563	0.21368501529051986	986	559	2616
marmgCAMI2_short_read_pooled_gold_standard_assembly	381	Otu1139	0.4176228908909234	0.41186735600816193	1969552	822530	1997075	0.1968365553602812	0.3010752688172043	569	112	372
marmgCAMI2_short_read_pooled_gold_standard_assembly	338	Otu1986.0	0.5862204253263901	0.39699439497246014	2790986	1636133	4121300	0.5651387213510254	0.1931958762886598	1658	937	4850
marmgCAMI2_short_read_pooled_gold_standard_assembly	421	Otu865	0.9423172761020819	0.39537615478759	2225311	2096949	5303681	0.9342208300704777	0.20572512502155543	1277	1193	5799
marmgCAMI2_short_read_pooled_gold_standard_assembly	526	Otu1929	0.9416891269903082	0.3942840830605206	783233	737562	1870636	0.9221698113207547	0.23149792776791	424	391	1689
marmgCAMI2_short_read_pooled_gold_standard_assembly	160	Otu2411	0.9431876770041803	0.3846135968081682	1526447	1439726	3743305	0.9231664726426076	0.19790366857998504	859	793	4007
marmgCAMI2_short_read_pooled_gold_standard_assembly	389	Otu340	0.7005573395579973	0.38409953332704816	930492	651863	1697120	0.565597667638484	0.30407523510971785	343	194	638
marmgCAMI2_short_read_pooled_gold_standard_assembly	151	Otu974	0.45398843952315376	0.3840066874530416	1599761	726273	1891303	0.3333333333333333	0.2651162790697674	513	171	645
marmgCAMI2_short_read_pooled_gold_standard_assembly	339	Otu972	0.795770207026344	0.37649537270113415	1324131	1053704	2798717	0.5597667638483965	0.23132530120481928	343	192	830
marmgCAMI2_short_read_pooled_gold_standard_assembly	175	Otu352.0	0.9813273004061329	0.35760164165605873	1890514	1855213	5187932	0.6935483870967742	0.3944954128440367	62	43	109
marmgCAMI2_short_read_pooled_gold_standard_assembly	441	Otu1233.0	0.9213172623609466	0.35318679166332806	1334829	1229801	3482013	0.9222357229647631	0.16231822070145424	823	759	4676
marmgCAMI2_short_read_pooled_gold_standard_assembly	241	Otu839	0.6445664015723863	0.3489113878556922	2277303	1467873	4207008	0.4519119351100811	0.20733652312599682	863	390	1881
marmgCAMI2_short_read_pooled_gold_standard_assembly	302	Otu2438	0.9961074251267681	0.3360158654161442	684123	681460	2028059	0.9791666666666666	0.26857142857142857	96	94	350
marmgCAMI2_short_read_pooled_gold_standard_assembly	359	Otu1847	0.2343670188585411	0.33208125714485176	2597921	608867	1833488	0.1986404833836858	0.17533333333333334	1324	263	1500
marmgCAMI2_short_read_pooled_gold_standard_assembly	154	Otu610	0.9948585179162969	0.3306489194836006	1286594	1279979	3871112	0.9939246658566221	0.14918840051066934	823	818	5483
marmgCAMI2_short_read_pooled_gold_standard_assembly	497	Otu1784	0.9945967230328353	0.33041971064837944	365704	363728	1100806	0.995475113122172	0.14221073044602456	221	220	1547
marmgCAMI2_short_read_pooled_gold_standard_assembly	344	Otu770	0.699369660554408	0.3282676531694751	1224261	856211	2608271	0.7743785850860421	0.19239904988123516	523	405	2105
marmgCAMI2_short_read_pooled_gold_standard_assembly	445	Otu837.0	0.9934825000829155	0.3205411238063333	1477407	1467778	4579063	0.9898550724637681	0.1797841537246644	690	683	3799
marmgCAMI2_short_read_pooled_gold_standard_assembly	454	Otu2415.1	0.9472390573501417	0.3171427245908931	909309	861333	2715916	0.9363207547169812	0.15956591639871381	424	397	2488
marmgCAMI2_short_read_pooled_gold_standard_assembly	430	Otu1525.0	0.90207360403278	0.31489799186459	1172789	1057942	3359634	0.8400770712909441	0.20045977011494254	519	436	2175
marmgCAMI2_short_read_pooled_gold_standard_assembly	493	Otu961	0.9865150334116476	0.31454743127048523	2186064	2156585	6856152	0.9855305466237942	0.15018988117113807	1244	1226	8163
marmgCAMI2_short_read_pooled_gold_standard_assembly	456	Otu2066	0.41715440425561334	0.3092058673525414	1518747	633552	2048965	0.33783783783783783	0.19167579408543264	518	175	913
marmgCAMI2_short_read_pooled_gold_standard_assembly	524	Otu1929	0.677721085436964	0.308236877725009	850791	576599	1870636	0.6096033402922756	0.1728833629366489	479	292	1689
marmgCAMI2_short_read_pooled_gold_standard_assembly	516	Otu626.0	0.4118980083504758	0.3073795522962839	2817564	1160549	3775622	0.2622415669205658	0.26748057713651496	919	241	901
marmgCAMI2_short_read_pooled_gold_standard_assembly	61	Otu1445	0.9940839503580639	0.30485709762995483	1028727	1022641	3354493	0.9891540130151844	0.19322033898305085	461	456	2360
marmgCAMI2_short_read_pooled_gold_standard_assembly	353	Otu1108.1	0.31263490035913993	0.2998079384905722	1233781	385723	1286567	0.16666666666666666	0.1956521739130435	432	72	368
marmgCAMI2_short_read_pooled_gold_standard_assembly	451	Otu837.0	0.9875184778546237	0.29601186967726806	1372589	1355457	4579063	0.9821428571428571	0.17372992892866543	672	660	3799
marmgCAMI2_short_read_pooled_gold_standard_assembly	470	Otu2099	0.9824779249448123	0.29528046715994904	790032	776189	2628650	0.9734513274336283	0.14920311970159375	452	440	2949
marmgCAMI2_short_read_pooled_gold_standard_assembly	360	Otu1080	0.3292885896348178	0.29515544190958315	1661910	547248	1854101	0.0657672849915683	0.2727272727272727	593	39	143
marmgCAMI2_short_read_pooled_gold_standard_assembly	442	Otu282.0	0.9291394227140809	0.29033969763919304	1457510	1354230	4664295	0.9497568881685575	0.19750589821368386	617	586	2967
marmgCAMI2_short_read_pooled_gold_standard_assembly	212	Otu928.0	0.9052882016462144	0.2890001381230567	963787	872505	3019047	0.1875	0.5	16	3	6
marmgCAMI2_short_read_pooled_gold_standard_assembly	158	Otu1664	0.4811161905904431	0.2878385132970202	2334010	1122930	3901250	0.04400606980273141	0.27358490566037735	659	29	106
marmgCAMI2_short_read_pooled_gold_standard_assembly	485	Otu1414.0	0.9824480379459984	0.2876770408758342	928899	912595	3172290	0.9797979797979798	0.15544871794871795	495	485	3120
marmgCAMI2_short_read_pooled_gold_standard_assembly	414	Otu1483.1	0.7536128109231393	0.2859636622728892	2140923	1613427	5642070	0.7080045095828635	0.18087557603686635	887	628	3472
marmgCAMI2_short_read_pooled_gold_standard_assembly	19	Otu1734	0.416497685062975	0.2823224884525032	2178245	907234	3213467	0.8194174757281554	0.1552041191614564	515	422	2719
marmgCAMI2_short_read_pooled_gold_standard_assembly	449	Otu704	0.49643839569408155	0.27890973448832274	956451	474819	1702411	0.22727272727272727	0.26905829596412556	264	60	223
marmgCAMI2_short_read_pooled_gold_standard_assembly	347	Otu2121	0.40448749097252257	0.27170571442175717	1946834	787470	2898246	0.5028248587570622	0.14674361088211046	708	356	2426
marmgCAMI2_short_read_pooled_gold_standard_assembly	273	Otu1227	0.9093016331437432	0.2712046619992926	984053	894801	3299357	0.9694444444444444	0.1812987012987013	360	349	1925
marmgCAMI2_short_read_pooled_gold_standard_assembly	436	Otu1139	0.9888475905003459	0.2684320819198077	542125	536079	1997075	0.9305555555555556	0.18010752688172044	72	67	372
marmgCAMI2_short_read_pooled_gold_standard_assembly	109	Otu163	0.9814586960453019	0.2682945675033912	1974133	1937530	7221652	0.32	0.23529411764705882	25	8	34
marmgCAMI2_short_read_pooled_gold_standard_assembly	270	Otu750	0.23392035056088503	0.267388330944739	2097667	490687	1835110	0.2009950248756219	0.1657095980311731	1005	202	1219
marmgCAMI2_short_read_pooled_gold_standard_assembly	356	Otu1264	0.36981791642969064	0.26140153096061625	2210139	817349	3126795	0.34967555875991346	0.11887254901960784	1387	485	4080
marmgCAMI2_short_read_pooled_gold_standard_assembly	196	Otu797	0.7739378725305637	0.25673324050166624	1060819	821008	3197903	0.6512345679012346	0.15984848484848485	324	211	1320
marmgCAMI2_short_read_pooled_gold_standard_assembly	337	Otu767	0.679764144551279	0.256341601823049	634626	431396	1682895	0.44502617801047123	0.16765285996055226	191	85	507
marmgCAMI2_short_read_pooled_gold_standard_assembly	235	Otu774	0.6803003653409888	0.25322304062859835	1275247	867551	3426035	0.7131410256410257	0.12894813097652855	624	445	3451
marmgCAMI2_short_read_pooled_gold_standard_assembly	120	Otu2170	0.43280498276043017	0.25232563029081184	2467869	1068106	4233046	0.4772552043176561	0.11694691101454752	1297	619	5293
marmgCAMI2_short_read_pooled_gold_standard_assembly	91	Otu761	0.601612710521392	0.2431001933407876	1774404	1067504	4391210	0.3480565371024735	0.24231242312423124	566	197	813
marmgCAMI2_short_read_pooled_gold_standard_assembly	123	Otu726	0.9619272652867171	0.23860561097212651	1329324	1278713	5359107	0.9	0.23798076923076922	110	99	416
marmgCAMI2_short_read_pooled_gold_standard_assembly	517	Otu626.0	0.5023352515690059	0.23683806270860802	1780108	894211	3775622	0.33874709976798145	0.16204217536071033	431	146	901
marmgCAMI2_short_read_pooled_gold_standard_assembly	437	Otu1975.0	0.8763756606741069	0.2349698204101099	490219	429616	1828388	0.8689458689458689	0.09504518541601745	351	305	3209
marmgCAMI2_short_read_pooled_gold_standard_assembly	105	Otu1665	0.7314123986104579	0.23278422120233916	605955	443203	1903922	0.7846153846153846	0.11988716502115655	325	255	2127
marmgCAMI2_short_read_pooled_gold_standard_assembly	428	Otu2099	0.9024902552337931	0.23226751374279572	676517	610550	2628650	0.8717948717948718	0.11529331976941336	390	340	2949
marmgCAMI2_short_read_pooled_gold_standard_assembly	306	Otu1028	0.44026943041372774	0.2295288158454311	3607759	1588386	6920203	0.3710788064269319	0.16904844893691182	1307	485	2869
marmgCAMI2_short_read_pooled_gold_standard_assembly	101	Otu771	0.8631411936023724	0.22843646301494536	414091	357419	1564632	0.14285714285714285	0.1111111111111111	28	4	36
marmgCAMI2_short_read_pooled_gold_standard_assembly	18	Otu54	0.36369216204415605	0.22562294271906805	2150599	782156	3466651	0.16666666666666666	0.40703517587939697	486	81	199
marmgCAMI2_short_read_pooled_gold_standard_assembly	494	Otu1376	0.9810002009622546	0.2197548518220607	338372	331943	1510515	0.9781659388646288	0.09423643247791334	229	224	2377
marmgCAMI2_short_read_pooled_gold_standard_assembly	209	Otu783	0.6487446998702924	0.1944517401404856	1473313	955804	4915379	0.5708661417322834	0.21609538002980627	254	145	671
marmgCAMI2_short_read_pooled_gold_standard_assembly	340	Otu433	0.401419263139587	0.1941109109724622	868197	348511	1795422	0.31893687707641194	0.12834224598930483	301	96	748
marmgCAMI2_short_read_pooled_gold_standard_assembly	208	Otu797	0.6195762648798147	0.19005235618466226	980943	607769	3197903	0.4915254237288136	0.1318181818181818	354	174	1320
marmgCAMI2_short_read_pooled_gold_standard_assembly	463	Otu1853	0.47656934551704977	0.18665622884966912	982623	468288	2508826	0.35514018691588783	0.11644535240040858	321	114	979
marmgCAMI2_short_read_pooled_gold_standard_assembly	346	Otu972	0.5114481966205218	0.18131200832381408	992165	507441	2798717	0.31466666666666665	0.14216867469879518	375	118	830
marmgCAMI2_short_read_pooled_gold_standard_assembly	326	Otu2333	0.7941601123222938	0.17919589800069005	1055534	838263	4677914	0.6029055690072639	0.13547334058759522	413	249	1838
marmgCAMI2_short_read_pooled_gold_standard_assembly	239	Otu2156	0.11658933132766074	0.17789154576102573	2496918	291114	1636469	0.07013815090329437	0.17054263565891473	941	66	387
marmgCAMI2_short_read_pooled_gold_standard_assembly	215	Otu812	0.6235326792018292	0.17131303718245647	1083778	675771	3944656	0.6283185840707964	0.12183612183612183	452	284	2331
marmgCAMI2_short_read_pooled_gold_standard_assembly	373	Otu589	0.21468708104791803	0.16796486673485264	2728534	585781	3487521	0.20409511228533686	0.07862595419847328	1514	309	3930
marmgCAMI2_short_read_pooled_gold_standard_assembly	255	Otu1607	0.4158250161570582	0.1675522774407834	2584010	1074496	6412900	0.22259136212624583	0.18598195697432338	1204	268	1441
marmgCAMI2_short_read_pooled_gold_standard_assembly	253	Otu2362.0	0.5284189957376536	0.16303036060095122	1143267	604124	3705592	0.3684210526315789	0.12055555555555555	589	217	1800
marmgCAMI2_short_read_pooled_gold_standard_assembly	477	Otu1958.0	0.965448687758666	0.16259905224314855	239933	231643	1424627	0.9659090909090909	0.05737428282146473	176	170	2963
marmgCAMI2_short_read_pooled_gold_standard_assembly	128	Otu1153	0.9633504542230775	0.16113077302030096	221367	213254	1323484	0.8983050847457628	0.10950413223140495	59	53	484
marmgCAMI2_short_read_pooled_gold_standard_assembly	462	Otu429.0	0.5842278423128209	0.16017708786380622	988438	577473	3605216	0.4745222929936306	0.11825396825396825	314	149	1260
marmgCAMI2_short_read_pooled_gold_standard_assembly	281	Otu1191	0.752990480160098	0.15716488922237754	748542	563645	3586329	0.21568627450980393	0.1527777777777778	102	22	144
marmgCAMI2_short_read_pooled_gold_standard_assembly	245	Otu644	0.23201240693047767	0.15543182198820582	1140008	264496	1701685	0.2920353982300885	0.0831758034026465	452	132	1587
marmgCAMI2_short_read_pooled_gold_standard_assembly	321	Otu923	0.5284105769429139	0.1534772571626064	1502627	794004	5173431	0.3395176252319109	0.1632471008028546	539	183	1121
marmgCAMI2_short_read_pooled_gold_standard_assembly	133	Otu1062.0	0.4527713075152579	0.15330401733684687	868074	393039	2563788	0.5418326693227091	0.09018567639257294	251	136	1508
marmgCAMI2_short_read_pooled_gold_standard_assembly	300	Otu974	0.10688696564788583	0.14690031158413008	2599316	277833	1891303	0.06006006006006006	0.09302325581395349	999	60	645
marmgCAMI2_short_read_pooled_gold_standard_assembly	440	Otu774	0.8681575953328653	0.14655191788758726	578342	502092	3426035	0.8302469135802469	0.0779484207476094	324	269	3451
marmgCAMI2_short_read_pooled_gold_standard_assembly	313	Otu972	0.23437184792429475	0.14653607349367584	1749839	410113	2798717	0.13375	0.12891566265060242	800	107	830
marmgCAMI2_short_read_pooled_gold_standard_assembly	252	Otu644	0.20294843480627117	0.13981024690233504	1172283	237913	1701685	0.21955719557195572	0.07498424700693132	542	119	1587
marmgCAMI2_short_read_pooled_gold_standard_assembly	157	Otu174	0.9788174671721978	0.13546630360789652	204933	200592	1480752	0.5	0.07142857142857142	4	2	28
marmgCAMI2_short_read_pooled_gold_standard_assembly	393	Otu2066	0.28248861559267596	0.13048880776391983	946470	267367	2048965	0.1976470588235294	0.09200438116100766	425	84	913
marmgCAMI2_short_read_pooled_gold_standard_assembly	216	Otu1136.0	0.7878198024572393	0.12883157158255015	622650	490536	3807576	0.2916666666666667	0.2545454545454545	48	14	55
marmgCAMI2_short_read_pooled_gold_standard_assembly	418	Otu1224	0.4341295835184477	0.12812583855780255	967870	420181	3279440	0.41478129713423834	0.055578011317704124	663	275	4948
marmgCAMI2_short_read_pooled_gold_standard_assembly	121	Otu726	0.9482125296064934	0.12774161814645613	721970	684581	5359107	0.918918918918919	0.16346153846153846	74	68	416
marmgCAMI2_short_read_pooled_gold_standard_assembly	308	Otu1389.0	0.4726606981807581	0.12413252010917487	1756336	830151	6687619	0.4309210526315789	0.08698539176626827	608	262	3012
marmgCAMI2_short_read_pooled_gold_standard_assembly	98	Otu2403	0.9356329801335831	0.12399049369759804	233862	218809	1764724	0.8333333333333334	0.09693053311793215	72	60	619
marmgCAMI2_short_read_pooled_gold_standard_assembly	33	Otu87.0	0.40962588603553607	0.12272093358670877	1489359	610080	4971279	0.01694915254237288	0.5	59	1	2
marmgCAMI2_short_read_pooled_gold_standard_assembly	341	Otu767	0.44366639409806147	0.1167107870663351	442702	196412	1682895	0.2956989247311828	0.10848126232741617	186	55	507
marmgCAMI2_short_read_pooled_gold_standard_assembly	352	Otu770	0.40365442233374954	0.11477296645939014	741622	299359	2608271	0.42765273311897106	0.06318289786223277	311	133	2105
marmgCAMI2_short_read_pooled_gold_standard_assembly	390	Otu662	0.6417091941997503	0.11183367494926795	375639	241051	2155442	0.5369127516778524	0.07252946509519492	149	80	1103
marmgCAMI2_short_read_pooled_gold_standard_assembly	251	Otu644	0.4867134768069261	0.11153121758727379	389944	189791	1701685	0.4608695652173913	0.06679269061121614	230	106	1587
marmgCAMI2_short_read_pooled_gold_standard_assembly	207	Otu797	0.5090433938441358	0.11018751975904209	692218	352369	3197903	0.37050359712230213	0.07803030303030303	278	103	1320
marmgCAMI2_short_read_pooled_gold_standard_assembly	285	Otu2019	0.15209296243867218	0.10987506449885788	1934889	294283	2678342	0.02204928664072633	0.14912280701754385	771	17	114
marmgCAMI2_short_read_pooled_gold_standard_assembly	457	Otu2066	0.5562378789647114	0.10932446381465764	402709	224002	2048965	0.4207650273224044	0.08433734939759036	183	77	913
marmgCAMI2_short_read_pooled_gold_standard_assembly	376	Otu1069	0.6993832775584802	0.10804876602262442	239654	167610	1551244	0.7454545454545455	0.07180385288966724	110	82	1142
marmgCAMI2_short_read_pooled_gold_standard_assembly	509	Otu1414.0	0.8994547206928876	0.10737605956580262	378705	340628	3172290	0.896551724137931	0.058333333333333334	203	182	3120
marmgCAMI2_short_read_pooled_gold_standard_assembly	427	Otu1853	0.74493736862792	0.10425155032672652	351102	261549	2508826	0.7131147540983607	0.0888661899897855	122	87	979
marmgCAMI2_short_read_pooled_gold_standard_assembly	466	Otu2254	0.9721848771774828	0.1037235990846607	208268	202475	1952063	0.9754601226993865	0.03665283540802213	163	159	4338
marmgCAMI2_short_read_pooled_gold_standard_assembly	323	Otu1079.0	1.0	0.10002802594001967	415089	415089	4149727	1.0	0.15498154981549817	42	42	271
marmgCAMI2_short_read_pooled_gold_standard_assembly	282	Otu1062.0	0.08371622012804289	0.09982962709865247	3057257	255942	2563788	0.09202453987730061	0.08952254641909814	1467	135	1508
marmgCAMI2_short_read_pooled_gold_standard_assembly	79	Otu1737	0.821920159637811	0.09527398171672742	466055	383060	4020615	0.9076923076923077	0.03172384127325519	325	295	9299
marmgCAMI2_short_read_pooled_gold_standard_assembly	247	Otu681	0.3032428074859357	0.09366455649432225	576815	174915	1867462	0.03508771929824561	0.09302325581395349	228	8	86
marmgCAMI2_short_read_pooled_gold_standard_assembly	274	Otu2206	0.7380779119140216	0.09362455952281948	582658	430047	4593314	0.6392156862745098	0.06001472754050074	255	163	2716
marmgCAMI2_short_read_pooled_gold_standard_assembly	257	Otu1892	0.39496100942885554	0.0910841173434957	441517	174382	1914516	0.4405594405594406	0.032915360501567396	286	126	3828
marmgCAMI2_short_read_pooled_gold_standard_assembly	369	Otu1139	0.25572749580950865	0.08693614411076199	678918	173618	1997075	0.1404109589041096	0.11021505376344086	292	41	372
marmgCAMI2_short_read_pooled_gold_standard_assembly	432	Otu2415.1	0.7332841499135643	0.08636901877672211	319891	234571	2715916	0.7419354838709677	0.04622186495176849	155	115	2488
marmgCAMI2_short_read_pooled_gold_standard_assembly	129	Otu1153	0.837404900610551	0.08591112548394994	135779	113702	1323484	0.7441860465116279	0.06611570247933884	43	32	484
marmgCAMI2_short_read_pooled_gold_standard_assembly	348	Otu767	0.19399663211691015	0.08426907204549304	731023	141816	1682895	0.11280487804878049	0.07297830374753451	328	37	507
marmgCAMI2_short_read_pooled_gold_standard_assembly	299	Otu1191	0.9629669274583836	0.08277963343575004	308292	296875	3586329	0.5	0.041666666666666664	12	6	144
marmgCAMI2_short_read_pooled_gold_standard_assembly	232	Otu2468.0	0.20731463043256293	0.08024696690636543	1792271	371564	4630256	0.19946808510638298	0.0702247191011236	376	75	1068
marmgCAMI2_short_read_pooled_gold_standard_assembly	228	Otu812	0.3414665359454441	0.07981785990971076	922064	314854	3944656	0.30066815144766146	0.05791505791505792	449	135	2331
marmgCAMI2_short_read_pooled_gold_standard_assembly	294	Otu689.0	0.7965576824310796	0.07949053056955571	459516	366031	4604712	0.575	0.09055118110236221	80	46	508
marmgCAMI2_short_read_pooled_gold_standard_assembly	450	Otu612.0	0.40439119700963294	0.07891073665047094	718574	290585	3682452	0.33579335793357934	0.06831831831831832	271	91	1332
marmgCAMI2_short_read_pooled_gold_standard_assembly	411	Otu754	0.9057422053949177	0.07583834041519234	593744	537779	7091123	0.5824175824175825	0.07714701601164484	91	53	687
marmgCAMI2_short_read_pooled_gold_standard_assembly	242	Otu2362.0	0.27607058451873245	0.07499449480676772	1006623	277899	3705592	0.19683257918552036	0.04833333333333333	442	87	1800
marmgCAMI2_short_read_pooled_gold_standard_assembly	258	Otu820	0.23750104154129595	0.07223884900838148	540065	128266	1775582	0.17938931297709923	0.04315886134067952	262	47	1089
marmgCAMI2_short_read_pooled_gold_standard_assembly	233	Otu930	0.1397335072317066	0.0721647476476964	1643872	229704	3183050	0.12300319488817892	0.052667578659370724	626	77	1462
marmgCAMI2_short_read_pooled_gold_standard_assembly	327	Otu2439	0.4621412249534401	0.07177321074682712	908508	419859	5849801	0.5333333333333333	0.02593300640013299	585	312	12031
marmgCAMI2_short_read_pooled_gold_standard_assembly	345	Otu169.0	0.11704335483615584	0.06921622855346564	2829396	331162	4784456	0.09121621621621621	0.06533575317604355	1184	108	1653
marmgCAMI2_short_read_pooled_gold_standard_assembly	487	Otu612.0	0.5307176441738722	0.06758757480070345	468965	248888	3682452	0.48360655737704916	0.044294294294294295	122	59	1332
marmgCAMI2_short_read_pooled_gold_standard_assembly	155	Otu683.0	0.36035750969959257	0.06703509025490449	1027105	370125	5521362	0.011278195488721804	0.10344827586206896	266	3	29
marmgCAMI2_short_read_pooled_gold_standard_assembly	370	Otu1853	0.3908894204986873	0.06682288847452952	428886	167647	2508826	0.2550335570469799	0.03881511746680286	149	38	979
marmgCAMI2_short_read_pooled_gold_standard_assembly	220	Otu2117	0.8198464754791657	0.06572181104832202	313305	256862	3908322	0.7157894736842105	0.05918189730200174	95	68	1149
marmgCAMI2_short_read_pooled_gold_standard_assembly	149	Otu1332.0	0.392788364205845	0.06534866455833095	597673	234759	3592407	0.22527472527472528	0.05647382920110193	182	41	726
marmgCAMI2_short_read_pooled_gold_standard_assembly	267	Otu1995	0.23178406414522723	0.06533096672707266	499741	115832	1773003	0.20816326530612245	0.041598694942903754	245	51	1226
marmgCAMI2_short_read_pooled_gold_standard_assembly	396	Otu639	0.3822201687752246	0.06319651151086378	367945	140636	2225376	0.45121951219512196	0.027966742252456538	164	74	2646
marmgCAMI2_short_read_pooled_gold_standard_assembly	122	Otu2479	0.9204197976251338	0.06294326504293506	207338	190838	3031905	0.6774193548387096	0.0379746835443038	31	21	553
marmgCAMI2_short_read_pooled_gold_standard_assembly	331	Otu631.0	0.255698066446479	0.06201579509883528	1020039	260822	4205735	0.17249417249417248	0.049531459170013385	429	74	1494
marmgCAMI2_short_read_pooled_gold_standard_assembly	527	Otu612.0	0.5072867648374456	0.061593199313935386	447112	226814	3682452	0.4435483870967742	0.04129129129129129	124	55	1332
marmgCAMI2_short_read_pooled_gold_standard_assembly	179	Otu805	0.3580062434347768	0.061196959726543314	1013865	362970	5931177	0.22364217252396165	0.04834254143646409	313	70	1448
marmgCAMI2_short_read_pooled_gold_standard_assembly	388	Otu511	0.15839709399819132	0.059910540407214746	660151	104566	1745369	0.025974025974025976	0.05228758169934641	308	8	153
marmgCAMI2_short_read_pooled_gold_standard_assembly	383	Otu2407.0	0.9317226648857775	0.0594578578175511	347392	323673	5443738	0.8933333333333333	0.08862433862433862	75	67	756
marmgCAMI2_short_read_pooled_gold_standard_assembly	147	Otu1383	0.07920500062829791	0.059127400264311396	2888757	228804	3869678	0.09223300970873786	0.03616292348686715	1030	95	2627
marmgCAMI2_short_read_pooled_gold_standard_assembly	224	Otu1896	0.5233446187539108	0.05815700146052924	357984	187349	3221435	0.550561797752809	0.03576642335766423	178	98	2740
marmgCAMI2_short_read_pooled_gold_standard_assembly	246	Otu820	0.20376119860953543	0.056847839187376306	495374	100938	1775582	0.17695473251028807	0.03948576675849403	243	43	1089
marmgCAMI2_short_read_pooled_gold_standard_assembly	283	Otu1227	0.6963738842075029	0.05658254017373688	268083	186686	3299357	0.896551724137931	0.04051948051948052	87	78	1925
marmgCAMI2_short_read_pooled_gold_standard_assembly	426	Otu626.0	0.3549076523928177	0.054889763858776114	583935	207243	3775622	0.21397379912663755	0.05438401775804662	229	49	901
marmgCAMI2_short_read_pooled_gold_standard_assembly	181	Otu1620	0.11606090337884237	0.05434217769777861	1942618	225462	4148932	0.10736196319018405	0.03754022166607079	978	105	2797
marmgCAMI2_short_read_pooled_gold_standard_assembly	230	Otu1553	0.21443166297386712	0.05278322097127558	823675	176622	3346177	0.20604395604395603	0.03517823639774859	364	75	2132
marmgCAMI2_short_read_pooled_gold_standard_assembly	221	Otu1896	0.3976023058555355	0.05241297744638647	424658	168845	3221435	0.38095238095238093	0.026277372262773723	189	72	2740
marmgCAMI2_short_read_pooled_gold_standard_assembly	439	Otu1160	0.9556477675862103	0.05099878456460239	202673	193684	3797816	0.959349593495935	0.024593580658607752	123	118	4798
marmgCAMI2_short_read_pooled_gold_standard_assembly	297	Otu1028	0.49390036962723455	0.05026095332752522	704223	347816	6920203	0.3776223776223776	0.037643778319972114	286	108	2869
marmgCAMI2_short_read_pooled_gold_standard_assembly	237	Otu2268	0.23257379816227036	0.04856066004035286	870313	202412	4168230	0.2073170731707317	0.03434343434343434	328	68	1980
marmgCAMI2_short_read_pooled_gold_standard_assembly	254	Otu1227	0.9015572044633106	0.04853673003557966	177626	160140	3299357	0.9354838709677419	0.03012987012987013	62	58	1925
marmgCAMI2_short_read_pooled_gold_standard_assembly	268	Otu1227	0.6858656102654639	0.048276679365100536	232235	159282	3299357	0.921875	0.03064935064935065	64	59	1925
marmgCAMI2_short_read_pooled_gold_standard_assembly	377	Otu1974.0	0.31276967322644333	0.04736580313537234	614401	192166	4057062	0.3219895287958115	0.022282608695652174	382	123	5520
marmgCAMI2_short_read_pooled_gold_standard_assembly	304	Otu961	0.07649018490394931	0.04578865812776613	4104239	313934	6856152	0.09768130241736557	0.024255788313120176	2027	198	8163
marmgCAMI2_short_read_pooled_gold_standard_assembly	406	Otu911.0	0.34643245043662113	0.043657202757742694	345265	119611	2739777	0.30434782608695654	0.028455284552845527	138	42	1476
marmgCAMI2_short_read_pooled_gold_standard_assembly	138	Otu1548.1	0.635075990917773	0.043282658552034774	316222	200825	4639849	0.20930232558139536	0.036585365853658534	43	9	246
marmgCAMI2_short_read_pooled_gold_standard_assembly	132	Otu1062.0	0.6815249710225268	0.042198496911601116	158744	108188	2563788	0.6153846153846154	0.026525198938992044	65	40	1508
marmgCAMI2_short_read_pooled_gold_standard_assembly	333	Otu2052	0.14713601827166692	0.0420141359872999	1450114	213364	5078386	0.17889908256880735	0.027692307692307693	654	117	4225
marmgCAMI2_short_read_pooled_gold_standard_assembly	201	Otu1016.0	0.8952641905933985	0.040939424676581994	172262	154220	3767029	0.8076923076923077	0.03697183098591549	78	63	1704
marmgCAMI2_short_read_pooled_gold_standard_assembly	488	Otu626.0	0.46481263453709615	0.038375133951438996	311717	144890	3775622	0.2702702702702703	0.033296337402885685	111	30	901
marmgCAMI2_short_read_pooled_gold_standard_assembly	354	Otu2217	0.3114968048842607	0.03810120544695171	694967	216480	5681710	0.2761904761904762	0.026496116948378255	420	116	4378
marmgCAMI2_short_read_pooled_gold_standard_assembly	227	Otu435.1	1.0	0.03694187171638223	125111	125111	3386699	1.0	0.5	1	1	2
marmgCAMI2_short_read_pooled_gold_standard_assembly	244	Otu1534	0.2193286830874023	0.036527106689575956	280702	61566	1685488	0.20279720279720279	0.016164994425863992	143	29	1794
marmgCAMI2_short_read_pooled_gold_standard_assembly	409	Otu911.0	0.23630452645493194	0.03621316625404184	419865	99216	2739777	0.23756906077348067	0.029132791327913278	181	43	1476
marmgCAMI2_short_read_pooled_gold_standard_assembly	335	Otu1389.0	0.5337662598765556	0.03572885955375149	447651	238941	6687619	0.44155844155844154	0.02257636122177955	154	68	3012
marmgCAMI2_short_read_pooled_gold_standard_assembly	529	Otu612.0	0.4788834924685008	0.03537099736805802	271991	130252	3682452	0.41818181818181815	0.017267267267267267	55	23	1332
marmgCAMI2_short_read_pooled_gold_standard_assembly	329	Otu1263	0.21105869419460838	0.0345702742775211	827765	174707	5053677	0.20952380952380953	0.023848238482384824	420	88	3690
marmgCAMI2_short_read_pooled_gold_standard_assembly	259	Otu820	0.1834616723355663	0.03384073503786364	327518	60087	1775582	0.15306122448979592	0.027548209366391185	196	30	1089
marmgCAMI2_short_read_pooled_gold_standard_assembly	350	Otu2217	0.28620761981811915	0.03362280017811539	667470	191035	5681710	0.2474747474747475	0.022384650525354044	396	98	4378
marmgCAMI2_short_read_pooled_gold_standard_assembly	328	Otu1040	0.19797223590277044	0.03358825093544192	869036	172045	5122178	0.18372093023255814	0.027064063035286058	430	79	2919
marmgCAMI2_short_read_pooled_gold_standard_assembly	260	Otu644	0.18775661817868253	0.033268201811733664	301518	56612	1701685	0.21084337349397592	0.02205419029615627	166	35	1587
marmgCAMI2_short_read_pooled_gold_standard_assembly	243	Otu1016.0	0.23868879319818964	0.03171013549404584	500455	119453	3767029	0.19889502762430938	0.02112676056338028	181	36	1704
marmgCAMI2_short_read_pooled_gold_standard_assembly	168	Otu1016.0	0.978904165811615	0.031657574178483895	121825	119255	3767029	0.9523809523809523	0.023474178403755867	42	40	1704
marmgCAMI2_short_read_pooled_gold_standard_assembly	288	Otu923	0.10569867079579452	0.030150010698895956	1475695	155979	5173431	0.04342105263157895	0.029438001784121322	760	33	1121
marmgCAMI2_short_read_pooled_gold_standard_assembly	408	Otu970.0	0.24725602444828412	0.02958776461204459	325258	80422	2718083	0.24806201550387597	0.020671834625323	129	32	1548
marmgCAMI2_short_read_pooled_gold_standard_assembly	295	Otu820	0.19119967063435678	0.029555379588213894	274467	52478	1775582	0.1476510067114094	0.020202020202020204	149	22	1089
marmgCAMI2_short_read_pooled_gold_standard_assembly	219	Otu1237.0	0.7788250129332643	0.02871789430324606	123712	96350	3355051	0.7205882352941176	0.017955294979846097	68	49	2729
marmgCAMI2_short_read_pooled_gold_standard_assembly	528	Otu612.0	0.5057213727456352	0.028624134136711082	208429	105407	3682452	0.43283582089552236	0.02177177177177177	67	29	1332
marmgCAMI2_short_read_pooled_gold_standard_assembly	316	Otu1673	0.21665481962884922	0.02743958313461421	472692	102411	3732236	0.22468354430379747	0.010504512501849386	316	71	6759
marmgCAMI2_short_read_pooled_gold_standard_assembly	380	Otu169.0	0.08789289552386298	0.02676939656253501	1457194	128077	4784456	0.05124223602484472	0.019963702359346643	644	33	1653
marmgCAMI2_short_read_pooled_gold_standard_assembly	203	Otu2058	0.20042601987507397	0.025427482194925466	569457	114134	4488608	0.2896551724137931	0.008925725215173734	290	84	9411
marmgCAMI2_short_read_pooled_gold_standard_assembly	225	Otu1101.0	0.1668114388088872	0.02202115784651752	442074	73743	3348734	0.13068181818181818	0.011274509803921568	176	23	2040
marmgCAMI2_short_read_pooled_gold_standard_assembly	374	Otu961	0.19202301802316593	0.020830926735579958	743765	142820	6856152	0.22	0.009432806566213403	350	77	8163
marmgCAMI2_short_read_pooled_gold_standard_assembly	206	Otu930	0.11375854154074426	0.0189802233706665	531081	60415	3183050	0.09022556390977443	0.016415868673050615	266	24	1462
marmgCAMI2_short_read_pooled_gold_standard_assembly	213	Otu2014	0.4874175851829483	0.018829265384184155	238428	116214	6171988	0.3779527559055118	0.01399825021872266	127	48	3429
marmgCAMI2_short_read_pooled_gold_standard_assembly	386	Otu2080.0	0.42646934245971907	0.01840669797154481	118046	50343	2735037	0.4444444444444444	0.011322280630812778	63	28	2473
marmgCAMI2_short_read_pooled_gold_standard_assembly	366	Otu1607	0.6355483213771768	0.01838778087916543	185539	117919	6412900	0.4027777777777778	0.020124913254684247	72	29	1441
marmgCAMI2_short_read_pooled_gold_standard_assembly	264	Otu618.0	0.10157189850192797	0.01673264689439681	826262	83925	5015644	0.07430340557275542	0.014405762304921969	323	24	1666
marmgCAMI2_short_read_pooled_gold_standard_assembly	363	Otu2170	0.3836242532924997	0.015565387193996947	171754	65889	4233046	0.35185185185185186	0.007179293406385793	108	38	5293
marmgCAMI2_short_read_pooled_gold_standard_assembly	159	Otu1279	0.218073181761327	0.014374030474339834	519665	113325	7884010	0.11560693641618497	0.014947683109118086	173	20	1338
marmgCAMI2_short_read_pooled_gold_standard_assembly	134	Otu1918	0.24200713443439956	0.01369320949913956	134839	32632	2383079	0.3225806451612903	0.017921146953405017	62	20	1116
marmgCAMI2_short_read_pooled_gold_standard_assembly	223	Otu1227	0.04061963126105263	0.013672967187242847	1110596	45112	3299357	0.02992957746478873	0.008831168831168832	568	17	1925
marmgCAMI2_short_read_pooled_gold_standard_assembly	263	Otu1010	0.04062956781203026	0.012812851978328411	1687761	68573	5351892	0.034236804564907276	0.011805213969503197	701	24	2033
marmgCAMI2_short_read_pooled_gold_standard_assembly	368	Otu664.0	0.19968550248126288	0.012200697353828708	244835	48890	4007148	0.16279069767441862	0.008574928542262147	129	21	2449
marmgCAMI2_short_read_pooled_gold_standard_assembly	404	Otu1414.0	0.19529088029905767	0.011857049639219618	192605	37614	3172290	0.17391304347826086	0.00641025641025641	115	20	3120
marmgCAMI2_short_read_pooled_gold_standard_assembly	343	Otu618.0	0.45324815195574486	0.01107554682908117	122562	55551	5015644	0.38095238095238093	0.009603841536614645	42	16	1666
marmgCAMI2_short_read_pooled_gold_standard_assembly	365	Otu413	0.2094983112282725	0.010689518273922952	242780	50862	4758119	0.0425531914893617	0.014925373134328358	94	4	268
marmgCAMI2_short_read_pooled_gold_standard_assembly	222	Otu2014	0.41497722604269	0.010539715890568808	156758	65051	6171988	0.32222222222222224	0.008457276173811607	90	29	3429
marmgCAMI2_short_read_pooled_gold_standard_assembly	325	Otu1277	0.12808159322969367	0.01028825874060962	347872	44556	4330762	0.1553398058252427	0.005021183116271772	206	32	6373
marmgCAMI2_short_read_pooled_gold_standard_assembly	332	Otu1028	0.3636079265527003	0.010078317066710326	191811	69744	6920203	0.2717391304347826	0.00871383757406762	92	25	2869
marmgCAMI2_short_read_pooled_gold_standard_assembly	162	Otu1040	0.027410778541762406	0.009874900872246142	1845296	50581	5122178	0.02085747392815759	0.006166495375128468	863	18	2919
marmgCAMI2_short_read_pooled_gold_standard_assembly	320	Otu894.0	0.37250404241717744	0.009201340631428764	106372	39624	4306329	0.06896551724137931	0.005221932114882507	29	2	383
marmgCAMI2_short_read_pooled_gold_standard_assembly	317	Otu1420.0	0.42197798029416506	0.008454141157444842	105451	44498	5263456	0.3	0.01064773735581189	40	12	1127
marmgCAMI2_short_read_pooled_gold_standard_assembly	217	Otu805	0.3058199927061457	0.008200227374768955	159038	48637	5931177	0.14772727272727273	0.008977900552486187	88	13	1448
marmgCAMI2_short_read_pooled_gold_standard_assembly	361	Otu1607	0.27228156098577605	0.00814904333452884	191930	52259	6412900	0.10843373493975904	0.006245662734212352	83	9	1441
marmgCAMI2_short_read_pooled_gold_standard_assembly	250	Otu2014	0.1494399344448997	0.006973279922125578	288002	43039	6171988	0.144	0.005249343832020997	125	18	3429
marmgCAMI2_short_read_pooled_gold_standard_assembly	183	Otu108.0	0.10976336996943771	0.006081004346524329	241474	26505	4358655	0.0851063829787234	0.0044826298094882335	141	12	2677
marmgCAMI2_short_read_pooled_gold_standard_assembly	240	Otu812	0.17325322884059155	0.005906978960903054	134491	23301	3944656	0.125	0.003432003432003432	64	8	2331
marmgCAMI2_short_read_pooled_gold_standard_assembly	358	Otu1773	0.12470165857605178	0.005426853340504294	197760	24661	4544254	0.15384615384615385	0.0026513477684489617	117	18	6789
marmgCAMI2_short_read_pooled_gold_standard_assembly	205	Otu843	0.07597683859509224	0.003463593131390576	220712	16769	4841504	0.05555555555555555	0.00272975432211101	108	6	2198
