Method	num_5010	num_7010	num_9010	num_505	num_605	num_705	num_805	num_905
comebin_res/comebin_res/comebin_res_bins_checkm2_output/quality_report.tsv	51	44	30	45	43	39	33	27
comebin_res_10view/comebin_res/comebin_res_bins_checkm2_output/quality_report.tsv	51	43	30	47	44	40	34	27
comebin_res_epoch300/comebin_res/comebin_res_bins_checkm2_output/quality_report.tsv	51	43	32	43	40	39	32	28
comebin_res_10view_epoch300/comebin_res/comebin_res_bins_checkm2_output/quality_report.tsv	50	43	30	46	45	40	32	27
semibin2_Easy_coassemly_mode_metawrapalign/output_bins_checkm2_output/quality_report.tsv	40	32	22	32	27	24	20	17
semibin2_Easy_coassemly_mode_metawrapalign_sequencing_type_long_read/output_bins_checkm2_output/quality_report.tsv	51	40	32	45	41	36	34	29
metabat2_bins_checkm2_output/quality_report.tsv	47	33	22	44	35	31	24	21
metadecoder/samfiles_checkm2_output/quality_report.tsv	52	41	31	44	40	35	33	27
