sample_id	Bin ID	Most abundant genome	Purity (bp)	Completeness (bp)	Bin size (bp)	True positives (bp)	True size of most abundant genome (bp)	Purity (seq)	Completeness (seq)	Bin size (seq)	True positives (seq)	True size of most abundant genome (seq)
strmgCAMI2_short_read_pooled_gold_standard_assembly	157	MIKI-NS09	0.5022908868654332	0.9935988703888922	4034682	2026584	2039640	0.4722222222222222	0.7727272727272727	36	17	22
strmgCAMI2_short_read_pooled_gold_standard_assembly	163	SP40_S27	0.006325863959229346	0.9932841551999887	334293784	2114697	2128995	0.003119977309255933	0.8461538461538461	10577	33	39
strmgCAMI2_short_read_pooled_gold_standard_assembly	181	spades_And8926_S4_L001	1.0	0.9895298188869307	4547411	4547411	4595527	1.0	0.7857142857142857	33	33	42
strmgCAMI2_short_read_pooled_gold_standard_assembly	99	spades_MRSA7796_S10_L001	1.0	0.9875562896579029	2728779	2728779	2763163	1.0	0.7368421052631579	14	14	19
strmgCAMI2_short_read_pooled_gold_standard_assembly	237	MIKI-NS08	1.0	0.987125741689274	2515763	2515763	2548574	1.0	0.7	7	7	10
strmgCAMI2_short_read_pooled_gold_standard_assembly	200	spades_MRSA7133_S3_L001	0.25400531029758583	0.9863058115961185	10957578	2783283	2821927	0.21153846153846154	0.6470588235294118	52	11	17
strmgCAMI2_short_read_pooled_gold_standard_assembly	30	spades_MRSA8595_S7_L001	0.09253215898358758	0.9850339036467993	30163189	2791065	2833471	0.09130434782608696	0.5675675675675675	230	21	37
strmgCAMI2_short_read_pooled_gold_standard_assembly	88	spades_MRSA7231_S7_L001	0.5000059381153372	0.9840040387231278	5473117	2736591	2781077	0.5074626865671642	0.85	67	34	40
strmgCAMI2_short_read_pooled_gold_standard_assembly	49	MIKI-NS06	1.0	0.9769354418369799	1919303	1919303	1964616	1.0	0.5161290322580645	16	16	31
strmgCAMI2_short_read_pooled_gold_standard_assembly	54	spades_MRSA8339_S5_L001	1.0	0.9737585460777148	2704702	2704702	2777590	1.0	0.5789473684210527	11	11	19
strmgCAMI2_short_read_pooled_gold_standard_assembly	89	spades_MRSA8602_S6_L001	0.5000017408861404	0.9688794433525262	5456991	2728505	2816145	0.5	0.5294117647058824	18	9	17
strmgCAMI2_short_read_pooled_gold_standard_assembly	75	MIKI-NS12	1.0	0.964805397870463	2172598	2172598	2251851	1.0	0.8055555555555556	58	58	72
strmgCAMI2_short_read_pooled_gold_standard_assembly	120	MIKI-NS15	1.0	0.9575965073840094	6515772	6515772	6804298	1.0	0.6145833333333334	59	59	96
strmgCAMI2_short_read_pooled_gold_standard_assembly	100	spades_And12875_S7_L001	0.5191719039017741	0.955822412245204	9576618	4971911	5201710	0.5263157894736842	0.7142857142857143	95	50	70
strmgCAMI2_short_read_pooled_gold_standard_assembly	134	spades_ESBL6643_S3_L001	1.0	0.9556407227637456	4892999	4892999	5120124	1.0	0.5909090909090909	13	13	22
strmgCAMI2_short_read_pooled_gold_standard_assembly	230	spades_ESBL8341_S10_L001	1.0	0.9410667269353518	4576096	4576096	4862669	1.0	0.6888888888888889	31	31	45
strmgCAMI2_short_read_pooled_gold_standard_assembly	323	MIKI-NS02	1.0	0.9409962797023762	2822763	2822763	2999760	1.0	0.627906976744186	27	27	43
strmgCAMI2_short_read_pooled_gold_standard_assembly	210	MIKI-NS13	1.0	0.9370104536462878	6752727	6752727	7206672	1.0	0.6538461538461539	17	17	26
strmgCAMI2_short_read_pooled_gold_standard_assembly	231	MIKI-NS10	1.0	0.9358258123045656	1957873	1957873	2092134	1.0	0.63	63	63	100
strmgCAMI2_short_read_pooled_gold_standard_assembly	179	spades_And8457_S3_L001	1.0	0.9239472808306476	4552510	4552510	4927240	1.0	0.573170731707317	47	47	82
strmgCAMI2_short_read_pooled_gold_standard_assembly	38	spades_ESBL8855_S12_L001	0.03488738185631481	0.9235557306359263	148917079	5195327	5625353	0.019629225736095966	0.5454545454545454	917	18	33
strmgCAMI2_short_read_pooled_gold_standard_assembly	18	MIKI-NS14	1.0	0.9170917903203836	4813691	4813691	5248865	1.0	0.7674418604651163	33	33	43
strmgCAMI2_short_read_pooled_gold_standard_assembly	182	spades_VRE3786_S19_L001	0.05001882130559643	0.8978990624898757	55963174	2799212	3117513	0.05151688609044076	0.5769230769230769	1747	90	156
strmgCAMI2_short_read_pooled_gold_standard_assembly	102	MIKI-NS25	0.33785643210161687	0.8914271712936594	14171037	4787776	5370911	0.32857142857142857	0.5227272727272727	210	69	132
strmgCAMI2_short_read_pooled_gold_standard_assembly	219	MIKI-NS03	1.0	0.8768024068336822	3934991	3934991	4487888	1.0	0.40397350993377484	61	61	151
strmgCAMI2_short_read_pooled_gold_standard_assembly	79	MIKI-NS20	1.0	0.7792906609043758	4179088	4179088	5362682	1.0	0.27884615384615385	58	58	208
strmgCAMI2_short_read_pooled_gold_standard_assembly	37	spades_And10925_S5_L001	1.0	0.6850359500410936	3848297	3848297	5617657	1.0	0.2929936305732484	46	46	157
strmgCAMI2_short_read_pooled_gold_standard_assembly	263	spades_ESBL5533_S4_L001	0.05571626812693267	0.6014743633308208	55913831	3115310	5179456	0.06493506493506493	0.32967032967032966	462	30	91
strmgCAMI2_short_read_pooled_gold_standard_assembly	112	spades_And4902_S2_L001	0.03222889803196289	0.6006067993505628	94406858	3042629	5065925	0.024489795918367346	0.2	490	12	60
strmgCAMI2_short_read_pooled_gold_standard_assembly	311	spades_And9855_S12_L001	0.15359821549236644	0.5395471014256857	18883416	2900459	5375729	0.10650887573964497	0.21951219512195122	169	18	82
strmgCAMI2_short_read_pooled_gold_standard_assembly	154	spades_ESBL5402_S6_L001	0.0355261461126112	0.5382239407260636	74809381	2657689	4937887	0.01824212271973466	0.275	603	11	40
strmgCAMI2_short_read_pooled_gold_standard_assembly	85	SP21_S92	1.0	0.5321119975379953	899099	899099	1689680	1.0	0.23076923076923078	3	3	13
strmgCAMI2_short_read_pooled_gold_standard_assembly	170	SP21_S92	1.0	0.4252106907816865	718470	718470	1689680	1.0	0.3076923076923077	4	4	13
strmgCAMI2_short_read_pooled_gold_standard_assembly	13	spades_ESBL5772_S6_L001	0.23540556699514228	0.3996370425427153	9040245	2128124	5325142	0.1956521739130435	0.125	46	9	72
strmgCAMI2_short_read_pooled_gold_standard_assembly	35	SP181_S61	0.9910105031359797	0.3972018045620002	855554	847863	2134590	0.975	0.43333333333333335	40	39	90
strmgCAMI2_short_read_pooled_gold_standard_assembly	349	spades_And6442_S8_L001	0.17511195618485478	0.3657948003786978	11431481	2001789	5472437	0.2	0.10638297872340426	25	5	47
strmgCAMI2_short_read_pooled_gold_standard_assembly	64	spades_ESBL9224_S2_L001	0.31091077178506743	0.3467261641235595	6360320	1977492	5703325	0.25806451612903225	0.10526315789473684	31	8	76
strmgCAMI2_short_read_pooled_gold_standard_assembly	324	spades_ESBL6628_S5_L001	0.2423173611934757	0.34529364390619915	7756840	1879617	5443532	0.18181818181818182	0.1	22	4	40
strmgCAMI2_short_read_pooled_gold_standard_assembly	278	spades_And4543_S2_L001	0.4991839316121246	0.33918957698975605	3793187	1893498	5582418	0.4	0.03636363636363636	5	2	55
strmgCAMI2_short_read_pooled_gold_standard_assembly	250	spades_And6884_S7_L001	0.33358059298216053	0.3151750764908527	5306163	1770033	5616031	0.325	0.17105263157894737	40	13	76
strmgCAMI2_short_read_pooled_gold_standard_assembly	8	spades_And8909_S4_L001	0.04344676638649699	0.31288228089634446	39371975	1710585	5467184	0.023809523809523808	0.04411764705882353	252	6	136
strmgCAMI2_short_read_pooled_gold_standard_assembly	151	SP117_S95	0.7858813281594655	0.3123143658731518	888568	698309	2235917	0.5	0.15625	20	10	64
strmgCAMI2_short_read_pooled_gold_standard_assembly	186	spades_ESBL9336_S1_L001	1.0	0.3110634464382747	1608026	1608026	5169447	1.0	0.14	14	14	100
strmgCAMI2_short_read_pooled_gold_standard_assembly	36	spades_ESBL10055_S8_L001	1.0	0.30630321959453555	1559118	1559118	5090113	1.0	0.08771929824561403	5	5	57
strmgCAMI2_short_read_pooled_gold_standard_assembly	135	spades_And9183_S10_L001	0.3612871943072687	0.3041205044241189	4335072	1566206	5149952	0.21052631578947367	0.05970149253731343	19	4	67
strmgCAMI2_short_read_pooled_gold_standard_assembly	128	spades_ESBL6792_S10_L001	0.16450339998637856	0.2993655906304033	9485038	1560321	5212092	0.13333333333333333	0.11764705882352941	30	4	34
strmgCAMI2_short_read_pooled_gold_standard_assembly	71	spades_ESBL9166_S11_L001	0.05987221726085718	0.2989649577527491	23509435	1407562	4708117	0.08391608391608392	0.1610738255033557	286	24	149
strmgCAMI2_short_read_pooled_gold_standard_assembly	320	spades_ESBL7634_S2_L001	0.6490648351005234	0.29376491282316297	2511803	1630323	5549754	0.6	0.075	15	9	120
strmgCAMI2_short_read_pooled_gold_standard_assembly	242	spades_ESBL9440_S6_L001	0.42042269021214546	0.2923567400746034	3548367	1491814	5102718	0.3333333333333333	0.09302325581395349	12	4	43
strmgCAMI2_short_read_pooled_gold_standard_assembly	215	spades_ESBL6759Q_S12_L001	0.35866707290668387	0.2846062950028182	4378364	1570375	5517710	0.2	0.06521739130434782	15	3	46
strmgCAMI2_short_read_pooled_gold_standard_assembly	86	SP68_S51	0.7785190028726554	0.27801876809249365	816666	635790	2286860	0.8518518518518519	0.27710843373493976	27	23	83
strmgCAMI2_short_read_pooled_gold_standard_assembly	352	spades_And5237_S4_L001	0.024495432029326417	0.26447027763125314	64188131	1572316	5945152	0.04019972918077183	0.7551669316375199	11816	475	629
strmgCAMI2_short_read_pooled_gold_standard_assembly	265	spades_ESBL6351_S5_L001	0.5717045368616713	0.2529823138864939	2274612	1300406	5140304	0.4666666666666667	0.08139534883720931	15	7	86
strmgCAMI2_short_read_pooled_gold_standard_assembly	172	SP140_S21	0.5225257591648186	0.2453481831847142	999256	522137	2128147	0.5714285714285714	0.12903225806451613	21	12	93
strmgCAMI2_short_read_pooled_gold_standard_assembly	187	spades_ESBL6620_S4_L001	0.14832776561024344	0.2436659543381176	8944111	1326660	5444585	0.16901408450704225	0.2608695652173913	71	12	46
strmgCAMI2_short_read_pooled_gold_standard_assembly	144	spades_ESBL7534_S10_L001	0.2732561750905387	0.24065061871636204	4298439	1174575	4880831	0.2619047619047619	0.12941176470588237	42	11	85
strmgCAMI2_short_read_pooled_gold_standard_assembly	249	spades_ESBL9250_S3_L001	0.12561560641655678	0.2394992880232813	10596462	1331081	5557766	0.07547169811320754	0.09090909090909091	53	4	44
strmgCAMI2_short_read_pooled_gold_standard_assembly	261	spades_And4621_S3_L001	0.5053317769187953	0.2383031177816922	2459499	1242863	5215471	0.48148148148148145	0.17333333333333334	27	13	75
strmgCAMI2_short_read_pooled_gold_standard_assembly	7	spades_And9076_S11_L001	0.3638339554467442	0.22913253731108024	3515972	1279230	5582926	0.29411764705882354	0.06944444444444445	17	5	72
strmgCAMI2_short_read_pooled_gold_standard_assembly	60	spades_And9205_S9_L001	0.3865282840892201	0.22538612811321437	2953551	1141631	5065223	0.2222222222222222	0.03389830508474576	9	2	59
strmgCAMI2_short_read_pooled_gold_standard_assembly	129	spades_And4613_S9_L001	0.5503081804011353	0.22035808262778125	2086927	1148453	5211758	0.5	0.0625	10	5	80
strmgCAMI2_short_read_pooled_gold_standard_assembly	259	spades_And9053_S12_L001	0.2491959313823568	0.22009719703620012	4928062	1228053	5579594	0.2608695652173913	0.0821917808219178	23	6	73
strmgCAMI2_short_read_pooled_gold_standard_assembly	321	SP117_S95	0.4597571706428813	0.2154552248585256	1047814	481740	2235917	0.2916666666666667	0.109375	24	7	64
strmgCAMI2_short_read_pooled_gold_standard_assembly	47	spades_ESBL5734_S3_L001	0.902323129635905	0.21406550271467514	1327950	1198240	5597539	0.875	0.09722222222222222	8	7	72
strmgCAMI2_short_read_pooled_gold_standard_assembly	297	spades_ESBL8960_S8_L001	1.0	0.21061951644796797	1194866	1194866	5673102	1.0	0.07692307692307693	5	5	65
strmgCAMI2_short_read_pooled_gold_standard_assembly	283	spades_And9387_S6_L001	1.0	0.20663753716828978	1143939	1143939	5535969	1.0	0.06060606060606061	4	4	66
strmgCAMI2_short_read_pooled_gold_standard_assembly	65	spades_ESBL10055_S8_L001	1.0	0.2037163025653851	1036939	1036939	5090113	1.0	0.12280701754385964	7	7	57
strmgCAMI2_short_read_pooled_gold_standard_assembly	48	spades_And9053_S12_L001	0.32474119177179384	0.19958369730844217	3429180	1113596	5579594	0.3333333333333333	0.0410958904109589	9	3	73
strmgCAMI2_short_read_pooled_gold_standard_assembly	229	spades_And4543_S2_L001	0.4837343846491032	0.19728906004530652	2276766	1101350	5582418	0.4090909090909091	0.16363636363636364	22	9	55
strmgCAMI2_short_read_pooled_gold_standard_assembly	220	spades_ESBL5827_S10_L001	0.2925661878927664	0.19221194225010488	3697013	1081621	5627231	0.3333333333333333	0.0673076923076923	21	7	104
strmgCAMI2_short_read_pooled_gold_standard_assembly	16	spades_And9205_S9_L001	0.5430823995639431	0.19198345265351593	1790592	972439	5065223	0.5	0.03389830508474576	4	2	59
strmgCAMI2_short_read_pooled_gold_standard_assembly	165	SP119_S1	0.8468583436576371	0.19163614663655618	483487	409445	2136575	0.9473684210526315	0.1125	19	18	160
strmgCAMI2_short_read_pooled_gold_standard_assembly	296	spades_ESBL5621_S1_L001	1.0	0.18505319934191403	972724	972724	5256456	1.0	0.025	2	2	80
strmgCAMI2_short_read_pooled_gold_standard_assembly	201	spades_And10073_S10_L001	0.07867569267422216	0.18308382154999595	12209311	960576	5246646	0.02857142857142857	0.05263157894736842	175	5	95
strmgCAMI2_short_read_pooled_gold_standard_assembly	306	SP68_S51	0.9583677391965589	0.17966032026446743	428706	410858	2286860	0.7777777777777778	0.08433734939759036	9	7	83
strmgCAMI2_short_read_pooled_gold_standard_assembly	63	spades_ESBL6351_S5_L001	0.5474261790616975	0.1756699603758844	1649532	902997	5140304	0.4827586206896552	0.16279069767441862	29	14	86
strmgCAMI2_short_read_pooled_gold_standard_assembly	214	spades_ESBL5827_S10_L001	0.3576696198155995	0.17063401164800238	2684592	960197	5627231	0.25925925925925924	0.0673076923076923	27	7	104
strmgCAMI2_short_read_pooled_gold_standard_assembly	166	spades_And9653_S7_L001	0.09438124780466503	0.16819022114025936	8426960	795347	4728854	0.0625	0.041666666666666664	48	3	72
strmgCAMI2_short_read_pooled_gold_standard_assembly	111	spades_And4180_S6_L001	1.0	0.16655260946821496	889052	889052	5337965	1.0	0.057692307692307696	3	3	52
strmgCAMI2_short_read_pooled_gold_standard_assembly	264	spades_And5192_S3_L001	0.3464645626124486	0.1651118670384372	2433334	843064	5106017	0.3076923076923077	0.056338028169014086	13	4	71
strmgCAMI2_short_read_pooled_gold_standard_assembly	195	spades_ESBL6661_S8_L001	0.20786797642835717	0.1619367120345684	3933540	817657	5049238	0.16666666666666666	0.08955223880597014	36	6	67
strmgCAMI2_short_read_pooled_gold_standard_assembly	148	spades_ESBL5791_S4_L001	0.04184117499842071	0.1596336282225558	20673798	865016	5418758	0.024390243902439025	0.045454545454545456	123	3	66
strmgCAMI2_short_read_pooled_gold_standard_assembly	97	spades_ESBL5872_S5_L001	0.9600195111753741	0.15609231052478775	918448	881728	5648760	0.5	0.020618556701030927	4	2	97
strmgCAMI2_short_read_pooled_gold_standard_assembly	301	spades_ESBL6364_S9_L001	0.5703925651523295	0.15510568235701677	1447454	825617	5322932	0.5714285714285714	0.0392156862745098	7	4	102
strmgCAMI2_short_read_pooled_gold_standard_assembly	82	spades_AND4471_S1_L001	0.19867523259582198	0.15406904663834636	4162693	827024	5367879	0.1388888888888889	0.05952380952380952	36	5	84
strmgCAMI2_short_read_pooled_gold_standard_assembly	20	SP119_S1	0.964710251487752	0.1507599780021764	333893	322110	2136575	0.8888888888888888	0.05	9	8	160
strmgCAMI2_short_read_pooled_gold_standard_assembly	239	spades_ESBL5872_S5_L001	0.8314825636017121	0.14257624682231146	968606	805379	5648760	0.5	0.020618556701030927	4	2	97
strmgCAMI2_short_read_pooled_gold_standard_assembly	146	spades_ESBL6351_S5_L001	0.5182948388936413	0.14144377453162305	1402800	727064	5140304	0.5714285714285714	0.046511627906976744	7	4	86
strmgCAMI2_short_read_pooled_gold_standard_assembly	238	SP181_S61	1.0	0.1414266908399271	301888	301888	2134590	1.0	0.06666666666666667	6	6	90
strmgCAMI2_short_read_pooled_gold_standard_assembly	277	spades_ESBL9336_S1_L001	1.0	0.1404786624178563	726197	726197	5169447	1.0	0.03	3	3	100
strmgCAMI2_short_read_pooled_gold_standard_assembly	305	spades_ESBL5621_S1_L001	1.0	0.13897215157893456	730501	730501	5256456	1.0	0.05	4	4	80
strmgCAMI2_short_read_pooled_gold_standard_assembly	312	spades_ESBL5734_S3_L001	1.0	0.13680297716550077	765760	765760	5597539	1.0	0.027777777777777776	2	2	72
strmgCAMI2_short_read_pooled_gold_standard_assembly	62	spades_And10925_S5_L001	1.0	0.13646757002073998	766628	766628	5617657	1.0	0.10191082802547771	16	16	157
strmgCAMI2_short_read_pooled_gold_standard_assembly	274	spades_And4180_S6_L001	0.4067571393730079	0.13591134449176792	1783595	725490	5337965	0.5	0.038461538461538464	4	2	52
strmgCAMI2_short_read_pooled_gold_standard_assembly	340	spades_ESBL8075_S12_L001	1.0	0.13372893043906395	722759	722759	5404657	1.0	0.04918032786885246	3	3	61
strmgCAMI2_short_read_pooled_gold_standard_assembly	252	spades_ESBL7534_S10_L001	0.2953794743445368	0.131878157633403	2179146	643675	4880831	0.35714285714285715	0.11764705882352941	28	10	85
strmgCAMI2_short_read_pooled_gold_standard_assembly	290	spades_And4180_S6_L001	1.0	0.1304916761350065	696560	696560	5337965	1.0	0.057692307692307696	3	3	52
strmgCAMI2_short_read_pooled_gold_standard_assembly	94	spades_ESBL5609_S2_L001	0.2396412514611523	0.13046683544064966	2770074	663824	5088067	0.10526315789473684	0.03278688524590164	19	2	61
strmgCAMI2_short_read_pooled_gold_standard_assembly	329	spades_ESBL8873_S6_L001	0.4085171875460249	0.12954233434684742	1765348	721175	5567099	0.35294117647058826	0.1276595744680851	17	6	47
strmgCAMI2_short_read_pooled_gold_standard_assembly	80	spades_And5192_S3_L001	0.3066355088840653	0.12898214009079875	2147778	658585	5106017	0.26666666666666666	0.056338028169014086	15	4	71
strmgCAMI2_short_read_pooled_gold_standard_assembly	31	spades_ESBL7525_S1_L001	0.2963555008624435	0.1272089763183709	2239567	663708	5217462	0.2	0.03278688524590164	10	2	61
strmgCAMI2_short_read_pooled_gold_standard_assembly	32	SP117_S95	0.6912455309450003	0.12356719860352598	399693	276286	2235917	0.5	0.09375	12	6	64
strmgCAMI2_short_read_pooled_gold_standard_assembly	245	spades_ESBL5852_S11_L001	0.3275065678918842	0.12286260926020043	2112550	691874	5631282	0.375	0.05555555555555555	16	6	108
strmgCAMI2_short_read_pooled_gold_standard_assembly	96	spades_ESBL9656_S7_L001	0.6410138372517893	0.12177047537143725	968834	621036	5100054	0.6666666666666666	0.04081632653061224	3	2	49
strmgCAMI2_short_read_pooled_gold_standard_assembly	87	spades_ESBL5872_S5_L001	0.6491216106787593	0.12133229239691543	1055853	685377	5648760	0.5714285714285714	0.041237113402061855	7	4	97
strmgCAMI2_short_read_pooled_gold_standard_assembly	131	spades_ESBL5621_S1_L001	1.0	0.12019543205536201	631802	631802	5256456	1.0	0.05	4	4	80
strmgCAMI2_short_read_pooled_gold_standard_assembly	180	spades_ESBL6661_S8_L001	0.21261832507036207	0.12008128751308614	2851678	606319	5049238	0.20689655172413793	0.08955223880597014	29	6	67
strmgCAMI2_short_read_pooled_gold_standard_assembly	11	SP181_S61	1.0	0.11327046411723095	241786	241786	2134590	1.0	0.07777777777777778	7	7	90
strmgCAMI2_short_read_pooled_gold_standard_assembly	193	spades_ESBL6164_S11_L001	0.07464214053799463	0.1121690365968485	7957663	593977	5295374	0.10144927536231885	0.03664921465968586	69	7	191
strmgCAMI2_short_read_pooled_gold_standard_assembly	222	spades_ESBL6364_S9_L001	0.6937882999576213	0.11164373319065507	856561	594272	5322932	0.6666666666666666	0.0392156862745098	6	4	102
strmgCAMI2_short_read_pooled_gold_standard_assembly	171	SP68_S51	0.7616141593786612	0.10887286497643056	326907	248977	2286860	0.7142857142857143	0.060240963855421686	7	5	83
strmgCAMI2_short_read_pooled_gold_standard_assembly	5	SP140_S21	0.54625024428376	0.10507403858849976	409360	223613	2128147	0.6	0.03225806451612903	5	3	93
strmgCAMI2_short_read_pooled_gold_standard_assembly	19	spades_And7051_S7_L001	0.9707544860294575	0.10291462775718828	547366	531358	5163095	0.75	0.05263157894736842	4	3	57
strmgCAMI2_short_read_pooled_gold_standard_assembly	140	spades_ESBL8960_S8_L001	1.0	0.09972656934424941	565759	565759	5673102	1.0	0.046153846153846156	3	3	65
strmgCAMI2_short_read_pooled_gold_standard_assembly	67	spades_ESBL6200_S12_L001	0.47459710678256456	0.09864196482806765	1008704	478728	4853188	0.4	0.03636363636363636	5	2	55
strmgCAMI2_short_read_pooled_gold_standard_assembly	213	SP20_S77	0.7378995810435075	0.09750289057241962	290961	214700	2201986	0.8333333333333334	0.053763440860215055	6	5	93
strmgCAMI2_short_read_pooled_gold_standard_assembly	28	SP138_S19	0.7996243962110282	0.09531832597858914	255056	203949	2139662	0.6666666666666666	0.038461538461538464	3	2	52
strmgCAMI2_short_read_pooled_gold_standard_assembly	56	spades_ESBL6364_S9_L001	0.625285096146648	0.09415036675275958	801484	501156	5322932	0.6	0.029411764705882353	5	3	102
strmgCAMI2_short_read_pooled_gold_standard_assembly	336	spades_And4621_S3_L001	0.6490928532008831	0.09381338713224559	753792	489281	5215471	0.5	0.04	6	3	75
strmgCAMI2_short_read_pooled_gold_standard_assembly	300	spades_ESBL9440_S6_L001	0.6739498360475243	0.09356797690956074	708437	477451	5102718	0.5	0.046511627906976744	4	2	43
strmgCAMI2_short_read_pooled_gold_standard_assembly	108	spades_ESBL5621_S1_L001	1.0	0.09108513416644218	478785	478785	5256456	1.0	0.05	4	4	80
strmgCAMI2_short_read_pooled_gold_standard_assembly	302	spades_ESBL7532_S2_L001	0.3830951878237779	0.09053034989017462	1264563	484448	5351222	0.375	0.03125	8	3	96
strmgCAMI2_short_read_pooled_gold_standard_assembly	142	spades_VRE2906_S11_L001	0.08636611343948321	0.08998044924433019	3570926	308407	3427489	0.08651911468812877	0.14675767918088736	497	43	293
strmgCAMI2_short_read_pooled_gold_standard_assembly	328	spades_ESBL9440_S6_L001	0.6008023100584681	0.08872702743910206	753574	452749	5102718	0.5	0.023255813953488372	2	1	43
strmgCAMI2_short_read_pooled_gold_standard_assembly	247	spades_ESBL5872_S5_L001	0.872542748635756	0.08862670745437937	573761	500631	5648760	0.6666666666666666	0.020618556701030927	3	2	97
strmgCAMI2_short_read_pooled_gold_standard_assembly	315	spades_And5192_S3_L001	0.6571921476356868	0.08796151677520854	683412	449133	5106017	0.5	0.014084507042253521	2	1	71
strmgCAMI2_short_read_pooled_gold_standard_assembly	113	spades_ESBL6661_S8_L001	0.20651444614369677	0.08729198346364342	2134272	440758	5049238	0.2222222222222222	0.029850746268656716	9	2	67
strmgCAMI2_short_read_pooled_gold_standard_assembly	270	spades_ESBL5734_S3_L001	1.0	0.08711649887566661	487638	487638	5597539	1.0	0.06944444444444445	5	5	72
strmgCAMI2_short_read_pooled_gold_standard_assembly	45	SP20_S77	0.7654103557590701	0.08684160571411444	249832	191224	2201986	0.8	0.043010752688172046	5	4	93
strmgCAMI2_short_read_pooled_gold_standard_assembly	298	spades_And5232_S2_L001	0.3345725376536574	0.08661517238786344	1266942	423884	4893877	0.3333333333333333	0.036585365853658534	9	3	82
strmgCAMI2_short_read_pooled_gold_standard_assembly	169	spades_ESBL9318_S2_L001	0.07180765823987702	0.08582281430618426	5703556	409559	4772146	0.05309734513274336	0.0625	113	6	96
strmgCAMI2_short_read_pooled_gold_standard_assembly	55	spades_ESBL7525_S1_L001	0.31143304222697465	0.08113715059160949	1359297	423330	5217462	0.1875	0.04918032786885246	16	3	61
strmgCAMI2_short_read_pooled_gold_standard_assembly	266	spades_ESBL5772_S6_L001	0.37195749473717094	0.0804958816121711	1152422	428652	5325142	0.25	0.027777777777777776	8	2	72
strmgCAMI2_short_read_pooled_gold_standard_assembly	178	spades_And7051_S7_L001	0.341463092696416	0.08016741896091395	1212172	413912	5163095	0.2	0.017543859649122806	5	1	57
strmgCAMI2_short_read_pooled_gold_standard_assembly	127	spades_ESBL5772_S6_L001	0.22306375679662427	0.08005194978838123	1911059	426288	5325142	0.17647058823529413	0.041666666666666664	17	3	72
strmgCAMI2_short_read_pooled_gold_standard_assembly	268	SP138_S19	0.5148394274717344	0.0800196479630895	332560	171215	2139662	0.2222222222222222	0.038461538461538464	9	2	52
strmgCAMI2_short_read_pooled_gold_standard_assembly	351	spades_And4180_S6_L001	0.7941047928907882	0.07965170247463219	535418	425178	5337965	0.3333333333333333	0.019230769230769232	3	1	52
strmgCAMI2_short_read_pooled_gold_standard_assembly	76	spades_ESBL7532_S2_L001	0.2852291679359721	0.07961134858542591	1493599	426018	5351222	0.3333333333333333	0.020833333333333332	6	2	96
strmgCAMI2_short_read_pooled_gold_standard_assembly	262	spades_ESBL5872_S5_L001	0.5662962371940127	0.07852944717070649	783325	443594	5648760	0.4	0.061855670103092786	15	6	97
strmgCAMI2_short_read_pooled_gold_standard_assembly	52	spades_And4621_S3_L001	0.5103736324748577	0.0775511933629772	792490	404466	5215471	0.5	0.013333333333333334	2	1	75
strmgCAMI2_short_read_pooled_gold_standard_assembly	162	SP138_S19	0.7003315514078954	0.07512635173218948	229527	160745	2139662	0.5	0.019230769230769232	2	1	52
strmgCAMI2_short_read_pooled_gold_standard_assembly	59	spades_And4613_S9_L001	0.5002326699554125	0.07446028768027986	775777	388069	5211758	0.5	0.0125	2	1	80
strmgCAMI2_short_read_pooled_gold_standard_assembly	191	SP20_S77	0.6475627710795432	0.0739055561661155	251310	162739	2201986	0.75	0.03225806451612903	4	3	93
strmgCAMI2_short_read_pooled_gold_standard_assembly	207	spades_ESBL6620_S4_L001	0.28877281577245817	0.07341514550695782	1384185	399715	5444585	0.1875	0.06521739130434782	16	3	46
strmgCAMI2_short_read_pooled_gold_standard_assembly	149	spades_ESBL5808_S8_L001	0.3338241413810506	0.07332407490420521	1129430	377031	5141981	0.3333333333333333	0.015873015873015872	3	1	63
strmgCAMI2_short_read_pooled_gold_standard_assembly	42	spades_And5213_S1_L001	0.22526795339547856	0.07305118585581437	1592721	358789	4911474	0.1891891891891892	0.08641975308641975	37	7	81
strmgCAMI2_short_read_pooled_gold_standard_assembly	26	SP117_S95	0.7346554423543827	0.07240206143609088	220355	161885	2235917	0.5	0.046875	6	3	64
strmgCAMI2_short_read_pooled_gold_standard_assembly	101	SP138_S19	0.5312559304664668	0.07195856167936805	289817	153967	2139662	0.5	0.019230769230769232	2	1	52
strmgCAMI2_short_read_pooled_gold_standard_assembly	103	spades_And5444_S7_L001	0.5000026826768823	0.07103106556316516	745524	372764	5247901	0.5	0.008695652173913044	2	1	115
strmgCAMI2_short_read_pooled_gold_standard_assembly	317	spades_ESBL7634_S2_L001	1.0	0.07004778950562493	388748	388748	5549754	1.0	0.025	3	3	120
strmgCAMI2_short_read_pooled_gold_standard_assembly	15	spades_ESBL5772_S6_L001	0.24494198534903897	0.06940265630475206	1508843	369579	5325142	0.16666666666666666	0.013888888888888888	6	1	72
strmgCAMI2_short_read_pooled_gold_standard_assembly	21	MIKI-NS14	1.0	0.06917419289694057	363086	363086	5248865	1.0	0.023255813953488372	1	1	43
strmgCAMI2_short_read_pooled_gold_standard_assembly	4	spades_ESBL5734_S3_L001	1.0	0.06913002303333661	386958	386958	5597539	1.0	0.027777777777777776	2	2	72
strmgCAMI2_short_read_pooled_gold_standard_assembly	2	spades_And5444_S7_L001	0.5586455401606331	0.06774098825416104	636357	355498	5247901	0.6666666666666666	0.034782608695652174	6	4	115
strmgCAMI2_short_read_pooled_gold_standard_assembly	339	spades_And5444_S7_L001	0.5000014078954779	0.06767296105623943	710280	355141	5247901	0.5	0.008695652173913044	2	1	115
strmgCAMI2_short_read_pooled_gold_standard_assembly	228	spades_And5388_S8_L001	0.6121984868322774	0.06638033164630822	569005	348344	5247699	0.6	0.02654867256637168	5	3	113
strmgCAMI2_short_read_pooled_gold_standard_assembly	46	spades_And5192_S3_L001	0.5307878155476181	0.06475517022367924	622925	330641	5106017	0.42857142857142855	0.04225352112676056	7	3	71
strmgCAMI2_short_read_pooled_gold_standard_assembly	132	spades_ESBL5660_S7_L001	0.09840544521801563	0.06350685136826696	3392922	333882	5257417	0.04081632653061224	0.04081632653061224	49	2	49
strmgCAMI2_short_read_pooled_gold_standard_assembly	304	spades_ESBL5808_S8_L001	0.48136576423803096	0.06271221149980911	669896	322465	5141981	0.4	0.031746031746031744	5	2	63
strmgCAMI2_short_read_pooled_gold_standard_assembly	105	spades_And5388_S8_L001	0.5169557501583633	0.061117072454041285	620409	320724	5247699	0.6	0.02654867256637168	5	3	113
strmgCAMI2_short_read_pooled_gold_standard_assembly	153	spades_ESBL7525_S1_L001	0.3496571511400817	0.06056642099166223	903751	316003	5217462	0.3333333333333333	0.01639344262295082	3	1	61
strmgCAMI2_short_read_pooled_gold_standard_assembly	29	spades_ESBL6515_S2_L001	0.12510267467529135	0.05991322647092042	2493312	311920	5206196	0.125	0.03571428571428571	8	1	28
strmgCAMI2_short_read_pooled_gold_standard_assembly	204	spades_And5444_S7_L001	0.6112351248958546	0.059273221808109566	508904	311060	5247901	0.5	0.02608695652173913	6	3	115
strmgCAMI2_short_read_pooled_gold_standard_assembly	281	spades_ESBL7634_S2_L001	0.5047670783010744	0.05893630600563556	647986	327082	5549754	0.5714285714285714	0.03333333333333333	7	4	120
strmgCAMI2_short_read_pooled_gold_standard_assembly	106	spades_ESBL5909_S5_L001	0.07512996665933357	0.05738979377158452	3745576	281405	4903398	0.10810810810810811	0.08695652173913043	111	12	138
strmgCAMI2_short_read_pooled_gold_standard_assembly	117	spades_AND9183_S11_L001	0.49558370317651085	0.05735160055066612	595748	295243	5147947	0.3333333333333333	0.01694915254237288	3	1	59
strmgCAMI2_short_read_pooled_gold_standard_assembly	260	spades_ESBL7634_S2_L001	0.15445377938362118	0.05712271210579784	2052504	317017	5549754	0.043478260869565216	0.008333333333333333	23	1	120
strmgCAMI2_short_read_pooled_gold_standard_assembly	205	spades_And6342_S10_L001	0.07279605211701858	0.057101501116790965	3771743	274568	4808420	0.043478260869565216	0.014492753623188406	23	1	69
strmgCAMI2_short_read_pooled_gold_standard_assembly	156	spades_ESBL5734_S3_L001	1.0	0.05670795683603098	317425	317425	5597539	1.0	0.027777777777777776	2	2	72
strmgCAMI2_short_read_pooled_gold_standard_assembly	331	spades_ESBL7348_S6_L001	0.05726407444551699	0.055005793713815705	4999522	286293	5204779	0.08620689655172414	0.0625	58	5	80
strmgCAMI2_short_read_pooled_gold_standard_assembly	236	spades_ESBL9336_S1_L001	1.0	0.05455167641722606	282002	282002	5169447	1.0	0.02	2	2	100
strmgCAMI2_short_read_pooled_gold_standard_assembly	58	spades_AND4471_S1_L001	0.1625370110643603	0.05382218936008058	1777509	288911	5367879	0.18181818181818182	0.023809523809523808	11	2	84
strmgCAMI2_short_read_pooled_gold_standard_assembly	343	spades_ESBL5827_S10_L001	0.3188985475762232	0.05321658200987306	939051	299462	5627231	0.2	0.009615384615384616	5	1	104
strmgCAMI2_short_read_pooled_gold_standard_assembly	50	spades_And6399_S9_L001	0.2504464663688255	0.05291045788120231	1015754	254392	4807972	0.25	0.014285714285714285	4	1	70
strmgCAMI2_short_read_pooled_gold_standard_assembly	130	spades_ESBL9318_S2_L001	0.31234308085471174	0.052528778457322976	802563	250675	4772146	0.2	0.010416666666666666	5	1	96
strmgCAMI2_short_read_pooled_gold_standard_assembly	257	spades_And4613_S9_L001	0.5000094161603911	0.0509436547130546	531002	265506	5211758	0.5	0.0125	2	1	80
strmgCAMI2_short_read_pooled_gold_standard_assembly	341	spades_ESBL9440_S6_L001	0.7111884022960423	0.05077117724318687	364279	259071	5102718	0.5	0.023255813953488372	2	1	43
strmgCAMI2_short_read_pooled_gold_standard_assembly	212	spades_ESBL6351_S5_L001	0.6831023712341571	0.050758282000441995	381953	260913	5140304	0.6666666666666666	0.023255813953488372	3	2	86
strmgCAMI2_short_read_pooled_gold_standard_assembly	232	spades_And5444_S7_L001	0.2966070167544002	0.050742573078265005	897794	266292	5247901	0.3333333333333333	0.017391304347826087	6	2	115
strmgCAMI2_short_read_pooled_gold_standard_assembly	123	spades_ESBL8604_S8_L001	0.1338471655516663	0.05061014266487636	1931240	258491	5107494	0.12	0.05128205128205128	50	6	117
strmgCAMI2_short_read_pooled_gold_standard_assembly	158	spades_ESBL9336_S1_L001	0.9706546191320412	0.050414096517480494	268492	260613	5169447	0.8333333333333334	0.05	6	5	100
strmgCAMI2_short_read_pooled_gold_standard_assembly	254	spades_ESBL7359_S3_L001	0.2969340163476171	0.05021105206848332	1055322	313361	6240877	0.7251908396946565	0.19916142557651992	131	95	477
strmgCAMI2_short_read_pooled_gold_standard_assembly	276	SP138_S19	0.5006603881934076	0.04889650795312531	208968	104622	2139662	0.5	0.057692307692307696	6	3	52
strmgCAMI2_short_read_pooled_gold_standard_assembly	243	SP117_S95	0.33924593294269617	0.048628370373318866	320502	108729	2235917	0.2222222222222222	0.03125	9	2	64
strmgCAMI2_short_read_pooled_gold_standard_assembly	344	spades_ESBL10055_S8_L001	1.0	0.047437650205408015	241463	241463	5090113	1.0	0.05263157894736842	3	3	57
strmgCAMI2_short_read_pooled_gold_standard_assembly	74	spades_ESBL5852_S11_L001	0.5893770503566471	0.046674629329520344	445959	262838	5631282	0.6	0.027777777777777776	5	3	108
strmgCAMI2_short_read_pooled_gold_standard_assembly	287	spades_ESBL9440_S6_L001	0.5552515255001621	0.04632923081385254	425762	236405	5102718	0.5	0.046511627906976744	4	2	43
strmgCAMI2_short_read_pooled_gold_standard_assembly	61	spades_ESBL5852_S11_L001	0.37111021196691274	0.04625642970819078	701902	260483	5631282	0.4	0.018518518518518517	5	2	108
strmgCAMI2_short_read_pooled_gold_standard_assembly	27	spades_AND9183_S11_L001	0.33895663753783684	0.04618015686641685	701367	237733	5147947	0.2857142857142857	0.03389830508474576	7	2	59
strmgCAMI2_short_read_pooled_gold_standard_assembly	309	spades_ESBL5621_S1_L001	1.0	0.04570874368585982	240266	240266	5256456	1.0	0.0375	3	3	80
strmgCAMI2_short_read_pooled_gold_standard_assembly	95	spades_ESBL5734_S3_L001	1.0	0.04545711963775509	254448	254448	5597539	1.0	0.027777777777777776	2	2	72
strmgCAMI2_short_read_pooled_gold_standard_assembly	310	MIKI-NS20	1.0	0.0431584419885423	231445	231445	5362682	1.0	0.028846153846153848	6	6	208
strmgCAMI2_short_read_pooled_gold_standard_assembly	81	spades_ESBL5780_S5_L001	0.28312995342197994	0.042572050725625324	804242	227705	5348697	0.1702127659574468	0.07547169811320754	47	8	106
strmgCAMI2_short_read_pooled_gold_standard_assembly	279	spades_And5213_S1_L001	0.28272828526682986	0.04072667390685566	707492	200028	4911474	0.25	0.024691358024691357	8	2	81
strmgCAMI2_short_read_pooled_gold_standard_assembly	197	SP85_S68	0.07249529313892902	0.04008603491754826	1141950	82786	2065208	0.045627376425855515	0.11428571428571428	263	12	105
strmgCAMI2_short_read_pooled_gold_standard_assembly	267	spades_ESBL6628_S5_L001	0.1458854517504065	0.03990478975782635	1488997	217223	5443532	0.21739130434782608	0.125	23	5	40
strmgCAMI2_short_read_pooled_gold_standard_assembly	285	MIKI-NS20	1.0	0.03980508260605421	213462	213462	5362682	1.0	0.02403846153846154	5	5	208
strmgCAMI2_short_read_pooled_gold_standard_assembly	322	spades_And4613_S9_L001	0.5000049449625666	0.03880226211577744	404452	202228	5211758	0.5	0.0125	2	1	80
strmgCAMI2_short_read_pooled_gold_standard_assembly	208	spades_ESBL7634_S2_L001	0.8547497153594433	0.03868784093853529	251194	214708	5549754	0.8333333333333334	0.041666666666666664	6	5	120
strmgCAMI2_short_read_pooled_gold_standard_assembly	206	spades_And5444_S7_L001	0.500067976260218	0.03854950769841123	404553	202304	5247901	0.5	0.02608695652173913	6	3	115
strmgCAMI2_short_read_pooled_gold_standard_assembly	227	spades_And5388_S8_L001	0.5	0.0377813209179871	396530	198265	5247699	0.5	0.008849557522123894	2	1	113
strmgCAMI2_short_read_pooled_gold_standard_assembly	337	spades_And9454_S3_L001	1.0	0.037754652773730156	210519	210519	5575975	1.0	0.03305785123966942	4	4	121
strmgCAMI2_short_read_pooled_gold_standard_assembly	308	spades_ESBL5734_S3_L001	1.0	0.03767459235210331	210885	210885	5597539	1.0	0.027777777777777776	2	2	72
strmgCAMI2_short_read_pooled_gold_standard_assembly	307	spades_AND9183_S11_L001	0.5004860774457472	0.03750194009378884	385741	193058	5147947	0.5	0.01694915254237288	2	1	59
strmgCAMI2_short_read_pooled_gold_standard_assembly	10	spades_ESBL6983_S3_L001	0.3208987990890771	0.03750046668089844	610370	195867	5223055	0.14285714285714285	0.014925373134328358	7	1	67
strmgCAMI2_short_read_pooled_gold_standard_assembly	107	spades_And9183_S10_L001	0.5000350754121361	0.03737044539444251	384885	192456	5149952	0.5	0.014925373134328358	2	1	67
strmgCAMI2_short_read_pooled_gold_standard_assembly	334	spades_ESBL5852_S11_L001	0.26490481932762966	0.03702069972698934	786977	208474	5631282	0.4	0.018518518518518517	5	2	108
strmgCAMI2_short_read_pooled_gold_standard_assembly	184	spades_ESBL7534_S10_L001	0.26503402336575005	0.036332747435836234	669099	177334	4880831	0.2857142857142857	0.023529411764705882	7	2	85
strmgCAMI2_short_read_pooled_gold_standard_assembly	288	spades_And5388_S8_L001	0.5000026522947655	0.03592374486417761	377032	188517	5247699	0.5	0.008849557522123894	2	1	113
strmgCAMI2_short_read_pooled_gold_standard_assembly	241	spades_And8382_S4_L001	0.246424449239725	0.03559507655605382	717372	176778	4966361	0.1111111111111111	0.015151515151515152	9	1	66
strmgCAMI2_short_read_pooled_gold_standard_assembly	138	spades_And7225_S6_L001	0.36243765514687065	0.03549266306330097	480593	174185	4907634	0.25	0.019230769230769232	4	1	52
strmgCAMI2_short_read_pooled_gold_standard_assembly	44	spades_ESBL9166_S11_L001	0.5945135282617259	0.03494220725610685	276717	164512	4708117	0.75	0.020134228187919462	4	3	149
strmgCAMI2_short_read_pooled_gold_standard_assembly	1	spades_ESBL5772_S6_L001	0.450432713798233	0.0346289357166438	409393	184404	5325142	0.125	0.013888888888888888	8	1	72
strmgCAMI2_short_read_pooled_gold_standard_assembly	292	spades_ESBL7382_S4_L001	0.6942620160573881	0.034432145893242186	240886	167238	4857031	0.6	0.02727272727272727	5	3	110
strmgCAMI2_short_read_pooled_gold_standard_assembly	211	spades_ESBL6200_S12_L001	0.5437613880726867	0.0341274642564846	304595	165627	4853188	0.25	0.01818181818181818	4	1	55
strmgCAMI2_short_read_pooled_gold_standard_assembly	141	spades_ESBL7382_S4_L001	0.7028118754746923	0.03410272654220243	235679	165638	4857031	0.42857142857142855	0.02727272727272727	7	3	110
strmgCAMI2_short_read_pooled_gold_standard_assembly	124	spades_ESBL7810_S9_L001	0.11543159949476228	0.03378984183503424	1734629	200231	5925775	0.0625	0.04838709677419355	48	3	62
strmgCAMI2_short_read_pooled_gold_standard_assembly	286	spades_And5527_S8_L001	0.4140666314119513	0.03366468849487391	446276	184788	5489075	0.2	0.015625	5	1	64
strmgCAMI2_short_read_pooled_gold_standard_assembly	143	spades_And7187_S3_L001	0.662037263236755	0.033280240175923785	245604	162599	4885752	0.5	0.011235955056179775	2	1	89
strmgCAMI2_short_read_pooled_gold_standard_assembly	246	spades_And5388_S8_L001	0.5200693741350699	0.03308516742290288	333842	173621	5247699	0.5	0.017699115044247787	4	2	113
strmgCAMI2_short_read_pooled_gold_standard_assembly	66	spades_And4613_S9_L001	0.5000043707439881	0.03292497464387257	343191	171597	5211758	0.5	0.0125	2	1	80
strmgCAMI2_short_read_pooled_gold_standard_assembly	114	spades_ESBL8953_S1_L001	0.07904467680608365	0.032905856919122796	2314400	182941	5559527	0.02040816326530612	0.023809523809523808	49	1	42
strmgCAMI2_short_read_pooled_gold_standard_assembly	289	MIKI-NS13	1.0	0.03275381479828692	236046	236046	7206672	1.0	0.038461538461538464	1	1	26
strmgCAMI2_short_read_pooled_gold_standard_assembly	190	spades_ESBL5909_S5_L001	0.5	0.0323716328962079	317462	158731	4903398	0.5	0.007246376811594203	2	1	138
strmgCAMI2_short_read_pooled_gold_standard_assembly	293	spades_MRSA7113_S2_L001	0.3342238367418539	0.03237150579730049	273628	91453	2825108	0.3333333333333333	0.029411764705882353	3	1	34
strmgCAMI2_short_read_pooled_gold_standard_assembly	92	spades_ESBL7431_S12_L001	0.3739361213335842	0.0322211251989677	457054	170909	5304253	0.3333333333333333	0.04	9	3	75
strmgCAMI2_short_read_pooled_gold_standard_assembly	294	SP119_S1	0.2695269265099673	0.03179902413910113	252075	67941	2136575	0.5	0.025	8	4	160
strmgCAMI2_short_read_pooled_gold_standard_assembly	319	spades_ESBL7534_S10_L001	0.2680027846995839	0.03131249576147996	570259	152831	4880831	0.25	0.011764705882352941	4	1	85
strmgCAMI2_short_read_pooled_gold_standard_assembly	338	spades_And4621_S3_L001	0.5000062374082321	0.030740272546813125	320646	160325	5215471	0.5	0.013333333333333334	2	1	75
strmgCAMI2_short_read_pooled_gold_standard_assembly	199	spades_And5444_S7_L001	0.5000311551714469	0.030583084551328237	320974	160497	5247901	0.5	0.02608695652173913	6	3	115
strmgCAMI2_short_read_pooled_gold_standard_assembly	22	spades_And5388_S8_L001	0.44518249234961693	0.03038341185346187	358152	159443	5247699	0.3333333333333333	0.008849557522123894	3	1	113
strmgCAMI2_short_read_pooled_gold_standard_assembly	17	MIKI-NS24	0.500061342938484	0.02963905728250033	317885	158962	5363261	0.5	0.007352941176470588	2	1	136
strmgCAMI2_short_read_pooled_gold_standard_assembly	272	spades_And4955_S10_L001	0.15193273005403896	0.028691318214496303	952461	144710	5043686	0.1111111111111111	0.01818181818181818	9	1	55
strmgCAMI2_short_read_pooled_gold_standard_assembly	233	spades_ESBL8604_S8_L001	0.11059252870365217	0.02801706668671564	1293912	143097	5107494	0.07142857142857142	0.008547008547008548	14	1	117
strmgCAMI2_short_read_pooled_gold_standard_assembly	73	spades_And10062_S12_L001	0.5	0.027681448537425792	280546	140273	5067401	0.5	0.010526315789473684	2	1	95
strmgCAMI2_short_read_pooled_gold_standard_assembly	126	SP149_S30	0.1442234949486431	0.027515221035077708	403159	58145	2113194	0.010752688172043012	0.030303030303030304	93	1	33
strmgCAMI2_short_read_pooled_gold_standard_assembly	145	MIKI-NS24	0.3885308013541894	0.0269403260441735	371883	144488	5363261	0.4	0.014705882352941176	5	2	136
strmgCAMI2_short_read_pooled_gold_standard_assembly	330	spades_ESBL9656_S7_L001	0.5433281149277097	0.026607561410134088	249757	135700	5100054	0.6666666666666666	0.04081632653061224	3	2	49
strmgCAMI2_short_read_pooled_gold_standard_assembly	226	spades_ESBL5734_S3_L001	0.047602122154561846	0.026031439888136554	3061040	145712	5597539	0.02702702702702703	0.027777777777777776	74	2	72
strmgCAMI2_short_read_pooled_gold_standard_assembly	109	spades_ESBL5852_S11_L001	0.42218509605673954	0.025982538256830327	346566	146315	5631282	0.30434782608695654	0.06481481481481481	23	7	108
strmgCAMI2_short_read_pooled_gold_standard_assembly	90	spades_AND9183_S11_L001	0.36454791867815073	0.025890320937647572	365609	133282	5147947	0.4	0.03389830508474576	5	2	59
strmgCAMI2_short_read_pooled_gold_standard_assembly	118	spades_ESBL9224_S2_L001	0.5444878150138027	0.02572990317051895	269512	146746	5703325	0.5	0.02631578947368421	4	2	76
strmgCAMI2_short_read_pooled_gold_standard_assembly	346	spades_And4613_S9_L001	0.5000037380103318	0.02566542805709705	267522	133762	5211758	0.5	0.0125	2	1	80
strmgCAMI2_short_read_pooled_gold_standard_assembly	78	spades_ESBL8855_S12_L001	0.09328172698809861	0.02544889182954385	1534695	143159	5625353	0.027777777777777776	0.030303030303030304	36	1	33
strmgCAMI2_short_read_pooled_gold_standard_assembly	104	spades_And6342_S10_L001	0.250455032787294	0.025068525627960952	481284	120540	4808420	0.25	0.014492753623188406	4	1	69
strmgCAMI2_short_read_pooled_gold_standard_assembly	69	spades_ESBL7431_S12_L001	0.3971432092605228	0.024908691195536865	332681	132122	5304253	0.25	0.02666666666666667	8	2	75
strmgCAMI2_short_read_pooled_gold_standard_assembly	325	spades_ESBL7525_S1_L001	0.2468521079254674	0.023916417599208196	505497	124783	5217462	0.16666666666666666	0.01639344262295082	6	1	61
strmgCAMI2_short_read_pooled_gold_standard_assembly	240	SP130_S11	0.022935956727380358	0.023768159208771313	2152123	49361	2076770	0.00510204081632653	0.023809523809523808	196	1	42
strmgCAMI2_short_read_pooled_gold_standard_assembly	14	spades_ESBL9318_S2_L001	0.5000022189972795	0.023608665786838876	225327	112664	4772146	0.5	0.010416666666666666	2	1	96
strmgCAMI2_short_read_pooled_gold_standard_assembly	332	spades_ESBL9656_S7_L001	0.5665041189281318	0.02346190844253806	211220	119657	5100054	0.25	0.02040816326530612	4	1	49
strmgCAMI2_short_read_pooled_gold_standard_assembly	234	spades_ESBL9861_S4_L001	0.11235001739465134	0.023407072993010283	1080792	121427	5187620	0.05263157894736842	0.03488372093023256	57	3	86
strmgCAMI2_short_read_pooled_gold_standard_assembly	280	spades_And4613_S9_L001	0.5000247479830394	0.023260481396104732	242444	121228	5211758	0.5	0.0125	2	1	80
strmgCAMI2_short_read_pooled_gold_standard_assembly	244	SP71_S54	0.065071908170275	0.022932851221516972	722032	46984	2048764	0.04716981132075472	0.022172949002217297	212	10	451
strmgCAMI2_short_read_pooled_gold_standard_assembly	313	MIKI-NS25	0.404395640741537	0.02276466692521995	302345	122267	5370911	0.3333333333333333	0.007575757575757576	3	1	132
strmgCAMI2_short_read_pooled_gold_standard_assembly	188	spades_And5444_S7_L001	0.5000189151131754	0.022667538888405097	237905	118957	5247901	0.5	0.008695652173913044	2	1	115
strmgCAMI2_short_read_pooled_gold_standard_assembly	348	spades_ESBL7634_S2_L001	0.4705440844235287	0.02259271311845534	266466	125384	5549754	0.3333333333333333	0.008333333333333333	3	1	120
strmgCAMI2_short_read_pooled_gold_standard_assembly	256	spades_And4180_S6_L001	0.4791005717046461	0.022292952464094462	248380	118999	5337965	0.2	0.019230769230769232	5	1	52
strmgCAMI2_short_read_pooled_gold_standard_assembly	33	spades_AND4471_S1_L001	0.29575804019479396	0.02228869167878039	404530	119643	5367879	0.14285714285714285	0.011904761904761904	7	1	84
strmgCAMI2_short_read_pooled_gold_standard_assembly	43	spades_ESBL8514_S7_L001	0.3165926973127687	0.022278001258595765	345188	109284	4905467	0.2	0.014492753623188406	5	1	69
strmgCAMI2_short_read_pooled_gold_standard_assembly	183	spades_And5444_S7_L001	0.5000943129303027	0.022228887320854568	233266	116655	5247901	0.5	0.017391304347826087	4	2	115
strmgCAMI2_short_read_pooled_gold_standard_assembly	150	spades_ESBL7532_S2_L001	0.18157869718687802	0.022129151061196863	652158	118418	5351222	0.14285714285714285	0.010416666666666666	7	1	96
strmgCAMI2_short_read_pooled_gold_standard_assembly	327	spades_ESBL5808_S8_L001	0.5000241993320984	0.022101404108649955	227279	113645	5141981	0.5	0.015873015873015872	2	1	63
strmgCAMI2_short_read_pooled_gold_standard_assembly	282	spades_ESBL6200_S12_L001	0.317023071671541	0.021911370422905523	335433	106340	4853188	0.08333333333333333	0.01818181818181818	12	1	55
strmgCAMI2_short_read_pooled_gold_standard_assembly	221	spades_And5042_S4_L001	0.5094085962259827	0.02186896710155574	226867	115568	5284566	0.5	0.018867924528301886	2	1	53
strmgCAMI2_short_read_pooled_gold_standard_assembly	335	spades_ESBL6351_S5_L001	0.501498068808466	0.021849485944800153	223955	112313	5140304	0.5	0.011627906976744186	2	1	86
strmgCAMI2_short_read_pooled_gold_standard_assembly	318	spades_ESBL9656_S7_L001	0.50002515493151	0.021436635768954604	218645	109328	5100054	0.5	0.02040816326530612	2	1	49
strmgCAMI2_short_read_pooled_gold_standard_assembly	273	spades_ESBL5872_S5_L001	0.5221206455039707	0.02140434360815471	231571	120908	5648760	0.4	0.020618556701030927	5	2	97
strmgCAMI2_short_read_pooled_gold_standard_assembly	284	spades_ESBL5660_S7_L001	0.5136719562053912	0.02114954929388329	216465	111192	5257417	0.5	0.02040816326530612	2	1	49
strmgCAMI2_short_read_pooled_gold_standard_assembly	119	spades_And4366_S2_L001	0.500002223220201	0.020964438756153468	224899	112450	5363845	0.5	0.008695652173913044	2	1	115
strmgCAMI2_short_read_pooled_gold_standard_assembly	342	SP152_S33	0.10522166003339653	0.020842058143294123	398245	41904	2010550	0.05	0.043478260869565216	40	2	46
strmgCAMI2_short_read_pooled_gold_standard_assembly	41	spades_And4180_S6_L001	0.21163533439155463	0.020731121316831413	522890	110662	5337965	0.16666666666666666	0.019230769230769232	6	1	52
strmgCAMI2_short_read_pooled_gold_standard_assembly	3	spades_ESBL6724_S11_L001	0.506736863818775	0.020480804066109137	213304	108089	5277576	0.3333333333333333	0.013157894736842105	3	1	76
strmgCAMI2_short_read_pooled_gold_standard_assembly	0	spades_ESBL5792_S6_L001	0.3624257054181796	0.020278621782393983	295782	107199	5286306	0.3333333333333333	0.029411764705882353	6	2	68
strmgCAMI2_short_read_pooled_gold_standard_assembly	51	spades_And5444_S7_L001	0.5000541944118493	0.020219703077478023	212199	106111	5247901	0.5	0.008695652173913044	2	1	115
strmgCAMI2_short_read_pooled_gold_standard_assembly	24	spades_And4191_S5_L001	0.2696785373537241	0.02004406713034311	399331	107691	5372712	0.2222222222222222	0.01904761904761905	9	2	105
strmgCAMI2_short_read_pooled_gold_standard_assembly	6	spades_ESBL7359_S3_L001	0.4375731138391284	0.019898645655089822	283804	124185	6240877	0.4444444444444444	0.008385744234800839	9	4	477
strmgCAMI2_short_read_pooled_gold_standard_assembly	299	spades_And6399_S9_L001	0.3717277078753294	0.01983497408054789	256548	95366	4807972	0.2	0.02857142857142857	10	2	70
strmgCAMI2_short_read_pooled_gold_standard_assembly	217	spades_ESBL8956_S2_L001	0.5166175832059051	0.01970186669440859	211884	109463	5555971	0.5	0.019230769230769232	2	1	52
strmgCAMI2_short_read_pooled_gold_standard_assembly	269	spades_And4621_S3_L001	0.5000024722245571	0.019389236370022957	202247	101124	5215471	0.5	0.013333333333333334	2	1	75
strmgCAMI2_short_read_pooled_gold_standard_assembly	258	spades_And10062_S12_L001	0.3618609387670432	0.01893317698757213	265135	95942	5067401	0.3333333333333333	0.010526315789473684	3	1	95
strmgCAMI2_short_read_pooled_gold_standard_assembly	53	spades_ESBL7586_S7_L001	0.13658363500672258	0.018825497055648933	682029	93154	4948289	0.03333333333333333	0.015384615384615385	30	1	65
strmgCAMI2_short_read_pooled_gold_standard_assembly	218	spades_ESBL5827_S10_L001	0.2501297627744242	0.01849755234857073	416144	104090	5627231	0.3333333333333333	0.019230769230769232	6	2	104
strmgCAMI2_short_read_pooled_gold_standard_assembly	203	spades_ESBL7359_S3_L001	0.5607602521628461	0.01814424479123687	201933	113236	6240877	0.5	0.006289308176100629	6	3	477
strmgCAMI2_short_read_pooled_gold_standard_assembly	34	spades_And9653_S7_L001	0.3530218083924029	0.018135683613831173	242934	85761	4728854	0.3333333333333333	0.013888888888888888	3	1	72
strmgCAMI2_short_read_pooled_gold_standard_assembly	202	spades_ESBL5792_S6_L001	0.12591125271153245	0.018084272836267897	759257	95599	5286306	0.023809523809523808	0.014705882352941176	42	1	68
strmgCAMI2_short_read_pooled_gold_standard_assembly	347	spades_And7051_S7_L001	0.3338626424703665	0.017876874239191803	276461	92300	5163095	0.3333333333333333	0.017543859649122806	3	1	57
strmgCAMI2_short_read_pooled_gold_standard_assembly	192	spades_ESBL5613_S5_L001	0.05520230957664656	0.017714879706205375	1692085	93407	5272799	0.018867924528301886	0.02040816326530612	53	1	49
strmgCAMI2_short_read_pooled_gold_standard_assembly	110	SP1_S85	0.10669079784164197	0.017601252729252597	356938	38082	2163596	0.13793103448275862	0.02	29	4	200
strmgCAMI2_short_read_pooled_gold_standard_assembly	9	spades_ESBL7359_S3_L001	0.5337567862086569	0.01742351275309544	203722	108738	6240877	0.4	0.0041928721174004195	5	2	477
strmgCAMI2_short_read_pooled_gold_standard_assembly	291	spades_And5444_S7_L001	0.42930287514769594	0.017239273378061058	210737	90470	5247901	0.3333333333333333	0.008695652173913044	3	1	115
strmgCAMI2_short_read_pooled_gold_standard_assembly	115	spades_And4191_S5_L001	0.08731069210964713	0.017168610563901433	1056480	92242	5372712	0.06666666666666667	0.02857142857142857	45	3	105
strmgCAMI2_short_read_pooled_gold_standard_assembly	93	spades_ESBL9654_S5_L001	0.2500099471946069	0.01707103512944552	351858	87968	5153056	0.25	0.010869565217391304	4	1	92
strmgCAMI2_short_read_pooled_gold_standard_assembly	194	spades_VRE2943_S1_L001	0.23266103821720102	0.017015825670765164	228719	53214	3127324	0.2	0.006329113924050633	5	1	158
strmgCAMI2_short_read_pooled_gold_standard_assembly	316	spades_And4621_S3_L001	0.37110290943258867	0.016811329216479202	236266	87679	5215471	0.3333333333333333	0.013333333333333334	3	1	75
strmgCAMI2_short_read_pooled_gold_standard_assembly	57	spades_ESBL10030_S2_L001	0.33333881457242226	0.01670048876415024	243254	81086	4855307	0.3333333333333333	0.014492753623188406	3	1	69
strmgCAMI2_short_read_pooled_gold_standard_assembly	350	spades_ESBL5852_S11_L001	0.3971424626086356	0.016343170169776617	231738	92033	5631282	0.3333333333333333	0.009259259259259259	3	1	108
strmgCAMI2_short_read_pooled_gold_standard_assembly	345	spades_And9693_S1_L001	0.040609898620981605	0.016239257450524087	2092938	84994	5233860	0.030303030303030304	0.014184397163120567	66	2	141
strmgCAMI2_short_read_pooled_gold_standard_assembly	224	spades_AND4471_S1_L001	0.12882433584052763	0.016192801663375795	674725	86921	5367879	0.125	0.011904761904761904	8	1	84
strmgCAMI2_short_read_pooled_gold_standard_assembly	174	SP198_S01	0.058450294856374055	0.01554040261671705	547046	31975	2057540	0.047619047619047616	0.03333333333333333	21	1	30
strmgCAMI2_short_read_pooled_gold_standard_assembly	198	spades_And4613_S9_L001	0.34703079433412026	0.01534357504703787	230432	79967	5211758	0.25	0.0125	4	1	80
strmgCAMI2_short_read_pooled_gold_standard_assembly	161	spades_ESBL7424_S8_L001	0.20590769869698386	0.015224470157616486	385260	79328	5210559	0.16666666666666666	0.012658227848101266	6	1	79
strmgCAMI2_short_read_pooled_gold_standard_assembly	136	spades_And4355_S8_L001	0.3946153585320603	0.015190810029843087	206439	81464	5362716	0.2222222222222222	0.01680672268907563	9	2	119
strmgCAMI2_short_read_pooled_gold_standard_assembly	116	spades_And4180_S6_L001	0.36565292578475134	0.015131609143184715	220898	80772	5337965	0.5	0.057692307692307696	6	3	52
strmgCAMI2_short_read_pooled_gold_standard_assembly	91	spades_ESBL7359_S3_L001	0.09668589365324073	0.01504355878188274	971031	93885	6240877	0.05263157894736842	0.0041928721174004195	38	2	477
strmgCAMI2_short_read_pooled_gold_standard_assembly	303	spades_ESBL8960_S8_L001	0.30451023846040565	0.014944028857580914	278411	84779	5673102	0.2	0.015384615384615385	5	1	65
strmgCAMI2_short_read_pooled_gold_standard_assembly	77	spades_And9855_S12_L001	0.3431662815850048	0.014726188764351774	230687	79164	5375729	0.2	0.012195121951219513	5	1	82
strmgCAMI2_short_read_pooled_gold_standard_assembly	159	spades_And4955_S10_L001	0.08169971771386843	0.014684300331146705	906527	74063	5043686	0.041666666666666664	0.01818181818181818	24	1	55
strmgCAMI2_short_read_pooled_gold_standard_assembly	147	spades_And8861_S3_L001	0.09181988380490633	0.014646399980041977	869572	79844	5451442	0.025	0.032467532467532464	200	5	154
strmgCAMI2_short_read_pooled_gold_standard_assembly	68	spades_And7187_S3_L001	0.2703834041913513	0.014357666946664505	259439	70148	4885752	0.2727272727272727	0.033707865168539325	11	3	89
strmgCAMI2_short_read_pooled_gold_standard_assembly	216	spades_ESBL5621_S1_L001	0.3098873271965423	0.014294612187374916	242472	75139	5256456	0.2	0.0125	5	1	80
strmgCAMI2_short_read_pooled_gold_standard_assembly	275	spades_ESBL7532_S2_L001	0.34364651424781617	0.014136957876163612	220139	75650	5351222	0.3333333333333333	0.010416666666666666	3	1	96
strmgCAMI2_short_read_pooled_gold_standard_assembly	271	spades_ESBL6983_S3_L001	0.3181214530451797	0.013758805909568251	225898	71863	5223055	0.25	0.029850746268656716	8	2	67
strmgCAMI2_short_read_pooled_gold_standard_assembly	12	spades_ESBL6661_S8_L001	0.23069264054502864	0.013399051500444225	293269	67655	5049238	0.16666666666666666	0.014925373134328358	6	1	67
strmgCAMI2_short_read_pooled_gold_standard_assembly	333	spades_ESBL5660_S7_L001	0.25271889675070924	0.012928211705481989	268951	67969	5257417	0.16666666666666666	0.02040816326530612	6	1	49
strmgCAMI2_short_read_pooled_gold_standard_assembly	98	SP8_S5	0.06334864075743402	0.012819771235659205	423324	26817	2091847	0.043478260869565216	0.04878048780487805	46	2	41
strmgCAMI2_short_read_pooled_gold_standard_assembly	225	spades_ESBL7431_S12_L001	0.2591929082176337	0.012656259043450604	259004	67132	5304253	0.25	0.013333333333333334	4	1	75
strmgCAMI2_short_read_pooled_gold_standard_assembly	155	spades_ESBL10055_S8_L001	0.14639582315835817	0.012543140004946845	436119	63846	5090113	0.058823529411764705	0.017543859649122806	17	1	57
strmgCAMI2_short_read_pooled_gold_standard_assembly	177	spades_And10925_S5_L001	0.09221074947980056	0.012542773615405853	764130	70461	5617657	0.02247191011235955	0.012738853503184714	89	2	157
strmgCAMI2_short_read_pooled_gold_standard_assembly	121	spades_ESBL9654_S5_L001	0.03618140727308458	0.01179028522104165	1679205	60756	5153056	0.05	0.03260869565217391	60	3	92
strmgCAMI2_short_read_pooled_gold_standard_assembly	235	spades_VRE3021_S4_L001	0.1282184058973439	0.01174220201261986	270359	34665	2952172	0.11538461538461539	0.023076923076923078	26	3	130
strmgCAMI2_short_read_pooled_gold_standard_assembly	40	spades_ESBL9861_S4_L001	0.29178679965713394	0.011549034046441335	205328	59912	5187620	0.25	0.011627906976744186	4	1	86
strmgCAMI2_short_read_pooled_gold_standard_assembly	196	spades_MRSA7295_S3_L001	0.14944129584430746	0.01147969091836115	217557	32512	2832132	0.15789473684210525	0.07317073170731707	19	3	41
strmgCAMI2_short_read_pooled_gold_standard_assembly	173	spades_VRE3786_S19_L001	0.12786927953223146	0.011335959144356415	276376	35340	3117513	0.11538461538461539	0.019230769230769232	26	3	156
strmgCAMI2_short_read_pooled_gold_standard_assembly	125	spades_ESBL7347_S10_L001	0.06024501793031444	0.011224975883840875	953971	57472	5120011	0.03389830508474576	0.038461538461538464	59	2	52
strmgCAMI2_short_read_pooled_gold_standard_assembly	83	spades_ESBL6769_S11_L001	0.22246699206657738	0.01119060716159748	277812	61804	5522846	0.16666666666666666	0.022222222222222223	6	1	45
strmgCAMI2_short_read_pooled_gold_standard_assembly	168	spades_And7051_S7_L001	0.2238642843565862	0.010949246527518863	252528	56532	5163095	0.09090909090909091	0.017543859649122806	11	1	57
strmgCAMI2_short_read_pooled_gold_standard_assembly	139	spades_And10054_S9_L001	0.05942766081841088	0.01094545853047261	966385	57430	5246925	0.0425531914893617	0.01904761904761905	47	2	105
strmgCAMI2_short_read_pooled_gold_standard_assembly	326	spades_ESBL9654_S5_L001	0.06906341510606394	0.01080582085659461	806259	55683	5153056	0.017857142857142856	0.010869565217391304	56	1	92
strmgCAMI2_short_read_pooled_gold_standard_assembly	72	spades_And7225_S6_L001	0.11168827541908412	0.0097788465888043	429687	47991	4907634	0.030303030303030304	0.019230769230769232	33	1	52
strmgCAMI2_short_read_pooled_gold_standard_assembly	122	spades_ESBL6983_S3_L001	0.11358838636231215	0.009704473722754212	446234	50687	5223055	0.07894736842105263	0.04477611940298507	38	3	67
strmgCAMI2_short_read_pooled_gold_standard_assembly	25	spades_And4355_S8_L001	0.22390676079025915	0.008812698640017484	211070	47260	5362716	0.2857142857142857	0.01680672268907563	7	2	119
strmgCAMI2_short_read_pooled_gold_standard_assembly	175	spades_And6241_S2_L001	0.16308732897289316	0.008664872642789805	291255	47500	5481904	0.14285714285714285	0.03278688524590164	14	2	61
strmgCAMI2_short_read_pooled_gold_standard_assembly	185	spades_ESBL6661_S8_L001	0.07903049733615253	0.008631401411460501	551458	43582	5049238	0.02040816326530612	0.014925373134328358	49	1	67
strmgCAMI2_short_read_pooled_gold_standard_assembly	70	spades_MRSA7796_S10_L001	0.0547264143714021	0.008528993765478186	430633	23567	2763163	0.011111111111111112	0.05263157894736842	90	1	19
strmgCAMI2_short_read_pooled_gold_standard_assembly	84	spades_ESBL6210_S10_L001	0.1682427927794032	0.008263230397508934	235493	39620	4794735	0.13043478260869565	0.03333333333333333	23	3	90
strmgCAMI2_short_read_pooled_gold_standard_assembly	176	spades_And5237_S4_L001	0.06136872031156702	0.008107782610099793	785449	48202	5945152	0.09090909090909091	0.0047694753577106515	33	3	629
strmgCAMI2_short_read_pooled_gold_standard_assembly	314	spades_ESBL7862_S8_L001	0.1387701373553709	0.007642310077923785	325142	45120	5903974	0.0625	0.017391304347826087	32	2	115
strmgCAMI2_short_read_pooled_gold_standard_assembly	137	spades_ESBL6760_S6_L001	0.08829237252633033	0.007402171822652392	441601	38990	5267373	0.06666666666666667	0.02631578947368421	30	2	76
strmgCAMI2_short_read_pooled_gold_standard_assembly	251	spades_And11624_S6_L001	0.12217028380634391	0.00737528680271138	299500	36590	4961163	0.06666666666666667	0.011494252873563218	15	1	87
strmgCAMI2_short_read_pooled_gold_standard_assembly	133	spades_ESBL6364_S9_L001	0.09975023113969117	0.006790054804382247	362335	36143	5322932	0.058823529411764705	0.00980392156862745	17	1	102
strmgCAMI2_short_read_pooled_gold_standard_assembly	23	spades_And5444_S7_L001	0.1356483950617284	0.00654280635248264	253125	34336	5247901	0.125	0.008695652173913044	8	1	115
strmgCAMI2_short_read_pooled_gold_standard_assembly	295	spades_And10073_S10_L001	0.07956131998677843	0.006147546451580686	405398	32254	5246646	0.06451612903225806	0.021052631578947368	31	2	95
strmgCAMI2_short_read_pooled_gold_standard_assembly	39	spades_ESBL6661_S8_L001	0.12501311213497834	0.006136767567700314	247862	30986	5049238	0.125	0.014925373134328358	8	1	67
strmgCAMI2_short_read_pooled_gold_standard_assembly	164	spades_ESBL5909_S5_L001	0.041047059796542884	0.006072931465077891	725460	29778	4903398	0.030303030303030304	0.014492753623188406	66	2	138
strmgCAMI2_short_read_pooled_gold_standard_assembly	253	spades_ESBL6983_S3_L001	0.13496376811594202	0.0059051646976721476	228528	30843	5223055	0.18181818181818182	0.029850746268656716	11	2	67
strmgCAMI2_short_read_pooled_gold_standard_assembly	248	spades_And10054_S9_L001	0.02789158102529252	0.005749272192760522	1081545	30166	5246925	0.027777777777777776	0.009523809523809525	36	1	105
strmgCAMI2_short_read_pooled_gold_standard_assembly	152	spades_ESBL7359_S3_L001	0.06604456569782506	0.005554668037841476	524888	34666	6240877	0.02702702702702703	0.0020964360587002098	37	1	477
strmgCAMI2_short_read_pooled_gold_standard_assembly	223	spades_And4355_S8_L001	0.11721915000066413	0.004936864081558673	225859	26475	5362716	0.1111111111111111	0.008403361344537815	9	1	119
strmgCAMI2_short_read_pooled_gold_standard_assembly	255	spades_And6166_S1_L001	0.09759638589107478	0.004603022960117454	258985	25276	5491174	0.09090909090909091	0.017857142857142856	11	1	56
strmgCAMI2_short_read_pooled_gold_standard_assembly	209	spades_ESBL8960_S8_L001	0.12131334414082756	0.004577213665469085	214049	25967	5673102	0.038461538461538464	0.015384615384615385	26	1	65
strmgCAMI2_short_read_pooled_gold_standard_assembly	189	spades_And8861_S3_L001	0.07599021852561406	0.004474779333614849	321015	24394	5451442	0.06060606060606061	0.012987012987012988	33	2	154
strmgCAMI2_short_read_pooled_gold_standard_assembly	167	SP87_S70	0.0074866188245843795	0.002947665106147859	789542	5911	2005316	0.004975124378109453	0.007352941176470588	201	1	136
strmgCAMI2_short_read_pooled_gold_standard_assembly	160	SP108_S87	0.01863001529882051	0.002732151451659013	283682	5285	1934373	0.02631578947368421	0.0038684719535783366	76	2	517
