sample_id	Bin ID	Most abundant genome	Purity (bp)	Completeness (bp)	Bin size (bp)	True positives (bp)	True size of most abundant genome (bp)	Purity (seq)	Completeness (seq)	Bin size (seq)	True positives (seq)	True size of most abundant genome (seq)
strmgCAMI2_short_read_pooled_gold_standard_assembly	303	spades_And8926_S4_L001	1.0	0.9996444368621923	4593893	4593893	4595527	1.0	0.9761904761904762	41	41	42
strmgCAMI2_short_read_pooled_gold_standard_assembly	272	SP20_S77	0.9937655922393339	0.9976689225090442	2210635	2196853	2201986	0.989247311827957	0.989247311827957	93	92	93
strmgCAMI2_short_read_pooled_gold_standard_assembly	288	SP68_S51	1.0	0.9974331616277341	2280990	2280990	2286860	1.0	0.963855421686747	80	80	83
strmgCAMI2_short_read_pooled_gold_standard_assembly	83	SP196_S75	1.0	0.9973181082004272	1964967	1964967	1970251	1.0	0.96875	31	31	32
strmgCAMI2_short_read_pooled_gold_standard_assembly	208	SP149_S30	0.9903394543117496	0.9968105152674104	2127002	2106454	2113194	0.8611111111111112	0.9393939393939394	36	31	33
strmgCAMI2_short_read_pooled_gold_standard_assembly	94	spades_MRSA7796_S10_L001	1.0	0.996631396700086	2753855	2753855	2763163	1.0	0.8421052631578947	16	16	19
strmgCAMI2_short_read_pooled_gold_standard_assembly	186	SP124_S6	0.9979766445299799	0.9906240201144385	2054508	2050351	2069757	0.9591836734693877	0.8703703703703703	49	47	54
strmgCAMI2_short_read_pooled_gold_standard_assembly	293	SP117_S95	1.0	0.9901955215690028	2213995	2213995	2235917	1.0	0.90625	58	58	64
strmgCAMI2_short_read_pooled_gold_standard_assembly	295	SP119_S1	0.9925845116451851	0.9879643822472883	2126630	2110860	2136575	0.9808917197452229	0.9625	157	154	160
strmgCAMI2_short_read_pooled_gold_standard_assembly	302	spades_ESBL8341_S10_L001	1.0	0.9863546130736022	4796316	4796316	4862669	1.0	0.9555555555555556	43	43	45
strmgCAMI2_short_read_pooled_gold_standard_assembly	116	spades_And11624_S6_L001	0.9104794125481939	0.9837927115073622	5360644	4880756	4961163	0.8795180722891566	0.8390804597701149	83	73	87
strmgCAMI2_short_read_pooled_gold_standard_assembly	3	spades_And10925_S5_L001	0.9993072957272567	0.9781533475610917	5498739	5494930	5617657	0.9777777777777777	0.8407643312101911	135	132	157
strmgCAMI2_short_read_pooled_gold_standard_assembly	271	spades_MRSA8339_S5_L001	0.9995495354584415	0.9778156603386389	2717195	2715971	2777590	0.9333333333333333	0.7368421052631579	15	14	19
strmgCAMI2_short_read_pooled_gold_standard_assembly	0	spades_ESBL8075_S12_L001	0.9995356177223301	0.9749131165955582	5271519	5269071	5404657	0.9782608695652174	0.7377049180327869	46	45	61
strmgCAMI2_short_read_pooled_gold_standard_assembly	268	SP181_S61	1.0	0.9700963651099275	2070758	2070758	2134590	1.0	0.9666666666666667	87	87	90
strmgCAMI2_short_read_pooled_gold_standard_assembly	265	spades_ESBL10055_S8_L001	0.9996957574594694	0.9683040435448094	4930277	4928777	5090113	0.9791666666666666	0.8245614035087719	48	47	57
strmgCAMI2_short_read_pooled_gold_standard_assembly	149	spades_ESBL8960_S8_L001	0.9954787486313734	0.967514774104185	5513739	5488810	5673102	0.8983050847457628	0.8153846153846154	59	53	65
strmgCAMI2_short_read_pooled_gold_standard_assembly	152	SP69_S52	0.9642892011072078	0.9617375067732596	2212412	2133405	2218282	0.8846153846153846	0.8518518518518519	52	46	54
strmgCAMI2_short_read_pooled_gold_standard_assembly	15	spades_ESBL7586_S7_L001	0.997748834150274	0.9614357609266556	4768196	4757462	4948289	0.9183673469387755	0.6923076923076923	49	45	65
strmgCAMI2_short_read_pooled_gold_standard_assembly	148	spades_ESBL7553_S11_L001	0.9981339963552325	0.9584944351638999	5181126	5171458	5395397	0.9787234042553191	0.647887323943662	47	46	71
strmgCAMI2_short_read_pooled_gold_standard_assembly	188	spades_ESBL8909_S7_L001	0.9997926018337884	0.9577765891451077	5043439	5042393	5264686	0.9736842105263158	0.6607142857142857	38	37	56
strmgCAMI2_short_read_pooled_gold_standard_assembly	58	spades_And4180_S6_L001	0.9926431325666732	0.9476071873832069	5095783	5058294	5337965	0.8936170212765957	0.8076923076923077	47	42	52
strmgCAMI2_short_read_pooled_gold_standard_assembly	224	SP130_S11	1.0	0.9467875595275356	1966260	1966260	2076770	1.0	0.8095238095238095	34	34	42
strmgCAMI2_short_read_pooled_gold_standard_assembly	100	spades_And4246_S5_L001	0.7974020036967205	0.9450739214950673	6684844	5330508	5640308	0.12	0.5689655172413793	275	33	58
strmgCAMI2_short_read_pooled_gold_standard_assembly	81	spades_ESBL8855_S12_L001	0.9994864117996228	0.9416731714436409	5299966	5297244	5625353	0.9259259259259259	0.7575757575757576	27	25	33
strmgCAMI2_short_read_pooled_gold_standard_assembly	134	spades_And9387_S6_L001	0.9982969235031454	0.9412063181712181	5219378	5210489	5535969	0.8367346938775511	0.6212121212121212	49	41	66
strmgCAMI2_short_read_pooled_gold_standard_assembly	270	spades_ESBL5621_S1_L001	0.9747760679157952	0.9283893939186403	5006317	4880038	5256456	0.9019607843137255	0.575	51	46	80
strmgCAMI2_short_read_pooled_gold_standard_assembly	118	SP27_S15	1.0	0.9257798378220081	1833544	1833544	1980540	1.0	0.7272727272727273	16	16	22
strmgCAMI2_short_read_pooled_gold_standard_assembly	274	spades_ESBL9336_S1_L001	0.9989428631872226	0.9243965553762327	4783676	4778619	5169447	0.9710144927536232	0.67	69	67	100
strmgCAMI2_short_read_pooled_gold_standard_assembly	240	spades_ESBL5734_S3_L001	0.9996976012739929	0.9207414186841754	5155445	5153886	5597539	0.9807692307692307	0.7083333333333334	52	51	72
strmgCAMI2_short_read_pooled_gold_standard_assembly	187	SP36_S23	0.9794060920661607	0.9183484333955171	1955724	1915448	2085753	0.8979591836734694	0.7586206896551724	49	44	58
strmgCAMI2_short_read_pooled_gold_standard_assembly	113	spades_ESBL6164_S11_L001	0.9992032660313298	0.9141788663085931	4844779	4840919	5295374	0.9831460674157303	0.9162303664921466	178	175	191
strmgCAMI2_short_read_pooled_gold_standard_assembly	220	spades_And12875_S7_L001	1.0	0.9070011592341749	4717957	4717957	5201710	1.0	0.8285714285714286	58	58	70
strmgCAMI2_short_read_pooled_gold_standard_assembly	214	spades_ESBL7810_S9_L001	0.5065566627090758	0.9049643295602685	10586407	5362615	5925775	0.29069767441860467	0.4032258064516129	86	25	62
strmgCAMI2_short_read_pooled_gold_standard_assembly	275	spades_ESBL6351_S5_L001	0.9624888856802752	0.9025810535719289	4820358	4639541	5140304	0.8823529411764706	0.6976744186046512	68	60	86
strmgCAMI2_short_read_pooled_gold_standard_assembly	177	SP187_S66	0.9469288916772506	0.8848541641664901	1829828	1732717	1958195	0.896551724137931	0.7703703703703704	116	104	135
strmgCAMI2_short_read_pooled_gold_standard_assembly	203	SP48_S35	0.9432155358038017	0.8464487810688283	1823298	1719763	2031739	0.8214285714285714	0.6052631578947368	28	23	38
strmgCAMI2_short_read_pooled_gold_standard_assembly	120	spades_ESBL9046_S6_L001	0.9997790294655378	0.8221912231274187	4643153	4642127	5646043	0.9565217391304348	0.36065573770491804	23	22	61
strmgCAMI2_short_read_pooled_gold_standard_assembly	153	SP96_S77	0.9950093667868009	0.798160344485418	1738056	1729382	2166710	0.9705882352941176	0.6875	34	33	48
strmgCAMI2_short_read_pooled_gold_standard_assembly	42	spades_ESBL8514_S7_L001	1.0	0.7875980003534832	3863536	3863536	4905467	1.0	0.5652173913043478	39	39	69
strmgCAMI2_short_read_pooled_gold_standard_assembly	234	SP105_S84	0.9930029418362769	0.7698551162879176	1569088	1558109	2023899	0.8695652173913043	0.7142857142857143	23	20	28
strmgCAMI2_short_read_pooled_gold_standard_assembly	225	spades_ESBL5872_S5_L001	0.731832805635658	0.7612932749842444	5876155	4300363	5648760	0.3974358974358974	0.31958762886597936	78	31	97
strmgCAMI2_short_read_pooled_gold_standard_assembly	117	SP155_S36	0.9933922311215743	0.7483364208180646	1563160	1552831	2075044	0.9166666666666666	0.6875	36	33	48
strmgCAMI2_short_read_pooled_gold_standard_assembly	269	spades_ESBL6364_S9_L001	0.9498643762303558	0.7249149528868676	4062341	3858673	5322932	0.8823529411764706	0.29411764705882354	34	30	102
strmgCAMI2_short_read_pooled_gold_standard_assembly	124	SP157_S38	0.9972966675071872	0.7128017051487561	1463379	1459423	2047446	0.9782608695652174	0.6040268456375839	92	90	149
strmgCAMI2_short_read_pooled_gold_standard_assembly	184	SP184_S64	0.9966779429288071	0.7123969340757713	1167349	1163471	1633178	0.9891696750902527	0.6682926829268293	277	274	410
strmgCAMI2_short_read_pooled_gold_standard_assembly	85	SP101_S82	0.9991937299172932	0.712031323211511	1519342	1518117	2132093	0.9629629629629629	0.6190476190476191	27	26	42
strmgCAMI2_short_read_pooled_gold_standard_assembly	4	SP1_S85	0.9848097082030427	0.7023427663944655	1543025	1519586	2163596	0.9246575342465754	0.675	146	135	200
strmgCAMI2_short_read_pooled_gold_standard_assembly	95	spades_ESBL9166_S11_L001	0.5201369149649927	0.6591401615550335	5966331	3103309	4708117	0.5390625	0.46308724832214765	128	69	149
strmgCAMI2_short_read_pooled_gold_standard_assembly	139	SP121_S3	0.5425049338647364	0.5772905418473675	2211755	1199888	2078482	0.3037974683544304	0.5217391304347826	79	24	46
strmgCAMI2_short_read_pooled_gold_standard_assembly	207	SP12_S9	0.9852231149509827	0.5332181142533224	1074110	1058238	1984625	0.9529411764705882	0.5192307692307693	85	81	156
strmgCAMI2_short_read_pooled_gold_standard_assembly	241	spades_MRSA7129_S8_L001	0.5207738337973666	0.5314556451830081	2842109	1480096	2784985	0.4878048780487805	0.5	41	20	40
strmgCAMI2_short_read_pooled_gold_standard_assembly	199	SP56_S42	0.5621466571742929	0.530144861157024	1931375	1085716	2047961	0.10824742268041238	0.5675675675675675	194	21	37
strmgCAMI2_short_read_pooled_gold_standard_assembly	130	SP2_S86	0.9989754536918729	0.5209917119855613	1098047	1096922	2105450	0.9411764705882353	0.41025641025641024	17	16	39
strmgCAMI2_short_read_pooled_gold_standard_assembly	132	SP160_S41	0.8966100933752941	0.5076088125715068	1157908	1038192	2045260	0.5	0.32142857142857145	18	9	28
strmgCAMI2_short_read_pooled_gold_standard_assembly	205	SP190_S69	0.9976195106929554	0.4987112449323315	987192	984842	1974774	0.9805825242718447	0.42436974789915966	103	101	238
strmgCAMI2_short_read_pooled_gold_standard_assembly	98	SP34_S21	0.8068526447062188	0.49013738038747917	1258930	1015771	2072421	0.6515151515151515	0.4479166666666667	66	43	96
strmgCAMI2_short_read_pooled_gold_standard_assembly	20	spades_MRSA8758_S5_L001	0.9269740512077008	0.4885785923309018	1484308	1375915	2816159	0.6666666666666666	0.11764705882352941	3	2	17
strmgCAMI2_short_read_pooled_gold_standard_assembly	193	SP62_S46	1.0	0.48837375462199056	1018460	1018460	2085411	1.0	0.3652173913043478	42	42	115
strmgCAMI2_short_read_pooled_gold_standard_assembly	80	SP138_S19	0.5892933870986916	0.4865030084190868	1766441	1040952	2139662	0.425	0.3269230769230769	40	17	52
strmgCAMI2_short_read_pooled_gold_standard_assembly	29	spades_ESBL5909_S5_L001	0.5350101918841831	0.47939612489135086	4393692	2350670	4903398	0.4935064935064935	0.2753623188405797	77	38	138
strmgCAMI2_short_read_pooled_gold_standard_assembly	19	spades_MRSA8602_S6_L001	0.8648201281490441	0.4773585877147661	1554440	1344311	2816145	0.5	0.11764705882352941	4	2	17
strmgCAMI2_short_read_pooled_gold_standard_assembly	209	SP56_S42	0.3728029318731591	0.4633306005338969	2545267	948883	2047961	0.04105571847507331	0.3783783783783784	341	14	37
strmgCAMI2_short_read_pooled_gold_standard_assembly	75	spades_ESBL7382_S4_L001	0.819092477480288	0.4567844018290186	2708627	2218616	4857031	0.6865671641791045	0.41818181818181815	67	46	110
strmgCAMI2_short_read_pooled_gold_standard_assembly	221	SP49_S36	0.3879949872238758	0.44395550357319347	2354783	913644	2057963	0.0898876404494382	0.2191780821917808	178	16	73
strmgCAMI2_short_read_pooled_gold_standard_assembly	161	spades_And5284_S5_L001	0.9942631527028273	0.4365882937314552	2473484	2459294	5632982	0.2	0.04	10	2	50
strmgCAMI2_short_read_pooled_gold_standard_assembly	79	spades_ESBL6101_S9_L001	1.0	0.4169277211483718	2064373	2064373	4951393	1.0	0.40298507462686567	27	27	67
strmgCAMI2_short_read_pooled_gold_standard_assembly	74	SP140_S21	0.5435894036442581	0.4007364152946202	1568879	852826	2128147	0.6216216216216216	0.4946236559139785	74	46	93
strmgCAMI2_short_read_pooled_gold_standard_assembly	112	spades_And9353_S7_L001	0.9279087078435807	0.39195548953277587	2277085	2112927	5390732	0.7096774193548387	0.3283582089552239	31	22	67
strmgCAMI2_short_read_pooled_gold_standard_assembly	211	SP49_S36	0.38427601261336375	0.3811696323014554	2041327	784433	2057963	0.184	0.3150684931506849	125	23	73
strmgCAMI2_short_read_pooled_gold_standard_assembly	57	spades_ESBL6760_S6_L001	0.7736716052023329	0.37219634910988836	2534017	1960497	5267373	0.9333333333333333	0.18421052631578946	15	14	76
strmgCAMI2_short_read_pooled_gold_standard_assembly	66	MIKI-NS11	1.0	0.36400846679587884	742222	742222	2039024	1.0	0.14814814814814814	4	4	27
strmgCAMI2_short_read_pooled_gold_standard_assembly	7	SP188_S67	0.9766267776179952	0.35750246278351444	746153	728713	2038344	0.9699248120300752	0.3265822784810127	133	129	395
strmgCAMI2_short_read_pooled_gold_standard_assembly	204	spades_ESBL7634_S2_L001	0.7766733276775052	0.3480644367299884	2487110	1931672	5549754	0.7586206896551724	0.18333333333333332	29	22	120
strmgCAMI2_short_read_pooled_gold_standard_assembly	197	SP17_S90	0.8665598647012173	0.34062565896317204	818337	709138	2081869	0.4857142857142857	0.2982456140350877	35	17	57
strmgCAMI2_short_read_pooled_gold_standard_assembly	216	SP71_S54	0.44078249676860515	0.31891716176192086	1482332	653386	2048764	0.7216494845360825	0.31042128603104213	194	140	451
strmgCAMI2_short_read_pooled_gold_standard_assembly	212	SP136_S17	0.606208332676638	0.30195708610207345	1015184	615413	2038081	0.16666666666666666	0.07692307692307693	6	1	13
strmgCAMI2_short_read_pooled_gold_standard_assembly	62	MIKI-NS11	1.0	0.2995482152245388	610786	610786	2039024	1.0	0.37037037037037035	10	10	27
strmgCAMI2_short_read_pooled_gold_standard_assembly	32	SP112_S90	0.4325780020956841	0.2946144413186179	1416244	612636	2079450	0.4126984126984127	0.37142857142857144	63	26	70
strmgCAMI2_short_read_pooled_gold_standard_assembly	136	SP120_S2	0.4081164388295299	0.2702427730962494	1374593	560994	2075889	0.2033898305084746	0.2608695652173913	59	12	46
strmgCAMI2_short_read_pooled_gold_standard_assembly	114	spades_And4621_S3_L001	0.5530475124907557	0.2560846374181737	2414986	1335602	5215471	0.4375	0.09333333333333334	16	7	75
strmgCAMI2_short_read_pooled_gold_standard_assembly	92	spades_And7225_S6_L001	0.9814689908792625	0.24520695716102708	1226107	1203386	4907634	0.7222222222222222	0.25	18	13	52
strmgCAMI2_short_read_pooled_gold_standard_assembly	238	spades_MRSA7231_S7_L001	0.5229430294024318	0.24295587644642705	1292070	675679	2781077	0.4444444444444444	0.1	9	4	40
strmgCAMI2_short_read_pooled_gold_standard_assembly	196	SP144_S25	0.9945516494841243	0.2401461399314921	500702	497974	2073629	0.9130434782608695	0.2692307692307692	23	21	78
strmgCAMI2_short_read_pooled_gold_standard_assembly	8	spades_ESBL9654_S5_L001	1.0	0.23779792030204988	1225386	1225386	5153056	1.0	0.17391304347826086	16	16	92
strmgCAMI2_short_read_pooled_gold_standard_assembly	215	SP144_S25	0.4634742390101932	0.22992926892901286	1028726	476788	2073629	0.3611111111111111	0.16666666666666666	36	13	78
strmgCAMI2_short_read_pooled_gold_standard_assembly	67	spades_And7051_S7_L001	0.8095840821512604	0.2257151960209913	1439491	1165389	5163095	0.4864864864864865	0.3157894736842105	37	18	57
strmgCAMI2_short_read_pooled_gold_standard_assembly	48	spades_ESBL6210_S10_L001	0.9953808960729309	0.22489730923606832	1083327	1078323	4794735	0.9285714285714286	0.28888888888888886	28	26	90
strmgCAMI2_short_read_pooled_gold_standard_assembly	235	SP133_S14	0.9950207060853319	0.22365304579556386	447453	445225	1990695	0.8181818181818182	0.16981132075471697	11	9	53
strmgCAMI2_short_read_pooled_gold_standard_assembly	155	spades_And4543_S2_L001	1.0	0.22091788898645712	1233256	1233256	5582418	1.0	0.01818181818181818	1	1	55
strmgCAMI2_short_read_pooled_gold_standard_assembly	154	spades_And4500_S1_L001	1.0	0.22079128562116393	1233256	1233256	5585619	1.0	0.017857142857142856	1	1	56
strmgCAMI2_short_read_pooled_gold_standard_assembly	140	spades_ESBL9166_S11_L001	0.9865536862225521	0.2179378719772682	1040062	1026077	4708117	0.9264705882352942	0.4228187919463087	68	63	149
strmgCAMI2_short_read_pooled_gold_standard_assembly	14	spades_MRSA8602_S6_L001	0.5000093956627987	0.21731693502997892	1223969	611996	2816145	0.5	0.058823529411764705	2	1	17
strmgCAMI2_short_read_pooled_gold_standard_assembly	248	spades_VRE2961_S3_L001	0.9880580706896522	0.20657434742484113	596721	589595	2854154	0.9347826086956522	0.2925170068027211	46	43	147
strmgCAMI2_short_read_pooled_gold_standard_assembly	255	spades_ESBL6364_S9_L001	0.9431215162234616	0.202704261485963	1144053	1078981	5322932	0.8863636363636364	0.38235294117647056	44	39	102
strmgCAMI2_short_read_pooled_gold_standard_assembly	1	spades_ESBL9044_S9_L001	0.8798207050516317	0.20065944754748968	1149391	1011258	5039673	0.4461538461538462	0.31868131868131866	65	29	91
strmgCAMI2_short_read_pooled_gold_standard_assembly	231	SP136_S17	0.6952650112866817	0.1889046608059248	553750	385003	2038081	0.42857142857142855	0.23076923076923078	7	3	13
strmgCAMI2_short_read_pooled_gold_standard_assembly	277	spades_ESBL8411_S7_L001	0.5995097730990746	0.179117341176963	1813038	1086934	6068279	0.8328445747800587	0.6269315673289183	341	284	453
strmgCAMI2_short_read_pooled_gold_standard_assembly	6	spades_ESBL9875_S5_L001	0.6293267722364005	0.1785046289714942	1472518	926695	5191434	0.5416666666666666	0.14942528735632185	24	13	87
strmgCAMI2_short_read_pooled_gold_standard_assembly	12	spades_ESBL5911_S4_L001	0.5068584438413349	0.17738907367569212	1715185	869356	4900843	0.4883720930232558	0.27450980392156865	86	42	153
strmgCAMI2_short_read_pooled_gold_standard_assembly	18	spades_VRE3786_S19_L001	0.1616873312360921	0.17689998405780505	3410830	551488	3117513	0.1388888888888889	0.19230769230769232	216	30	156
strmgCAMI2_short_read_pooled_gold_standard_assembly	218	SP136_S17	1.0	0.17205547767728566	350663	350663	2038081	1.0	0.07692307692307693	1	1	13
strmgCAMI2_short_read_pooled_gold_standard_assembly	135	spades_And4613_S9_L001	0.5473770084947133	0.17096726286984162	1627836	891040	5211758	0.4444444444444444	0.05	9	4	80
strmgCAMI2_short_read_pooled_gold_standard_assembly	289	spades_AND4471_S1_L001	0.9835022219538312	0.16990658694057745	927337	912038	5367879	0.9	0.42857142857142855	40	36	84
strmgCAMI2_short_read_pooled_gold_standard_assembly	91	SP18_S91	0.8283052195973839	0.1598111202882047	399686	331062	2071583	0.8787878787878788	0.13425925925925927	33	29	216
strmgCAMI2_short_read_pooled_gold_standard_assembly	213	SP60_S48	0.671306871452193	0.15978517932069478	469304	315047	1971691	0.3333333333333333	0.13793103448275862	12	4	29
strmgCAMI2_short_read_pooled_gold_standard_assembly	84	spades_ESBL7532_S2_L001	0.2798208960211182	0.15649005031000396	2992675	837413	5351222	0.16923076923076924	0.34375	195	33	96
strmgCAMI2_short_read_pooled_gold_standard_assembly	31	spades_ESBL9440_S6_L001	0.5418086959651336	0.15341274983254022	1444831	782822	5102718	0.5	0.023255813953488372	2	1	43
strmgCAMI2_short_read_pooled_gold_standard_assembly	232	spades_MRSA7231_S7_L001	0.527198091623134	0.14772909919430494	779301	410846	2781077	0.5384615384615384	0.175	13	7	40
strmgCAMI2_short_read_pooled_gold_standard_assembly	250	spades_ESBL5609_S2_L001	0.39744935577124746	0.14450812066743618	1849964	735267	5088067	0.23076923076923078	0.29508196721311475	78	18	61
strmgCAMI2_short_read_pooled_gold_standard_assembly	36	spades_ESBL9656_S7_L001	1.0	0.14053929625058872	716758	716758	5100054	1.0	0.02040816326530612	1	1	49
strmgCAMI2_short_read_pooled_gold_standard_assembly	180	spades_VRE3253_S17_L001	0.4177537624748769	0.13849064168366196	980671	409679	2958171	0.3508771929824561	0.145985401459854	57	20	137
strmgCAMI2_short_read_pooled_gold_standard_assembly	35	spades_ESBL9440_S6_L001	1.0	0.1377452173527912	702875	702875	5102718	1.0	0.023255813953488372	1	1	43
strmgCAMI2_short_read_pooled_gold_standard_assembly	239	SP111_S89	0.9262076562571293	0.13538845002062802	306834	284192	2099086	0.75	0.125	4	3	24
strmgCAMI2_short_read_pooled_gold_standard_assembly	219	SP60_S48	0.5766402175984477	0.13504854462489305	461768	266274	1971691	0.6666666666666666	0.06896551724137931	3	2	29
strmgCAMI2_short_read_pooled_gold_standard_assembly	157	spades_And4621_S3_L001	1.0	0.1309929630516592	683190	683190	5215471	1.0	0.013333333333333334	1	1	75
strmgCAMI2_short_read_pooled_gold_standard_assembly	259	spades_ESBL5852_S11_L001	0.4031182862245484	0.12954918613559044	1809712	729528	5631282	0.4444444444444444	0.2962962962962963	72	32	108
strmgCAMI2_short_read_pooled_gold_standard_assembly	128	spades_ESBL9318_S2_L001	0.5805959454185825	0.1275093008470403	1048049	608493	4772146	0.5777777777777777	0.2708333333333333	45	26	96
strmgCAMI2_short_read_pooled_gold_standard_assembly	82	spades_ESBL5780_S5_L001	1.0	0.12725697492305135	680659	680659	5348697	1.0	0.1792452830188679	19	19	106
strmgCAMI2_short_read_pooled_gold_standard_assembly	69	spades_VRE3277_S16_L001	0.08530284457631804	0.12544436593988584	4499932	383857	3059978	0.06839945280437756	0.31645569620253167	731	50	158
strmgCAMI2_short_read_pooled_gold_standard_assembly	54	MIKI-NS23	0.33999230012405357	0.12433926977087732	1963668	667632	5369438	0.3263157894736842	0.248	95	31	125
strmgCAMI2_short_read_pooled_gold_standard_assembly	195	SP41_S28	0.5509648575903651	0.12404074372408828	460327	253624	2044683	0.5454545454545454	0.075	11	6	80
strmgCAMI2_short_read_pooled_gold_standard_assembly	40	spades_ESBL9656_S7_L001	0.7266879400876637	0.12382104189485052	869003	631494	5100054	0.5	0.04081632653061224	4	2	49
strmgCAMI2_short_read_pooled_gold_standard_assembly	151	spades_And5237_S4_L001	0.9949424612349121	0.12196946352254745	728813	725127	5945152	0.996031746031746	0.3990461049284579	252	251	629
strmgCAMI2_short_read_pooled_gold_standard_assembly	22	spades_ESBL5909_S5_L001	0.5256360098970119	0.12165808282338085	1134888	596538	4903398	0.52	0.09420289855072464	25	13	138
strmgCAMI2_short_read_pooled_gold_standard_assembly	144	spades_ESBL8604_S8_L001	0.8586608333124601	0.12081384726051562	718626	617056	5107494	0.5625	0.23076923076923078	48	27	117
strmgCAMI2_short_read_pooled_gold_standard_assembly	146	spades_And4543_S2_L001	0.5000007572992287	0.11827168800329893	1320482	660242	5582418	0.5	0.01818181818181818	2	1	55
strmgCAMI2_short_read_pooled_gold_standard_assembly	242	SP73_S56	0.1581644188120969	0.11274382924358847	1459614	230859	2047642	0.18027210884353742	0.1029126213592233	294	53	515
strmgCAMI2_short_read_pooled_gold_standard_assembly	46	spades_ESBL5481_S10_L001	1.0	0.11272069391316128	552459	552459	4901132	1.0	0.022727272727272728	1	1	44
strmgCAMI2_short_read_pooled_gold_standard_assembly	233	spades_MRSA7231_S7_L001	0.5844692214277586	0.11266031109530589	536071	313317	2781077	0.5555555555555556	0.125	9	5	40
strmgCAMI2_short_read_pooled_gold_standard_assembly	88	SP140_S21	0.9854827972594696	0.11199414326172018	241851	238340	2128147	0.8333333333333334	0.053763440860215055	6	5	93
strmgCAMI2_short_read_pooled_gold_standard_assembly	17	spades_MRSA8758_S5_L001	1.0	0.11195390601169891	315280	315280	2816159	1.0	0.058823529411764705	1	1	17
strmgCAMI2_short_read_pooled_gold_standard_assembly	16	spades_MRSA8602_S6_L001	1.0	0.11194487499755872	315253	315253	2816145	1.0	0.058823529411764705	1	1	17
strmgCAMI2_short_read_pooled_gold_standard_assembly	50	SP142_S23	0.5894084295464443	0.10969324855603553	383437	226001	2060300	0.5454545454545454	0.08	11	6	75
strmgCAMI2_short_read_pooled_gold_standard_assembly	156	spades_And4613_S9_L001	1.0	0.10674728181930167	556341	556341	5211758	1.0	0.0125	1	1	80
strmgCAMI2_short_read_pooled_gold_standard_assembly	109	spades_And5237_S4_L001	0.5913716795484665	0.10605952547554713	1066233	630540	5945152	0.8333333333333334	0.14308426073131955	108	90	629
strmgCAMI2_short_read_pooled_gold_standard_assembly	37	spades_ESBL9656_S7_L001	0.9745200344460767	0.10561927383513979	552748	538664	5100054	0.5	0.02040816326530612	2	1	49
strmgCAMI2_short_read_pooled_gold_standard_assembly	111	SP23_S93	0.30555228762858494	0.10491477180361011	697010	212973	2029962	0.2191780821917808	0.17777777777777778	73	16	90
strmgCAMI2_short_read_pooled_gold_standard_assembly	38	spades_ESBL9440_S6_L001	1.0	0.1017969246977787	519441	519441	5102718	1.0	0.023255813953488372	1	1	43
strmgCAMI2_short_read_pooled_gold_standard_assembly	210	spades_ESBL7634_S2_L001	1.0	0.10107312864678326	560931	560931	5549754	1.0	0.15	18	18	120
strmgCAMI2_short_read_pooled_gold_standard_assembly	198	SP41_S28	0.6491553676143901	0.10075596070393308	317357	206014	2044683	0.75	0.075	8	6	80
strmgCAMI2_short_read_pooled_gold_standard_assembly	47	spades_ESBL5402_S6_L001	1.0	0.0982796892678994	485294	485294	4937887	1.0	0.025	1	1	40
strmgCAMI2_short_read_pooled_gold_standard_assembly	129	spades_VRE2906_S11_L001	0.19710235890998484	0.09345442100616516	1625115	320314	3427489	0.2548262548262548	0.22525597269624573	259	66	293
strmgCAMI2_short_read_pooled_gold_standard_assembly	13	spades_MRSA8602_S6_L001	0.6680791141266083	0.0926568056687422	390575	260935	2816145	0.5	0.11764705882352941	4	2	17
strmgCAMI2_short_read_pooled_gold_standard_assembly	183	spades_ESBL7634_S2_L001	0.9905734689634215	0.08927765086524556	500184	495469	5549754	0.6666666666666666	0.03333333333333333	6	4	120
strmgCAMI2_short_read_pooled_gold_standard_assembly	65	MIKI-NS11	1.0	0.0874589999921531	178331	178331	2039024	1.0	0.037037037037037035	1	1	27
strmgCAMI2_short_read_pooled_gold_standard_assembly	291	spades_ESBL9251_S1_L001	0.45056421229745053	0.08637408828188807	1093560	492719	5704477	0.43478260869565216	0.36585365853658536	69	30	82
strmgCAMI2_short_read_pooled_gold_standard_assembly	278	spades_And5444_S7_L001	0.503426274010873	0.08007449073448604	834726	420223	5247901	0.5217391304347826	0.10434782608695652	23	12	115
strmgCAMI2_short_read_pooled_gold_standard_assembly	138	spades_And4621_S3_L001	0.5103736324748577	0.0775511933629772	792490	404466	5215471	0.5	0.013333333333333334	2	1	75
strmgCAMI2_short_read_pooled_gold_standard_assembly	290	spades_And5388_S8_L001	0.5291309952731961	0.07626104317339848	756325	400195	5247699	0.5	0.11504424778761062	26	13	113
strmgCAMI2_short_read_pooled_gold_standard_assembly	189	spades_AND9183_S11_L001	0.4992669400315501	0.07488169555747175	772106	385487	5147947	0.4	0.03389830508474576	5	2	59
strmgCAMI2_short_read_pooled_gold_standard_assembly	217	spades_And4621_S3_L001	0.5017781286321138	0.0748302502305161	777784	390275	5215471	0.4	0.13333333333333333	25	10	75
strmgCAMI2_short_read_pooled_gold_standard_assembly	87	SP138_S19	0.6254509880649579	0.07470058355011212	255550	159834	2139662	0.2	0.038461538461538464	10	2	52
strmgCAMI2_short_read_pooled_gold_standard_assembly	72	spades_ESBL5533_S4_L001	1.0	0.07366024540028915	381520	381520	5179456	1.0	0.01098901098901099	1	1	91
strmgCAMI2_short_read_pooled_gold_standard_assembly	71	spades_ESBL5497_S3_L001	1.0	0.07353154037660456	381512	381512	5188413	1.0	0.011904761904761904	1	1	84
strmgCAMI2_short_read_pooled_gold_standard_assembly	99	spades_And9693_S1_L001	0.523555278101778	0.07306882492080415	730452	382432	5233860	0.673469387755102	0.23404255319148937	49	33	141
strmgCAMI2_short_read_pooled_gold_standard_assembly	292	spades_ESBL7862_S8_L001	0.42806894480424584	0.07194069621580312	992214	424736	5903974	0.6216216216216216	0.2	37	23	115
strmgCAMI2_short_read_pooled_gold_standard_assembly	126	SP159_S40	0.077636996535801	0.07111466508655384	1910687	148340	2085927	0.01935483870967742	0.16216216216216217	310	6	37
strmgCAMI2_short_read_pooled_gold_standard_assembly	262	spades_And5444_S7_L001	0.5000026826768823	0.07103106556316516	745524	372764	5247901	0.5	0.008695652173913044	2	1	115
strmgCAMI2_short_read_pooled_gold_standard_assembly	178	spades_And4500_S1_L001	0.49924824162820364	0.06979190668035182	780836	389831	5585619	0.3333333333333333	0.017857142857142856	3	1	56
strmgCAMI2_short_read_pooled_gold_standard_assembly	206	SP70_S53	0.7251778239991783	0.06870119071424853	194715	141203	2055321	0.3333333333333333	0.0392156862745098	6	2	51
strmgCAMI2_short_read_pooled_gold_standard_assembly	34	spades_ESBL9440_S6_L001	0.5002596244435334	0.06815936134428749	695235	347798	5102718	0.3333333333333333	0.023255813953488372	3	1	43
strmgCAMI2_short_read_pooled_gold_standard_assembly	251	spades_And5388_S8_L001	1.0	0.06767518487626673	355139	355139	5247699	1.0	0.008849557522123894	1	1	113
strmgCAMI2_short_read_pooled_gold_standard_assembly	252	spades_And5444_S7_L001	1.0	0.06767296105623943	355141	355141	5247901	1.0	0.008695652173913044	1	1	115
strmgCAMI2_short_read_pooled_gold_standard_assembly	64	MIKI-NS11	1.0	0.06612918729745211	134839	134839	2039024	1.0	0.14814814814814814	4	4	27
strmgCAMI2_short_read_pooled_gold_standard_assembly	26	spades_ESBL5911_S4_L001	0.5413003444909953	0.0658552008297348	596242	322746	4900843	0.5	0.026143790849673203	8	4	153
strmgCAMI2_short_read_pooled_gold_standard_assembly	52	MIKI-NS24	0.39012347043673384	0.06580567307837526	904670	352933	5363261	0.34615384615384615	0.2647058823529412	104	36	136
strmgCAMI2_short_read_pooled_gold_standard_assembly	249	spades_And5388_S8_L001	0.49793624207065396	0.0657709216934889	693153	345146	5247699	0.4583333333333333	0.09734513274336283	24	11	113
strmgCAMI2_short_read_pooled_gold_standard_assembly	115	spades_ESBL7359_S3_L001	0.45594349785592464	0.06279870601519626	859578	391919	6240877	0.4166666666666667	0.05241090146750524	60	25	477
strmgCAMI2_short_read_pooled_gold_standard_assembly	78	spades_And9855_S12_L001	0.0629031196306443	0.06168037860539473	5271233	331577	5375729	0.03048780487804878	0.18292682926829268	492	15	82
strmgCAMI2_short_read_pooled_gold_standard_assembly	176	SP198_S01	1.0	0.06075604848508413	125008	125008	2057540	1.0	0.03333333333333333	1	1	30
strmgCAMI2_short_read_pooled_gold_standard_assembly	281	spades_And8909_S4_L001	0.528792399547653	0.06055402561903898	626068	331060	5467184	0.5119047619047619	0.3161764705882353	84	43	136
strmgCAMI2_short_read_pooled_gold_standard_assembly	53	spades_ESBL5402_S6_L001	0.4615110725813318	0.06037400207821686	645965	298120	4937887	0.2857142857142857	0.05	7	2	40
strmgCAMI2_short_read_pooled_gold_standard_assembly	61	MIKI-NS11	1.0	0.05889141079261451	120081	120081	2039024	1.0	0.037037037037037035	1	1	27
strmgCAMI2_short_read_pooled_gold_standard_assembly	280	spades_And5388_S8_L001	0.6006036394526533	0.05847305647675295	510901	306849	5247699	0.5714285714285714	0.035398230088495575	7	4	113
strmgCAMI2_short_read_pooled_gold_standard_assembly	60	MIKI-NS11	1.0	0.05795419769458329	118170	118170	2039024	1.0	0.037037037037037035	1	1	27
strmgCAMI2_short_read_pooled_gold_standard_assembly	159	spades_And4543_S2_L001	1.0	0.05787832441067652	323101	323101	5582418	1.0	0.01818181818181818	1	1	55
strmgCAMI2_short_read_pooled_gold_standard_assembly	158	spades_And4500_S1_L001	1.0	0.05784533459944189	323102	323102	5585619	1.0	0.017857142857142856	1	1	56
strmgCAMI2_short_read_pooled_gold_standard_assembly	273	spades_And5444_S7_L001	0.5670933167820338	0.05710568854099953	528458	299685	5247901	0.6666666666666666	0.017391304347826087	3	2	115
strmgCAMI2_short_read_pooled_gold_standard_assembly	165	spades_And4613_S9_L001	0.6065158683681681	0.055245082369519076	474718	287924	5211758	0.6666666666666666	0.025	3	2	80
strmgCAMI2_short_read_pooled_gold_standard_assembly	185	SP70_S53	0.6048005035724935	0.05329240541988332	181106	109533	2055321	0.4	0.0392156862745098	5	2	51
strmgCAMI2_short_read_pooled_gold_standard_assembly	284	spades_And5388_S8_L001	0.6542312969356369	0.0529744560425436	424917	277994	5247699	0.75	0.02654867256637168	4	3	113
strmgCAMI2_short_read_pooled_gold_standard_assembly	105	spades_And4613_S9_L001	0.5000090564616042	0.05296696431415273	552092	276051	5211758	0.5	0.025	4	2	80
strmgCAMI2_short_read_pooled_gold_standard_assembly	110	SP138_S19	0.6116730038022814	0.052629340522007684	184100	112609	2139662	0.5	0.019230769230769232	2	1	52
strmgCAMI2_short_read_pooled_gold_standard_assembly	192	SP145_S26	0.9781520254893036	0.05162299588980924	107653	105301	2039808	0.8	0.07692307692307693	5	4	52
strmgCAMI2_short_read_pooled_gold_standard_assembly	143	spades_And4613_S9_L001	0.8203603095375332	0.05134006605832427	326164	267572	5211758	0.75	0.0375	4	3	80
strmgCAMI2_short_read_pooled_gold_standard_assembly	283	spades_And5444_S7_L001	0.8089587274576006	0.05108975950575287	331431	268114	5247901	0.5	0.017391304347826087	4	2	115
strmgCAMI2_short_read_pooled_gold_standard_assembly	261	spades_And5388_S8_L001	0.5809743273647596	0.050830087625071484	459127	266741	5247699	0.6666666666666666	0.017699115044247787	3	2	113
strmgCAMI2_short_read_pooled_gold_standard_assembly	44	spades_ESBL9440_S6_L001	0.8736401588982337	0.05077117724318687	296542	259071	5102718	0.5	0.023255813953488372	2	1	43
strmgCAMI2_short_read_pooled_gold_standard_assembly	103	spades_ESBL5772_S6_L001	0.9942482670585266	0.05031490240072471	269484	267934	5325142	0.9230769230769231	0.16666666666666666	13	12	72
strmgCAMI2_short_read_pooled_gold_standard_assembly	150	spades_And4543_S2_L001	0.9258650401717345	0.05014207105236476	302327	279914	5582418	0.5714285714285714	0.07272727272727272	7	4	55
strmgCAMI2_short_read_pooled_gold_standard_assembly	160	spades_And4500_S1_L001	0.9298154051745058	0.050076455268431304	300821	279708	5585619	0.6666666666666666	0.07142857142857142	6	4	56
strmgCAMI2_short_read_pooled_gold_standard_assembly	228	spades_And5388_S8_L001	0.271198337738492	0.04991787829294325	965913	261954	5247699	0.375	0.02654867256637168	8	3	113
strmgCAMI2_short_read_pooled_gold_standard_assembly	179	SP41_S28	0.7342802264456126	0.04973338165378203	138488	101689	2044683	0.6666666666666666	0.025	3	2	80
strmgCAMI2_short_read_pooled_gold_standard_assembly	256	spades_And9454_S3_L001	0.9808077624032145	0.04854756343061079	275997	270700	5575975	0.9375	0.12396694214876033	16	15	121
strmgCAMI2_short_read_pooled_gold_standard_assembly	194	spades_ESBL9318_S2_L001	0.5001001075067573	0.048154226630953874	459506	229799	4772146	0.5	0.010416666666666666	2	1	96
strmgCAMI2_short_read_pooled_gold_standard_assembly	55	spades_ESBL5533_S4_L001	0.3975013478770736	0.04797048184210852	625057	248461	5179456	0.39285714285714285	0.12087912087912088	28	11	91
strmgCAMI2_short_read_pooled_gold_standard_assembly	191	SP77_S60	0.27602410575203784	0.047626405171218876	347303	95864	2012833	0.07142857142857142	0.11904761904761904	70	5	42
strmgCAMI2_short_read_pooled_gold_standard_assembly	24	SP131_S12	0.7199529910855046	0.046627502559528175	139548	100468	2154694	0.7333333333333333	0.09401709401709402	15	11	117
strmgCAMI2_short_read_pooled_gold_standard_assembly	244	spades_AND9183_S11_L001	1.0	0.04645716049524208	239159	239159	5147947	1.0	0.01694915254237288	1	1	59
strmgCAMI2_short_read_pooled_gold_standard_assembly	245	spades_And9183_S10_L001	1.0	0.04643907360689964	239159	239159	5149952	1.0	0.014925373134328358	1	1	67
strmgCAMI2_short_read_pooled_gold_standard_assembly	236	spades_And5527_S8_L001	0.2551794028317185	0.046240395695085236	994661	253817	5489075	0.09345794392523364	0.15625	107	10	64
strmgCAMI2_short_read_pooled_gold_standard_assembly	86	spades_ESBL10056_S9_L001	0.8712124922300288	0.04572438748017122	265445	231259	5057673	0.5	0.015625	2	1	64
strmgCAMI2_short_read_pooled_gold_standard_assembly	10	spades_ESBL5402_S6_L001	0.5382040043170855	0.04453625609496532	408609	219915	4937887	0.4375	0.175	16	7	40
strmgCAMI2_short_read_pooled_gold_standard_assembly	201	spades_And7187_S3_L001	0.7223012147753619	0.0441893080123592	298903	215898	4885752	0.5	0.011235955056179775	2	1	89
strmgCAMI2_short_read_pooled_gold_standard_assembly	21	spades_ESBL9440_S6_L001	0.5035484938314955	0.04384192894845453	444273	223713	5102718	0.6363636363636364	0.16279069767441862	11	7	43
strmgCAMI2_short_read_pooled_gold_standard_assembly	163	spades_And4621_S3_L001	0.5442173143487407	0.0438025635652082	419779	228451	5215471	0.6666666666666666	0.02666666666666667	3	2	75
strmgCAMI2_short_read_pooled_gold_standard_assembly	45	spades_ESBL9656_S7_L001	0.6578173657904369	0.042992682038268615	333322	219265	5100054	0.6666666666666666	0.04081632653061224	3	2	49
strmgCAMI2_short_read_pooled_gold_standard_assembly	287	spades_And5444_S7_L001	0.555339984300009	0.042598174012810075	402548	223551	5247901	0.6	0.02608695652173913	5	3	115
strmgCAMI2_short_read_pooled_gold_standard_assembly	11	SP147_S28	0.3009568366421376	0.04141835504490844	293258	88258	2130891	0.1111111111111111	0.018867924528301886	9	1	53
strmgCAMI2_short_read_pooled_gold_standard_assembly	106	spades_And4613_S9_L001	0.5019389261839952	0.04082979294126857	423946	212795	5211758	0.5	0.05	8	4	80
strmgCAMI2_short_read_pooled_gold_standard_assembly	41	spades_ESBL8159_S1_L001	0.0376428428197132	0.04050255595007865	5729987	215693	5325417	0.021374045801526718	0.15555555555555556	655	14	90
strmgCAMI2_short_read_pooled_gold_standard_assembly	166	spades_ESBL6628_S5_L001	0.10050856561639296	0.0403901364040847	2187525	219865	5443532	0.06481481481481481	0.175	108	7	40
strmgCAMI2_short_read_pooled_gold_standard_assembly	25	spades_ESBL7531_S9_L001	0.04708531329240465	0.039816363918801195	4403921	207360	5207909	0.022277227722772276	0.11842105263157894	404	9	76
strmgCAMI2_short_read_pooled_gold_standard_assembly	190	SP78_S61	0.08086856342569734	0.038295924678989166	953943	77144	2014418	0.020833333333333332	0.13636363636363635	144	3	22
strmgCAMI2_short_read_pooled_gold_standard_assembly	63	spades_ESBL5852_S11_L001	0.047535320944002375	0.038076232019636023	4510709	214418	5631282	0.03867403314917127	0.06481481481481481	181	7	108
strmgCAMI2_short_read_pooled_gold_standard_assembly	266	spades_And5388_S8_L001	1.0	0.0377813209179871	198265	198265	5247699	1.0	0.008849557522123894	1	1	113
strmgCAMI2_short_read_pooled_gold_standard_assembly	267	spades_And5444_S7_L001	1.0	0.03777986665525893	198265	198265	5247901	1.0	0.008695652173913044	1	1	115
strmgCAMI2_short_read_pooled_gold_standard_assembly	247	spades_And5388_S8_L001	0.500001268195434	0.03756522620676224	394261	197131	5247699	0.5	0.017699115044247787	4	2	113
strmgCAMI2_short_read_pooled_gold_standard_assembly	167	SP129_S10	0.02926944845021929	0.03737629993040714	2587237	75727	2026070	0.03618817852834741	0.04559270516717325	829	30	658
strmgCAMI2_short_read_pooled_gold_standard_assembly	230	spades_And4191_S5_L001	0.5727668048443469	0.03672428375092505	344484	197309	5372712	0.35	0.06666666666666667	20	7	105
strmgCAMI2_short_read_pooled_gold_standard_assembly	131	SP46_S33	0.036106474019494975	0.03641179202383947	2084640	75269	2067160	0.02535211267605634	0.06818181818181818	355	9	132
strmgCAMI2_short_read_pooled_gold_standard_assembly	223	spades_And6166_S1_L001	0.08643540439708443	0.03583332088912134	2276463	196767	5491174	0.08928571428571429	0.26785714285714285	168	15	56
strmgCAMI2_short_read_pooled_gold_standard_assembly	282	spades_And5388_S8_L001	0.5471123614098957	0.03465156823971802	332365	181841	5247699	0.4	0.017699115044247787	5	2	113
strmgCAMI2_short_read_pooled_gold_standard_assembly	59	MIKI-NS11	1.0	0.033893176343191646	69109	69109	2039024	1.0	0.14814814814814814	4	4	27
strmgCAMI2_short_read_pooled_gold_standard_assembly	104	SP140_S21	0.665760390472037	0.033713366604844495	107767	71747	2128147	0.6666666666666666	0.043010752688172046	6	4	93
strmgCAMI2_short_read_pooled_gold_standard_assembly	222	SP145_S26	0.36430788595078345	0.03348697524472891	187498	68307	2039808	0.3333333333333333	0.038461538461538464	6	2	52
strmgCAMI2_short_read_pooled_gold_standard_assembly	181	SP70_S53	0.2903109825220378	0.033392837420529446	236412	68633	2055321	0.2	0.0196078431372549	5	1	51
strmgCAMI2_short_read_pooled_gold_standard_assembly	164	spades_And4613_S9_L001	0.5000043707439881	0.03292497464387257	343191	171597	5211758	0.5	0.0125	2	1	80
strmgCAMI2_short_read_pooled_gold_standard_assembly	172	spades_ESBL8953_S1_L001	0.5340953215093789	0.032905856919122796	342525	182941	5559527	0.25	0.023809523809523808	4	1	42
strmgCAMI2_short_read_pooled_gold_standard_assembly	133	spades_And8861_S3_L001	0.19943005901039962	0.032658514939716866	892724	178036	5451442	0.29896907216494845	0.18831168831168832	97	29	154
strmgCAMI2_short_read_pooled_gold_standard_assembly	49	SP129_S10	0.5041047242762925	0.03236857561683456	130094	65581	2026070	0.75	0.0364741641337386	32	24	658
strmgCAMI2_short_read_pooled_gold_standard_assembly	175	spades_And4543_S2_L001	1.0	0.031590432676306214	176351	176351	5582418	1.0	0.01818181818181818	1	1	55
strmgCAMI2_short_read_pooled_gold_standard_assembly	174	spades_And4500_S1_L001	1.0	0.031572686930490604	176353	176353	5585619	1.0	0.017857142857142856	1	1	56
strmgCAMI2_short_read_pooled_gold_standard_assembly	285	spades_ESBL6760_S6_L001	0.29931968975909806	0.030412693386247757	535197	160195	5267373	0.25	0.07894736842105263	24	6	76
strmgCAMI2_short_read_pooled_gold_standard_assembly	145	spades_And4500_S1_L001	0.48310476338059694	0.030139542278125306	348471	168348	5585619	0.2857142857142857	0.03571428571428571	7	2	56
strmgCAMI2_short_read_pooled_gold_standard_assembly	125	SP129_S10	0.3139192554448759	0.02936670500032082	189536	59499	2026070	0.3472222222222222	0.037993920972644375	72	25	658
strmgCAMI2_short_read_pooled_gold_standard_assembly	264	spades_And5388_S8_L001	0.5009082622353088	0.029111044669292197	304978	152766	5247699	0.5	0.02654867256637168	6	3	113
strmgCAMI2_short_read_pooled_gold_standard_assembly	107	spades_ESBL9250_S3_L001	1.0	0.028611496057948462	159016	159016	5557766	1.0	0.11363636363636363	5	5	44
strmgCAMI2_short_read_pooled_gold_standard_assembly	23	spades_MRSA8602_S6_L001	0.40701876087136585	0.0279186618586756	193168	78623	2816145	0.46153846153846156	0.35294117647058826	13	6	17
strmgCAMI2_short_read_pooled_gold_standard_assembly	226	SP70_S53	0.45150778132799213	0.027638505128882544	125814	56806	2055321	0.5	0.0392156862745098	4	2	51
strmgCAMI2_short_read_pooled_gold_standard_assembly	51	spades_ESBL5402_S6_L001	0.49707664117910627	0.027634087211797272	274513	136454	4937887	0.3333333333333333	0.025	3	1	40
strmgCAMI2_short_read_pooled_gold_standard_assembly	168	spades_And4500_S1_L001	0.5000820463003682	0.02728041422087686	304706	152378	5585619	0.5	0.017857142857142856	2	1	56
strmgCAMI2_short_read_pooled_gold_standard_assembly	260	spades_And5444_S7_L001	0.5000560600964233	0.02719563497863241	285408	142720	5247901	0.5	0.017391304347826087	4	2	115
strmgCAMI2_short_read_pooled_gold_standard_assembly	253	spades_And5388_S8_L001	0.5025450848719583	0.026753058816826193	279362	140392	5247699	0.6	0.02654867256637168	5	3	113
strmgCAMI2_short_read_pooled_gold_standard_assembly	68	spades_ESBL7534_S10_L001	1.0	0.026349816250552417	128609	128609	4880831	1.0	0.08235294117647059	7	7	85
strmgCAMI2_short_read_pooled_gold_standard_assembly	33	spades_ESBL9656_S7_L001	0.9898146525783327	0.025476200840226396	131267	129930	5100054	0.6666666666666666	0.04081632653061224	3	2	49
strmgCAMI2_short_read_pooled_gold_standard_assembly	137	spades_And4500_S1_L001	0.5028118092440225	0.025371583704509742	281847	141716	5585619	0.5	0.14285714285714285	16	8	56
strmgCAMI2_short_read_pooled_gold_standard_assembly	43	spades_And5232_S2_L001	0.5091666324730212	0.025355970327819846	243710	124089	4893877	0.5	0.04878048780487805	8	4	82
strmgCAMI2_short_read_pooled_gold_standard_assembly	279	spades_And5444_S7_L001	0.6067235273123278	0.02526667328518583	218546	132597	5247901	0.5	0.02608695652173913	6	3	115
strmgCAMI2_short_read_pooled_gold_standard_assembly	142	spades_And4613_S9_L001	0.7252035927153231	0.025236781907371754	181367	131528	5211758	0.5384615384615384	0.0875	13	7	80
strmgCAMI2_short_read_pooled_gold_standard_assembly	39	spades_ESBL5497_S3_L001	0.15921934111689817	0.025235269435952765	822331	130931	5188413	0.15492957746478872	0.13095238095238096	71	11	84
strmgCAMI2_short_read_pooled_gold_standard_assembly	2	SP53_S39	0.510058784479358	0.024592152498713916	103939	53015	2155769	0.3333333333333333	0.03389830508474576	6	2	59
strmgCAMI2_short_read_pooled_gold_standard_assembly	227	SP166_S47	0.3235189445454199	0.02435727641755167	157354	50907	2090012	0.045454545454545456	0.02564102564102564	22	1	39
strmgCAMI2_short_read_pooled_gold_standard_assembly	28	spades_ESBL5909_S5_L001	0.7534182288627889	0.02422850439633903	157684	118802	4903398	0.6666666666666666	0.014492753623188406	3	2	138
strmgCAMI2_short_read_pooled_gold_standard_assembly	77	spades_ESBL5780_S5_L001	0.9859695597344607	0.023241922284997635	126083	124314	5348697	0.5	0.009433962264150943	2	1	106
strmgCAMI2_short_read_pooled_gold_standard_assembly	162	spades_And5237_S4_L001	0.588958806357444	0.022906394992087672	231225	136182	5945152	0.9803921568627451	0.0794912559618442	51	50	629
strmgCAMI2_short_read_pooled_gold_standard_assembly	127	spades_ESBL7634_S2_L001	1.0	0.021464915381834943	119125	119125	5549754	1.0	0.008333333333333333	1	1	120
strmgCAMI2_short_read_pooled_gold_standard_assembly	263	SP127_S8	0.36288794026997184	0.02143552548313294	121346	44035	2054300	0.4	0.03773584905660377	5	2	53
strmgCAMI2_short_read_pooled_gold_standard_assembly	246	spades_ESBL8873_S6_L001	0.3381802127689876	0.02132708615384781	351085	118730	5567099	0.29411764705882354	0.10638297872340426	17	5	47
strmgCAMI2_short_read_pooled_gold_standard_assembly	27	spades_ESBL5911_S4_L001	0.6593650027928706	0.021196149315536122	157544	103879	4900843	0.5	0.013071895424836602	4	2	153
strmgCAMI2_short_read_pooled_gold_standard_assembly	229	spades_VRE3043_S21_L001	0.13505447665489087	0.020600983376445756	457719	61817	3000682	0.1111111111111111	0.018633540372670808	27	3	161
strmgCAMI2_short_read_pooled_gold_standard_assembly	294	spades_ESBL5533_S4_L001	0.5406378178835111	0.020358508692804804	195040	105446	5179456	0.5263157894736842	0.10989010989010989	19	10	91
strmgCAMI2_short_read_pooled_gold_standard_assembly	9	spades_And5213_S1_L001	0.3376539429815609	0.020207782836679986	293940	99250	4911474	0.2857142857142857	0.07407407407407407	21	6	81
strmgCAMI2_short_read_pooled_gold_standard_assembly	202	spades_VRE2237_S15_L001	0.19123251835552535	0.019719322397865353	310397	59358	3010144	0.16129032258064516	0.032679738562091505	31	5	153
strmgCAMI2_short_read_pooled_gold_standard_assembly	122	spades_And4621_S3_L001	1.0	0.019389236370022957	101124	101124	5215471	1.0	0.013333333333333334	1	1	75
strmgCAMI2_short_read_pooled_gold_standard_assembly	182	spades_And7187_S3_L001	0.23800752691839774	0.017137996361665513	351804	83732	4885752	0.11627906976744186	0.056179775280898875	43	5	89
strmgCAMI2_short_read_pooled_gold_standard_assembly	73	SP76_S59	0.10141123865574436	0.01644462977372155	339489	34428	2093571	0.038461538461538464	0.016666666666666666	26	1	60
strmgCAMI2_short_read_pooled_gold_standard_assembly	101	spades_ESBL7359_S3_L001	0.8881511371973587	0.015517690862998902	109040	96844	6240877	0.8947368421052632	0.03563941299790356	19	17	477
strmgCAMI2_short_read_pooled_gold_standard_assembly	200	spades_And9387_S6_L001	0.6144600523540906	0.015052468682537781	135615	83330	5535969	0.4	0.030303030303030304	5	2	66
strmgCAMI2_short_read_pooled_gold_standard_assembly	258	SP100_S81	0.26981932717966667	0.014740536163761005	114295	30839	2092122	0.16666666666666666	0.04054054054054054	18	3	74
strmgCAMI2_short_read_pooled_gold_standard_assembly	286	SP146_S27	0.20477541737373167	0.014718967030364133	142019	29082	1975818	0.07692307692307693	0.018867924528301886	13	1	53
strmgCAMI2_short_read_pooled_gold_standard_assembly	121	spades_And4543_S2_L001	0.5000091738069464	0.014645266621023363	163509	81756	5582418	0.5	0.03636363636363636	4	2	55
strmgCAMI2_short_read_pooled_gold_standard_assembly	141	spades_And4500_S1_L001	0.5071942904479705	0.014249808302356462	156930	79594	5585619	0.5	0.017857142857142856	2	1	56
strmgCAMI2_short_read_pooled_gold_standard_assembly	56	spades_And8382_S4_L001	0.15889920178631484	0.013985088880973414	437101	69455	4966361	0.0375	0.045454545454545456	80	3	66
strmgCAMI2_short_read_pooled_gold_standard_assembly	102	spades_VRE2770_S9_L001	0.13507200315433857	0.013936862336692082	334777	45219	3244561	0.1	0.02654867256637168	60	6	226
strmgCAMI2_short_read_pooled_gold_standard_assembly	89	spades_ESBL5872_S5_L001	0.7481823559719863	0.013881630658764047	104806	78414	5648760	0.6666666666666666	0.020618556701030927	3	2	97
strmgCAMI2_short_read_pooled_gold_standard_assembly	171	spades_VRE2770_S9_L001	0.3090732199481118	0.01321812103393957	138760	42887	3244561	0.71875	0.10176991150442478	32	23	226
strmgCAMI2_short_read_pooled_gold_standard_assembly	243	spades_AND9183_S11_L001	0.5239192724554628	0.013070841638424016	128432	67288	5147947	0.5	0.05084745762711865	6	3	59
strmgCAMI2_short_read_pooled_gold_standard_assembly	97	spades_And8909_S4_L001	0.37698901028346404	0.01288780476384186	186902	70460	5467184	0.16666666666666666	0.007352941176470588	6	1	136
strmgCAMI2_short_read_pooled_gold_standard_assembly	169	spades_And4543_S2_L001	0.4841764826036631	0.012738386842404133	146870	71111	5582418	0.4	0.03636363636363636	5	2	55
strmgCAMI2_short_read_pooled_gold_standard_assembly	147	spades_ESBL8873_S6_L001	0.5339751534020494	0.012692786673993043	132332	70662	5567099	0.5	0.0425531914893617	4	2	47
strmgCAMI2_short_read_pooled_gold_standard_assembly	119	spades_And8423_S6_L001	0.15577428185635278	0.012181559166526993	432504	67373	5530737	0.2	0.05357142857142857	15	3	56
strmgCAMI2_short_read_pooled_gold_standard_assembly	276	spades_ESBL6769_S11_L001	0.24694764332243951	0.012122011006644038	271102	66948	5522846	0.18181818181818182	0.044444444444444446	11	2	45
strmgCAMI2_short_read_pooled_gold_standard_assembly	96	spades_And4613_S9_L001	0.5002952583111224	0.012029338277026676	125314	62694	5211758	0.5	0.025	4	2	80
strmgCAMI2_short_read_pooled_gold_standard_assembly	76	spades_ESBL5911_S4_L001	0.13147778344175431	0.011472924147947608	427654	56227	4900843	0.0916030534351145	0.0784313725490196	131	12	153
strmgCAMI2_short_read_pooled_gold_standard_assembly	170	spades_VRE2906_S11_L001	0.1178946985849971	0.011357002166892439	330176	38926	3427489	0.16666666666666666	0.020477815699658702	36	6	293
strmgCAMI2_short_read_pooled_gold_standard_assembly	254	spades_VRE3043_S21_L001	0.11288850249945664	0.01125110891457342	299065	33761	3000682	0.1111111111111111	0.006211180124223602	9	1	161
strmgCAMI2_short_read_pooled_gold_standard_assembly	93	spades_And4621_S3_L001	0.5402348724237136	0.010981366783556077	106015	57273	5215471	0.5	0.013333333333333334	2	1	75
strmgCAMI2_short_read_pooled_gold_standard_assembly	257	SP57_S43	0.1565066279550295	0.007499437669111811	94373	14770	1969481	0.125	0.04878048780487805	32	4	82
strmgCAMI2_short_read_pooled_gold_standard_assembly	108	spades_VRE2770_S9_L001	0.006915997406257566	0.003283957367421972	1540631	10655	3244561	0.006220839813374806	0.017699115044247787	643	4	226
strmgCAMI2_short_read_pooled_gold_standard_assembly	123	SP198_S01	0.11990428540352403	0.00267892726265346	45970	5512	2057540	0.058823529411764705	0.03333333333333333	17	1	30
strmgCAMI2_short_read_pooled_gold_standard_assembly	90	spades_And9387_S6_L001	0.0817722590658953	0.0026170666779384063	177175	14488	5535969	0.03125	0.015151515151515152	32	1	66
strmgCAMI2_short_read_pooled_gold_standard_assembly	70	spades_ESBL5909_S5_L001	0.051436922927734795	0.0015144599724517568	144371	7426	4903398	0.037037037037037035	0.007246376811594203	27	1	138
