Method	num_5010	num_7010	num_9010	num_505	num_605	num_705	num_805	num_905
concoct_bins_checkm2_quality_report.tsv	23	16	8	11	8	7	6	3
maxbin2_bins_checkm2_quality_report.tsv	21	7	5	8	5	3	2	2
metabat2_bins_checkm2_quality_report.tsv	25	17	9	18	15	12	10	8
vamb_m200000/bins_checkm2_output/quality_report.tsv	5	2	1	5	3	2	2	1
vamb_v413_m200000/bins_checkm2_output/quality_report.tsv	9	7	3	8	8	6	3	3
clmb_m200000/bins_checkm2_output/quality_report.tsv	13	6	4	11	9	5	5	4
metadecoder/samfiles_checkm2_output/quality_report.tsv	24	15	4	22	19	14	10	4
semibin_Easy_coassemly_mode_v1.0.0_default/output_recluster_bins_checkm2_output/quality_report.tsv	24	14	5	21	16	13	9	5
semibin2_Easy_coassemly_mode/output_bins_checkm2_output/quality_report.tsv	22	14	5	20	15	13	10	5
COMEBin_nocovloss_tau0.15_nepoch200_earlystop_addvars_nedge75_vars_sqrt_NokmerMetric/comebin_res_bins_checkm2_output/quality_report.tsv	41	22	12	22	18	12	10	6
