Method	num_5010	num_7010	num_9010	num_505	num_605	num_705	num_805	num_905
concoct_bins_checkm2_quality_report.tsv	20	15	10	16	13	11	9	8
maxbin2_bins_checkm2_quality_report.tsv	20	13	7	8	6	5	4	4
metabat2_bins_checkm2_quality_report.tsv	40	28	14	31	27	21	15	11
vamb_m200000/bins_checkm2_output/quality_report.tsv	12	7	2	11	10	7	3	2
vamb_v413_m200000/bins_checkm2_output/quality_report.tsv	14	11	6	13	12	10	7	6
clmb_m200000/bins_checkm2_output/quality_report.tsv	18	13	7	17	14	13	11	7
metadecoder/samfiles_checkm2_output/quality_report.tsv	45	27	8	41	31	26	22	8
semibin_Easy_coassemly_mode_v1.0.0_default/output_recluster_bins_checkm2_output/quality_report.tsv	35	25	12	32	28	25	21	12
semibin2_Easy_coassemly_mode/output_bins_checkm2_output/quality_report.tsv	38	26	12	34	28	25	22	11
COMEBin_nocovloss_tau0.15_nepoch200_earlystop_addvars_nedge75_vars_sqrt_NokmerMetric/comebin_res_bins_checkm2_output/quality_report.tsv	61	44	20	42	35	30	22	15
