Method	num_5010	num_7010	num_9010	num_505	num_605	num_705	num_805	num_905
concoct_bins_checkm2_quality_report.tsv	19	15	8	16	16	13	11	7
maxbin2_bins_checkm2_quality_report.tsv	15	10	6	11	10	8	8	6
metabat2_bins_checkm2_quality_report.tsv	13	9	5	13	11	9	9	5
VAMB/S1_checkm2_quality_report.tsv	11	8	5	11	9	8	7	5
CLMB/S1_checkm2_quality_report.tsv	10	7	2	10	10	7	7	2
metadecoder/samfiles_checkm2_output/quality_report.tsv	11	9	6	11	10	9	6	6
semibin_Easy_coassemly_mode_v1.0.0_default/output_recluster_bins_checkm2_output/quality_report.tsv	12	9	6	12	10	9	9	6
semibin2_Easy_coassemly_mode/output_bins_checkm2_output/quality_report.tsv	12	11	6	12	11	11	9	6
COMEBin_nocovloss_tau0.15_nepoch200_earlystop_addvars_nedge75_vars_sqrt_NokmerMetric/filter200000/*filtersmallbins_200000.tsv_bins_checkm2_output/quality_report.tsv	20	15	9	18	17	14	12	9
