Method	num_5010	num_7010	num_9010	num_505	num_605	num_705	num_805	num_905
concoct_bins_checkm2_quality_report.tsv	8	5	3	6	5	4	4	3
maxbin2_bins_checkm2_quality_report.tsv	9	6	2	5	3	3	3	2
metabat2_bins_checkm2_quality_report.tsv	17	14	5	12	11	11	6	4
vamb_m200000/bins_checkm2_output/quality_report.tsv	4	3	1	3	3	2	2	1
vamb_v413_m200000/bins_checkm2_output/quality_report.tsv	4	4	2	4	4	4	4	2
clmb_m200000/bins_checkm2_output/quality_report.tsv	3	2	2	3	2	2	2	2
metadecoder/samfiles_checkm2_output/quality_report.tsv	18	9	2	18	12	9	4	2
semibin_Easy_coassemly_mode_v1.0.0_default/output_recluster_bins_checkm2_output/quality_report.tsv	17	8	3	16	10	7	4	3
semibin2_Easy_coassemly_mode/output_bins_checkm2_output/quality_report.tsv	14	8	3	14	10	8	4	3
COMEBin_nocovloss_tau0.15_nepoch200_earlystop_addvars_nedge75_vars_sqrt_NokmerMetric/comebin_res_bins_checkm2_output/quality_report.tsv	23	18	9	17	15	13	11	6
