sample_id	Bin ID	Most abundant genome	Purity (bp)	Completeness (bp)	Bin size (bp)	True positives (bp)	True size of most abundant genome (bp)	Purity (seq)	Completeness (seq)	Bin size (seq)	True positives (seq)	True size of most abundant genome (seq)
marmgCAMI2_short_read_pooled_gold_standard_assembly	578	Otu312.0	1.0	1.0	4560497	4560497	4560497	1.0	1.0	1	1	1
marmgCAMI2_short_read_pooled_gold_standard_assembly	483	Otu283.0	0.9940501531715201	1.0	4225655	4200513	4200513	0.1111111111111111	1.0	9	1	1
marmgCAMI2_short_read_pooled_gold_standard_assembly	494	Otu382.0	0.9922309776986635	1.0	4490269	4455384	4455384	0.125	1.0	8	1	1
marmgCAMI2_short_read_pooled_gold_standard_assembly	493	Otu245.0	1.0	1.0	4305777	4305777	4305777	1.0	1.0	1	1	1
marmgCAMI2_short_read_pooled_gold_standard_assembly	491	Otu2119.0	0.9856143928809264	1.0	3629461	3577249	3577249	0.7391304347826086	1.0	23	17	17
marmgCAMI2_short_read_pooled_gold_standard_assembly	489	Otu122.0	1.0	1.0	3555091	3555091	3555091	1.0	1.0	1	1	1
marmgCAMI2_short_read_pooled_gold_standard_assembly	488	Otu179	1.0	1.0	5226895	5226895	5226895	1.0	1.0	1	1	1
marmgCAMI2_short_read_pooled_gold_standard_assembly	487	Otu252	1.0	1.0	2234795	2234795	2234795	1.0	1.0	1	1	1
marmgCAMI2_short_read_pooled_gold_standard_assembly	486	Otu214.0	1.0	1.0	5132065	5132065	5132065	1.0	1.0	1	1	1
marmgCAMI2_short_read_pooled_gold_standard_assembly	485	Otu172.0	1.0	1.0	4539882	4539882	4539882	1.0	1.0	8	8	8
marmgCAMI2_short_read_pooled_gold_standard_assembly	482	Otu160	1.0	1.0	1859369	1859369	1859369	1.0	1.0	1	1	1
marmgCAMI2_short_read_pooled_gold_standard_assembly	523	Otu1448	0.9987251661678258	1.0	2025362	2022780	2022780	0.8333333333333334	1.0	6	5	5
marmgCAMI2_short_read_pooled_gold_standard_assembly	481	Otu393.0	0.9987292661677919	1.0	4975865	4969542	4969542	0.5	1.0	4	2	2
marmgCAMI2_short_read_pooled_gold_standard_assembly	198	Otu222.1	0.9947053414066482	1.0	5210912	5183322	5183322	0.2	1.0	5	1	1
marmgCAMI2_short_read_pooled_gold_standard_assembly	480	Otu75.0	1.0	1.0	4279149	4279149	4279149	1.0	1.0	1	1	1
marmgCAMI2_short_read_pooled_gold_standard_assembly	478	Otu301	1.0	1.0	5396452	5396452	5396452	1.0	1.0	1	1	1
marmgCAMI2_short_read_pooled_gold_standard_assembly	477	Otu597.0	1.0	1.0	3782562	3782562	3782562	1.0	1.0	12	12	12
marmgCAMI2_short_read_pooled_gold_standard_assembly	475	Otu503	0.9139564022912834	1.0	2589815	2366978	2366978	0.018867924528301886	1.0	53	1	1
marmgCAMI2_short_read_pooled_gold_standard_assembly	474	Otu852.0	1.0	1.0	4399929	4399929	4399929	1.0	1.0	9	9	9
marmgCAMI2_short_read_pooled_gold_standard_assembly	472	Otu549	0.9736174436448778	1.0	3606815	3511658	3511658	0.3	1.0	30	9	9
marmgCAMI2_short_read_pooled_gold_standard_assembly	495	Otu331.0	1.0	1.0	3975877	3975877	3975877	1.0	1.0	1	1	1
marmgCAMI2_short_read_pooled_gold_standard_assembly	161	Otu69.0	1.0	1.0	4719539	4719539	4719539	1.0	1.0	1	1	1
marmgCAMI2_short_read_pooled_gold_standard_assembly	157	Otu928.0	0.9991316063198145	1.0	3021671	3019047	3019047	0.8571428571428571	1.0	7	6	6
marmgCAMI2_short_read_pooled_gold_standard_assembly	154	Otu274.0	1.0	1.0	2269117	2269117	2269117	1.0	1.0	1	1	1
marmgCAMI2_short_read_pooled_gold_standard_assembly	519	Otu525.0	1.0	1.0	4337917	4337917	4337917	1.0	1.0	1	1	1
marmgCAMI2_short_read_pooled_gold_standard_assembly	516	Otu279	0.9656783332434522	1.0	1390725	1342993	1342993	0.5714285714285714	1.0	14	8	8
marmgCAMI2_short_read_pooled_gold_standard_assembly	515	Otu64.0	1.0	1.0	5657770	5657770	5657770	1.0	1.0	2	2	2
marmgCAMI2_short_read_pooled_gold_standard_assembly	513	Otu292.0	1.0	1.0	4331149	4331149	4331149	1.0	1.0	5	5	5
marmgCAMI2_short_read_pooled_gold_standard_assembly	512	Otu454.0	1.0	1.0	4968968	4968968	4968968	1.0	1.0	10	10	10
marmgCAMI2_short_read_pooled_gold_standard_assembly	511	Otu398	1.0	1.0	1908158	1908158	1908158	1.0	1.0	3	3	3
marmgCAMI2_short_read_pooled_gold_standard_assembly	509	Otu71	1.0	1.0	2791854	2791854	2791854	1.0	1.0	2	2	2
marmgCAMI2_short_read_pooled_gold_standard_assembly	132	Otu176.0	0.9987389655394685	1.0	3056221	3052367	3052367	0.6666666666666666	1.0	3	2	2
marmgCAMI2_short_read_pooled_gold_standard_assembly	508	Otu304.0	1.0	1.0	4023492	4023492	4023492	1.0	1.0	2	2	2
marmgCAMI2_short_read_pooled_gold_standard_assembly	506	Otu60.0	0.9862521516589404	1.0	5270352	5197896	5197896	0.047619047619047616	1.0	21	1	1
marmgCAMI2_short_read_pooled_gold_standard_assembly	505	Otu199.0	1.0	1.0	4000036	4000036	4000036	1.0	1.0	1	1	1
marmgCAMI2_short_read_pooled_gold_standard_assembly	504	Otu351	0.9960215627326041	1.0	2617108	2606696	2606696	0.4	1.0	5	2	2
marmgCAMI2_short_read_pooled_gold_standard_assembly	501	Otu212.0	1.0	1.0	4600946	4600946	4600946	1.0	1.0	3	3	3
marmgCAMI2_short_read_pooled_gold_standard_assembly	500	Otu470	1.0	1.0	1595975	1595975	1595975	1.0	1.0	1	1	1
marmgCAMI2_short_read_pooled_gold_standard_assembly	498	Otu854	1.0	1.0	1584791	1584791	1584791	1.0	1.0	1	1	1
marmgCAMI2_short_read_pooled_gold_standard_assembly	497	Otu415.0	1.0	1.0	4978230	4978230	4978230	1.0	1.0	11	11	11
marmgCAMI2_short_read_pooled_gold_standard_assembly	496	Otu219.0	0.9970284151713187	1.0	5031995	5017042	5017042	0.25	1.0	4	1	1
marmgCAMI2_short_read_pooled_gold_standard_assembly	470	Otu833	1.0	1.0	1690869	1690869	1690869	1.0	1.0	1	1	1
marmgCAMI2_short_read_pooled_gold_standard_assembly	469	Otu35.0	1.0	1.0	5051673	5051673	5051673	1.0	1.0	1	1	1
marmgCAMI2_short_read_pooled_gold_standard_assembly	468	Otu376	0.6199024050191705	1.0	791844	490866	490866	0.03571428571428571	1.0	28	1	1
marmgCAMI2_short_read_pooled_gold_standard_assembly	407	Otu384.0	0.9714916981086994	1.0	4268967	4147266	4147266	0.5555555555555556	1.0	9	5	5
marmgCAMI2_short_read_pooled_gold_standard_assembly	403	Otu183.0	0.9986401467925655	1.0	5420438	5413067	5413067	0.9545454545454546	1.0	22	21	21
marmgCAMI2_short_read_pooled_gold_standard_assembly	373	Otu53.0	1.0	1.0	3424954	3424954	3424954	1.0	1.0	1	1	1
marmgCAMI2_short_read_pooled_gold_standard_assembly	370	Otu249.0	0.9213507694605025	1.0	4902006	4516467	4516467	0.024390243902439025	1.0	82	2	2
marmgCAMI2_short_read_pooled_gold_standard_assembly	280	Otu846.0	1.0	1.0	3858490	3858490	3858490	1.0	1.0	3	3	3
marmgCAMI2_short_read_pooled_gold_standard_assembly	288	Otu133.0	1.0	1.0	3389983	3389983	3389983	1.0	1.0	1	1	1
marmgCAMI2_short_read_pooled_gold_standard_assembly	290	Otu215.0	1.0	1.0	3074116	3074116	3074116	1.0	1.0	4	4	4
marmgCAMI2_short_read_pooled_gold_standard_assembly	301	Otu40.0	1.0	1.0	1481183	1481183	1481183	1.0	1.0	1	1	1
marmgCAMI2_short_read_pooled_gold_standard_assembly	355	Otu583	1.0	1.0	1704075	1704075	1704075	1.0	1.0	1	1	1
marmgCAMI2_short_read_pooled_gold_standard_assembly	351	Otu123.0	0.9948823269606916	1.0	3169800	3153578	3153578	0.3333333333333333	1.0	9	3	3
marmgCAMI2_short_read_pooled_gold_standard_assembly	346	Otu234.0	1.0	1.0	5341530	5341530	5341530	1.0	1.0	1	1	1
marmgCAMI2_short_read_pooled_gold_standard_assembly	313	Otu79.1	0.9989371332006658	1.0	4148215	4143806	4143806	0.5	1.0	2	1	1
marmgCAMI2_short_read_pooled_gold_standard_assembly	340	Otu47.0	0.7766782540297071	1.0	1955291	1518632	1518632	0.010416666666666666	1.0	96	1	1
marmgCAMI2_short_read_pooled_gold_standard_assembly	317	Otu119.1	1.0	1.0	4480493	4480493	4480493	1.0	1.0	1	1	1
marmgCAMI2_short_read_pooled_gold_standard_assembly	338	Otu11	0.9443703019763562	1.0	1765370	1667163	1667163	0.09090909090909091	1.0	11	1	1
marmgCAMI2_short_read_pooled_gold_standard_assembly	336	Otu48.0	1.0	1.0	1739487	1739487	1739487	1.0	1.0	1	1	1
marmgCAMI2_short_read_pooled_gold_standard_assembly	334	Otu13.0	1.0	1.0	2655422	2655422	2655422	1.0	1.0	2	2	2
marmgCAMI2_short_read_pooled_gold_standard_assembly	326	Otu293.0	0.899109584903752	1.0	2847436	2560157	2560157	0.03636363636363636	1.0	55	2	2
marmgCAMI2_short_read_pooled_gold_standard_assembly	264	Otu230.1	1.0	1.0	4635062	4635062	4635062	1.0	1.0	1	1	1
marmgCAMI2_short_read_pooled_gold_standard_assembly	409	Otu1458.0	1.0	1.0	4944048	4944048	4944048	1.0	1.0	2	2	2
marmgCAMI2_short_read_pooled_gold_standard_assembly	467	Otu93	1.0	1.0	3251347	3251347	3251347	1.0	1.0	1	1	1
marmgCAMI2_short_read_pooled_gold_standard_assembly	416	Otu40.1	0.9919688410100413	1.0	6565553	6512824	6512824	0.3333333333333333	1.0	15	5	5
marmgCAMI2_short_read_pooled_gold_standard_assembly	465	Otu73	1.0	1.0	5540271	5540271	5540271	1.0	1.0	6	6	6
marmgCAMI2_short_read_pooled_gold_standard_assembly	216	Otu132	1.0	1.0	2495237	2495237	2495237	1.0	1.0	1	1	1
marmgCAMI2_short_read_pooled_gold_standard_assembly	459	Otu724	1.0	1.0	1766600	1766600	1766600	1.0	1.0	2	2	2
marmgCAMI2_short_read_pooled_gold_standard_assembly	457	Otu271	1.0	1.0	4470567	4470567	4470567	1.0	1.0	2	2	2
marmgCAMI2_short_read_pooled_gold_standard_assembly	456	Otu168.0	0.9686541809218039	1.0	3380068	3274117	3274117	0.10344827586206896	1.0	29	3	3
marmgCAMI2_short_read_pooled_gold_standard_assembly	455	Otu327	1.0	1.0	2011287	2011287	2011287	1.0	1.0	1	1	1
marmgCAMI2_short_read_pooled_gold_standard_assembly	451	Otu438	0.999433404653101	1.0	6325502	6321918	6321918	0.8888888888888888	1.0	9	8	8
marmgCAMI2_short_read_pooled_gold_standard_assembly	447	Otu870	1.0	1.0	2736366	2736366	2736366	1.0	1.0	1	1	1
marmgCAMI2_short_read_pooled_gold_standard_assembly	445	Otu180	1.0	1.0	2224849	2224849	2224849	1.0	1.0	2	2	2
marmgCAMI2_short_read_pooled_gold_standard_assembly	444	Otu241.0	1.0	1.0	4875390	4875390	4875390	1.0	1.0	2	2	2
marmgCAMI2_short_read_pooled_gold_standard_assembly	432	Otu169.1	0.9865424222954805	1.0	2043607	2016105	2016105	0.6	1.0	15	9	9
marmgCAMI2_short_read_pooled_gold_standard_assembly	430	Otu648.0	1.0	1.0	5128065	5128065	5128065	1.0	1.0	4	4	4
marmgCAMI2_short_read_pooled_gold_standard_assembly	249	Otu318.0	0.9980575549952313	1.0	5404014	5393517	5393517	0.42857142857142855	1.0	7	3	3
marmgCAMI2_short_read_pooled_gold_standard_assembly	422	Otu625	1.0	1.0	1983735	1983735	1983735	1.0	1.0	11	11	11
marmgCAMI2_short_read_pooled_gold_standard_assembly	418	Otu683.0	0.9822114158180283	1.0	5621358	5521362	5521362	0.6041666666666666	1.0	48	29	29
marmgCAMI2_short_read_pooled_gold_standard_assembly	252	Otu1204	0.9605001674667858	1.0	1164410	1118416	1118416	0.3333333333333333	1.0	9	3	3
marmgCAMI2_short_read_pooled_gold_standard_assembly	253	Otu634.0	0.8762617647467292	1.0	3312226	2902377	2902377	0.21428571428571427	1.0	42	9	9
marmgCAMI2_short_read_pooled_gold_standard_assembly	520	Otu130.0	0.9849980574213394	1.0	4355036	4289702	4289702	0.10526315789473684	1.0	19	2	2
marmgCAMI2_short_read_pooled_gold_standard_assembly	490	Otu229.0	1.0	1.0	4134217	4134217	4134217	1.0	1.0	1	1	1
marmgCAMI2_short_read_pooled_gold_standard_assembly	331	Otu1027	0.9992864397059378	1.0	3926788	3923986	3923986	0.9666666666666667	1.0	30	29	29
marmgCAMI2_short_read_pooled_gold_standard_assembly	540	Otu36.0	1.0	1.0	4137509	4137509	4137509	1.0	1.0	2	2	2
marmgCAMI2_short_read_pooled_gold_standard_assembly	541	Otu72.0	1.0	1.0	3653830	3653830	3653830	1.0	1.0	2	2	2
marmgCAMI2_short_read_pooled_gold_standard_assembly	543	Otu265.0	0.9902363924595432	1.0	4461056	4417500	4417500	0.5	1.0	16	8	8
marmgCAMI2_short_read_pooled_gold_standard_assembly	544	Otu37.0	1.0	1.0	7327599	7327599	7327599	1.0	1.0	4	4	4
marmgCAMI2_short_read_pooled_gold_standard_assembly	49	Otu256	1.0	1.0	3293431	3293431	3293431	1.0	1.0	1	1	1
marmgCAMI2_short_read_pooled_gold_standard_assembly	546	Otu303.0	1.0	1.0	1999613	1999613	1999613	1.0	1.0	2	2	2
marmgCAMI2_short_read_pooled_gold_standard_assembly	20	Otu24.0	0.9451345172321219	1.0	5110572	4830178	4830178	0.0196078431372549	1.0	51	1	1
marmgCAMI2_short_read_pooled_gold_standard_assembly	567	Otu235.0	1.0	1.0	4616522	4616522	4616522	1.0	1.0	1	1	1
marmgCAMI2_short_read_pooled_gold_standard_assembly	566	Otu2.0	1.0	1.0	4145260	4145260	4145260	1.0	1.0	2	2	2
marmgCAMI2_short_read_pooled_gold_standard_assembly	565	Otu613	1.0	1.0	3145869	3145869	3145869	1.0	1.0	8	8	8
marmgCAMI2_short_read_pooled_gold_standard_assembly	564	Otu26.0	1.0	1.0	3899934	3899934	3899934	1.0	1.0	1	1	1
marmgCAMI2_short_read_pooled_gold_standard_assembly	563	Otu492	1.0	1.0	1641796	1641796	1641796	1.0	1.0	1	1	1
marmgCAMI2_short_read_pooled_gold_standard_assembly	31	Otu345.0	1.0	1.0	9446022	9446022	9446022	1.0	1.0	11	11	11
marmgCAMI2_short_read_pooled_gold_standard_assembly	75	Otu205.1	0.6061989774536921	1.0	9544800	5786048	5786048	0.015350877192982455	1.0	912	14	14
marmgCAMI2_short_read_pooled_gold_standard_assembly	547	Otu89	1.0	1.0	1861292	1861292	1861292	1.0	1.0	1	1	1
marmgCAMI2_short_read_pooled_gold_standard_assembly	548	Otu218	1.0	1.0	1878554	1878554	1878554	1.0	1.0	2	2	2
marmgCAMI2_short_read_pooled_gold_standard_assembly	549	Otu110.0	1.0	1.0	2884284	2884284	2884284	1.0	1.0	1	1	1
marmgCAMI2_short_read_pooled_gold_standard_assembly	562	Otu105.0	1.0	1.0	3914609	3914609	3914609	1.0	1.0	1	1	1
marmgCAMI2_short_read_pooled_gold_standard_assembly	561	Otu42.0	1.0	1.0	3994757	3994757	3994757	1.0	1.0	1	1	1
marmgCAMI2_short_read_pooled_gold_standard_assembly	560	Otu302.0	1.0	1.0	3132217	3132217	3132217	1.0	1.0	3	3	3
marmgCAMI2_short_read_pooled_gold_standard_assembly	559	Otu39.0	1.0	1.0	3644088	3644088	3644088	1.0	1.0	2	2	2
marmgCAMI2_short_read_pooled_gold_standard_assembly	558	Otu220.0	1.0	1.0	5313838	5313838	5313838	1.0	1.0	4	4	4
marmgCAMI2_short_read_pooled_gold_standard_assembly	41	Otu1297	0.9974412141677553	1.0	2596544	2589900	2589900	0.9767441860465116	1.0	43	42	42
marmgCAMI2_short_read_pooled_gold_standard_assembly	556	Otu465	1.0	1.0	1443759	1443759	1443759	1.0	1.0	1	1	1
marmgCAMI2_short_read_pooled_gold_standard_assembly	550	Otu3.0	1.0	1.0	3665852	3665852	3665852	1.0	1.0	1	1	1
marmgCAMI2_short_read_pooled_gold_standard_assembly	551	Otu20	1.0	1.0	5251138	5251138	5251138	1.0	1.0	2	2	2
marmgCAMI2_short_read_pooled_gold_standard_assembly	524	Otu523	0.9968022165028749	1.0	3062121	3052329	3052329	0.25	1.0	4	1	1
marmgCAMI2_short_read_pooled_gold_standard_assembly	552	Otu4.0	1.0	1.0	1926630	1926630	1926630	1.0	1.0	1	1	1
marmgCAMI2_short_read_pooled_gold_standard_assembly	555	Otu800.0	0.9893255749049749	1.0	4453823	4406281	4406281	0.3	1.0	10	3	3
marmgCAMI2_short_read_pooled_gold_standard_assembly	554	Otu506.0	1.0	1.0	2989885	2989885	2989885	1.0	1.0	6	6	6
marmgCAMI2_short_read_pooled_gold_standard_assembly	568	Otu255	1.0	1.0	5358867	5358867	5358867	1.0	1.0	4	4	4
marmgCAMI2_short_read_pooled_gold_standard_assembly	553	Otu61.0	1.0	1.0	4052363	4052363	4052363	1.0	1.0	2	2	2
marmgCAMI2_short_read_pooled_gold_standard_assembly	84	Otu90.0	0.9960895870367323	1.0	3719556	3705011	3705011	0.5	1.0	2	1	1
marmgCAMI2_short_read_pooled_gold_standard_assembly	534	Otu83	1.0	1.0	3319238	3319238	3319238	1.0	1.0	2	2	2
marmgCAMI2_short_read_pooled_gold_standard_assembly	525	Otu85.1	1.0	1.0	3293900	3293900	3293900	1.0	1.0	4	4	4
marmgCAMI2_short_read_pooled_gold_standard_assembly	4	Otu450.0	1.0	1.0	2986827	2986827	2986827	1.0	1.0	1	1	1
marmgCAMI2_short_read_pooled_gold_standard_assembly	526	Otu315.0	1.0	1.0	3830131	3830131	3830131	1.0	1.0	9	9	9
marmgCAMI2_short_read_pooled_gold_standard_assembly	577	Otu85.0	1.0	1.0	3427048	3427048	3427048	1.0	1.0	1	1	1
marmgCAMI2_short_read_pooled_gold_standard_assembly	529	Otu332	1.0	1.0	1231943	1231943	1231943	1.0	1.0	9	9	9
marmgCAMI2_short_read_pooled_gold_standard_assembly	576	Otu157.0	1.0	1.0	3543876	3543876	3543876	1.0	1.0	1	1	1
marmgCAMI2_short_read_pooled_gold_standard_assembly	575	Otu9	1.0	1.0	2562275	2562275	2562275	1.0	1.0	1	1	1
marmgCAMI2_short_read_pooled_gold_standard_assembly	574	Otu185.0	1.0	1.0	5373173	5373173	5373173	1.0	1.0	1	1	1
marmgCAMI2_short_read_pooled_gold_standard_assembly	530	Otu67.0	1.0	1.0	3522108	3522108	3522108	1.0	1.0	2	2	2
marmgCAMI2_short_read_pooled_gold_standard_assembly	532	Otu1000	1.0	1.0	4884705	4884705	4884705	1.0	1.0	1	1	1
marmgCAMI2_short_read_pooled_gold_standard_assembly	572	Otu365.0	1.0	1.0	7215228	7215228	7215228	1.0	1.0	1	1	1
marmgCAMI2_short_read_pooled_gold_standard_assembly	533	Otu80.0	1.0	1.0	4684311	4684311	4684311	1.0	1.0	1	1	1
marmgCAMI2_short_read_pooled_gold_standard_assembly	571	Otu99.0	1.0	1.0	3296144	3296144	3296144	1.0	1.0	1	1	1
marmgCAMI2_short_read_pooled_gold_standard_assembly	573	Otu3.1	1.0	1.0	3176261	3176261	3176261	1.0	1.0	1	1	1
marmgCAMI2_short_read_pooled_gold_standard_assembly	570	Otu82	1.0	1.0	4059887	4059887	4059887	1.0	1.0	1	1	1
marmgCAMI2_short_read_pooled_gold_standard_assembly	535	Otu203	1.0	1.0	4383451	4383451	4383451	1.0	1.0	3	3	3
marmgCAMI2_short_read_pooled_gold_standard_assembly	539	Otu70.0	1.0	1.0	3708226	3708226	3708226	1.0	1.0	3	3	3
marmgCAMI2_short_read_pooled_gold_standard_assembly	538	Otu298	0.9631191615386047	1.0	8493462	8180216	8180216	0.058823529411764705	1.0	17	1	1
marmgCAMI2_short_read_pooled_gold_standard_assembly	569	Otu12.0	1.0	1.0	3659618	3659618	3659618	1.0	1.0	3	3	3
marmgCAMI2_short_read_pooled_gold_standard_assembly	536	Otu250	1.0	1.0	4050905	4050905	4050905	1.0	1.0	2	2	2
marmgCAMI2_short_read_pooled_gold_standard_assembly	372	Otu323.0	0.9991823972957086	0.9999576773916858	3546955	3544055	3544205	0.9615384615384616	0.9615384615384616	26	25	26
marmgCAMI2_short_read_pooled_gold_standard_assembly	517	Otu1200.0	1.0	0.9998554893460158	5099233	5099233	5099970	1.0	0.9375	15	15	16
marmgCAMI2_short_read_pooled_gold_standard_assembly	450	Otu1322	1.0	0.9997647722123865	5933277	5933277	5934673	1.0	0.96875	31	31	32
marmgCAMI2_short_read_pooled_gold_standard_assembly	365	Otu499	0.9964371835494138	0.9997547274594535	2229416	2221473	2222018	0.9090909090909091	0.9090909090909091	11	10	11
marmgCAMI2_short_read_pooled_gold_standard_assembly	312	Otu1136.0	1.0	0.9997384162522298	3806580	3806580	3807576	1.0	0.9636363636363636	53	53	55
marmgCAMI2_short_read_pooled_gold_standard_assembly	196	Otu222.0	0.9990672680906176	0.9997367873882665	6732910	6726630	6728401	0.9919354838709677	0.9919354838709677	124	123	124
marmgCAMI2_short_read_pooled_gold_standard_assembly	502	Otu404.0	0.9971732492535991	0.9996021196887146	4570265	4557346	4559160	0.7647058823529411	0.9285714285714286	17	13	14
marmgCAMI2_short_read_pooled_gold_standard_assembly	531	Otu1184	1.0	0.9994598027179205	3541236	3541236	3543150	1.0	0.9411764705882353	16	16	17
marmgCAMI2_short_read_pooled_gold_standard_assembly	397	Otu457.0	1.0	0.9993228875967378	3838711	3838711	3841312	1.0	0.9487179487179487	37	37	39
marmgCAMI2_short_read_pooled_gold_standard_assembly	492	Otu590	1.0	0.9991987432545185	3923186	3923186	3926332	1.0	0.9411764705882353	16	16	17
marmgCAMI2_short_read_pooled_gold_standard_assembly	499	Otu1469.1	0.9993373661214758	0.9991409618124524	4059557	4056867	4060355	0.972972972972973	0.9473684210526315	37	36	38
marmgCAMI2_short_read_pooled_gold_standard_assembly	357	Otu1129	0.9992282382479979	0.9989248073357616	5053373	5049473	5054908	0.9868421052631579	0.9375	76	75	80
marmgCAMI2_short_read_pooled_gold_standard_assembly	35	Otu1475	0.8005407851874586	0.9987438677724939	3088842	2472744	2475854	0.5825242718446602	0.9523809523809523	103	60	63
marmgCAMI2_short_read_pooled_gold_standard_assembly	461	Otu713	1.0	0.9985948200158807	1566989	1566989	1569194	1.0	0.9736842105263158	37	37	38
marmgCAMI2_short_read_pooled_gold_standard_assembly	436	Otu1664	0.958556208952168	0.9984346042934956	4063552	3895143	3901250	0.6513157894736842	0.9339622641509434	152	99	106
marmgCAMI2_short_read_pooled_gold_standard_assembly	426	Otu483	1.0	0.9981497707107416	5895367	5895367	5906295	1.0	0.9134615384615384	95	95	104
marmgCAMI2_short_read_pooled_gold_standard_assembly	265	Otu352.0	1.0	0.9979392559501551	5177241	5177241	5187932	1.0	0.9357798165137615	102	102	109
marmgCAMI2_short_read_pooled_gold_standard_assembly	283	Otu1334	1.0	0.997559065443084	6382751	6382751	6398369	1.0	0.9345794392523364	100	100	107
marmgCAMI2_short_read_pooled_gold_standard_assembly	428	Otu716.0	0.9580134127372052	0.9970918863044904	4106097	3933696	3945169	0.6771653543307087	0.8775510204081632	127	86	98
marmgCAMI2_short_read_pooled_gold_standard_assembly	328	Otu1126	0.9977983027715687	0.9970911614725416	2591637	2585931	2593475	0.9797979797979798	0.941747572815534	99	97	103
marmgCAMI2_short_read_pooled_gold_standard_assembly	458	Otu174	0.996395015987996	0.9960054080629301	1480173	1474837	1480752	0.96	0.8571428571428571	25	24	28
marmgCAMI2_short_read_pooled_gold_standard_assembly	339	Otu921.0	0.9990847878814768	0.9940982271166543	4485299	4481194	4507798	0.9848484848484849	0.7926829268292683	66	65	82
marmgCAMI2_short_read_pooled_gold_standard_assembly	522	Otu388	1.0	0.993934075216105	1750958	1750958	1761644	1.0	0.6666666666666666	2	2	3
marmgCAMI2_short_read_pooled_gold_standard_assembly	361	Otu1544	0.9993512000049742	0.993860158790145	4181566	4178853	4204669	0.9939024390243902	0.9106145251396648	164	163	179
marmgCAMI2_short_read_pooled_gold_standard_assembly	76	Otu1515	1.0	0.9926260680376708	6073463	6073463	6118581	1.0	0.8940397350993378	270	270	302
marmgCAMI2_short_read_pooled_gold_standard_assembly	202	Otu413	0.9989081782107072	0.9921748489266452	4726046	4720886	4758119	0.9915966386554622	0.8805970149253731	238	236	268
marmgCAMI2_short_read_pooled_gold_standard_assembly	435	Otu150.0	0.9920828232423571	0.990856307401172	3304966	3278800	3309057	0.8888888888888888	0.8080808080808081	90	80	99
marmgCAMI2_short_read_pooled_gold_standard_assembly	323	Otu22	1.0	0.9905060847605731	3566125	3566125	3600306	1.0	0.7529411764705882	64	64	85
marmgCAMI2_short_read_pooled_gold_standard_assembly	149	Otu987	1.0	0.9904405755891676	9240248	9240248	9329432	1.0	0.8680688336520076	454	454	523
marmgCAMI2_short_read_pooled_gold_standard_assembly	293	Otu771	1.0	0.990258412201719	1549390	1549390	1564632	1.0	0.6944444444444444	25	25	36
marmgCAMI2_short_read_pooled_gold_standard_assembly	197	Otu1362.0	0.9969629199641155	0.9901736642635489	1648623	1643616	1659927	0.9873417721518988	0.8387096774193549	79	78	93
marmgCAMI2_short_read_pooled_gold_standard_assembly	52	Otu1079.0	0.9972112022776395	0.9900807932666414	4120055	4108565	4149727	0.9915611814345991	0.8671586715867159	237	235	271
marmgCAMI2_short_read_pooled_gold_standard_assembly	302	Otu1337	1.0	0.9897475905534983	3874458	3874458	3914592	1.0	0.5	1	1	2
marmgCAMI2_short_read_pooled_gold_standard_assembly	363	Otu491.0	1.0	0.9894710694523772	4059029	4059029	4102221	1.0	0.8284023668639053	140	140	169
marmgCAMI2_short_read_pooled_gold_standard_assembly	255	Otu924	1.0	0.989091065140921	4586621	4586621	4637208	1.0	0.8040540540540541	119	119	148
marmgCAMI2_short_read_pooled_gold_standard_assembly	354	Otu46	1.0	0.9887635481924356	1722083	1722083	1741653	1.0	0.6086956521739131	42	42	69
marmgCAMI2_short_read_pooled_gold_standard_assembly	267	Otu1548.1	1.0	0.9880989661517002	4584630	4584630	4639849	1.0	0.8658536585365854	213	213	246
marmgCAMI2_short_read_pooled_gold_standard_assembly	259	Otu810.0	0.9937764483042719	0.9872768518447369	3490772	3469047	3513753	0.9716312056737588	0.8616352201257862	141	137	159
marmgCAMI2_short_read_pooled_gold_standard_assembly	278	Otu605	0.9853132208456421	0.987143265539348	2842148	2800406	2836879	0.9390243902439024	0.875	164	154	176
marmgCAMI2_short_read_pooled_gold_standard_assembly	344	Otu391	0.9964337398878526	0.9869402726899125	3077734	3066758	3107339	0.9719626168224299	0.8387096774193549	107	104	124
marmgCAMI2_short_read_pooled_gold_standard_assembly	173	Otu496.0	0.9942860163314616	0.9866247368804754	3008059	2990871	3031417	0.9642857142857143	0.864	112	108	125
marmgCAMI2_short_read_pooled_gold_standard_assembly	209	Otu592.0	1.0	0.9853939774404084	3891241	3891241	3948919	1.0	0.8422818791946308	251	251	298
marmgCAMI2_short_read_pooled_gold_standard_assembly	87	Otu1147	0.9990651693263811	0.9852108602549854	5047973	5043254	5118959	0.9951456310679612	0.8541666666666666	206	205	240
marmgCAMI2_short_read_pooled_gold_standard_assembly	82	Otu297.0	0.9988226678904463	0.9849019331947327	5368069	5361749	5443942	0.9929328621908127	0.8438438438438438	283	281	333
marmgCAMI2_short_read_pooled_gold_standard_assembly	63	Otu453	0.8529775802657732	0.9845398196072958	3456330	2948172	2994467	0.7727272727272727	0.7816091954022989	88	68	87
marmgCAMI2_short_read_pooled_gold_standard_assembly	229	Otu1913	1.0	0.9839834545521181	1369273	1369273	1391561	1.0	0.8470588235294118	72	72	85
marmgCAMI2_short_read_pooled_gold_standard_assembly	29	Otu2299.0	0.9981630563565113	0.9835364191763198	2870529	2865256	2913218	0.9894179894179894	0.8201754385964912	189	187	228
marmgCAMI2_short_read_pooled_gold_standard_assembly	362	Otu1240.0	1.0	0.9826877913529144	4587278	4587278	4668093	1.0	0.8252688172043011	307	307	372
marmgCAMI2_short_read_pooled_gold_standard_assembly	382	Otu1957.0	1.0	0.9826840226489414	3193330	3193330	3249600	1.0	0.9043478260869565	104	104	115
marmgCAMI2_short_read_pooled_gold_standard_assembly	285	Otu684	0.9978144716763099	0.9821937934508577	2483610	2478182	2523109	0.9946236559139785	0.8295964125560538	186	185	223
marmgCAMI2_short_read_pooled_gold_standard_assembly	199	Otu1191	0.9933211353448624	0.9807719816001265	3541021	3517371	3586329	0.9411764705882353	0.8888888888888888	136	128	144
marmgCAMI2_short_read_pooled_gold_standard_assembly	462	Otu511	1.0	0.9779175635639226	1706827	1706827	1745369	1.0	0.8104575163398693	124	124	153
marmgCAMI2_short_read_pooled_gold_standard_assembly	103	Otu1399	1.0	0.9776144533184844	2145415	2145415	2194541	1.0	0.8032786885245902	147	147	183
marmgCAMI2_short_read_pooled_gold_standard_assembly	269	Otu1225	1.0	0.9774243946055168	4884220	4884220	4997031	1.0	0.8544061302681992	223	223	261
marmgCAMI2_short_read_pooled_gold_standard_assembly	296	Otu445	0.9986873715606877	0.9760301054928494	1992186	1989571	2038432	0.9922480620155039	0.7950310559006211	129	128	161
marmgCAMI2_short_read_pooled_gold_standard_assembly	401	Otu364	0.9659000842297124	0.9752912742170818	1448420	1399029	1434473	0.9642857142857143	0.84375	56	54	64
marmgCAMI2_short_read_pooled_gold_standard_assembly	177	Otu1187	0.9990191975469029	0.9751138587425606	6050148	6044214	6198470	0.9951573849878934	0.7858508604206501	413	411	523
marmgCAMI2_short_read_pooled_gold_standard_assembly	100	Otu726	0.9983848559755074	0.975001245543334	5233589	5225136	5359107	0.9938650306748467	0.7788461538461539	326	324	416
marmgCAMI2_short_read_pooled_gold_standard_assembly	19	Otu722	1.0	0.9746373379216201	4619396	4619396	4739605	1.0	0.8073170731707318	331	331	410
marmgCAMI2_short_read_pooled_gold_standard_assembly	405	Otu1428.0	0.9909434902661824	0.9723373222395333	4558489	4517205	4645718	0.9280575539568345	0.9020979020979021	139	129	143
marmgCAMI2_short_read_pooled_gold_standard_assembly	281	Otu1119.0	1.0	0.9721313488740339	2445899	2445899	2516017	1.0	0.7869565217391304	181	181	230
marmgCAMI2_short_read_pooled_gold_standard_assembly	287	Otu794.0	0.9977076795263928	0.9716206659481843	3164479	3157225	3249442	0.9928825622775801	0.788135593220339	281	279	354
marmgCAMI2_short_read_pooled_gold_standard_assembly	353	Otu501	0.9818933445930524	0.9712638423244946	1752560	1720827	1771740	0.9777777777777777	0.7457627118644068	135	132	177
marmgCAMI2_short_read_pooled_gold_standard_assembly	169	Otu719.0	0.9986476683305695	0.9704939562212218	4262268	4256504	4385915	0.993993993993994	0.7609195402298851	333	331	435
marmgCAMI2_short_read_pooled_gold_standard_assembly	236	Otu571.0	1.0	0.9702163261085051	4587632	4587632	4728463	1.0	0.7783018867924528	330	330	424
marmgCAMI2_short_read_pooled_gold_standard_assembly	56	Otu447.1	1.0	0.9681343003767695	3940173	3940173	4069862	1.0	0.8042328042328042	304	304	378
marmgCAMI2_short_read_pooled_gold_standard_assembly	300	Otu254	0.9994715422021295	0.9668621329480334	5644727	5641744	5835107	0.9962121212121212	0.6831168831168831	264	263	385
marmgCAMI2_short_read_pooled_gold_standard_assembly	140	Otu829.0	1.0	0.9651817999240508	3301608	3301608	3420711	1.0	0.7406483790523691	297	297	401
marmgCAMI2_short_read_pooled_gold_standard_assembly	207	Otu451	0.9973507786555932	0.9646034547822806	1986244	1980982	2053675	0.9937106918238994	0.7417840375586855	159	158	213
marmgCAMI2_short_read_pooled_gold_standard_assembly	175	Otu638.0	1.0	0.9626605586648587	3508530	3508530	3644618	1.0	0.7364341085271318	285	285	387
marmgCAMI2_short_read_pooled_gold_standard_assembly	194	Otu1065	0.9982236172774452	0.9618563676265826	3343874	3337934	3470304	0.990909090909091	0.7985347985347986	220	218	273
marmgCAMI2_short_read_pooled_gold_standard_assembly	274	Otu689.0	0.9956438547888552	0.9603130445508862	4441312	4421965	4604712	0.9896640826873385	0.7539370078740157	387	383	508
marmgCAMI2_short_read_pooled_gold_standard_assembly	118	Otu1763.0	0.9948213226017688	0.9540124397185403	4950878	4925239	5162657	0.9809160305343512	0.7353361945636624	524	514	699
marmgCAMI2_short_read_pooled_gold_standard_assembly	179	Otu1381	1.0	0.9506769120659039	1968522	1968522	2070653	1.0	0.7381703470031545	234	234	317
marmgCAMI2_short_read_pooled_gold_standard_assembly	101	Otu1427	0.9973585144059073	0.9460993787856461	2690910	2683802	2836702	0.995850622406639	0.729483282674772	241	240	329
marmgCAMI2_short_read_pooled_gold_standard_assembly	219	Otu2407.0	0.998059390780714	0.94164138685587	5136016	5126049	5443738	0.9944649446494465	0.7129629629629629	542	539	756
marmgCAMI2_short_read_pooled_gold_standard_assembly	183	Otu783	1.0	0.9376530273657433	4608920	4608920	4915379	1.0	0.7451564828614009	500	500	671
marmgCAMI2_short_read_pooled_gold_standard_assembly	191	Otu489.0	1.0	0.9305262934273735	3504148	3504148	3765770	1.0	0.6837209302325581	441	441	645
marmgCAMI2_short_read_pooled_gold_standard_assembly	64	Otu1358	1.0	0.9302275600449055	8305987	8305987	8928984	1.0	0.6636005256241787	1010	1010	1522
marmgCAMI2_short_read_pooled_gold_standard_assembly	322	Otu2338	1.0	0.9296414531652433	1371593	1371593	1475400	1.0	0.6460176991150443	146	146	226
marmgCAMI2_short_read_pooled_gold_standard_assembly	182	Otu704	0.998075942529432	0.929048860704025	1584672	1581623	1702411	0.99375	0.7130044843049327	160	159	223
marmgCAMI2_short_read_pooled_gold_standard_assembly	414	Otu1123	1.0	0.9288599102911134	4533050	4533050	4880230	1.0	0.6740027510316369	490	490	727
marmgCAMI2_short_read_pooled_gold_standard_assembly	90	Otu520.0	1.0	0.9277677009995565	3653128	3653128	3937546	1.0	0.6613672496025437	416	416	629
marmgCAMI2_short_read_pooled_gold_standard_assembly	5	Otu2189	0.9965274590790882	0.9270718118822534	1634250	1628575	1756687	0.9901960784313726	0.6824324324324325	204	202	296
marmgCAMI2_short_read_pooled_gold_standard_assembly	193	Otu570.0	0.9983670195029941	0.9261125405863425	4063735	4057099	4380784	0.9957081545064378	0.6657101865136298	466	464	697
marmgCAMI2_short_read_pooled_gold_standard_assembly	232	Otu931	1.0	0.9254530942300649	1928188	1928188	2083507	1.0	0.6819571865443425	223	223	327
marmgCAMI2_short_read_pooled_gold_standard_assembly	292	Otu2438	1.0	0.9241895822557431	1874311	1874311	2028059	1.0	0.64	224	224	350
marmgCAMI2_short_read_pooled_gold_standard_assembly	30	Otu1656	1.0	0.9208800045625641	1614671	1614671	1753400	1.0	0.6699346405228758	205	205	306
marmgCAMI2_short_read_pooled_gold_standard_assembly	437	Otu1002.0	1.0	0.9185926611741252	1605316	1605316	1747582	1.0	0.6468646864686468	196	196	303
marmgCAMI2_short_read_pooled_gold_standard_assembly	350	Otu1676.0	0.9875326747280412	0.9161198096324819	2331695	2302625	2513454	0.9867109634551495	0.6359743040685225	301	297	467
marmgCAMI2_short_read_pooled_gold_standard_assembly	226	Otu1139	1.0	0.9148119124219171	1826948	1826948	1997075	1.0	0.6370967741935484	237	237	372
marmgCAMI2_short_read_pooled_gold_standard_assembly	43	Otu2479	0.9989757251952728	0.9077784429261471	2755120	2752298	3031905	0.9972677595628415	0.6600361663652803	366	365	553
marmgCAMI2_short_read_pooled_gold_standard_assembly	37	Otu889.0	0.9982878465210908	0.9012694703976646	2881751	2876817	3191961	0.9974937343358395	0.6189735614307932	399	398	643
marmgCAMI2_short_read_pooled_gold_standard_assembly	66	Otu2128	1.0	0.9001594157733986	1551125	1551125	1723167	1.0	0.6437125748502994	215	215	334
marmgCAMI2_short_read_pooled_gold_standard_assembly	224	Otu1267.0	1.0	0.8960277153516951	3429271	3429271	3827193	1.0	0.6012345679012345	487	487	810
marmgCAMI2_short_read_pooled_gold_standard_assembly	24	Otu677	1.0	0.8846831750096377	4300567	4300567	4861138	1.0	0.5795880149812734	619	619	1068
marmgCAMI2_short_read_pooled_gold_standard_assembly	6	Otu1607	0.9989144309850294	0.8818788691543608	5661547	5655401	6412900	0.9975845410628019	0.5732130464954892	828	826	1441
marmgCAMI2_short_read_pooled_gold_standard_assembly	153	Otu1093	0.9849096005191943	0.8799519061040472	2469981	2432708	2764592	0.9656357388316151	0.655011655011655	291	281	429
marmgCAMI2_short_read_pooled_gold_standard_assembly	65	Otu894.0	0.9961444806261794	0.8798614783032137	3803638	3788973	4306329	0.9814126394052045	0.6892950391644909	269	264	383
marmgCAMI2_short_read_pooled_gold_standard_assembly	178	Otu2468.0	0.9993695815348588	0.8781719628461148	4068726	4066161	4630256	0.9984	0.5842696629213483	625	624	1068
marmgCAMI2_short_read_pooled_gold_standard_assembly	71	Otu2016.0	1.0	0.8742295781979232	2972739	2972739	3400410	1.0	0.5905511811023622	450	450	762
marmgCAMI2_short_read_pooled_gold_standard_assembly	137	Otu2156	0.9830578936174752	0.8727779139109876	1452889	1428274	1636469	0.9768518518518519	0.5452196382428941	216	211	387
marmgCAMI2_short_read_pooled_gold_standard_assembly	128	Otu1446.0	0.9994079856286531	0.8716227022331037	5300547	5297409	6077640	0.9987261146496815	0.5478686233403215	785	784	1431
marmgCAMI2_short_read_pooled_gold_standard_assembly	77	Otu805	0.9972810138707754	0.8692234273231098	5169574	5155518	5931177	0.9938271604938271	0.555939226519337	810	805	1448
marmgCAMI2_short_read_pooled_gold_standard_assembly	134	Otu909	0.9978150949308493	0.8622179180706148	2457315	2451946	2843766	0.9949367088607595	0.532520325203252	395	393	738
marmgCAMI2_short_read_pooled_gold_standard_assembly	184	Otu1541	1.0	0.850946470341318	3215177	3215177	3778354	1.0	0.5302226935312832	500	500	943
marmgCAMI2_short_read_pooled_gold_standard_assembly	411	Otu1316	1.0	0.8478967916954961	1670288	1670288	1969919	1.0	0.5360169491525424	253	253	472
marmgCAMI2_short_read_pooled_gold_standard_assembly	16	Otu1279	0.9995174671320649	0.841011617184656	6633745	6630544	7884010	0.9987608426270136	0.6023916292974589	807	806	1338
marmgCAMI2_short_read_pooled_gold_standard_assembly	195	Otu594	1.0	0.8357377719434558	2134033	2134033	2553472	1.0	0.512630014858841	345	345	673
marmgCAMI2_short_read_pooled_gold_standard_assembly	306	Otu1723	1.0	0.8349940768079719	2239313	2239313	2681831	1.0	0.5243393602225312	377	377	719
marmgCAMI2_short_read_pooled_gold_standard_assembly	50	Otu1332.0	1.0	0.8344274465560277	2997603	2997603	3592407	1.0	0.559228650137741	406	406	726
marmgCAMI2_short_read_pooled_gold_standard_assembly	135	Otu954	1.0	0.8312306879233256	1538214	1538214	1850526	1.0	0.490234375	251	251	512
marmgCAMI2_short_read_pooled_gold_standard_assembly	122	Otu1420.0	0.9923517745916759	0.8268920648334478	4385854	4352310	5263456	0.9936305732484076	0.5536823425022183	628	624	1127
marmgCAMI2_short_read_pooled_gold_standard_assembly	206	Otu2044	1.0	0.8226769844319657	1449352	1449352	1761751	1.0	0.4989247311827957	232	232	465
marmgCAMI2_short_read_pooled_gold_standard_assembly	23	Otu972	0.9955854165107076	0.8173277255256605	2297612	2287469	2798717	0.9927536231884058	0.4951807228915663	414	411	830
marmgCAMI2_short_read_pooled_gold_standard_assembly	130	Otu806.0	1.0	0.8144450442755303	3972292	3972292	4877299	1.0	0.47329276538201487	700	700	1479
marmgCAMI2_short_read_pooled_gold_standard_assembly	0	Otu965	0.997877216450967	0.8141315647550927	3385649	3378462	4149774	0.9962756052141527	0.4846014492753623	537	535	1104
marmgCAMI2_short_read_pooled_gold_standard_assembly	238	Otu1108.1	0.9947731749803863	0.8140539901925046	1052838	1047335	1286567	0.9883040935672515	0.4592391304347826	171	169	368
marmgCAMI2_short_read_pooled_gold_standard_assembly	294	Otu767	1.0	0.8086279892684927	1360836	1360836	1682895	1.0	0.47337278106508873	240	240	507
marmgCAMI2_short_read_pooled_gold_standard_assembly	25	Otu2117	0.9980300046921473	0.7951184677209299	3113713	3107579	3908322	0.9961538461538462	0.45082680591818974	520	518	1149
marmgCAMI2_short_read_pooled_gold_standard_assembly	258	Otu856.0	1.0	0.7941350618284339	2412842	2412842	3038327	1.0	0.4602040816326531	451	451	980
marmgCAMI2_short_read_pooled_gold_standard_assembly	208	Otu1168.0	0.9979762761611874	0.7903325181007264	2781506	2775877	3512290	0.9955947136563876	0.46839378238341967	454	452	965
marmgCAMI2_short_read_pooled_gold_standard_assembly	112	Otu1287	1.0	0.7875465859496692	3775785	3775785	4794364	1.0	0.43344262295081964	661	661	1525
marmgCAMI2_short_read_pooled_gold_standard_assembly	201	Otu1257	0.9986851449941148	0.7830206465132745	2416236	2413059	3081731	0.9976580796252927	0.4432882414151925	427	426	961
marmgCAMI2_short_read_pooled_gold_standard_assembly	244	Otu618.0	0.9957736169331464	0.7822245757474016	3940012	3923360	5015644	0.9972602739726028	0.4369747899159664	730	728	1666
marmgCAMI2_short_read_pooled_gold_standard_assembly	396	Otu974	1.0	0.7782364856397944	1471881	1471881	1891303	1.0	0.44031007751937984	284	284	645
marmgCAMI2_short_read_pooled_gold_standard_assembly	88	Otu945	0.9984356686840847	0.7753229405339783	2072451	2069209	2668835	0.9973614775725593	0.4329896907216495	379	378	873
marmgCAMI2_short_read_pooled_gold_standard_assembly	386	Otu1004	0.9937262247871176	0.7752521490956302	885113	879560	1134547	0.9886363636363636	0.4566929133858268	176	174	381
marmgCAMI2_short_read_pooled_gold_standard_assembly	412	Otu2403	1.0	0.7749812435258998	1367628	1367628	1764724	1.0	0.41195476575121165	255	255	619
marmgCAMI2_short_read_pooled_gold_standard_assembly	138	Otu1462.0	1.0	0.7681098251909025	2482342	2482342	3231754	1.0	0.4417910447761194	444	444	1005
marmgCAMI2_short_read_pooled_gold_standard_assembly	307	Otu1719	1.0	0.7563913924278197	1800772	1800772	2380741	1.0	0.42765685019206146	334	334	781
marmgCAMI2_short_read_pooled_gold_standard_assembly	239	Otu631.0	1.0	0.7484820132509538	3147917	3147917	4205735	1.0	0.4109772423025435	614	614	1494
marmgCAMI2_short_read_pooled_gold_standard_assembly	454	Otu554	1.0	0.7435055964960428	1614683	1614683	2171716	1.0	0.5460526315789473	83	83	152
marmgCAMI2_short_read_pooled_gold_standard_assembly	377	Otu169.0	0.9974189233319231	0.743073820722774	3564404	3555204	4784456	0.9970457902511078	0.40834845735027225	677	675	1653
marmgCAMI2_short_read_pooled_gold_standard_assembly	15	Otu1221	1.0	0.7427754133104585	1891127	1891127	2546028	1.0	0.4488888888888889	303	303	675
marmgCAMI2_short_read_pooled_gold_standard_assembly	186	Otu340	1.0	0.7427612661449986	1260555	1260555	1697120	1.0	0.3934169278996865	251	251	638
marmgCAMI2_short_read_pooled_gold_standard_assembly	304	Otu960.0	0.9919676244167133	0.737092624620852	3137179	3111980	4221966	0.9869494290375204	0.38757206918641895	613	605	1561
marmgCAMI2_short_read_pooled_gold_standard_assembly	111	Otu1834.0	0.9922740733664501	0.7354507685058115	2763552	2742201	3728599	0.992619926199262	0.3970479704797048	542	538	1355
marmgCAMI2_short_read_pooled_gold_standard_assembly	215	Otu953.0	0.998997320287902	0.7337049512924569	2768581	2765805	3769642	0.998109640831758	0.3854014598540146	529	528	1370
marmgCAMI2_short_read_pooled_gold_standard_assembly	69	Otu1133	1.0	0.6989225905620583	3626659	3626659	5188928	1.0	0.34961555857078247	773	773	2211
marmgCAMI2_short_read_pooled_gold_standard_assembly	136	Otu1016.0	1.0	0.6707569811647323	2526761	2526761	3767029	1.0	0.3333333333333333	568	568	1704
marmgCAMI2_short_read_pooled_gold_standard_assembly	245	Otu2066	0.8409487596786352	0.6680436220238023	1627683	1368798	2048965	0.7728531855955678	0.30558598028477546	361	279	913
marmgCAMI2_short_read_pooled_gold_standard_assembly	240	Otu687	0.9974630046501586	0.6593354169006825	1000396	997858	1513430	0.9955156950672646	0.3203463203463203	223	222	693
marmgCAMI2_short_read_pooled_gold_standard_assembly	133	Otu839	0.9990165476238166	0.6579797328647818	2770851	2768126	4207008	0.9983579638752053	0.32323232323232326	609	608	1881
marmgCAMI2_short_read_pooled_gold_standard_assembly	172	Otu895.0	0.9968655554427246	0.6513179698925764	2067990	2061508	3165133	0.9954128440366973	0.3219584569732938	436	434	1348
marmgCAMI2_short_read_pooled_gold_standard_assembly	95	Otu1389.0	0.9985471725725387	0.6468592185051212	4332242	4325948	6687619	0.9978586723768736	0.3094289508632138	934	932	3012
marmgCAMI2_short_read_pooled_gold_standard_assembly	251	Otu797	1.0	0.6454016897948437	2063932	2063932	3197903	1.0	0.33181818181818185	438	438	1320
marmgCAMI2_short_read_pooled_gold_standard_assembly	14	Otu1918	1.0	0.6320663309944824	1506264	1506264	2383079	1.0	0.2974910394265233	332	332	1116
marmgCAMI2_short_read_pooled_gold_standard_assembly	246	Otu881.0	1.0	0.6258608947740806	944722	944722	1509476	1.0	0.2912234042553192	219	219	752
marmgCAMI2_short_read_pooled_gold_standard_assembly	92	Otu2073	0.9954722073112475	0.6240047416773684	1015285	1010688	1619680	0.9957627118644068	0.29411764705882354	236	235	799
marmgCAMI2_short_read_pooled_gold_standard_assembly	113	Otu2268	1.0	0.623188499674922	2597593	2597593	4168230	1.0	0.2883838383838384	571	571	1980
marmgCAMI2_short_read_pooled_gold_standard_assembly	241	Otu1569	1.0	0.620747457827107	1604567	1604567	2584895	1.0	0.2813717848791894	361	361	1283
marmgCAMI2_short_read_pooled_gold_standard_assembly	203	Otu662	0.9952514145726462	0.6116216534706107	1324605	1318315	2155442	0.9932885906040269	0.26835902085222124	298	296	1103
marmgCAMI2_short_read_pooled_gold_standard_assembly	142	Otu2433.0	0.9989130451924032	0.59899553014698	2536444	2533687	4229893	0.9983388704318937	0.2812353766963032	602	601	2137
marmgCAMI2_short_read_pooled_gold_standard_assembly	213	Otu1786	0.9986546119361868	0.5921045363427129	1996450	1993764	3367250	0.9978308026030369	0.26528258362168394	461	460	1734
marmgCAMI2_short_read_pooled_gold_standard_assembly	205	Otu936	1.0	0.5905105528425268	1055638	1055638	1787670	1.0	0.26659528907922914	249	249	934
marmgCAMI2_short_read_pooled_gold_standard_assembly	171	Otu1853	1.0	0.5767183535247163	1446886	1446886	2508826	1.0	0.3105209397344229	304	304	979
marmgCAMI2_short_read_pooled_gold_standard_assembly	250	Otu799.0	1.0	0.5745459981029174	1868026	1868026	3251308	1.0	0.24416619237336368	429	429	1757
marmgCAMI2_short_read_pooled_gold_standard_assembly	189	Otu532	0.997634854027956	0.5706577200419988	2677636	2671303	4681095	0.9968253968253968	0.2443579766536965	630	628	2570
marmgCAMI2_short_read_pooled_gold_standard_assembly	146	Otu1398	1.0	0.5686949958633503	940344	940344	1653512	1.0	0.2698224852071006	228	228	845
marmgCAMI2_short_read_pooled_gold_standard_assembly	79	Otu1236	1.0	0.5517688852781606	907374	907374	1644482	1.0	0.2420591456736035	221	221	913
marmgCAMI2_short_read_pooled_gold_standard_assembly	254	Otu2174	0.9782910089133896	0.5385295179117473	1516146	1483232	2754226	0.976063829787234	0.24532085561497327	376	367	1496
marmgCAMI2_short_read_pooled_gold_standard_assembly	273	Otu812	0.9763916006744178	0.523953166004843	2116789	2066815	3944656	0.9869402985074627	0.22694122694122695	536	529	2331
marmgCAMI2_short_read_pooled_gold_standard_assembly	242	Otu2206	0.9953511567772569	0.5144655906389156	2374139	2363102	4593314	0.9948542024013722	0.21354933726067746	583	580	2716
marmgCAMI2_short_read_pooled_gold_standard_assembly	192	Otu1468.0	0.9969131969441475	0.5110852403551296	2061356	2054993	4020842	0.9961240310077519	0.2110016420361248	516	514	2436
marmgCAMI2_short_read_pooled_gold_standard_assembly	18	Otu1580	0.9934271814511956	0.5093188252291124	946778	940555	1846692	0.9912663755458515	0.20432043204320433	229	227	1111
marmgCAMI2_short_read_pooled_gold_standard_assembly	105	Otu873.1	1.0	0.5061400184293443	1634646	1634646	3229632	1.0	0.21934089681253377	406	406	1851
marmgCAMI2_short_read_pooled_gold_standard_assembly	212	Otu873.0	1.0	0.5014415799858382	1698163	1698163	3386562	1.0	0.20708582834331338	415	415	2004
marmgCAMI2_short_read_pooled_gold_standard_assembly	187	Otu612.0	1.0	0.5012008303163218	1845648	1845648	3682452	1.0	0.25975975975975973	346	346	1332
marmgCAMI2_short_read_pooled_gold_standard_assembly	17	Otu1548.0	1.0	0.4988130648305192	1576369	1576369	3160240	1.0	0.21350259665320254	370	370	1733
marmgCAMI2_short_read_pooled_gold_standard_assembly	420	Otu2482.0	0.9915647358387587	0.4951717462667467	1412641	1400725	2828766	0.9916434540389972	0.2035448827901658	359	356	1749
marmgCAMI2_short_read_pooled_gold_standard_assembly	243	Otu664.0	1.0	0.4933199372720948	1976806	1976806	4007148	1.0	0.20130665577786852	493	493	2449
marmgCAMI2_short_read_pooled_gold_standard_assembly	148	Otu1483.1	0.9973335792142598	0.4926959431556149	2787257	2779825	5642070	0.9972027972027973	0.20535714285714285	715	713	3472
marmgCAMI2_short_read_pooled_gold_standard_assembly	46	Otu108.0	0.9975108249305044	0.4913332209133322	2146896	2141552	4358655	0.9962894248608535	0.20059768397459843	539	537	2677
marmgCAMI2_short_read_pooled_gold_standard_assembly	48	Otu472.1	1.0	0.49097926567861394	2284555	2284555	4653058	1.0	0.20640057533261416	574	574	2781
marmgCAMI2_short_read_pooled_gold_standard_assembly	81	Otu2115	1.0	0.48298323983063396	1497377	1497377	3100267	1.0	0.1969775924960917	378	378	1919
marmgCAMI2_short_read_pooled_gold_standard_assembly	235	Otu966	0.9809723665647868	0.475481340162922	651421	639026	1343956	0.9757575757575757	0.19586374695863748	165	161	822
marmgCAMI2_short_read_pooled_gold_standard_assembly	21	Otu751.0	0.9983980444894875	0.47277059121170384	1724767	1722004	3642367	0.9977116704805492	0.18801207416990082	437	436	2319
marmgCAMI2_short_read_pooled_gold_standard_assembly	176	Otu1545	1.0	0.47260910914110554	1434190	1434190	3034622	1.0	0.18510963793982663	363	363	1961
marmgCAMI2_short_read_pooled_gold_standard_assembly	152	Otu1505.0	0.9972939338019451	0.46338582332433464	2759356	2751889	5938656	0.9985835694050992	0.18890675241157556	706	705	3732
marmgCAMI2_short_read_pooled_gold_standard_assembly	227	Otu750	0.9828775782093296	0.44061554893167165	822664	808578	1835110	0.9805825242718447	0.1657095980311731	206	202	1219
marmgCAMI2_short_read_pooled_gold_standard_assembly	147	Otu1525.0	0.9983085776762022	0.4391984364963564	1478046	1475546	3359634	0.9973544973544973	0.17333333333333334	378	377	2175
marmgCAMI2_short_read_pooled_gold_standard_assembly	237	Otu1445	0.9959547905353521	0.4314944165929099	1453324	1447445	3354493	0.9947368421052631	0.16016949152542373	380	378	2360
marmgCAMI2_short_read_pooled_gold_standard_assembly	67	Otu1227	1.0	0.4276757562155293	1411055	1411055	3299357	1.0	0.1755844155844156	338	338	1925
marmgCAMI2_short_read_pooled_gold_standard_assembly	38	Otu136	1.0	0.42526344072082944	1804346	1804346	4242890	1.0	0.24074074074074073	65	65	270
marmgCAMI2_short_read_pooled_gold_standard_assembly	27	Otu941	0.9987909809307456	0.4184494491750575	2159602	2156991	5154723	0.9982142857142857	0.15285753349740225	560	559	3657
marmgCAMI2_short_read_pooled_gold_standard_assembly	417	Otu1082	0.9910176213432561	0.41603985631773127	690129	683930	1643905	0.989010989010989	0.158311345646438	182	180	1137
marmgCAMI2_short_read_pooled_gold_standard_assembly	388	Otu1153	1.0	0.41504544067023097	549306	549306	1323484	1.0	0.23140495867768596	112	112	484
marmgCAMI2_short_read_pooled_gold_standard_assembly	151	Otu2027	1.0	0.4149974541743181	1265780	1265780	3050091	1.0	0.15718908922792418	340	340	2163
marmgCAMI2_short_read_pooled_gold_standard_assembly	364	Otu1632	0.9920104588824123	0.40116978048616314	949241	941657	2347278	0.9922178988326849	0.14697406340057637	257	255	1735
marmgCAMI2_short_read_pooled_gold_standard_assembly	99	Otu1546	1.0	0.3934184649969954	1344735	1344735	3418078	1.0	0.14416567104739147	362	362	2511
marmgCAMI2_short_read_pooled_gold_standard_assembly	217	Otu1069	1.0	0.3906380943294543	605975	605975	1551244	1.0	0.14448336252189142	165	165	1142
marmgCAMI2_short_read_pooled_gold_standard_assembly	85	Otu2217	0.978938669730939	0.352359236919871	2045075	2002003	5681710	0.9751332149200711	0.12539972590223847	563	549	4378
marmgCAMI2_short_read_pooled_gold_standard_assembly	129	Otu643.0	1.0	0.34195719224287924	1060690	1060690	3101821	1.0	0.11981566820276497	286	286	2387
marmgCAMI2_short_read_pooled_gold_standard_assembly	327	Otu1237.0	1.0	0.3417101558217744	1146455	1146455	3355051	1.0	0.11652620007328691	318	318	2729
marmgCAMI2_short_read_pooled_gold_standard_assembly	341	Otu927	1.0	0.33220963300454714	1850503	1850503	5570287	1.0	0.11252425091614572	522	522	4639
marmgCAMI2_short_read_pooled_gold_standard_assembly	42	Otu770	1.0	0.3273317841589313	853770	853770	2608271	1.0	0.11496437054631829	242	242	2105
marmgCAMI2_short_read_pooled_gold_standard_assembly	257	Otu2052	0.9982700997200211	0.3174882728488933	1615122	1612328	5078386	0.9978070175438597	0.1076923076923077	456	455	4225
marmgCAMI2_short_read_pooled_gold_standard_assembly	218	Otu2121	0.9966547306472043	0.31681886216697963	921301	918219	2898246	0.9961389961389961	0.10634789777411377	259	258	2426
marmgCAMI2_short_read_pooled_gold_standard_assembly	438	Otu2169.0	1.0	0.3119873315868384	485057	485057	1554733	1.0	0.10643185298621746	139	139	1306
marmgCAMI2_short_read_pooled_gold_standard_assembly	83	Otu61.1	1.0	0.31159733657062905	1689678	1689678	5422633	1.0	0.109375	476	476	4352
marmgCAMI2_short_read_pooled_gold_standard_assembly	73	Otu837.0	1.0	0.3062888630272176	1402516	1402516	4579063	1.0	0.1029218215319821	391	391	3799
marmgCAMI2_short_read_pooled_gold_standard_assembly	60	Otu2107	0.6862026871937056	0.29728101797089385	1232066	845447	2843932	0.6559139784946236	0.09906617945594803	372	244	2463
marmgCAMI2_short_read_pooled_gold_standard_assembly	387	Otu717	1.0	0.29502717795095856	472535	472535	1601666	1.0	0.09693165969316597	139	139	1434
marmgCAMI2_short_read_pooled_gold_standard_assembly	395	Otu1900	0.9959565865077676	0.28876398421877536	643763	641160	2220360	0.994535519125683	0.09304703476482618	183	182	1956
marmgCAMI2_short_read_pooled_gold_standard_assembly	40	Otu136	1.0	0.27735270063565165	1176777	1176777	4242890	1.0	0.24444444444444444	66	66	270
marmgCAMI2_short_read_pooled_gold_standard_assembly	166	Otu2080.0	1.0	0.26048386182709776	712433	712433	2735037	1.0	0.08370400323493732	207	207	2473
marmgCAMI2_short_read_pooled_gold_standard_assembly	330	Otu1242	1.0	0.25693985127808694	704295	704295	2741089	1.0	0.08065779169929523	206	206	2554
marmgCAMI2_short_read_pooled_gold_standard_assembly	8	Otu1929	1.0	0.24493006656559588	458175	458175	1870636	1.0	0.0793368857312019	134	134	1689
marmgCAMI2_short_read_pooled_gold_standard_assembly	248	Otu1832	1.0	0.23975706118668824	389353	389353	1623948	1.0	0.07848443843031123	116	116	1478
marmgCAMI2_short_read_pooled_gold_standard_assembly	394	Otu2415.1	0.9854179368369711	0.23804602204191883	656080	646513	2715916	0.984375	0.07596463022508039	192	189	2488
marmgCAMI2_short_read_pooled_gold_standard_assembly	276	Otu985.0	1.0	0.23227984221916173	521324	521324	2244379	1.0	0.0723062381852552	153	153	2116
marmgCAMI2_short_read_pooled_gold_standard_assembly	320	Otu1704	0.9555827861907561	0.2251825885627695	362337	346243	1537610	0.9615384615384616	0.06506180871828236	104	100	1537
marmgCAMI2_short_read_pooled_gold_standard_assembly	453	Otu554	1.0	0.2234357531095226	485239	485239	2171716	1.0	0.24342105263157895	37	37	152
marmgCAMI2_short_read_pooled_gold_standard_assembly	185	Otu612.0	1.0	0.22128027738039763	814854	814854	3682452	1.0	0.12087087087087087	161	161	1332
marmgCAMI2_short_read_pooled_gold_standard_assembly	168	Otu774	0.9547776376035501	0.18953396564833694	680106	649350	3426035	0.946078431372549	0.05592581860330339	204	193	3451
marmgCAMI2_short_read_pooled_gold_standard_assembly	80	Otu1414.0	1.0	0.1726481500745518	547690	547690	3172290	1.0	0.05416666666666667	169	169	3120
marmgCAMI2_short_read_pooled_gold_standard_assembly	284	Otu1015	0.9849581836577465	0.1691181392502303	430932	424450	2509784	0.9848484848484849	0.04969418960244648	132	130	2616
marmgCAMI2_short_read_pooled_gold_standard_assembly	392	Otu1153	1.0	0.16862009665398298	223166	223166	1323484	1.0	0.1115702479338843	54	54	484
marmgCAMI2_short_read_pooled_gold_standard_assembly	316	Otu971.0	1.0	0.16539916220280057	833474	833474	5039167	1.0	0.0470980901168181	254	254	5393
marmgCAMI2_short_read_pooled_gold_standard_assembly	390	Otu1153	1.0	0.15927657606740997	210800	210800	1323484	1.0	0.05165289256198347	25	25	484
marmgCAMI2_short_read_pooled_gold_standard_assembly	325	Otu2352	1.0	0.15886410173510077	250597	250597	1577430	1.0	0.04482758620689655	78	78	1740
marmgCAMI2_short_read_pooled_gold_standard_assembly	345	Otu133.1	1.0	0.157661340753123	468946	468946	2974388	1.0	0.04546889801073571	144	144	3167
marmgCAMI2_short_read_pooled_gold_standard_assembly	383	Otu2411	1.0	0.15759843240131383	589939	589939	3743305	1.0	0.045170950836036936	181	181	4007
marmgCAMI2_short_read_pooled_gold_standard_assembly	402	Otu498	1.0	0.1570609166570349	356026	356026	2266802	1.0	0.04389086595492289	111	111	2529
marmgCAMI2_short_read_pooled_gold_standard_assembly	368	Otu2099	1.0	0.1507538089894052	396279	396279	2628650	1.0	0.04136995591726009	122	122	2949
marmgCAMI2_short_read_pooled_gold_standard_assembly	3	Otu1853	0.9841966964966234	0.14720351271869792	375238	369308	2508826	0.9746835443037974	0.07865168539325842	79	77	979
marmgCAMI2_short_read_pooled_gold_standard_assembly	308	Otu1788.0	1.0	0.14560752544467032	378058	378058	2596418	1.0	0.039534062830921285	112	112	2833
marmgCAMI2_short_read_pooled_gold_standard_assembly	429	Otu1193	0.9811160419223869	0.14520404275755958	201229	197429	1359666	0.9838709677419355	0.03853442830069488	62	61	1583
marmgCAMI2_short_read_pooled_gold_standard_assembly	10	Otu1038	0.9918231199917814	0.14490693228317503	311488	308941	2131996	0.9896907216494846	0.0389768574908648	97	96	2463
marmgCAMI2_short_read_pooled_gold_standard_assembly	347	Otu865	1.0	0.14307233033057606	758810	758810	5303681	1.0	0.03983445421624418	231	231	5799
marmgCAMI2_short_read_pooled_gold_standard_assembly	114	Otu589	0.9942982731046307	0.14100760970328208	494587	491767	3487521	0.9934640522875817	0.03867684478371501	153	152	3930
marmgCAMI2_short_read_pooled_gold_standard_assembly	228	Otu2448	1.0	0.13456264044831567	202038	202038	1501442	1.0	0.03553581343697946	64	64	1801
marmgCAMI2_short_read_pooled_gold_standard_assembly	324	Otu1920	1.0	0.13120311254938655	228705	228705	1743137	1.0	0.034808552958727	70	70	2011
marmgCAMI2_short_read_pooled_gold_standard_assembly	343	Otu1330	1.0	0.12563763415239032	206692	206692	1645144	1.0	0.03413865546218487	65	65	1904
marmgCAMI2_short_read_pooled_gold_standard_assembly	329	Otu961	0.9968671507729797	0.12219915777829897	840449	837816	6856152	0.9962121212121212	0.03221854710278084	264	263	8163
marmgCAMI2_short_read_pooled_gold_standard_assembly	399	Otu1665	1.0	0.11439859406005078	217806	217806	1903922	1.0	0.031969910672308414	68	68	2127
marmgCAMI2_short_read_pooled_gold_standard_assembly	358	Otu1326	1.0	0.11253959356773079	340516	340516	3025744	1.0	0.029388191290408764	110	110	3743
marmgCAMI2_short_read_pooled_gold_standard_assembly	318	Otu814.0	0.9884431065921843	0.1066527944092185	241847	239052	2241404	0.9864864864864865	0.02714763852733358	74	73	2689
marmgCAMI2_short_read_pooled_gold_standard_assembly	271	Otu775.0	0.9875015852310814	0.09946984484504465	441576	436057	4383811	0.9858156028368794	0.02498651806579184	141	139	5563
marmgCAMI2_short_read_pooled_gold_standard_assembly	36	Otu136	0.9934217651639788	0.09079731032385945	387794	385243	4242890	0.9523809523809523	0.07407407407407407	21	20	270
marmgCAMI2_short_read_pooled_gold_standard_assembly	263	Otu1160	0.9810263989550598	0.08721354589058554	337627	331221	3797816	0.981651376146789	0.022300958732805336	109	107	4798
marmgCAMI2_short_read_pooled_gold_standard_assembly	335	Otu1977.0	0.9817998490530014	0.08448182124813448	335217	329116	3895702	0.981651376146789	0.02134024730753889	109	107	5014
marmgCAMI2_short_read_pooled_gold_standard_assembly	408	Otu1233.0	1.0	0.07765335741135947	270390	270390	3482013	1.0	0.018391787852865698	86	86	4676
marmgCAMI2_short_read_pooled_gold_standard_assembly	305	Otu1279	0.9867746205602164	0.07308844103444821	583953	576230	7884010	0.9726027397260274	0.053064275037369206	73	71	1338
marmgCAMI2_short_read_pooled_gold_standard_assembly	389	Otu1332.0	0.9864264764200764	0.06993361275601567	254687	251230	3592407	0.975609756097561	0.05509641873278237	41	40	726
marmgCAMI2_short_read_pooled_gold_standard_assembly	277	Otu801.0	1.0	0.06894888171102732	242535	242535	3517606	1.0	0.017079775046865236	82	82	4801
marmgCAMI2_short_read_pooled_gold_standard_assembly	434	Otu1420.0	1.0	0.061884054887131196	325724	325724	5263456	1.0	0.04614019520851819	52	52	1127
marmgCAMI2_short_read_pooled_gold_standard_assembly	404	Otu1227	0.973082106027735	0.061718995549738934	209266	203633	3299357	0.9622641509433962	0.026493506493506493	53	51	1925
marmgCAMI2_short_read_pooled_gold_standard_assembly	210	Otu608	1.0	0.05943767685995397	93365	93365	1570805	1.0	0.01302785265049416	29	29	2226
marmgCAMI2_short_read_pooled_gold_standard_assembly	424	Otu610	0.9792317397611768	0.05353138839692574	211621	207226	3871112	0.9859154929577465	0.012766733540032828	71	70	5483
marmgCAMI2_short_read_pooled_gold_standard_assembly	34	Otu136	1.0	0.03295725319298874	139834	139834	4242890	1.0	0.05555555555555555	15	15	270
marmgCAMI2_short_read_pooled_gold_standard_assembly	291	Otu136	0.982034469167652	0.0322982683972481	139545	137038	4242890	0.9545454545454546	0.07777777777777778	22	21	270
marmgCAMI2_short_read_pooled_gold_standard_assembly	9	Otu136	0.9741084598698482	0.02645979509249592	115250	112266	4242890	0.8888888888888888	0.02962962962962963	9	8	270
marmgCAMI2_short_read_pooled_gold_standard_assembly	406	Otu612.0	0.5461380080328273	0.020456750013306352	137934	75331	3682452	0.4827586206896552	0.010510510510510511	29	14	1332
marmgCAMI2_short_read_pooled_gold_standard_assembly	391	Otu1279	0.5756906301303228	0.014410940625392409	197356	113616	7884010	0.4722222222222222	0.012705530642750373	36	17	1338
marmgCAMI2_short_read_pooled_gold_standard_assembly	374	Otu1631	1.0	0.01437315212202726	66032	66032	4594121	1.0	0.0031586503948312994	22	22	6965
marmgCAMI2_short_read_pooled_gold_standard_assembly	214	Otu1065	1.0	0.01385930454507732	48096	48096	3470304	1.0	0.003663003663003663	1	1	273
marmgCAMI2_short_read_pooled_gold_standard_assembly	150	Otu1501	0.9247296585800494	0.01189848984413799	49382	45665	3837882	0.9375	0.0020781379883624274	16	15	7218
marmgCAMI2_short_read_pooled_gold_standard_assembly	342	Otu1631	0.8696544645911735	0.01161963300487732	61383	53382	4594121	0.9047619047619048	0.0027279253409906675	21	19	6965
marmgCAMI2_short_read_pooled_gold_standard_assembly	275	Otu1123	1.0	0.010351356390989769	50517	50517	4880230	1.0	0.009628610729023384	7	7	727
marmgCAMI2_short_read_pooled_gold_standard_assembly	261	Otu136	1.0	0.010334465423331739	43848	43848	4242890	1.0	0.022222222222222223	6	6	270
marmgCAMI2_short_read_pooled_gold_standard_assembly	378	Otu1337	1.0	0.010252409446501704	40134	40134	3914592	1.0	0.5	1	1	2
marmgCAMI2_short_read_pooled_gold_standard_assembly	545	Otu453	1.0	0.010094951789416948	30229	30229	2994467	1.0	0.011494252873563218	1	1	87
marmgCAMI2_short_read_pooled_gold_standard_assembly	78	Otu965	0.9403395020036922	0.010065126438210852	44418	41768	4149774	0.8888888888888888	0.007246376811594203	9	8	1104
marmgCAMI2_short_read_pooled_gold_standard_assembly	127	Otu1272	0.479509056577383	0.009758820914107538	114392	54852	5620761	0.5428571428571428	0.0017699115044247787	35	19	10735
marmgCAMI2_short_read_pooled_gold_standard_assembly	349	Otu136	1.0	0.007803878959859907	33111	33111	4242890	1.0	0.007407407407407408	2	2	270
marmgCAMI2_short_read_pooled_gold_standard_assembly	337	Otu1168.0	0.1794892223896164	0.007055510792104296	138064	24781	3512290	0.15384615384615385	0.0062176165803108805	39	6	965
marmgCAMI2_short_read_pooled_gold_standard_assembly	109	Otu1147	1.0	0.006769149743141135	34651	34651	5118959	1.0	0.008333333333333333	2	2	240
marmgCAMI2_short_read_pooled_gold_standard_assembly	369	Otu1462.0	0.21133872896346587	0.006617459125911192	101193	21386	3231754	0.16	0.003980099502487562	25	4	1005
marmgCAMI2_short_read_pooled_gold_standard_assembly	247	Otu2225.0	1.0	0.006087650855226137	19365	19365	3181030	1.0	0.001095976201659621	7	7	6387
marmgCAMI2_short_read_pooled_gold_standard_assembly	427	Otu1225	1.0	0.006014971690189635	30057	30057	4997031	1.0	0.0038314176245210726	1	1	261
marmgCAMI2_short_read_pooled_gold_standard_assembly	297	Otu136	1.0	0.005334100106295473	22632	22632	4242890	1.0	0.007407407407407408	2	2	270
marmgCAMI2_short_read_pooled_gold_standard_assembly	311	Otu1225	0.7371734597931401	0.003608542752686545	24461	18032	4997031	0.3333333333333333	0.0038314176245210726	3	1	261
marmgCAMI2_short_read_pooled_gold_standard_assembly	310	Otu767	0.4047537736493409	0.0035213129755570015	14641	5926	1682895	0.5	0.0039447731755424065	4	2	507
marmgCAMI2_short_read_pooled_gold_standard_assembly	144	Otu797	0.8096161013790533	0.0033962881300652332	13415	10861	3197903	0.75	0.0022727272727272726	4	3	1320
marmgCAMI2_short_read_pooled_gold_standard_assembly	476	Otu965	1.0	0.003188848356561104	13233	13233	4149774	1.0	0.0018115942028985507	2	2	1104
marmgCAMI2_short_read_pooled_gold_standard_assembly	376	Otu965	0.7056947608200456	0.002986186717638117	17560	12392	4149774	0.5	0.0018115942028985507	4	2	1104
marmgCAMI2_short_read_pooled_gold_standard_assembly	96	Otu108.0	1.0	0.0028290837425765515	12331	12331	4358655	1.0	0.0007471049682480389	2	2	2677
marmgCAMI2_short_read_pooled_gold_standard_assembly	107	Otu2316	0.35776380901431054	0.002527251009089601	22431	8025	3175387	0.375	0.00042444821731748726	8	3	7068
marmgCAMI2_short_read_pooled_gold_standard_assembly	443	Otu837.0	1.0	0.0025258442611512445	11566	11566	4579063	1.0	0.0007896814951302974	3	3	3799
marmgCAMI2_short_read_pooled_gold_standard_assembly	366	Otu136	1.0	0.0024834487813730735	10537	10537	4242890	1.0	0.007407407407407408	2	2	270
marmgCAMI2_short_read_pooled_gold_standard_assembly	7	Otu1548.0	1.0	0.0023953876920740197	7570	7570	3160240	1.0	0.001154068090017311	2	2	1733
marmgCAMI2_short_read_pooled_gold_standard_assembly	117	Otu2016.0	1.0	0.0020894539187921455	7105	7105	3400410	1.0	0.0013123359580052493	1	1	762
marmgCAMI2_short_read_pooled_gold_standard_assembly	181	Otu1832	1.0	0.0017592927852369657	2857	2857	1623948	1.0	0.0006765899864682003	1	1	1478
marmgCAMI2_short_read_pooled_gold_standard_assembly	11	Otu136	1.0	0.0017254748532250423	7321	7321	4242890	1.0	0.007407407407407408	2	2	270
marmgCAMI2_short_read_pooled_gold_standard_assembly	431	Otu2268	1.0	0.0016337870031164308	6810	6810	4168230	1.0	0.000505050505050505	1	1	1980
marmgCAMI2_short_read_pooled_gold_standard_assembly	86	Otu1455	1.0	0.001552950441380937	3305	3305	2128207	1.0	0.00024102193299590263	1	1	4149
marmgCAMI2_short_read_pooled_gold_standard_assembly	385	Otu1146.0	0.4030254458024444	0.0015283409807367492	9982	4023	2632266	0.3333333333333333	0.0002977963073257892	3	1	3358
marmgCAMI2_short_read_pooled_gold_standard_assembly	484	Otu612.0	1.0	0.001523984562460013	5612	5612	3682452	1.0	0.0015015015015015015	2	2	1332
marmgCAMI2_short_read_pooled_gold_standard_assembly	44	Otu810.0	1.0	0.001498397866896165	5265	5265	3513753	1.0	0.006289308176100629	1	1	159
marmgCAMI2_short_read_pooled_gold_standard_assembly	125	Otu498	0.5649536647009267	0.0014791763903508114	5935	3353	2266802	0.5	0.00039541320680110717	2	1	2529
marmgCAMI2_short_read_pooled_gold_standard_assembly	282	Otu1308	0.5220137469812373	0.0014446075268679007	5383	2810	1945165	0.5	0.00025265285497726126	2	1	3958
marmgCAMI2_short_read_pooled_gold_standard_assembly	190	Otu1462.0	1.0	0.0014190436524562204	4586	4586	3231754	1.0	0.0009950248756218905	1	1	1005
marmgCAMI2_short_read_pooled_gold_standard_assembly	180	Otu570.0	0.6136818910256411	0.0013986081030244815	9984	6127	4380784	0.5	0.0014347202295552368	2	1	697
marmgCAMI2_short_read_pooled_gold_standard_assembly	13	Otu136	1.0	0.0012649396991201752	5367	5367	4242890	1.0	0.003703703703703704	1	1	270
marmgCAMI2_short_read_pooled_gold_standard_assembly	446	Otu1631	1.0	0.0012441988358600047	5716	5716	4594121	1.0	0.0002871500358937545	2	2	6965
marmgCAMI2_short_read_pooled_gold_standard_assembly	270	Otu1977.0	1.0	0.0012262231556725849	4777	4777	3895702	1.0	0.00019944156362185878	1	1	5014
marmgCAMI2_short_read_pooled_gold_standard_assembly	126	Otu1123	1.0	0.0012208440995608812	5958	5958	4880230	1.0	0.002751031636863824	2	2	727
marmgCAMI2_short_read_pooled_gold_standard_assembly	439	Otu965	0.3894286824718228	0.0012072946623117307	12865	5010	4149774	0.25	0.0009057971014492754	4	1	1104
marmgCAMI2_short_read_pooled_gold_standard_assembly	204	Otu1336	1.0	0.0011711674719298486	2567	2567	2191830	1.0	0.00027285129604365623	1	1	3665
marmgCAMI2_short_read_pooled_gold_standard_assembly	28	Otu1242	1.0	0.0010824165140205224	2967	2967	2741089	1.0	0.00039154267815191856	1	1	2554
marmgCAMI2_short_read_pooled_gold_standard_assembly	62	Otu751.0	0.5557774607703281	0.0010696341142998496	7010	3896	3642367	0.5	0.00043122035360068997	2	1	2319
marmgCAMI2_short_read_pooled_gold_standard_assembly	116	Otu965	1.0	0.0010193326190775691	4230	4230	4149774	1.0	0.0009057971014492754	1	1	1104
marmgCAMI2_short_read_pooled_gold_standard_assembly	463	Otu965	1.0	0.001010657447851377	4194	4194	4149774	1.0	0.0009057971014492754	1	1	1104
marmgCAMI2_short_read_pooled_gold_standard_assembly	442	Otu837.0	1.0	0.0009986759299882967	4573	4573	4579063	1.0	0.00026322716504343247	1	1	3799
marmgCAMI2_short_read_pooled_gold_standard_assembly	211	Otu1836	1.0	0.000903664524848901	2653	2653	2935824	1.0	0.0001399384270920795	1	1	7146
marmgCAMI2_short_read_pooled_gold_standard_assembly	266	Otu1225	1.0	0.0008501047922256236	4248	4248	4997031	1.0	0.0038314176245210726	1	1	261
marmgCAMI2_short_read_pooled_gold_standard_assembly	26	Otu1225	1.0	0.0008350958799335045	4173	4173	4997031	1.0	0.0038314176245210726	1	1	261
marmgCAMI2_short_read_pooled_gold_standard_assembly	356	Otu136	1.0	0.0008267949440122181	3508	3508	4242890	1.0	0.003703703703703704	1	1	270
marmgCAMI2_short_read_pooled_gold_standard_assembly	230	Otu2316	1.0	0.0007961234331437397	2528	2528	3175387	1.0	0.0001414827391058291	1	1	7068
marmgCAMI2_short_read_pooled_gold_standard_assembly	272	Otu2411	1.0	0.0007183491593658545	2689	2689	3743305	1.0	0.0002495632642874969	1	1	4007
marmgCAMI2_short_read_pooled_gold_standard_assembly	32	Otu965	1.0	0.0007058215700421276	2929	2929	4149774	1.0	0.0009057971014492754	1	1	1104
marmgCAMI2_short_read_pooled_gold_standard_assembly	97	Otu965	0.5372968980797637	0.0007012430074505262	5416	2910	4149774	0.5	0.0009057971014492754	2	1	1104
marmgCAMI2_short_read_pooled_gold_standard_assembly	381	Otu1631	1.0	0.0006628036135748275	3045	3045	4594121	1.0	0.00014357501794687725	1	1	6965
marmgCAMI2_short_read_pooled_gold_standard_assembly	120	Otu812	1.0	0.0006540494278842059	2580	2580	3944656	1.0	0.000429000429000429	1	1	2331
marmgCAMI2_short_read_pooled_gold_standard_assembly	123	Otu108.0	1.0	0.0006341405777699772	2764	2764	4358655	1.0	0.00037355248412401944	1	1	2677
marmgCAMI2_short_read_pooled_gold_standard_assembly	167	Otu839	1.0	0.0006132624420966159	2580	2580	4207008	1.0	0.000531632110579479	1	1	1881
marmgCAMI2_short_read_pooled_gold_standard_assembly	233	Otu413	1.0	0.0005987660249775174	2849	2849	4758119	1.0	0.0037313432835820895	1	1	268
marmgCAMI2_short_read_pooled_gold_standard_assembly	59	Otu1631	1.0	0.0005803068748080427	2666	2666	4594121	1.0	0.00014357501794687725	1	1	6965
marmgCAMI2_short_read_pooled_gold_standard_assembly	380	Otu2217	0.5171437558980811	0.0005786990184293109	6358	3288	5681710	0.5	0.00022841480127912289	2	1	4378
marmgCAMI2_short_read_pooled_gold_standard_assembly	557	Otu1287	1.0	0.0005594068368609475	2682	2682	4794364	1.0	0.0006557377049180328	1	1	1525
marmgCAMI2_short_read_pooled_gold_standard_assembly	303	Otu2052	1.0	0.0005147304675146789	2614	2614	5078386	1.0	0.00023668639053254438	1	1	4225
marmgCAMI2_short_read_pooled_gold_standard_assembly	94	Otu1505.0	1.0	0.00046104707866561056	2738	2738	5938656	1.0	0.0002679528403001072	1	1	3732
