sample_id	Bin ID	Most abundant genome	Purity (bp)	Completeness (bp)	Bin size (bp)	True positives (bp)	True size of most abundant genome (bp)	Purity (seq)	Completeness (seq)	Bin size (seq)	True positives (seq)	True size of most abundant genome (seq)
marmgCAMI2_short_read_pooled_gold_standard_assembly	24	Otu189	0.9815457579559173	1.0	5111887	5017551	5017551	0.0136986301369863	1.0	73	1	1
marmgCAMI2_short_read_pooled_gold_standard_assembly	107	Otu239.0	0.9926202363924689	1.0	3949449	3920303	3920303	0.0625	1.0	16	1	1
marmgCAMI2_short_read_pooled_gold_standard_assembly	49	Otu352.1	1.0	1.0	3909688	3909688	3909688	1.0	1.0	1	1	1
marmgCAMI2_short_read_pooled_gold_standard_assembly	66	Otu196	0.998620811561212	1.0	2319480	2316281	2316281	0.25	1.0	4	1	1
marmgCAMI2_short_read_pooled_gold_standard_assembly	37	Otu86.0	0.9836145383048679	1.0	3826746	3764043	3764043	0.04	1.0	25	1	1
marmgCAMI2_short_read_pooled_gold_standard_assembly	34	Otu30.0	1.0	1.0	2363209	2363209	2363209	1.0	1.0	1	1	1
marmgCAMI2_short_read_pooled_gold_standard_assembly	77	Otu660	1.0	1.0	2410811	2410811	2410811	1.0	1.0	2	2	2
marmgCAMI2_short_read_pooled_gold_standard_assembly	28	Otu23	0.9898992776885343	1.0	5791269	5732773	5732773	0.09375	1.0	32	3	3
marmgCAMI2_short_read_pooled_gold_standard_assembly	48	Otu50.0	0.9967749861506644	1.0	4411764	4397536	4397536	0.1111111111111111	1.0	9	1	1
marmgCAMI2_short_read_pooled_gold_standard_assembly	111	Otu1089	0.6711188757429767	1.0	5736553	3849909	3849909	0.010333863275039745	1.0	1258	13	13
marmgCAMI2_short_read_pooled_gold_standard_assembly	495	Otu211	0.9679897817180881	1.0	2510011	2429665	2429665	0.027777777777777776	1.0	36	1	1
marmgCAMI2_short_read_pooled_gold_standard_assembly	279	Otu248.0	0.9878408037646569	1.0	4113841	4063820	4063820	0.03125	1.0	32	1	1
marmgCAMI2_short_read_pooled_gold_standard_assembly	211	Otu106	0.9461872561336037	1.0	1984437	1877649	1877649	0.015873015873015872	1.0	63	1	1
marmgCAMI2_short_read_pooled_gold_standard_assembly	334	Otu383	0.8135529472018438	0.9981728482488338	3998776	3253216	3259171	0.06571936056838366	0.9736842105263158	563	37	38
marmgCAMI2_short_read_pooled_gold_standard_assembly	12	Otu88.0	1.0	0.9976285721694321	3385688	3385688	3393736	1.0	0.961038961038961	74	74	77
marmgCAMI2_short_read_pooled_gold_standard_assembly	29	Otu6	0.998330877028685	0.9966475169570206	2462371	2458261	2466530	0.9565217391304348	0.9361702127659575	46	44	47
marmgCAMI2_short_read_pooled_gold_standard_assembly	7	Otu10	0.9992786251849521	0.9963876311903784	5696068	5691959	5712595	0.9824561403508771	0.9491525423728814	114	112	118
marmgCAMI2_short_read_pooled_gold_standard_assembly	474	Otu76.0	0.9977917949320704	0.9961177328233907	3079877	3073076	3085053	0.8888888888888888	0.8888888888888888	27	24	27
marmgCAMI2_short_read_pooled_gold_standard_assembly	70	Otu980	0.9183301551902512	0.9945570346649276	4012301	3684617	3704782	0.05394190871369295	0.7222222222222222	241	13	18
marmgCAMI2_short_read_pooled_gold_standard_assembly	45	Otu107	0.9457622050130761	0.9944563316574465	5002637	4731305	4757680	0.524822695035461	0.8604651162790697	141	74	86
marmgCAMI2_short_read_pooled_gold_standard_assembly	32	Otu1180.0	0.994638220618014	0.990288286091378	4654425	4629469	4674870	0.06666666666666667	0.5	15	1	2
marmgCAMI2_short_read_pooled_gold_standard_assembly	17	Otu226	0.9142322819046325	0.9901924495034903	4883609	4464753	4508975	0.27699530516431925	0.8309859154929577	213	59	71
marmgCAMI2_short_read_pooled_gold_standard_assembly	330	Otu44.0	0.9844988004685881	0.9900870765484879	2815266	2771626	2799376	0.9219858156028369	0.935251798561151	141	130	139
marmgCAMI2_short_read_pooled_gold_standard_assembly	90	Otu595.0	0.99960735413408	0.9851954318780001	5447657	5445518	5527348	0.9705882352941176	0.8048780487804879	68	66	82
marmgCAMI2_short_read_pooled_gold_standard_assembly	78	Otu159	0.9769376995516489	0.973638963514518	3334663	3257758	3345961	0.6129032258064516	0.75	93	57	76
marmgCAMI2_short_read_pooled_gold_standard_assembly	100	Otu435.1	0.9996055625790139	0.9630581282836178	3262875	3261588	3386699	0.5	0.5	2	1	2
marmgCAMI2_short_read_pooled_gold_standard_assembly	39	Otu116.0	0.9994025180842816	0.9547823798945526	5380916	5377701	5632384	0.9647058823529412	0.82	85	82	100
marmgCAMI2_short_read_pooled_gold_standard_assembly	163	Otu1030	0.9521446559924037	0.9291799104873205	2186318	2081691	2240353	0.5290697674418605	0.7982456140350878	172	91	114
marmgCAMI2_short_read_pooled_gold_standard_assembly	371	Otu230.0	0.43089894366640347	0.9249755895821636	6197474	2670485	2887087	0.060075093867334166	0.5106382978723404	799	48	94
marmgCAMI2_short_read_pooled_gold_standard_assembly	189	Otu183.1	0.9962467000318915	0.9052476197350926	4342845	4326545	4779405	0.4	0.6666666666666666	10	4	6
marmgCAMI2_short_read_pooled_gold_standard_assembly	438	Otu754	0.9807800742367141	0.8950740242412943	6471461	6347080	7091123	0.8411949685534591	0.7787481804949054	636	535	687
marmgCAMI2_short_read_pooled_gold_standard_assembly	23	Otu186.0	1.0	0.8775044181738377	4324290	4324290	4927941	1.0	0.5	1	1	2
marmgCAMI2_short_read_pooled_gold_standard_assembly	124	Otu2019	0.9972821408963167	0.8457097711942687	2271273	2265100	2678342	0.9418604651162791	0.7105263157894737	86	81	114
marmgCAMI2_short_read_pooled_gold_standard_assembly	395	Otu1540	0.8190699039758839	0.8444054519635915	1417144	1160740	1374624	0.5365853658536586	0.7166123778501629	410	220	307
marmgCAMI2_short_read_pooled_gold_standard_assembly	397	Otu851.0	0.9983435354692136	0.8188880718790273	2697311	2692843	3288414	0.9935064935064936	0.6017699115044248	616	612	1017
marmgCAMI2_short_read_pooled_gold_standard_assembly	108	Otu163	1.0	0.730614823311896	5276246	5276246	7221652	1.0	0.6176470588235294	21	21	34
marmgCAMI2_short_read_pooled_gold_standard_assembly	351	Otu903	0.881355102975543	0.7135044396677312	3842660	3386748	4746639	0.7619047619047619	0.4767494356659142	1386	1056	2215
marmgCAMI2_short_read_pooled_gold_standard_assembly	458	Otu1914.0	0.9962451474059058	0.639671550270103	2523135	2513661	3929612	0.9858906525573192	0.45263157894736844	567	559	1235
marmgCAMI2_short_read_pooled_gold_standard_assembly	218	Otu2362.0	0.7294361457621982	0.5897662235885656	2996058	2185433	3705592	0.5850120870265915	0.4033333333333333	1241	726	1800
marmgCAMI2_short_read_pooled_gold_standard_assembly	161	Otu1950	1.0	0.5751532067844511	3798302	3798302	6603983	1.0	0.31863186318631864	1770	1770	5555
marmgCAMI2_short_read_pooled_gold_standard_assembly	336	Otu1080	0.8288289648988365	0.5623409943686994	1257964	1042637	1854101	0.3121951219512195	0.44755244755244755	205	64	143
marmgCAMI2_short_read_pooled_gold_standard_assembly	455	Otu1472	1.0	0.5047072081983948	1169771	1169771	2317722	1.0	0.3234700739744452	481	481	1487
marmgCAMI2_short_read_pooled_gold_standard_assembly	171	Otu696	0.7604406510843263	0.47316615372924503	2456456	1867989	3947850	0.4118564742589704	0.4018264840182648	641	264	657
marmgCAMI2_short_read_pooled_gold_standard_assembly	296	Otu1028	0.987208837279861	0.4551418506075617	3190484	3149674	6920203	0.9735449735449735	0.3206692227256884	945	920	2869
marmgCAMI2_short_read_pooled_gold_standard_assembly	180	Otu696	0.7438901539329859	0.43601175323277225	2313929	1721309	3947850	0.38990825688073394	0.3881278538812785	654	255	657
marmgCAMI2_short_read_pooled_gold_standard_assembly	276	Otu2078	0.7224466524286592	0.4324757315366544	945357	682970	1579210	0.6678700361010831	0.22881880024737167	554	370	1617
marmgCAMI2_short_read_pooled_gold_standard_assembly	338	Otu1986.0	0.9753307867108272	0.39699439497246014	1677516	1636133	4121300	0.9639917695473251	0.1931958762886598	972	937	4850
marmgCAMI2_short_read_pooled_gold_standard_assembly	359	Otu1847	0.41878592957081917	0.33208125714485176	1453886	608867	1833488	0.3389175257731959	0.17533333333333334	776	263	1500
marmgCAMI2_short_read_pooled_gold_standard_assembly	151	Otu1536	0.9611946938445362	0.32095639373928075	593424	570396	1777176	0.9241071428571429	0.18565022421524663	224	207	1115
marmgCAMI2_short_read_pooled_gold_standard_assembly	516	Otu626.0	0.6902737663029772	0.3073795522962839	1681288	1160549	3775622	0.4098639455782313	0.26748057713651496	588	241	901
marmgCAMI2_short_read_pooled_gold_standard_assembly	360	Otu1080	0.6783844659616484	0.29515544190958315	806693	547248	1854101	0.17727272727272728	0.2727272727272727	220	39	143
marmgCAMI2_short_read_pooled_gold_standard_assembly	442	Otu282.0	0.9558701564353934	0.29033969763919304	1416751	1354230	4664295	0.9949066213921901	0.19750589821368386	589	586	2967
marmgCAMI2_short_read_pooled_gold_standard_assembly	19	Otu1734	0.4196831030220492	0.2823224884525032	2161712	907234	3213467	0.8373015873015873	0.1552041191614564	504	422	2719
marmgCAMI2_short_read_pooled_gold_standard_assembly	109	Otu163	0.9814586960453019	0.2682945675033912	1974133	1937530	7221652	0.32	0.23529411764705882	25	8	34
marmgCAMI2_short_read_pooled_gold_standard_assembly	356	Otu1264	0.6108577129895705	0.26140153096061625	1338035	817349	3126795	0.5760095011876485	0.11887254901960784	842	485	4080
marmgCAMI2_short_read_pooled_gold_standard_assembly	120	Otu2170	0.9980312330349193	0.25232563029081184	1070213	1068106	4233046	0.9967793880837359	0.11694691101454752	621	619	5293
marmgCAMI2_short_read_pooled_gold_standard_assembly	91	Otu761	0.6044479273600701	0.2431001933407876	1766081	1067504	4391210	0.3517857142857143	0.24231242312423124	560	197	813
marmgCAMI2_short_read_pooled_gold_standard_assembly	517	Otu626.0	0.831919373100364	0.23683806270860802	1074877	894211	3775622	0.5551330798479087	0.16204217536071033	263	146	901
marmgCAMI2_short_read_pooled_gold_standard_assembly	306	Otu1028	0.9674927135900302	0.2295288158454311	1641755	1588386	6920203	0.9309021113243762	0.16904844893691182	521	485	2869
marmgCAMI2_short_read_pooled_gold_standard_assembly	18	Otu54	0.36369216204415605	0.22562294271906805	2150599	782156	3466651	0.16666666666666666	0.40703517587939697	486	81	199
marmgCAMI2_short_read_pooled_gold_standard_assembly	340	Otu433	0.41948289081391554	0.1941109109724622	830811	348511	1795422	0.34657039711191334	0.12834224598930483	277	96	748
marmgCAMI2_short_read_pooled_gold_standard_assembly	326	Otu2333	0.8223021159298025	0.17919589800069005	1019410	838263	4677914	0.6417525773195877	0.13547334058759522	388	249	1838
marmgCAMI2_short_read_pooled_gold_standard_assembly	253	Otu2362.0	0.7109315056886383	0.16303036060095122	849764	604124	3705592	0.5578406169665809	0.12055555555555555	389	217	1800
marmgCAMI2_short_read_pooled_gold_standard_assembly	462	Otu429.0	0.6647056453701519	0.16017708786380622	868765	577473	3605216	0.5302491103202847	0.11825396825396825	281	149	1260
marmgCAMI2_short_read_pooled_gold_standard_assembly	234	Otu1536	0.8266717417960147	0.1600905031353113	344162	284509	1777176	0.7375	0.10582959641255606	160	118	1115
marmgCAMI2_short_read_pooled_gold_standard_assembly	245	Otu644	0.23201240693047767	0.15543182198820582	1140008	264496	1701685	0.2920353982300885	0.0831758034026465	452	132	1587
marmgCAMI2_short_read_pooled_gold_standard_assembly	321	Otu923	0.5453346648406519	0.1534772571626064	1455994	794004	5173431	0.3560311284046693	0.1632471008028546	514	183	1121
marmgCAMI2_short_read_pooled_gold_standard_assembly	133	Otu1062.0	0.4666890686855398	0.15330401733684687	842186	393039	2563788	0.5690376569037657	0.09018567639257294	239	136	1508
marmgCAMI2_short_read_pooled_gold_standard_assembly	252	Otu644	0.20413691441476225	0.13981024690233504	1165458	237913	1701685	0.22160148975791433	0.07498424700693132	537	119	1587
marmgCAMI2_short_read_pooled_gold_standard_assembly	341	Otu1374	0.8726338297980899	0.13584263707952626	215591	188132	1384926	0.8717948717948718	0.0661049902786779	117	102	1543
marmgCAMI2_short_read_pooled_gold_standard_assembly	33	Otu87.0	0.4909037801876294	0.12272093358670877	1242769	610080	4971279	0.16666666666666666	0.5	6	1	2
marmgCAMI2_short_read_pooled_gold_standard_assembly	251	Otu644	0.49093613388861584	0.11153121758727379	386590	189791	1701685	0.4649122807017544	0.06679269061121614	228	106	1587
marmgCAMI2_short_read_pooled_gold_standard_assembly	80	Otu2120	0.5436244088130119	0.11140034039334341	650175	353451	3172800	0.5440180586907449	0.04710711493354183	443	241	5116
marmgCAMI2_short_read_pooled_gold_standard_assembly	208	Otu1896	0.9811890143624603	0.11112345895540342	364840	357977	3221435	0.9661016949152542	0.06240875912408759	177	171	2740
marmgCAMI2_short_read_pooled_gold_standard_assembly	285	Otu2019	0.4580144711673896	0.10987506449885788	642519	294283	2678342	0.07657657657657657	0.14912280701754385	222	17	114
marmgCAMI2_short_read_pooled_gold_standard_assembly	308	Otu1028	0.9948658703635598	0.10788917608341836	750468	746615	6920203	0.9907407407407407	0.07459044963401883	216	214	2869
marmgCAMI2_short_read_pooled_gold_standard_assembly	300	Otu433	0.15054981447674534	0.10178498425439814	1213864	182747	1795422	0.1162280701754386	0.07085561497326204	456	53	748
marmgCAMI2_short_read_pooled_gold_standard_assembly	282	Otu1062.0	0.16197528051489435	0.09982962709865247	1580130	255942	2563788	0.17716535433070865	0.08952254641909814	762	135	1508
marmgCAMI2_short_read_pooled_gold_standard_assembly	337	Otu1374	0.8808078984194133	0.09862331994633648	155069	136586	1384926	0.8674698795180723	0.046662346079066754	83	72	1543
marmgCAMI2_short_read_pooled_gold_standard_assembly	247	Otu681	0.30418095562712594	0.09366455649432225	575036	174915	1867462	0.03524229074889868	0.09302325581395349	227	8	86
marmgCAMI2_short_read_pooled_gold_standard_assembly	384	Otu2098	0.8289698635647481	0.0916449507075007	178986	148374	1619009	0.837037037037037	0.03096738832556865	135	113	3649
marmgCAMI2_short_read_pooled_gold_standard_assembly	207	Otu1896	0.9714546132493682	0.08006618168611193	265507	257928	3221435	0.9548872180451128	0.04635036496350365	133	127	2740
marmgCAMI2_short_read_pooled_gold_standard_assembly	158	Otu2120	0.459544405093007	0.07847957639939486	541841	249000	3172800	0.4574468085106383	0.033620015637216574	376	172	5116
marmgCAMI2_short_read_pooled_gold_standard_assembly	411	Otu754	0.9624904024612653	0.07583834041519234	558737	537779	7091123	0.7681159420289855	0.07714701601164484	69	53	687
marmgCAMI2_short_read_pooled_gold_standard_assembly	242	Otu2362.0	0.6335497608506331	0.07499449480676772	438638	277899	3705592	0.4702702702702703	0.04833333333333333	185	87	1800
marmgCAMI2_short_read_pooled_gold_standard_assembly	249	Otu1553	0.09903866683056857	0.07319547053249126	2473024	244925	3346177	0.09312080536912752	0.052063789868667915	1192	111	2132
marmgCAMI2_short_read_pooled_gold_standard_assembly	196	Otu1896	0.9817147670457151	0.0730810958470371	239811	235426	3221435	0.9646017699115044	0.03978102189781022	113	109	2740
marmgCAMI2_short_read_pooled_gold_standard_assembly	258	Otu820	0.23750104154129595	0.07223884900838148	540065	128266	1775582	0.17938931297709923	0.04315886134067952	262	47	1089
marmgCAMI2_short_read_pooled_gold_standard_assembly	233	Otu930	0.14661027875253868	0.0721647476476964	1566766	229704	3183050	0.1323024054982818	0.052667578659370724	582	77	1462
marmgCAMI2_short_read_pooled_gold_standard_assembly	255	Otu2014	0.3468000400216892	0.06963704401239924	1239328	429799	6171988	0.2775564409030544	0.060950714494021584	753	209	3429
marmgCAMI2_short_read_pooled_gold_standard_assembly	418	Otu2120	0.592672988097353	0.0672951336359052	360256	213514	3172800	0.562992125984252	0.027951524628616106	254	143	5116
marmgCAMI2_short_read_pooled_gold_standard_assembly	450	Otu626.0	0.6294177339211982	0.06669761962399838	400092	251825	3775622	0.37037037037037035	0.06659267480577137	162	60	901
marmgCAMI2_short_read_pooled_gold_standard_assembly	267	Otu1995	0.23178406414522723	0.06533096672707266	499741	115832	1773003	0.20816326530612245	0.041598694942903754	245	51	1226
marmgCAMI2_short_read_pooled_gold_standard_assembly	110	Otu139	0.8577415843791389	0.06488418540730775	381285	327044	5040427	0.11538461538461539	0.5	26	3	6
marmgCAMI2_short_read_pooled_gold_standard_assembly	348	Otu1374	0.4876468955306746	0.06468937690533647	183719	89590	1384926	0.49504950495049505	0.03240440699935191	101	50	1543
marmgCAMI2_short_read_pooled_gold_standard_assembly	147	Otu1383	0.08460860330204448	0.059127400264311396	2704264	228804	3869678	0.09683995922528033	0.03616292348686715	981	95	2627
marmgCAMI2_short_read_pooled_gold_standard_assembly	224	Otu1896	0.9794848201262071	0.05815700146052924	191273	187349	3221435	0.9702970297029703	0.03576642335766423	101	98	2740
marmgCAMI2_short_read_pooled_gold_standard_assembly	246	Otu820	0.20899521293336204	0.056847839187376306	482968	100938	1775582	0.1829787234042553	0.03948576675849403	235	43	1089
marmgCAMI2_short_read_pooled_gold_standard_assembly	347	Otu1896	0.9023030745477953	0.056783079590306804	202729	182923	3221435	0.86	0.031386861313868614	100	86	2740
marmgCAMI2_short_read_pooled_gold_standard_assembly	426	Otu626.0	0.5649580594773042	0.054889763858776114	366829	207243	3775622	0.34265734265734266	0.05438401775804662	143	49	901
marmgCAMI2_short_read_pooled_gold_standard_assembly	181	Otu1620	0.13336716875594487	0.05434217769777861	1690536	225462	4148932	0.11551155115511551	0.03754022166607079	909	105	2797
marmgCAMI2_short_read_pooled_gold_standard_assembly	369	Otu1543	0.41345914941981865	0.0529488742643639	189165	78212	1477123	0.6086956521739131	0.022266401590457258	92	56	2515
marmgCAMI2_short_read_pooled_gold_standard_assembly	230	Otu1553	0.21757077868564692	0.05278322097127558	811791	176622	3346177	0.21067415730337077	0.03517823639774859	356	75	2132
marmgCAMI2_short_read_pooled_gold_standard_assembly	221	Otu1896	0.9512501549313231	0.05241297744638647	177498	168845	3221435	0.9113924050632911	0.026277372262773723	79	72	2740
marmgCAMI2_short_read_pooled_gold_standard_assembly	394	Otu2422	0.8164012669340874	0.05202053809106275	206167	168315	3235549	0.8085106382978723	0.02158273381294964	141	114	5282
marmgCAMI2_short_read_pooled_gold_standard_assembly	403	Otu1597	0.8924551109320306	0.05189101254720393	79418	70877	1365882	0.8928571428571429	0.017580872011251757	56	50	2844
marmgCAMI2_short_read_pooled_gold_standard_assembly	297	Otu1028	0.9791400404249689	0.05026095332752522	355226	347816	6920203	0.9473684210526315	0.037643778319972114	114	108	2869
marmgCAMI2_short_read_pooled_gold_standard_assembly	377	Otu1974.0	0.5291569715410775	0.04736580313537234	363155	192166	4057062	0.5774647887323944	0.022282608695652174	213	123	5520
marmgCAMI2_short_read_pooled_gold_standard_assembly	422	Otu521.0	0.6080310101788193	0.04672243414369954	242759	147605	3159189	0.6285714285714286	0.02032802032802033	140	88	4329
marmgCAMI2_short_read_pooled_gold_standard_assembly	382	Otu1847	0.2362888622901513	0.04619010323492709	358413	84689	1833488	0.19545454545454546	0.028666666666666667	220	43	1500
marmgCAMI2_short_read_pooled_gold_standard_assembly	352	Otu1472	0.7777389506482917	0.04609310348695832	137361	106831	2317722	0.6307692307692307	0.02757229320780094	65	41	1487
marmgCAMI2_short_read_pooled_gold_standard_assembly	487	Otu626.0	0.7865542869852096	0.0449597443811907	215816	169751	3775622	0.5081967213114754	0.03440621531631521	61	31	901
marmgCAMI2_short_read_pooled_gold_standard_assembly	406	Otu911.0	0.3532265876015876	0.043657202757742694	338624	119611	2739777	0.3111111111111111	0.028455284552845527	135	42	1476
marmgCAMI2_short_read_pooled_gold_standard_assembly	527	Otu626.0	0.7545477908108009	0.04354832130970738	217908	164422	3775622	0.4925373134328358	0.03662597114317425	67	33	901
marmgCAMI2_short_read_pooled_gold_standard_assembly	166	Otu282.0	0.6007387974187323	0.042711063515493766	331620	199217	4664295	0.5283018867924528	0.028311425682507583	159	84	2967
marmgCAMI2_short_read_pooled_gold_standard_assembly	132	Otu1062.0	0.6815249710225268	0.042198496911601116	158744	108188	2563788	0.6153846153846154	0.026525198938992044	65	40	1508
marmgCAMI2_short_read_pooled_gold_standard_assembly	304	Otu1080	0.06394443650612072	0.0417555462188953	1210723	77419	1854101	0.00949367088607595	0.04195804195804196	632	6	143
marmgCAMI2_short_read_pooled_gold_standard_assembly	373	Otu1995	0.1574174671643557	0.041268965703949737	464815	73170	1773003	0.1124031007751938	0.02365415986949429	258	29	1226
marmgCAMI2_short_read_pooled_gold_standard_assembly	237	Otu1914.0	0.5986303613393208	0.03999656963588263	262551	157171	3929612	0.40625	0.031578947368421054	96	39	1235
marmgCAMI2_short_read_pooled_gold_standard_assembly	488	Otu626.0	0.727180563014118	0.038375133951438996	199249	144890	3775622	0.43478260869565216	0.033296337402885685	69	30	901
marmgCAMI2_short_read_pooled_gold_standard_assembly	407	Otu1361.0	0.20916183551144737	0.03727956415638839	508850	106432	2854969	0.11627906976744186	0.025031289111389236	172	20	799
marmgCAMI2_short_read_pooled_gold_standard_assembly	227	Otu435.1	1.0	0.03694187171638223	125111	125111	3386699	1.0	0.5	1	1	2
marmgCAMI2_short_read_pooled_gold_standard_assembly	244	Otu1534	0.2234643765857129	0.036527106689575956	275507	61566	1685488	0.20863309352517986	0.016164994425863992	139	29	1794
marmgCAMI2_short_read_pooled_gold_standard_assembly	238	Otu1950	0.8012219579310667	0.036418325122884176	300174	240506	6603983	0.9852941176470589	0.024122412241224123	136	134	5555
marmgCAMI2_short_read_pooled_gold_standard_assembly	409	Otu911.0	0.2564549273021002	0.03621316625404184	386875	99216	2739777	0.25903614457831325	0.029132791327913278	166	43	1476
marmgCAMI2_short_read_pooled_gold_standard_assembly	392	Otu429.0	0.21306683967129122	0.035527136238161595	601140	128083	3605216	0.12714776632302405	0.029365079365079365	291	37	1260
marmgCAMI2_short_read_pooled_gold_standard_assembly	329	Otu1263	0.22317674967010254	0.0345702742775211	782819	174707	5053677	0.22797927461139897	0.023848238482384824	386	88	3690
marmgCAMI2_short_read_pooled_gold_standard_assembly	529	Otu626.0	0.9202847026207868	0.03393718968689133	139233	128134	3775622	0.7333333333333333	0.0244173140954495	30	22	901
marmgCAMI2_short_read_pooled_gold_standard_assembly	259	Otu820	0.1852695777653073	0.03384073503786364	324322	60087	1775582	0.15544041450777202	0.027548209366391185	193	30	1089
marmgCAMI2_short_read_pooled_gold_standard_assembly	328	Otu1040	0.21954680547243174	0.03358825093544192	783637	172045	5122178	0.21293800539083557	0.027064063035286058	371	79	2919
marmgCAMI2_short_read_pooled_gold_standard_assembly	381	Otu1543	0.31834176662471425	0.03356254015406977	155732	49576	1477123	0.3870967741935484	0.014314115308151094	93	36	2515
marmgCAMI2_short_read_pooled_gold_standard_assembly	260	Otu644	0.18775661817868253	0.033268201811733664	301518	56612	1701685	0.21084337349397592	0.02205419029615627	166	35	1587
marmgCAMI2_short_read_pooled_gold_standard_assembly	288	Otu923	0.1440670999729376	0.030150010698895956	1082683	155979	5173431	0.06111111111111111	0.029438001784121322	540	33	1121
marmgCAMI2_short_read_pooled_gold_standard_assembly	408	Otu970.0	0.24863197076591087	0.02958776461204459	323458	80422	2718083	0.25	0.020671834625323	128	32	1548
marmgCAMI2_short_read_pooled_gold_standard_assembly	295	Otu820	0.19485442913422374	0.029555379588213894	269319	52478	1775582	0.15172413793103448	0.020202020202020204	145	22	1089
marmgCAMI2_short_read_pooled_gold_standard_assembly	305	Otu429.0	0.25548850124929706	0.02444846577847208	344994	88142	3605216	0.17964071856287425	0.023809523809523808	167	30	1260
marmgCAMI2_short_read_pooled_gold_standard_assembly	345	Otu429.0	0.15704201777467414	0.024202710739106893	555622	87256	3605216	0.09121621621621621	0.02142857142857143	296	27	1260
marmgCAMI2_short_read_pooled_gold_standard_assembly	225	Otu1101.0	0.16788007102854802	0.02202115784651752	439260	73743	3348734	0.13218390804597702	0.011274509803921568	174	23	2040
marmgCAMI2_short_read_pooled_gold_standard_assembly	156	Otu2170	0.843783863206421	0.021706118950750832	108894	91883	4233046	0.8266666666666667	0.011713583978839977	75	62	5293
marmgCAMI2_short_read_pooled_gold_standard_assembly	241	Otu1593	0.18160631717264378	0.02167313014145083	403345	73250	3379761	0.21333333333333335	0.008815426997245178	225	48	5445
marmgCAMI2_short_read_pooled_gold_standard_assembly	322	Otu1861	0.5539264535311127	0.02124480823439557	122426	67815	3192074	0.5463917525773195	0.006919060052219321	97	53	7660
marmgCAMI2_short_read_pooled_gold_standard_assembly	67	Otu1536	0.43820560658247226	0.02061754153781055	83616	36641	1777176	0.4166666666666667	0.013452914798206279	36	15	1115
marmgCAMI2_short_read_pooled_gold_standard_assembly	264	Otu712	0.4460081918605453	0.020413966623617472	145022	64681	3168468	0.37142857142857144	0.017015706806282723	70	26	1528
marmgCAMI2_short_read_pooled_gold_standard_assembly	380	Otu626.0	0.18405415442790102	0.02021415279389727	414666	76321	3775622	0.08522727272727272	0.016648168701442843	176	15	901
marmgCAMI2_short_read_pooled_gold_standard_assembly	344	Otu1472	0.9757534653045653	0.01986346938934005	47182	46038	2317722	0.9565217391304348	0.014794889038332213	23	22	1487
marmgCAMI2_short_read_pooled_gold_standard_assembly	198	Otu1028	0.7836620241626947	0.019505930678623155	172249	134985	6920203	0.6712328767123288	0.017079121645172533	73	49	2869
marmgCAMI2_short_read_pooled_gold_standard_assembly	331	Otu1914.0	0.3060545336005216	0.019471896970998662	250011	76517	3929612	0.19230769230769232	0.020242914979757085	130	25	1235
marmgCAMI2_short_read_pooled_gold_standard_assembly	393	Otu1472	0.6373980978260869	0.019431148343071344	70656	45036	2317722	0.5454545454545454	0.01613987895090787	44	24	1487
marmgCAMI2_short_read_pooled_gold_standard_assembly	414	Otu1472	0.32581244744722593	0.019058799976873844	135578	44173	2317722	0.24705882352941178	0.014122394082044385	85	21	1487
marmgCAMI2_short_read_pooled_gold_standard_assembly	353	Otu2078	0.2844340560029525	0.019032934188613293	105673	30057	1579210	0.25	0.009894867037724181	64	16	1617
marmgCAMI2_short_read_pooled_gold_standard_assembly	206	Otu930	0.1448491808702699	0.0189802233706665	417089	60415	3183050	0.12121212121212122	0.016415868673050615	198	24	1462
marmgCAMI2_short_read_pooled_gold_standard_assembly	213	Otu2014	0.5049050701655299	0.018829265384184155	230170	116214	6171988	0.4	0.01399825021872266	120	48	3429
marmgCAMI2_short_read_pooled_gold_standard_assembly	400	Otu2453	0.22568273802506975	0.01877768804987854	127245	28717	1529315	0.26744186046511625	0.006453423120089787	86	23	3564
marmgCAMI2_short_read_pooled_gold_standard_assembly	335	Otu1028	0.9402235338440287	0.018392379529906855	135371	127279	6920203	0.8863636363636364	0.013593586615545486	44	39	2869
marmgCAMI2_short_read_pooled_gold_standard_assembly	401	Otu2120	0.6824110017042226	0.018173537569339385	84496	57661	3172800	0.6666666666666666	0.007427677873338546	57	38	5116
marmgCAMI2_short_read_pooled_gold_standard_assembly	528	Otu626.0	0.6588304610399175	0.01776978733570257	101835	67092	3775622	0.35135135135135137	0.014428412874583796	37	13	901
marmgCAMI2_short_read_pooled_gold_standard_assembly	153	Otu2120	0.6657463146418923	0.017707072617246595	84388	56181	3172800	0.6206896551724138	0.007036747458952306	58	36	5116
marmgCAMI2_short_read_pooled_gold_standard_assembly	209	Otu1264	0.78991871368493	0.017000155110904296	67293	53156	3126795	0.782608695652174	0.008823529411764706	46	36	4080
marmgCAMI2_short_read_pooled_gold_standard_assembly	375	Otu1634	0.3430561828984399	0.01692659001256615	57562	19747	1166626	0.36585365853658536	0.005255781359495445	41	15	2854
marmgCAMI2_short_read_pooled_gold_standard_assembly	390	Otu1543	0.4148911183437909	0.01674200455886206	59606	24730	1477123	0.6	0.007157057654075547	30	18	2515
marmgCAMI2_short_read_pooled_gold_standard_assembly	226	Otu2422	0.70886996535583	0.016568749229265264	75626	53609	3235549	0.6851851851851852	0.007004922377887164	54	37	5282
marmgCAMI2_short_read_pooled_gold_standard_assembly	463	Otu1472	0.9656917585637419	0.015642083045335032	37542	36254	2317722	0.9333333333333333	0.00941492938802959	15	14	1487
marmgCAMI2_short_read_pooled_gold_standard_assembly	363	Otu2170	0.9017613970739184	0.015565387193996947	73067	65889	4233046	0.8837209302325582	0.007179293406385793	43	38	5293
marmgCAMI2_short_read_pooled_gold_standard_assembly	271	Otu1743	0.8680919093445346	0.014811768116376115	31901	27693	1869662	0.92	0.004193254329990884	25	23	5485
marmgCAMI2_short_read_pooled_gold_standard_assembly	170	Otu1950	0.5318937305441797	0.013117689733604705	162869	86629	6603983	0.47368421052631576	0.00972097209720972	114	54	5555
marmgCAMI2_short_read_pooled_gold_standard_assembly	263	Otu1010	0.06859639136945699	0.012812851978328411	999659	68573	5351892	0.06030150753768844	0.011805213969503197	398	24	2033
marmgCAMI2_short_read_pooled_gold_standard_assembly	315	Otu2215	0.3283034032795669	0.012612620248849807	126907	41664	3303358	0.3333333333333333	0.004865771812080537	87	29	5960
marmgCAMI2_short_read_pooled_gold_standard_assembly	472	Otu282.0	0.852161157264858	0.012579178632569337	68852	58673	4664295	0.7878787878787878	0.008763060330299966	33	26	2967
marmgCAMI2_short_read_pooled_gold_standard_assembly	177	Otu1597	0.531357121870001	0.011916109883577058	30631	16276	1365882	0.5	0.004219409282700422	24	12	2844
marmgCAMI2_short_read_pooled_gold_standard_assembly	239	Otu970.0	0.09487984829180124	0.011780729286044614	337490	32021	2718083	0.06748466257668712	0.0071059431524547806	163	11	1548
marmgCAMI2_short_read_pooled_gold_standard_assembly	354	Otu1127	0.15417155921211226	0.011609955617949344	385791	59478	5123017	0.14522821576763487	0.00903225806451613	241	35	3875
marmgCAMI2_short_read_pooled_gold_standard_assembly	391	Otu1847	0.1921949163413785	0.01143994397563551	109134	20975	1833488	0.11290322580645161	0.004666666666666667	62	7	1500
marmgCAMI2_short_read_pooled_gold_standard_assembly	412	Otu696	0.47250083934866544	0.011407474954722191	95312	45035	3947850	0.23404255319148937	0.0167427701674277	47	11	657
marmgCAMI2_short_read_pooled_gold_standard_assembly	313	Otu958	0.07726241162582324	0.011266924587856213	611604	47254	4194046	0.05592105263157895	0.008651399491094147	304	17	1965
marmgCAMI2_short_read_pooled_gold_standard_assembly	467	Otu968.0	0.9571674332057719	0.011150123615334436	56966	54526	4890170	0.8181818181818182	0.011083743842364532	11	9	812
marmgCAMI2_short_read_pooled_gold_standard_assembly	362	Otu2170	0.822985677884193	0.011063428084646375	56905	46832	4233046	0.8378378378378378	0.005856791989419989	37	31	5293
marmgCAMI2_short_read_pooled_gold_standard_assembly	316	Otu2170	0.5813594361005255	0.011027992608632176	80298	46682	4233046	0.5333333333333333	0.006045720763272247	60	32	5293
marmgCAMI2_short_read_pooled_gold_standard_assembly	257	Otu1950	0.8565664764724139	0.010865866856410744	83774	71758	6603983	0.8076923076923077	0.007560756075607561	52	42	5555
marmgCAMI2_short_read_pooled_gold_standard_assembly	222	Otu2014	0.43311605733955644	0.010539715890568808	150193	65051	6171988	0.3411764705882353	0.008457276173811607	85	29	3429
marmgCAMI2_short_read_pooled_gold_standard_assembly	361	Otu2170	0.7698964932322498	0.010507799820743739	57774	44480	4233046	0.7142857142857143	0.003778575477045154	28	20	5293
marmgCAMI2_short_read_pooled_gold_standard_assembly	325	Otu1277	0.17238164140935416	0.01028825874060962	258473	44556	4330762	0.2064516129032258	0.005021183116271772	155	32	6373
marmgCAMI2_short_read_pooled_gold_standard_assembly	350	Otu1032	0.14342556833800088	0.010158488927904394	367431	52699	5187681	0.1592920353982301	0.0056179775280898875	226	36	6408
marmgCAMI2_short_read_pooled_gold_standard_assembly	332	Otu1028	0.9545342566994225	0.010078317066710326	73066	69744	6920203	0.8928571428571429	0.00871383757406762	28	25	2869
marmgCAMI2_short_read_pooled_gold_standard_assembly	417	Otu521.0	0.43713436003406825	0.009910138329805529	71621	31308	3159189	0.45652173913043476	0.004851004851004851	46	21	4329
marmgCAMI2_short_read_pooled_gold_standard_assembly	162	Otu1040	0.04870615401355618	0.009874900872246142	1038493	50581	5122178	0.03636363636363636	0.006166495375128468	495	18	2919
marmgCAMI2_short_read_pooled_gold_standard_assembly	236	Otu1950	0.7094895437572801	0.009868741333828389	91859	65173	6603983	0.7727272727272727	0.006120612061206121	44	34	5555
marmgCAMI2_short_read_pooled_gold_standard_assembly	42	Otu1180.0	0.7475753733678022	0.009711713908622058	60731	45401	4674870	0.1	0.5	10	1	2
marmgCAMI2_short_read_pooled_gold_standard_assembly	370	Otu1472	0.6764905567213925	0.009457993667920484	32404	21921	2317722	0.6666666666666666	0.006724949562878279	15	10	1487
marmgCAMI2_short_read_pooled_gold_standard_assembly	270	Otu2098	0.17976337630231326	0.009431695561914727	84945	15270	1619009	0.18181818181818182	0.0027404768429706767	55	10	3649
marmgCAMI2_short_read_pooled_gold_standard_assembly	86	Otu1950	0.9283047050037341	0.00922276753286615	65611	60907	6603983	0.9411764705882353	0.00576057605760576	34	32	5555
marmgCAMI2_short_read_pooled_gold_standard_assembly	427	Otu1472	0.9536868870323284	0.009062346562702515	22024	21004	2317722	0.9	0.00605245460659045	10	9	1487
marmgCAMI2_short_read_pooled_gold_standard_assembly	420	Otu2227.0	0.42244725738396627	0.009059020076786325	59250	25030	2762992	0.43478260869565216	0.006858710562414266	23	10	1458
marmgCAMI2_short_read_pooled_gold_standard_assembly	223	Otu2362.0	0.1274889123220544	0.008874425462921984	257944	32885	3705592	0.07051282051282051	0.006111111111111111	156	11	1800
marmgCAMI2_short_read_pooled_gold_standard_assembly	248	Otu1084	0.3227833469936742	0.008825013186669225	47583	15359	1740394	0.2903225806451613	0.004435682602267127	31	9	2029
marmgCAMI2_short_read_pooled_gold_standard_assembly	179	Otu2014	0.2597703363104552	0.008741591850146177	207695	53953	6171988	0.1885245901639344	0.006707494896471274	122	23	3429
marmgCAMI2_short_read_pooled_gold_standard_assembly	433	Otu2423	0.4856069576579152	0.008215094138914044	73473	35679	4343103	0.4807692307692308	0.0044381324338718265	52	25	5633
marmgCAMI2_short_read_pooled_gold_standard_assembly	464	Otu44.0	0.847259963768116	0.008019287155423209	26496	22449	2799376	0.75	0.04316546762589928	8	6	139
marmgCAMI2_short_read_pooled_gold_standard_assembly	41	Otu1950	0.974542043910189	0.007709438379838349	52243	50913	6603983	0.9655172413793104	0.005040504050405041	29	28	5555
marmgCAMI2_short_read_pooled_gold_standard_assembly	374	Otu753	0.11994381795726614	0.007594152620031207	123883	14859	1956637	0.07246376811594203	0.0038550501156515036	69	5	1297
marmgCAMI2_short_read_pooled_gold_standard_assembly	378	Otu2078	0.31660773570136846	0.007427764515168977	37049	11730	1579210	0.2692307692307692	0.004329004329004329	26	7	1617
marmgCAMI2_short_read_pooled_gold_standard_assembly	333	Otu555.0	0.08297784715195827	0.0073817729010231805	393358	32640	4421702	0.02564102564102564	0.005706134094151213	156	4	701
marmgCAMI2_short_read_pooled_gold_standard_assembly	365	Otu1986.0	0.4816514489876935	0.007359813651032441	62975	30332	4121300	0.6153846153846154	0.0032989690721649486	26	16	4850
marmgCAMI2_short_read_pooled_gold_standard_assembly	266	Otu1238	0.11367964496346446	0.00704099840271362	238398	27101	3849028	0.11612903225806452	0.00482573726541555	155	18	3730
marmgCAMI2_short_read_pooled_gold_standard_assembly	167	Otu2120	0.7347160852074128	0.0070225037821482605	30326	22281	3172800	0.7142857142857143	0.0029319781078967944	21	15	5116
marmgCAMI2_short_read_pooled_gold_standard_assembly	250	Otu2014	0.2741407424392978	0.006973279922125578	156996	43039	6171988	0.21951219512195122	0.005249343832020997	82	18	3429
marmgCAMI2_short_read_pooled_gold_standard_assembly	425	Otu1084	0.1911547443168279	0.0069139516684153125	62949	12033	1740394	0.17073170731707318	0.0034499753573188764	41	7	2029
marmgCAMI2_short_read_pooled_gold_standard_assembly	155	Otu2362.0	0.35896909333607147	0.006604072979432166	68173	24472	3705592	0.2222222222222222	0.0044444444444444444	36	8	1800
marmgCAMI2_short_read_pooled_gold_standard_assembly	432	Otu1068.0	0.6328587850384649	0.0065551838648015845	33927	21471	3275423	0.7368421052631579	0.002819170358437374	19	14	4966
marmgCAMI2_short_read_pooled_gold_standard_assembly	355	Otu754	0.5258603894243442	0.006470766337010372	87257	45885	7091123	0.2978723404255319	0.020378457059679767	47	14	687
marmgCAMI2_short_read_pooled_gold_standard_assembly	243	Otu1950	0.8845030161632722	0.0063722150708140825	47577	42082	6603983	0.8461538461538461	0.0039603960396039604	26	22	5555
marmgCAMI2_short_read_pooled_gold_standard_assembly	93	Otu2422	0.7540813297714455	0.006281468770833018	26952	20324	3235549	0.75	0.002839833396440742	20	15	5282
marmgCAMI2_short_read_pooled_gold_standard_assembly	327	Otu1950	0.6445549941702293	0.0062781809099145165	64325	41461	6603983	0.5365853658536586	0.0039603960396039604	41	22	5555
marmgCAMI2_short_read_pooled_gold_standard_assembly	212	Otu1062.0	0.732145305003427	0.006249736717700527	21885	16023	2563788	0.6363636363636364	0.004641909814323607	11	7	1508
marmgCAMI2_short_read_pooled_gold_standard_assembly	182	Otu1062.0	0.5469809156324955	0.006137402936592261	28767	15735	2563788	0.5	0.005968169761273209	18	9	1508
marmgCAMI2_short_read_pooled_gold_standard_assembly	231	Otu862.0	0.651334490014397	0.00609314948902014	27089	17644	2895711	0.2857142857142857	0.004319654427645789	7	2	463
marmgCAMI2_short_read_pooled_gold_standard_assembly	26	Otu1861	0.6914821509263444	0.0057526861845934646	26556	18363	3192074	0.7777777777777778	0.0018276762402088772	18	14	7660
marmgCAMI2_short_read_pooled_gold_standard_assembly	358	Otu1773	0.17728717056548432	0.005426853340504294	139102	24661	4544254	0.2222222222222222	0.0026513477684489617	81	18	6789
marmgCAMI2_short_read_pooled_gold_standard_assembly	410	Otu1593	0.881496062992126	0.005299783031995457	20320	17912	3379761	0.875	0.0025711662075298437	16	14	5445
marmgCAMI2_short_read_pooled_gold_standard_assembly	473	Otu1472	0.8956722189173111	0.005196913175954666	13448	12045	2317722	0.8	0.0026899798251513113	5	4	1487
marmgCAMI2_short_read_pooled_gold_standard_assembly	398	Otu282.0	0.8492154887001584	0.0050592854868742225	27788	23598	4664295	0.7857142857142857	0.003707448601280755	14	11	2967
marmgCAMI2_short_read_pooled_gold_standard_assembly	235	Otu2170	0.2938447892280176	0.004773867328632856	68771	20208	4233046	0.2916666666666667	0.002645002833931608	48	14	5293
marmgCAMI2_short_read_pooled_gold_standard_assembly	113	Otu1861	0.552431165787932	0.004726707463548778	27312	15088	3192074	0.5789473684210527	0.0014360313315926892	19	11	7660
marmgCAMI2_short_read_pooled_gold_standard_assembly	89	Otu1950	0.9647225898073137	0.004526056472283469	30983	29890	6603983	0.9375	0.0027002700270027003	16	15	5555
marmgCAMI2_short_read_pooled_gold_standard_assembly	94	Otu116.0	0.9248430359995542	0.004419798081948958	26917	24894	5632384	0.5	0.01	2	1	100
marmgCAMI2_short_read_pooled_gold_standard_assembly	388	Otu1536	0.14621480227727343	0.0042775729584464345	51992	7602	1777176	0.10810810810810811	0.003587443946188341	37	4	1115
marmgCAMI2_short_read_pooled_gold_standard_assembly	261	Otu2416	0.7526193247962747	0.004054669572913888	20616	15516	3826699	0.7777777777777778	0.0013073116070594828	18	14	10709
marmgCAMI2_short_read_pooled_gold_standard_assembly	319	Otu712	0.7277541153447681	0.0039905720998286865	17374	12644	3168468	0.6666666666666666	0.005235602094240838	12	8	1528
marmgCAMI2_short_read_pooled_gold_standard_assembly	131	Otu2170	0.43692138710183587	0.003946803318461458	38238	16707	4233046	0.37037037037037035	0.001889287738522577	27	10	5293
marmgCAMI2_short_read_pooled_gold_standard_assembly	312	Otu1653	0.12416632983023444	0.003922300934249787	79168	9830	2506182	0.14285714285714285	0.0018206645425580337	56	8	4394
marmgCAMI2_short_read_pooled_gold_standard_assembly	456	Otu1472	0.5998673300165838	0.0039016758696685796	15075	9043	2317722	0.5	0.0033624747814391394	10	5	1487
marmgCAMI2_short_read_pooled_gold_standard_assembly	183	Otu1386	0.09062374369916813	0.0037650987784360462	194022	17583	4669997	0.09565217391304348	0.0024218405988551297	115	11	4542
marmgCAMI2_short_read_pooled_gold_standard_assembly	301	Otu1974.0	0.35711929113446766	0.003735215286332819	42434	15154	4057062	0.36666666666666664	0.0019927536231884057	30	11	5520
marmgCAMI2_short_read_pooled_gold_standard_assembly	73	Otu1536	0.5112715603690333	0.00358602636992622	12465	6373	1777176	0.375	0.0026905829596412557	8	3	1115
marmgCAMI2_short_read_pooled_gold_standard_assembly	419	Otu555.0	1.0	0.0035502166360374355	15698	15698	4421702	1.0	0.008559201141226819	6	6	701
marmgCAMI2_short_read_pooled_gold_standard_assembly	339	Otu2239	0.28221100772748775	0.003474777522975862	12682	3579	1029994	0.2222222222222222	0.0009775171065493646	9	2	2046
marmgCAMI2_short_read_pooled_gold_standard_assembly	205	Otu843	0.08355631293879646	0.003463593131390576	200691	16769	4841504	0.061855670103092786	0.00272975432211101	97	6	2198
marmgCAMI2_short_read_pooled_gold_standard_assembly	215	Otu2120	0.3397958867140243	0.003452471003530005	32237	10954	3172800	0.32	0.001563721657544957	25	8	5116
marmgCAMI2_short_read_pooled_gold_standard_assembly	165	Otu1861	0.897128780156303	0.00330850725891693	11772	10561	3192074	0.8888888888888888	0.0010443864229765013	9	8	7660
marmgCAMI2_short_read_pooled_gold_standard_assembly	324	Otu2106	0.40760243028509113	0.003217964319018779	32095	13082	4065303	0.35	0.0026445032111824707	20	7	2647
marmgCAMI2_short_read_pooled_gold_standard_assembly	368	Otu2078	0.12492590397154713	0.0032028672564130166	40488	5058	1579210	0.11538461538461539	0.0018552875695732839	26	3	1617
marmgCAMI2_short_read_pooled_gold_standard_assembly	441	Otu2191	0.29469026548672567	0.003178898984041068	13560	3996	1257039	0.2727272727272727	0.0010384215991692627	11	3	2889
marmgCAMI2_short_read_pooled_gold_standard_assembly	240	Otu1028	0.900725294650952	0.0031584333580965763	24266	21857	6920203	0.7777777777777778	0.0024398745207389336	9	7	2869
marmgCAMI2_short_read_pooled_gold_standard_assembly	310	Otu1536	0.7477816617370261	0.0031296843981687803	7438	5562	1777176	0.6666666666666666	0.0017937219730941704	3	2	1115
marmgCAMI2_short_read_pooled_gold_standard_assembly	145	Otu1536	0.410243107026386	0.003114491755459223	13492	5535	1777176	0.4	0.003587443946188341	10	4	1115
marmgCAMI2_short_read_pooled_gold_standard_assembly	429	Otu1084	0.21344443554202389	0.0030613757574434295	24962	5328	1740394	0.21052631578947367	0.001971414489896501	19	4	2029
marmgCAMI2_short_read_pooled_gold_standard_assembly	202	Otu1263	0.9323129459113361	0.0030253219586451607	16399	15289	5053677	0.9	0.0024390243902439024	10	9	3690
marmgCAMI2_short_read_pooled_gold_standard_assembly	214	Otu1722	0.2961859523876444	0.002971831057411219	35579	10538	3545962	0.3333333333333333	0.0011212333566923615	24	8	7135
marmgCAMI2_short_read_pooled_gold_standard_assembly	274	Otu2120	0.5637342908438061	0.002968986384266263	16710	9420	3172800	0.5384615384615384	0.0013682564503518374	13	7	5116
marmgCAMI2_short_read_pooled_gold_standard_assembly	14	Otu10	0.8023802067021609	0.0026908961689039745	19158	15372	5712595	0.5	0.01694915254237288	4	2	118
marmgCAMI2_short_read_pooled_gold_standard_assembly	68	Otu1861	0.689182614336685	0.0026625322595904733	12332	8499	3192074	0.7	0.0009138381201044386	10	7	7660
marmgCAMI2_short_read_pooled_gold_standard_assembly	386	Otu2078	0.36572679989050094	0.0025379778496843358	10959	4008	1579210	0.2857142857142857	0.0012368583797155227	7	2	1617
marmgCAMI2_short_read_pooled_gold_standard_assembly	185	Otu1692	0.187272449802699	0.00249933588659358	45869	8590	3436913	0.17647058823529413	0.0011787819253438114	34	6	5090
marmgCAMI2_short_read_pooled_gold_standard_assembly	217	Otu2170	0.295926143024619	0.002385280008769099	34120	10097	4233046	0.32	0.0015114301908180617	25	8	5293
marmgCAMI2_short_read_pooled_gold_standard_assembly	190	Otu1950	0.6663273529287017	0.0023788674198585913	23577	15710	6603983	0.6666666666666666	0.00216021602160216	18	12	5555
marmgCAMI2_short_read_pooled_gold_standard_assembly	272	Otu2322	0.3607277091690092	0.0023455767056569246	31661	11421	4869165	0.3181818181818182	0.0008739076154806492	22	7	8010
marmgCAMI2_short_read_pooled_gold_standard_assembly	448	Otu851.0	0.4130960701037579	0.002336688750260764	18601	7684	3288414	0.25	0.0029498525073746312	12	3	1017
marmgCAMI2_short_read_pooled_gold_standard_assembly	446	Otu2362.0	0.54162092347433	0.002263336060742791	15485	8387	3705592	0.45454545454545453	0.002777777777777778	11	5	1800
marmgCAMI2_short_read_pooled_gold_standard_assembly	195	Otu1950	0.6394855305466238	0.0022586369468243633	23325	14916	6603983	0.5882352941176471	0.0018001800180018	17	10	5555
marmgCAMI2_short_read_pooled_gold_standard_assembly	143	Otu1769	0.3857932794555508	0.0022233413527600835	21159	8163	3671501	0.38461538461538464	0.0021123785382340513	13	5	2367
marmgCAMI2_short_read_pooled_gold_standard_assembly	60	Otu1950	0.7094025465230166	0.0021935247259116204	20420	14486	6603983	0.6666666666666666	0.0018001800180018	15	10	5555
marmgCAMI2_short_read_pooled_gold_standard_assembly	435	Otu1947	0.7159481114078596	0.0021900678991074876	10484	7506	3427291	0.7142857142857143	0.0007120478496154941	7	5	7022
marmgCAMI2_short_read_pooled_gold_standard_assembly	444	Otu1374	0.4672911787665886	0.0021611262984448268	6405	2993	1384926	0.4	0.0012961762799740765	5	2	1543
marmgCAMI2_short_read_pooled_gold_standard_assembly	130	Otu980	0.5312665958576739	0.0021601810848789482	15064	8003	3704782	0.14285714285714285	0.05555555555555555	7	1	18
marmgCAMI2_short_read_pooled_gold_standard_assembly	452	Otu1263	0.8227026201206936	0.0021311215576302165	13091	10770	5053677	0.6	0.0008130081300813008	5	3	3690
marmgCAMI2_short_read_pooled_gold_standard_assembly	511	Otu282.0	0.7607753526120873	0.002069980565122918	12691	9655	4664295	0.75	0.0020222446916076846	8	6	2967
marmgCAMI2_short_read_pooled_gold_standard_assembly	159	Otu2362.0	0.438056165491737	0.0020458269555849646	17306	7581	3705592	0.375	0.0016666666666666668	8	3	1800
marmgCAMI2_short_read_pooled_gold_standard_assembly	287	Otu1986.0	0.6547777690679627	0.0020267876640865747	12757	8353	4121300	0.6363636363636364	0.001443298969072165	11	7	4850
marmgCAMI2_short_read_pooled_gold_standard_assembly	101	Otu2227.0	0.5394865765236135	0.001992767260998222	10206	5506	2762992	0.5	0.0013717421124828531	4	2	1458
marmgCAMI2_short_read_pooled_gold_standard_assembly	79	Otu1617	1.0	0.001967112905941666	6951	6951	3533605	1.0	0.0009365049634763064	5	5	5339
marmgCAMI2_short_read_pooled_gold_standard_assembly	103	Otu903	0.7884419551934827	0.001957385004421023	11784	9291	4746639	0.7142857142857143	0.002257336343115124	7	5	2215
marmgCAMI2_short_read_pooled_gold_standard_assembly	149	Otu1986.0	0.23060020816468138	0.0019353116735010797	34588	7976	4121300	0.21739130434782608	0.0010309278350515464	23	5	4850
marmgCAMI2_short_read_pooled_gold_standard_assembly	129	Otu980	0.3902251931401019	0.001922380318194161	18251	7122	3704782	0.1111111111111111	0.05555555555555555	9	1	18
marmgCAMI2_short_read_pooled_gold_standard_assembly	21	Otu107	0.7661919294676162	0.0018996653831279112	11796	9038	4757680	0.8333333333333334	0.05813953488372093	6	5	86
marmgCAMI2_short_read_pooled_gold_standard_assembly	342	Otu1062.0	0.187881172535904	0.0018624784888610134	25415	4775	2563788	0.17647058823529413	0.001989389920424403	17	3	1508
marmgCAMI2_short_read_pooled_gold_standard_assembly	431	Otu2090	0.23569523976045811	0.0018231688514036236	22877	5392	2957488	0.23529411764705882	0.0005913660555884093	17	4	6764
marmgCAMI2_short_read_pooled_gold_standard_assembly	314	Otu230.0	0.16449897488467452	0.0017786093733926272	31216	5135	2887087	0.07692307692307693	0.010638297872340425	13	1	94
marmgCAMI2_short_read_pooled_gold_standard_assembly	106	Otu2170	0.4937693677062043	0.0017691751991355633	15167	7489	4233046	0.3333333333333333	0.0005667863215567731	9	3	5293
marmgCAMI2_short_read_pooled_gold_standard_assembly	292	Otu644	0.44972276337479394	0.0017635461322160094	6673	3001	1701685	0.4	0.001260239445494644	5	2	1587
marmgCAMI2_short_read_pooled_gold_standard_assembly	229	Otu2170	0.8775461010003616	0.0017200380057292078	8297	7281	4233046	0.8571428571428571	0.0011335726431135461	7	6	5293
marmgCAMI2_short_read_pooled_gold_standard_assembly	50	Otu6	1.0	0.0016865799321313748	4160	4160	2466530	1.0	0.02127659574468085	1	1	47
marmgCAMI2_short_read_pooled_gold_standard_assembly	105	Otu2362.0	1.0	0.0016820524223929672	6233	6233	3705592	1.0	0.0011111111111111111	2	2	1800
marmgCAMI2_short_read_pooled_gold_standard_assembly	160	Otu282.0	0.6792861474486702	0.0016810686288067113	11543	7841	4664295	0.5	0.0010111223458038423	6	3	2967
marmgCAMI2_short_read_pooled_gold_standard_assembly	372	Otu2170	0.6421326881920536	0.0016302681331599041	10747	6901	4233046	0.5714285714285714	0.0007557150954090308	7	4	5293
marmgCAMI2_short_read_pooled_gold_standard_assembly	367	Otu2170	0.6480295088332363	0.001577114919138606	10302	6676	4233046	0.5714285714285714	0.0007557150954090308	7	4	5293
marmgCAMI2_short_read_pooled_gold_standard_assembly	152	Otu1543	0.30167232819440815	0.0015631738182940757	7654	2309	1477123	0.3333333333333333	0.0007952286282306163	6	2	2515
marmgCAMI2_short_read_pooled_gold_standard_assembly	178	Otu1543	0.6528497409326425	0.001535417158896043	3474	2268	1477123	0.6666666666666666	0.0007952286282306163	3	2	2515
marmgCAMI2_short_read_pooled_gold_standard_assembly	232	Otu2170	0.39760153304073687	0.0015194732114888428	16177	6432	4233046	0.36363636363636365	0.0007557150954090308	11	4	5293
marmgCAMI2_short_read_pooled_gold_standard_assembly	139	Otu1861	0.2481646901791673	0.0015143759198564945	19479	4834	3192074	0.2857142857142857	0.0005221932114882506	14	4	7660
marmgCAMI2_short_read_pooled_gold_standard_assembly	402	Otu1896	0.2866445509276324	0.0014484228301983432	16278	4666	3221435	0.25	0.0010948905109489052	12	3	2740
marmgCAMI2_short_read_pooled_gold_standard_assembly	309	Otu1028	0.6324374298355676	0.001383918939950172	15143	9577	6920203	0.4444444444444444	0.0013942140118508191	9	4	2869
marmgCAMI2_short_read_pooled_gold_standard_assembly	389	Otu2098	1.0	0.0013088253369808321	2119	2119	1619009	1.0	0.0005480953685941354	2	2	3649
marmgCAMI2_short_read_pooled_gold_standard_assembly	343	Otu712	0.37992565055762084	0.001290213440691211	10760	4088	3168468	0.4	0.0013089005235602095	5	2	1528
marmgCAMI2_short_read_pooled_gold_standard_assembly	127	Otu754	0.5571375510709422	0.0012691924819242311	16154	9000	7091123	0.2857142857142857	0.002911208151382824	7	2	687
marmgCAMI2_short_read_pooled_gold_standard_assembly	82	Otu999	1.0	0.0012648955874435645	6360	6360	5028083	1.0	0.0014492753623188406	2	2	1380
marmgCAMI2_short_read_pooled_gold_standard_assembly	284	Otu1617	0.36510923819654695	0.0012627331011813715	12221	4462	3533605	0.3333333333333333	0.0005619029780857839	9	3	5339
marmgCAMI2_short_read_pooled_gold_standard_assembly	228	Otu2362.0	0.356723314276764	0.0012292232927964006	12769	4555	3705592	0.125	0.0005555555555555556	8	1	1800
marmgCAMI2_short_read_pooled_gold_standard_assembly	125	Otu116.0	1.0	0.0012278992341431265	6916	6916	5632384	1.0	0.01	1	1	100
marmgCAMI2_short_read_pooled_gold_standard_assembly	56	Otu754	0.891950915141431	0.0012095404352737923	9616	8577	7091123	0.5	0.001455604075691412	2	1	687
marmgCAMI2_short_read_pooled_gold_standard_assembly	519	Otu370.0	0.6977620730270907	0.0011928978678863598	4245	2962	2483029	0.6666666666666666	0.0006514657980456026	3	2	3070
marmgCAMI2_short_read_pooled_gold_standard_assembly	396	Otu1986.0	0.3574994411742791	0.0011641957634726907	13421	4798	4121300	0.3333333333333333	0.0006185567010309278	9	3	4850
marmgCAMI2_short_read_pooled_gold_standard_assembly	346	Otu395	0.5829462165789202	0.001163510162015751	9687	5647	4853417	0.4	0.002472187886279357	5	2	809
marmgCAMI2_short_read_pooled_gold_standard_assembly	51	Otu1734	1.0	0.0011542050999745757	3709	3709	3213467	1.0	0.0003677822728944465	1	1	2719
marmgCAMI2_short_read_pooled_gold_standard_assembly	413	Otu1028	0.5752436212155025	0.0011174527683653211	13443	7733	6920203	0.5555555555555556	0.001742767514813524	9	5	2869
marmgCAMI2_short_read_pooled_gold_standard_assembly	55	Otu1028	1.0	0.0011125396176961861	7699	7699	6920203	1.0	0.0010456605088881143	3	3	2869
marmgCAMI2_short_read_pooled_gold_standard_assembly	75	Otu1068.0	0.13582078198691616	0.0010902408635464792	26292	3571	3275423	0.09523809523809523	0.0004027386226339106	21	2	4966
marmgCAMI2_short_read_pooled_gold_standard_assembly	436	Otu1543	0.40951156812339334	0.0010784477663674588	3890	1593	1477123	0.3333333333333333	0.00039761431411530816	3	1	2515
marmgCAMI2_short_read_pooled_gold_standard_assembly	447	Otu2422	0.2745581586518701	0.0010322823112862763	12165	3340	3235549	0.3333333333333333	0.0005679666792881485	9	3	5282
marmgCAMI2_short_read_pooled_gold_standard_assembly	203	Otu1028	0.4406253956196987	0.0010058953472896676	15798	6961	6920203	0.3	0.0010456605088881143	10	3	2869
marmgCAMI2_short_read_pooled_gold_standard_assembly	16	Otu54	0.76799643414308	0.0009940429538479645	4487	3446	3466651	0.6666666666666666	0.010050251256281407	3	2	199
marmgCAMI2_short_read_pooled_gold_standard_assembly	469	Otu1617	0.36503642039542145	0.0009927538590193301	9610	3508	3533605	0.42857142857142855	0.0005619029780857839	7	3	5339
marmgCAMI2_short_read_pooled_gold_standard_assembly	150	Otu2017.0	0.6194821731748726	0.0009759568238573464	4712	2919	2990911	0.6666666666666666	0.00044772778150884264	3	2	4467
marmgCAMI2_short_read_pooled_gold_standard_assembly	424	Otu1950	0.5539693593314763	0.000963660869508598	11488	6364	6603983	0.5	0.00072007200720072	8	4	5555
marmgCAMI2_short_read_pooled_gold_standard_assembly	47	Otu595.0	0.3700910643141719	0.0009411384989691259	14056	5202	5527348	0.4	0.024390243902439025	5	2	82
marmgCAMI2_short_read_pooled_gold_standard_assembly	509	Otu1597	1.0	0.000899784900891878	1229	1229	1365882	1.0	0.00035161744022503517	1	1	2844
marmgCAMI2_short_read_pooled_gold_standard_assembly	134	Otu2017.0	0.6844783715012722	0.0008993915231847421	3930	2690	2990911	0.6666666666666666	0.00044772778150884264	3	2	4467
marmgCAMI2_short_read_pooled_gold_standard_assembly	197	Otu1536	0.3790439401255432	0.0008834240390372141	4142	1570	1777176	0.3333333333333333	0.0008968609865470852	3	1	1115
marmgCAMI2_short_read_pooled_gold_standard_assembly	303	Otu1597	1.0	0.0008785531985925578	1200	1200	1365882	1.0	0.00035161744022503517	1	1	2844
marmgCAMI2_short_read_pooled_gold_standard_assembly	459	Otu2017.0	0.6664064532916992	0.000856260851626812	3843	2561	2990911	0.6666666666666666	0.00044772778150884264	3	2	4467
marmgCAMI2_short_read_pooled_gold_standard_assembly	275	Otu1950	0.33602923556194586	0.0008493359234873863	16692	5609	6603983	0.3076923076923077	0.00072007200720072	13	4	5555
marmgCAMI2_short_read_pooled_gold_standard_assembly	443	Otu2416	0.7603848861769538	0.0008466827414437352	4261	3240	3826699	0.75	0.0002801382015127463	4	3	10709
marmgCAMI2_short_read_pooled_gold_standard_assembly	466	Otu1854	0.556390977443609	0.0008388922088290976	4655	2590	3087405	0.6666666666666666	0.0002444390124663896	3	2	8182
marmgCAMI2_short_read_pooled_gold_standard_assembly	57	Otu595.0	0.6535421755999425	0.0008228177418899624	6959	4548	5527348	0.5	0.012195121951219513	2	1	82
marmgCAMI2_short_read_pooled_gold_standard_assembly	376	Otu2453	0.2679374598415078	0.0008180132935333793	4669	1251	1529315	0.25	0.0002805836139169473	4	1	3564
marmgCAMI2_short_read_pooled_gold_standard_assembly	121	Otu1264	1.0	0.0008049776208545811	2517	2517	3126795	1.0	0.00024509803921568627	1	1	4080
marmgCAMI2_short_read_pooled_gold_standard_assembly	490	Otu282.0	0.5538873197562063	0.0007988345505590877	6727	3726	4664295	0.5	0.0006740815638692282	4	2	2967
marmgCAMI2_short_read_pooled_gold_standard_assembly	88	Otu2362.0	0.41219341275402943	0.0007936653576540537	7135	2941	3705592	0.4	0.0011111111111111111	5	2	1800
marmgCAMI2_short_read_pooled_gold_standard_assembly	454	Otu1068.0	0.47389855609033693	0.0007815784404029648	5402	2560	3275423	0.5	0.0004027386226339106	4	2	4966
marmgCAMI2_short_read_pooled_gold_standard_assembly	508	Otu2017.0	1.0	0.000772674278840126	2311	2311	2990911	1.0	0.00044772778150884264	2	2	4467
marmgCAMI2_short_read_pooled_gold_standard_assembly	98	Otu2453	0.5286103542234333	0.0007611250788751827	2202	1164	1529315	0.5	0.0002805836139169473	2	1	3564
marmgCAMI2_short_read_pooled_gold_standard_assembly	191	Otu1617	0.4131717924821373	0.000752772310430849	6438	2660	3533605	0.5	0.00037460198539052256	4	2	5339
marmgCAMI2_short_read_pooled_gold_standard_assembly	115	Otu2098	1.0	0.0007473707681674407	1210	1210	1619009	1.0	0.0002740476842970677	1	1	3649
marmgCAMI2_short_read_pooled_gold_standard_assembly	404	Otu521.0	0.2780888835934707	0.0007387972039659546	8393	2334	3159189	0.2857142857142857	0.000462000462000462	7	2	4329
marmgCAMI2_short_read_pooled_gold_standard_assembly	449	Otu2078	0.3506024096385542	0.0007370773994592232	3320	1164	1579210	0.3333333333333333	0.0006184291898577613	3	1	1617
marmgCAMI2_short_read_pooled_gold_standard_assembly	430	Otu1854	0.40869076606106014	0.0007067423936930853	5339	2182	3087405	0.4	0.0002444390124663896	5	2	8182
marmgCAMI2_short_read_pooled_gold_standard_assembly	118	Otu2215	1.0	0.0006905094755094664	2281	2281	3303358	1.0	0.0003355704697986577	2	2	5960
marmgCAMI2_short_read_pooled_gold_standard_assembly	364	Otu2151	0.48250501448629374	0.0006866023427569637	4487	2165	3153208	0.3333333333333333	0.0002949852507374631	3	1	3390
marmgCAMI2_short_read_pooled_gold_standard_assembly	277	Otu2098	1.0	0.0006627511026807139	1073	1073	1619009	1.0	0.0002740476842970677	1	1	3649
marmgCAMI2_short_read_pooled_gold_standard_assembly	357	Otu2098	1.0	0.0006479272196757399	1049	1049	1619009	1.0	0.0002740476842970677	1	1	3649
marmgCAMI2_short_read_pooled_gold_standard_assembly	210	Otu1986.0	0.47617239415226886	0.0006085458471841409	5267	2508	4121300	0.5	0.0004123711340206186	4	2	4850
marmgCAMI2_short_read_pooled_gold_standard_assembly	491	Otu521.0	0.4508738781294284	0.0006042690070141419	4234	1909	3159189	0.3333333333333333	0.000231000231000231	3	1	4329
marmgCAMI2_short_read_pooled_gold_standard_assembly	468	Otu2455	1.0	0.0005956364292189332	2259	2259	3792582	1.0	0.00024853982850751833	2	2	8047
marmgCAMI2_short_read_pooled_gold_standard_assembly	13	Otu1950	1.0	0.0005952468381581236	3931	3931	6603983	1.0	0.00018001800180018	1	1	5555
marmgCAMI2_short_read_pooled_gold_standard_assembly	262	Otu1536	1.0	0.0005936384466141789	1055	1055	1777176	1.0	0.0008968609865470852	1	1	1115
marmgCAMI2_short_read_pooled_gold_standard_assembly	204	Otu1995	1.0	0.0005730390755119986	1016	1016	1773003	1.0	0.0008156606851549756	1	1	1226
marmgCAMI2_short_read_pooled_gold_standard_assembly	421	Otu1773	0.4552186177715092	0.0005681900703613838	5672	2582	4544254	0.4	0.0002945941964943291	5	2	6789
marmgCAMI2_short_read_pooled_gold_standard_assembly	515	Otu1847	1.0	0.0005530442522667179	1014	1014	1833488	1.0	0.0006666666666666666	1	1	1500
marmgCAMI2_short_read_pooled_gold_standard_assembly	193	Otu1970	0.18858913127662322	0.0005486965358883589	7747	1461	2662674	0.16666666666666666	0.00014174344436569808	6	1	7055
marmgCAMI2_short_read_pooled_gold_standard_assembly	117	Otu1986.0	0.6884889854173131	0.0005384223424647563	3223	2219	4121300	0.6666666666666666	0.0004123711340206186	3	2	4850
marmgCAMI2_short_read_pooled_gold_standard_assembly	216	Otu1062.0	0.567983367983368	0.0005328053645621244	2405	1366	2563788	0.5	0.000663129973474801	2	1	1508
marmgCAMI2_short_read_pooled_gold_standard_assembly	74	Otu2362.0	0.6361585562359008	0.0005327084039473315	3103	1974	3705592	0.5	0.0005555555555555556	2	1	1800
marmgCAMI2_short_read_pooled_gold_standard_assembly	84	Otu1653	1.0	0.0005290916621378655	1326	1326	2506182	1.0	0.0002275830678197542	1	1	4394
marmgCAMI2_short_read_pooled_gold_standard_assembly	269	Otu2017.0	1.0	0.0004961698960617685	1484	1484	2990911	1.0	0.00022386389075442132	1	1	4467
marmgCAMI2_short_read_pooled_gold_standard_assembly	506	Otu282.0	0.6846497764530551	0.0004924645632405326	3355	2297	4664295	0.5	0.0003370407819346141	2	1	2967
marmgCAMI2_short_read_pooled_gold_standard_assembly	439	Otu1617	1.0	0.00048024609428614685	1697	1697	3533605	1.0	0.00018730099269526128	1	1	5339
marmgCAMI2_short_read_pooled_gold_standard_assembly	254	Otu1617	1.0	0.0004516633862585094	1596	1596	3533605	1.0	0.00018730099269526128	1	1	5339
marmgCAMI2_short_read_pooled_gold_standard_assembly	504	Otu370.0	1.0	0.0004494510535317952	1116	1116	2483029	1.0	0.0003257328990228013	1	1	3070
marmgCAMI2_short_read_pooled_gold_standard_assembly	423	Otu1127	0.19588853357697578	0.00041850339360576005	10945	2144	5123017	0.25	0.0005161290322580645	8	2	3875
marmgCAMI2_short_read_pooled_gold_standard_assembly	513	Otu2017.0	1.0	0.00041759851764228357	1249	1249	2990911	1.0	0.00022386389075442132	1	1	4467
marmgCAMI2_short_read_pooled_gold_standard_assembly	526	Otu2120	1.0	0.00041635148764498236	1321	1321	3172800	1.0	0.00019546520719311962	1	1	5116
marmgCAMI2_short_read_pooled_gold_standard_assembly	437	Otu1974.0	0.4452749599572878	0.00041113495430930065	3746	1668	4057062	0.3333333333333333	0.00018115942028985507	3	1	5520
marmgCAMI2_short_read_pooled_gold_standard_assembly	379	Otu2422	0.5160658307210031	0.0004070406598694688	2552	1317	3235549	0.5	0.0001893222264293828	2	1	5282
marmgCAMI2_short_read_pooled_gold_standard_assembly	385	Otu2276	1.0	0.00039902127119648834	1151	1151	2884558	1.0	0.00019527436047646945	1	1	5121
marmgCAMI2_short_read_pooled_gold_standard_assembly	440	Otu1986.0	0.5894927536231884	0.0003947783466381967	2760	1627	4121300	0.5	0.0002061855670103093	2	1	4850
marmgCAMI2_short_read_pooled_gold_standard_assembly	128	Otu2422	0.3729460093896714	0.0003928235980972626	3408	1271	3235549	0.3333333333333333	0.0001893222264293828	3	1	5282
marmgCAMI2_short_read_pooled_gold_standard_assembly	460	Otu1950	1.0	0.00038401067961561986	2536	2536	6603983	1.0	0.00018001800180018	1	1	5555
marmgCAMI2_short_read_pooled_gold_standard_assembly	46	Otu1140	0.5276217228464419	0.00037340260222186146	2136	1127	3018190	0.5	0.00014386419220256078	2	1	6951
marmgCAMI2_short_read_pooled_gold_standard_assembly	485	Otu521.0	0.5103896103896104	0.00037319704519102846	2310	1179	3159189	0.5	0.000231000231000231	2	1	4329
marmgCAMI2_short_read_pooled_gold_standard_assembly	500	Otu2276	0.5004703668861712	0.0003688606712016191	2126	1064	2884558	0.5	0.00019527436047646945	2	1	5121
marmgCAMI2_short_read_pooled_gold_standard_assembly	97	Otu1950	0.42945435281652833	0.0003682626075809099	5663	2432	6603983	0.3333333333333333	0.00018001800180018	3	1	5555
marmgCAMI2_short_read_pooled_gold_standard_assembly	479	Otu1219	1.0	0.00036508095059933915	1451	1451	3974461	1.0	0.00012150668286755772	1	1	8230
marmgCAMI2_short_read_pooled_gold_standard_assembly	278	Otu2120	0.5034965034965035	0.0003630862329803328	2288	1152	3172800	0.5	0.00019546520719311962	2	1	5116
marmgCAMI2_short_read_pooled_gold_standard_assembly	138	Otu2362.0	1.0	0.000358647147338401	1329	1329	3705592	1.0	0.0005555555555555556	1	1	1800
marmgCAMI2_short_read_pooled_gold_standard_assembly	142	Otu1861	1.0	0.00035494164608965834	1133	1133	3192074	1.0	0.00013054830287206266	1	1	7660
marmgCAMI2_short_read_pooled_gold_standard_assembly	498	Otu2017.0	1.0	0.0003537383760332554	1058	1058	2990911	1.0	0.00022386389075442132	1	1	4467
marmgCAMI2_short_read_pooled_gold_standard_assembly	286	Otu2276	1.0	0.00035291368729628597	1018	1018	2884558	1.0	0.00019527436047646945	1	1	5121
marmgCAMI2_short_read_pooled_gold_standard_assembly	63	Otu2170	1.0	0.00034490529987153456	1460	1460	4233046	1.0	0.0001889287738522577	1	1	5293
marmgCAMI2_short_read_pooled_gold_standard_assembly	483	Otu2017.0	1.0	0.0003447110261722933	1031	1031	2990911	1.0	0.00022386389075442132	1	1	4467
marmgCAMI2_short_read_pooled_gold_standard_assembly	445	Otu1264	1.0	0.0003351674797996031	1048	1048	3126795	1.0	0.00024509803921568627	1	1	4080
marmgCAMI2_short_read_pooled_gold_standard_assembly	164	Otu1263	0.37505648441030276	0.00032847370340447163	4426	1660	5053677	0.3333333333333333	0.00027100271002710027	3	1	3690
marmgCAMI2_short_read_pooled_gold_standard_assembly	503	Otu1068.0	1.0	0.0003227064107445054	1057	1057	3275423	1.0	0.0002013693113169553	1	1	4966
marmgCAMI2_short_read_pooled_gold_standard_assembly	72	Otu1635	1.0	0.0003156079102251535	1163	1163	3684952	1.0	0.00011967448539971278	1	1	8356
marmgCAMI2_short_read_pooled_gold_standard_assembly	102	Otu1986.0	1.0	0.0003108242544828088	1281	1281	4121300	1.0	0.0002061855670103093	1	1	4850
marmgCAMI2_short_read_pooled_gold_standard_assembly	265	Otu1769	1.0	0.0003083207658121297	1132	1132	3671501	1.0	0.0004224757076468103	1	1	2367
marmgCAMI2_short_read_pooled_gold_standard_assembly	140	Otu2455	1.0	0.0003079696101494971	1168	1168	3792582	1.0	0.00012426991425375916	1	1	8047
marmgCAMI2_short_read_pooled_gold_standard_assembly	8	Otu54	1.0	0.00029394363609143236	1019	1019	3466651	1.0	0.005025125628140704	1	1	199
marmgCAMI2_short_read_pooled_gold_standard_assembly	87	Otu2180	1.0	0.0002775191722183947	1204	1204	4338439	1.0	0.00018621973929236498	1	1	5370
marmgCAMI2_short_read_pooled_gold_standard_assembly	65	Otu1263	0.5643564356435643	0.00027069399172127543	2424	1368	5053677	0.5	0.00027100271002710027	2	1	3690
marmgCAMI2_short_read_pooled_gold_standard_assembly	505	Otu1753	0.5546786922209695	0.00026905952212768477	2661	1476	5485775	0.5	0.00013412017167381974	2	1	7456
marmgCAMI2_short_read_pooled_gold_standard_assembly	317	Otu2014	0.5989544436146378	0.00025988384941772407	2678	1604	6171988	0.5	0.00029163021289005544	2	1	3429
marmgCAMI2_short_read_pooled_gold_standard_assembly	144	Otu1519	0.5735772357723578	0.000259704261082479	2460	1411	5433103	0.5	0.0006305170239596469	2	1	1586
marmgCAMI2_short_read_pooled_gold_standard_assembly	10	Otu1032	0.5221733919296844	0.00025194301654245894	2503	1307	5187681	0.5	0.00015605493133583021	2	1	6408
marmgCAMI2_short_read_pooled_gold_standard_assembly	169	Otu1950	0.6157389635316699	0.00024288372638148827	2605	1604	6603983	0.5	0.00018001800180018	2	1	5555
marmgCAMI2_short_read_pooled_gold_standard_assembly	146	Otu1040	0.5152146727803252	0.0002413036017100538	2399	1236	5122178	0.5	0.00034258307639602604	2	1	2919
marmgCAMI2_short_read_pooled_gold_standard_assembly	219	Otu1950	0.5554389646729626	0.00024046094606845596	2859	1588	6603983	0.5	0.00018001800180018	2	1	5555
marmgCAMI2_short_read_pooled_gold_standard_assembly	471	Otu282.0	0.50332383665717	0.00022725835308444255	2106	1060	4664295	0.5	0.0003370407819346141	2	1	2967
marmgCAMI2_short_read_pooled_gold_standard_assembly	64	Otu999	1.0	0.000225334386882635	1133	1133	5028083	1.0	0.0007246376811594203	1	1	1380
marmgCAMI2_short_read_pooled_gold_standard_assembly	428	Otu282.0	1.0	0.00021482346206661457	1002	1002	4664295	1.0	0.0003370407819346141	1	1	2967
marmgCAMI2_short_read_pooled_gold_standard_assembly	220	Otu1028	0.5712050078247262	0.00021097646990991448	2556	1460	6920203	0.5	0.0003485535029627048	2	1	2869
marmgCAMI2_short_read_pooled_gold_standard_assembly	434	Otu1753	1.0	0.00021072683440352547	1156	1156	5485775	1.0	0.00013412017167381974	1	1	7456
marmgCAMI2_short_read_pooled_gold_standard_assembly	366	Otu2172	0.33952336737852057	0.00020194961458367083	3231	1097	5432048	0.3333333333333333	0.00012755102040816328	3	1	7840
marmgCAMI2_short_read_pooled_gold_standard_assembly	25	Otu1950	1.0	0.00019518523896866483	1289	1289	6603983	1.0	0.00018001800180018	1	1	5555
marmgCAMI2_short_read_pooled_gold_standard_assembly	492	Otu1950	1.0	0.00019442812012084222	1284	1284	6603983	1.0	0.00018001800180018	1	1	5555
marmgCAMI2_short_read_pooled_gold_standard_assembly	31	Otu1950	1.0	0.00019185391603824541	1267	1267	6603983	1.0	0.00018001800180018	1	1	5555
marmgCAMI2_short_read_pooled_gold_standard_assembly	104	Otu2172	1.0	0.00018832675999917527	1023	1023	5432048	1.0	0.00012755102040816328	1	1	7840
marmgCAMI2_short_read_pooled_gold_standard_assembly	416	Otu2172	1.0	0.00018759038948109441	1019	1019	5432048	1.0	0.00012755102040816328	1	1	7840
