Method	num_5010	num_7010	num_9010	num_505	num_605	num_705	num_805	num_905
concoct_bins_checkm2_output/quality_report.tsv	88	70	33	68	63	56	42	28
Method	num_5010	num_7010	num_9010	num_505	num_605	num_705	num_805	num_905
maxbin2_bins_checkm2_output/quality_report.tsv	60	48	26	40	38	33	28	19
Method	num_5010	num_7010	num_9010	num_505	num_605	num_705	num_805	num_905
metabat2_bins_checkm2_output/quality_report.tsv	80	55	21	77	64	52	45	20
Method	num_5010	num_7010	num_9010	num_505	num_605	num_705	num_805	num_905
vamb_m200000/bins_checkm2_output/quality_report.tsv	77	58	25	70	63	51	41	23
Method	num_5010	num_7010	num_9010	num_505	num_605	num_705	num_805	num_905
vamb_v413_m200000/bins_checkm2_output/quality_report.tsv	80	58	30	72	67	50	41	27
Method	num_5010	num_7010	num_9010	num_505	num_605	num_705	num_805	num_905
clmb_m200000/bins_checkm2_output/quality_report.tsv	61	50	24	58	54	47	39	22
Method	num_5010	num_7010	num_9010	num_505	num_605	num_705	num_805	num_905
metadecoder/samfiles_checkm2_output/quality_report.tsv	62	45	15	61	54	45	27	15
Method	num_5010	num_7010	num_9010	num_505	num_605	num_705	num_805	num_905
semibin_Easy_coassemly_mode_v1.0.0_default/output_recluster_bins_checkm2_output/quality_report.tsv	65	53	18	65	58	53	41	18
Method	num_5010	num_7010	num_9010	num_505	num_605	num_705	num_805	num_905
semibin2_Easy_coassemly_mode/output_bins_checkm2_output/quality_report.tsv	65	52	18	65	57	52	39	18
Method	num_5010	num_7010	num_9010	num_505	num_605	num_705	num_805	num_905
COMEBin_nocovloss_tau0.15_nepoch200_earlystop_addvars_nedge75_vars_sqrt_NokmerMetric/test3_parallel_leiden_markerseed_RBERVertexPartition_nodesize_hnsw_l2mode_bandwidth_0.1_res_maxedges100respara_5_partgraph_ratio_80.tsv.filtersmallbins_200000.tsv_bins_checkm2_output/quality_report.tsv	103	76	38	89	78	64	50	33
