sample_id	Bin ID	Most abundant genome	Purity (bp)	Completeness (bp)	Bin size (bp)	True positives (bp)	True size of most abundant genome (bp)	Purity (seq)	Completeness (seq)	Bin size (seq)	True positives (seq)	True size of most abundant genome (seq)
strmgCAMI2_short_read_pooled_gold_standard_assembly	SP108_S87	SP108_S87	1.0	1.0	1934373	1934373	1934373	1.0	1.0	517	517	517
strmgCAMI2_short_read_pooled_gold_standard_assembly	MIKI-NS03	MIKI-NS03	1.0	1.0	4487888	4487888	4487888	1.0	1.0	151	151	151
strmgCAMI2_short_read_pooled_gold_standard_assembly	spades_And8457_S3_L001	spades_And8457_S3_L001	1.0	1.0	4927240	4927240	4927240	1.0	1.0	82	82	82
strmgCAMI2_short_read_pooled_gold_standard_assembly	MIKI-NS08	MIKI-NS08	1.0	1.0	2548574	2548574	2548574	1.0	1.0	10	10	10
strmgCAMI2_short_read_pooled_gold_standard_assembly	MIKI-NS20	MIKI-NS20	1.0	1.0	5362682	5362682	5362682	1.0	1.0	208	208	208
strmgCAMI2_short_read_pooled_gold_standard_assembly	MIKI-NS06	MIKI-NS06	1.0	1.0	1964616	1964616	1964616	1.0	1.0	31	31	31
strmgCAMI2_short_read_pooled_gold_standard_assembly	MIKI-NS12	MIKI-NS12	1.0	1.0	2251851	2251851	2251851	1.0	1.0	72	72	72
strmgCAMI2_short_read_pooled_gold_standard_assembly	MIKI-NS10	MIKI-NS10	1.0	1.0	2092134	2092134	2092134	1.0	1.0	100	100	100
strmgCAMI2_short_read_pooled_gold_standard_assembly	MIKI-NS02	MIKI-NS02	1.0	1.0	2999760	2999760	2999760	1.0	1.0	43	43	43
strmgCAMI2_short_read_pooled_gold_standard_assembly	MIKI-NS14	MIKI-NS14	1.0	1.0	5248865	5248865	5248865	1.0	1.0	43	43	43
strmgCAMI2_short_read_pooled_gold_standard_assembly	MIKI-NS15	MIKI-NS15	1.0	1.0	6804298	6804298	6804298	1.0	1.0	96	96	96
strmgCAMI2_short_read_pooled_gold_standard_assembly	MIKI-NS09	MIKI-NS09	1.0	1.0	2039640	2039640	2039640	1.0	1.0	22	22	22
strmgCAMI2_short_read_pooled_gold_standard_assembly	spades_ESBL6643_S3_L001	spades_ESBL6643_S3_L001	1.0	1.0	5120124	5120124	5120124	1.0	1.0	22	22	22
strmgCAMI2_short_read_pooled_gold_standard_assembly	MIKI-NS13	MIKI-NS13	1.0	1.0	7206672	7206672	7206672	1.0	1.0	26	26	26
strmgCAMI2_short_read_pooled_gold_standard_assembly	SP21_S92	SP21_S92	1.0	1.0	1689680	1689680	1689680	1.0	1.0	13	13	13
