sample_id	Bin ID	Most abundant genome	Purity (bp)	Completeness (bp)	Bin size (bp)	True positives (bp)	True size of most abundant genome (bp)	Purity (seq)	Completeness (seq)	Bin size (seq)	True positives (seq)	True size of most abundant genome (seq)
marmgCAMI2_short_read_pooled_gold_standard_assembly	0	Otu2.0	1.0	1.0	4145260	4145260	4145260	1.0	1.0	2	2	2
marmgCAMI2_short_read_pooled_gold_standard_assembly	94	Otu283.0	0.9960211443691487	1.0	4217293	4200513	4200513	0.08333333333333333	1.0	12	1	1
marmgCAMI2_short_read_pooled_gold_standard_assembly	434	Otu212.0	0.9890904259824486	1.0	4651694	4600946	4600946	0.3	1.0	10	3	3
marmgCAMI2_short_read_pooled_gold_standard_assembly	506	Otu597.0	0.9997026709661766	1.0	3783687	3782562	3782562	0.9230769230769231	1.0	13	12	12
marmgCAMI2_short_read_pooled_gold_standard_assembly	89	Otu71	0.9612581020012911	1.0	2904375	2791854	2791854	0.07142857142857142	1.0	28	2	2
marmgCAMI2_short_read_pooled_gold_standard_assembly	88	Otu846.0	0.954417628115779	1.0	4042769	3858490	3858490	0.06818181818181818	1.0	44	3	3
marmgCAMI2_short_read_pooled_gold_standard_assembly	182	Otu245.0	0.9975798284750348	1.0	4316223	4305777	4305777	0.25	1.0	4	1	1
marmgCAMI2_short_read_pooled_gold_standard_assembly	86	Otu53.0	0.9996614239923132	1.0	3426114	3424954	3424954	0.5	1.0	2	1	1
marmgCAMI2_short_read_pooled_gold_standard_assembly	85	Otu89	1.0	1.0	1861292	1861292	1861292	1.0	1.0	1	1	1
marmgCAMI2_short_read_pooled_gold_standard_assembly	84	Otu1204	0.9959987852978291	1.0	1122909	1118416	1118416	0.42857142857142855	1.0	7	3	3
marmgCAMI2_short_read_pooled_gold_standard_assembly	83	Otu219.0	0.9899998421380818	1.0	5067720	5017042	5017042	0.03333333333333333	1.0	30	1	1
marmgCAMI2_short_read_pooled_gold_standard_assembly	184	Otu130.0	0.9986660247444261	1.0	4295432	4289702	4289702	0.3333333333333333	1.0	6	2	2
marmgCAMI2_short_read_pooled_gold_standard_assembly	187	Otu852.0	0.9995897072404404	1.0	4401735	4399929	4399929	0.9	1.0	10	9	9
marmgCAMI2_short_read_pooled_gold_standard_assembly	507	Otu75.0	1.0	1.0	4279149	4279149	4279149	1.0	1.0	1	1	1
marmgCAMI2_short_read_pooled_gold_standard_assembly	510	Otu303.0	1.0	1.0	1999613	1999613	1999613	1.0	1.0	2	2	2
marmgCAMI2_short_read_pooled_gold_standard_assembly	188	Otu365.0	1.0	1.0	7215228	7215228	7215228	1.0	1.0	1	1	1
marmgCAMI2_short_read_pooled_gold_standard_assembly	192	Otu70.0	1.0	1.0	3708226	3708226	3708226	1.0	1.0	3	3	3
marmgCAMI2_short_read_pooled_gold_standard_assembly	74	Otu327	1.0	1.0	2011287	2011287	2011287	1.0	1.0	1	1	1
marmgCAMI2_short_read_pooled_gold_standard_assembly	73	Otu583	0.9777884248487335	1.0	1742785	1704075	1704075	0.1	1.0	10	1	1
marmgCAMI2_short_read_pooled_gold_standard_assembly	195	Otu450.0	0.983640715533861	1.0	3036502	2986827	2986827	0.03225806451612903	1.0	31	1	1
marmgCAMI2_short_read_pooled_gold_standard_assembly	420	Otu215.0	0.9845189122020974	1.0	3122455	3074116	3074116	0.19047619047619047	1.0	21	4	4
marmgCAMI2_short_read_pooled_gold_standard_assembly	69	Otu99.0	0.9664762338160421	1.0	3410476	3296144	3296144	0.05555555555555555	1.0	18	1	1
marmgCAMI2_short_read_pooled_gold_standard_assembly	200	Otu122.0	0.998545335044814	1.0	3560270	3555091	3555091	0.25	1.0	4	1	1
marmgCAMI2_short_read_pooled_gold_standard_assembly	67	Otu465	0.9511875028411917	1.0	1517849	1443759	1443759	0.05	1.0	20	1	1
marmgCAMI2_short_read_pooled_gold_standard_assembly	416	Otu3.0	0.9996951161313019	1.0	3666970	3665852	3665852	0.5	1.0	2	1	1
marmgCAMI2_short_read_pooled_gold_standard_assembly	173	Otu3.1	0.9919027290697928	1.0	3202190	3176261	3176261	0.09090909090909091	1.0	11	1	1
marmgCAMI2_short_read_pooled_gold_standard_assembly	95	Otu42.0	0.9921016947468807	1.0	4026560	3994757	3994757	0.05	1.0	20	1	1
marmgCAMI2_short_read_pooled_gold_standard_assembly	64	Otu37.0	0.9796065450602897	1.0	7480145	7327599	7327599	0.10810810810810811	1.0	37	4	4
marmgCAMI2_short_read_pooled_gold_standard_assembly	96	Otu82	1.0	1.0	4059887	4059887	4059887	1.0	1.0	1	1	1
marmgCAMI2_short_read_pooled_gold_standard_assembly	125	Otu90.0	0.9617412422752679	1.0	3852399	3705011	3705011	0.09090909090909091	1.0	11	1	1
marmgCAMI2_short_read_pooled_gold_standard_assembly	491	Otu457.0	0.9769108168889863	1.0	3932101	3841312	3841312	0.4148936170212766	1.0	94	39	39
marmgCAMI2_short_read_pooled_gold_standard_assembly	492	Otu220.0	0.9996215092600431	1.0	5315850	5313838	5313838	0.8	1.0	5	4	4
marmgCAMI2_short_read_pooled_gold_standard_assembly	496	Otu854	0.9857332832419414	1.0	1607728	1584791	1584791	0.05555555555555555	1.0	18	1	1
marmgCAMI2_short_read_pooled_gold_standard_assembly	136	Otu315.0	0.9908887916718516	1.0	3865349	3830131	3830131	0.391304347826087	1.0	23	9	9
marmgCAMI2_short_read_pooled_gold_standard_assembly	501	Otu176.0	1.0	1.0	3052367	3052367	3052367	1.0	1.0	2	2	2
marmgCAMI2_short_read_pooled_gold_standard_assembly	119	Otu61.0	0.9887796253514831	1.0	4098348	4052363	4052363	0.08	1.0	25	2	2
marmgCAMI2_short_read_pooled_gold_standard_assembly	137	Otu241.0	0.9843032840998979	1.0	4953138	4875390	4875390	0.6666666666666666	1.0	3	2	2
marmgCAMI2_short_read_pooled_gold_standard_assembly	116	Otu105.0	1.0	1.0	3914609	3914609	3914609	1.0	1.0	1	1	1
marmgCAMI2_short_read_pooled_gold_standard_assembly	479	Otu304.0	0.9825825990100159	1.0	4094813	4023492	4023492	0.4	1.0	5	2	2
marmgCAMI2_short_read_pooled_gold_standard_assembly	471	Otu1448	0.9268938895790307	1.0	2182321	2022780	2022780	0.056179775280898875	1.0	89	5	5
marmgCAMI2_short_read_pooled_gold_standard_assembly	113	Otu1000	0.998443478758544	1.0	4892320	4884705	4884705	0.14285714285714285	1.0	7	1	1
marmgCAMI2_short_read_pooled_gold_standard_assembly	152	Otu713	0.9457590752113983	1.0	1659190	1569194	1569194	0.3584905660377358	1.0	106	38	38
marmgCAMI2_short_read_pooled_gold_standard_assembly	156	Otu203	0.9444747769519292	1.0	4641152	4383451	4383451	0.016853932584269662	1.0	178	3	3
marmgCAMI2_short_read_pooled_gold_standard_assembly	110	Otu252	0.9808404752531218	1.0	2278449	2234795	2234795	0.09090909090909091	1.0	11	1	1
marmgCAMI2_short_read_pooled_gold_standard_assembly	467	Otu199.0	1.0	1.0	4000036	4000036	4000036	1.0	1.0	1	1	1
marmgCAMI2_short_read_pooled_gold_standard_assembly	465	Otu332	0.4294854721211986	1.0	2868416	1231943	1231943	0.023809523809523808	1.0	378	9	9
marmgCAMI2_short_read_pooled_gold_standard_assembly	104	Otu523	1.0	1.0	3052329	3052329	3052329	1.0	1.0	1	1	1
marmgCAMI2_short_read_pooled_gold_standard_assembly	464	Otu133.0	1.0	1.0	3389983	3389983	3389983	1.0	1.0	1	1	1
marmgCAMI2_short_read_pooled_gold_standard_assembly	452	Otu110.0	1.0	1.0	2884284	2884284	2884284	1.0	1.0	1	1	1
marmgCAMI2_short_read_pooled_gold_standard_assembly	164	Otu218	0.918832067662443	1.0	2044502	1878554	1878554	0.125	1.0	16	2	2
marmgCAMI2_short_read_pooled_gold_standard_assembly	165	Otu2119.0	0.9825466594777567	1.0	3640793	3577249	3577249	0.4722222222222222	1.0	36	17	17
marmgCAMI2_short_read_pooled_gold_standard_assembly	505	Otu180	0.9985149168057202	1.0	2228158	2224849	2224849	0.4	1.0	5	2	2
marmgCAMI2_short_read_pooled_gold_standard_assembly	256	Otu331.0	1.0	1.0	3975877	3975877	3975877	1.0	1.0	1	1	1
marmgCAMI2_short_read_pooled_gold_standard_assembly	65	Otu179	0.9996939845978623	1.0	5228495	5226895	5226895	0.5	1.0	2	1	1
marmgCAMI2_short_read_pooled_gold_standard_assembly	63	Otu1458.0	0.9997541081729914	1.0	4945264	4944048	4944048	0.6666666666666666	1.0	3	2	2
marmgCAMI2_short_read_pooled_gold_standard_assembly	62	Otu302.0	0.9996578674996146	1.0	3133289	3132217	3132217	0.75	1.0	4	3	3
marmgCAMI2_short_read_pooled_gold_standard_assembly	31	Otu72.0	0.9913033097885583	1.0	3685885	3653830	3653830	0.18181818181818182	1.0	11	2	2
marmgCAMI2_short_read_pooled_gold_standard_assembly	30	Otu382.0	0.979843572824143	1.0	4547036	4455384	4455384	0.04	1.0	25	1	1
marmgCAMI2_short_read_pooled_gold_standard_assembly	523	Otu12.0	1.0	1.0	3659618	3659618	3659618	1.0	1.0	3	3	3
marmgCAMI2_short_read_pooled_gold_standard_assembly	27	Otu503	0.9892841186031864	1.0	2392617	2366978	2366978	0.09090909090909091	1.0	11	1	1
marmgCAMI2_short_read_pooled_gold_standard_assembly	26	Otu870	0.9805816336111037	1.0	2790554	2736366	2736366	0.04	1.0	25	1	1
marmgCAMI2_short_read_pooled_gold_standard_assembly	25	Otu40.1	1.0	1.0	6512824	6512824	6512824	1.0	1.0	5	5	5
marmgCAMI2_short_read_pooled_gold_standard_assembly	22	Otu222.1	0.991343543747895	1.0	5228583	5183322	5183322	0.3333333333333333	1.0	3	1	1
marmgCAMI2_short_read_pooled_gold_standard_assembly	21	Otu1337	0.9867962231133023	1.0	3966971	3914592	3914592	0.07407407407407407	1.0	27	2	2
marmgCAMI2_short_read_pooled_gold_standard_assembly	20	Otu256	0.9923117204608207	1.0	3318948	3293431	3293431	0.07142857142857142	1.0	14	1	1
marmgCAMI2_short_read_pooled_gold_standard_assembly	291	Otu60.0	0.9961857473209963	1.0	5217798	5197896	5197896	0.09090909090909091	1.0	11	1	1
marmgCAMI2_short_read_pooled_gold_standard_assembly	1	Otu4.0	0.9374662432742005	1.0	2055146	1926630	1926630	0.024390243902439025	1.0	41	1	1
marmgCAMI2_short_read_pooled_gold_standard_assembly	15	Otu274.0	1.0	1.0	2269117	2269117	2269117	1.0	1.0	1	1	1
marmgCAMI2_short_read_pooled_gold_standard_assembly	14	Otu26.0	0.9902559702654109	1.0	3938309	3899934	3899934	0.04	1.0	25	1	1
marmgCAMI2_short_read_pooled_gold_standard_assembly	13	Otu36.0	0.9001694164108306	1.0	4596367	4137509	4137509	0.0392156862745098	1.0	51	2	2
marmgCAMI2_short_read_pooled_gold_standard_assembly	11	Otu93	0.9781702677000289	1.0	3323907	3251347	3251347	0.02702702702702703	1.0	37	1	1
marmgCAMI2_short_read_pooled_gold_standard_assembly	10	Otu47.0	0.9123192341149501	1.0	1664584	1518632	1518632	0.012987012987012988	1.0	77	1	1
marmgCAMI2_short_read_pooled_gold_standard_assembly	9	Otu24.0	1.0	1.0	4830178	4830178	4830178	1.0	1.0	1	1	1
marmgCAMI2_short_read_pooled_gold_standard_assembly	8	Otu40.0	0.9430868685170788	1.0	1570569	1481183	1481183	0.07692307692307693	1.0	13	1	1
marmgCAMI2_short_read_pooled_gold_standard_assembly	6	Otu48.0	0.9022750260647651	1.0	1927890	1739487	1739487	0.015384615384615385	1.0	65	1	1
marmgCAMI2_short_read_pooled_gold_standard_assembly	5	Otu9	0.9758415634944937	1.0	2625708	2562275	2562275	0.047619047619047616	1.0	21	1	1
marmgCAMI2_short_read_pooled_gold_standard_assembly	4	Otu67.0	0.9952041222000853	1.0	3539081	3522108	3522108	0.15384615384615385	1.0	13	2	2
marmgCAMI2_short_read_pooled_gold_standard_assembly	3	Otu160	0.9807548573071253	1.0	1895855	1859369	1859369	0.08333333333333333	1.0	12	1	1
marmgCAMI2_short_read_pooled_gold_standard_assembly	2	Otu11	0.965846443692081	1.0	1726116	1667163	1667163	0.03225806451612903	1.0	31	1	1
marmgCAMI2_short_read_pooled_gold_standard_assembly	522	Otu345.0	0.999586557740275	1.0	9449929	9446022	9446022	0.7857142857142857	1.0	14	11	11
marmgCAMI2_short_read_pooled_gold_standard_assembly	238	Otu157.0	0.9861703140105088	1.0	3593574	3543876	3543876	0.09090909090909091	1.0	11	1	1
marmgCAMI2_short_read_pooled_gold_standard_assembly	36	Otu69.0	0.9962636463982502	1.0	4737239	4719539	4719539	0.07692307692307693	1.0	13	1	1
marmgCAMI2_short_read_pooled_gold_standard_assembly	521	Otu39.0	1.0	1.0	3644088	3644088	3644088	1.0	1.0	2	2	2
marmgCAMI2_short_read_pooled_gold_standard_assembly	202	Otu255	0.9997755626325776	1.0	5360070	5358867	5358867	0.8	1.0	5	4	4
marmgCAMI2_short_read_pooled_gold_standard_assembly	204	Otu398	0.9462422219180745	1.0	2016564	1908158	1908158	0.045454545454545456	1.0	66	3	3
marmgCAMI2_short_read_pooled_gold_standard_assembly	515	Otu168.0	0.998508390342445	1.0	3279008	3274117	3274117	0.42857142857142855	1.0	7	3	3
marmgCAMI2_short_read_pooled_gold_standard_assembly	58	Otu351	0.9810784465010896	1.0	2656970	2606696	2606696	0.07692307692307693	1.0	26	2	2
marmgCAMI2_short_read_pooled_gold_standard_assembly	57	Otu235.0	0.9555931272968591	1.0	4831054	4616522	4616522	0.022727272727272728	1.0	44	1	1
marmgCAMI2_short_read_pooled_gold_standard_assembly	403	Otu724	0.952602293126068	1.0	1854499	1766600	1766600	0.030303030303030304	1.0	66	2	2
marmgCAMI2_short_read_pooled_gold_standard_assembly	55	Otu234.0	0.9980767301160745	1.0	5351823	5341530	5341530	0.14285714285714285	1.0	7	1	1
marmgCAMI2_short_read_pooled_gold_standard_assembly	364	Otu85.1	0.9952520142832366	1.0	3309614	3293900	3293900	0.26666666666666666	1.0	15	4	4
marmgCAMI2_short_read_pooled_gold_standard_assembly	342	Otu648.0	0.975362889167808	1.0	5257597	5128065	5128065	0.5	1.0	8	4	4
marmgCAMI2_short_read_pooled_gold_standard_assembly	52	Otu185.0	0.9982927569717533	1.0	5382362	5373173	5373173	0.2	1.0	5	1	1
marmgCAMI2_short_read_pooled_gold_standard_assembly	51	Otu376	1.0	1.0	490866	490866	490866	1.0	1.0	1	1	1
marmgCAMI2_short_read_pooled_gold_standard_assembly	518	Otu293.0	0.9983391930170455	1.0	2564416	2560157	2560157	0.3333333333333333	1.0	6	2	2
marmgCAMI2_short_read_pooled_gold_standard_assembly	47	Otu249.0	0.9499540005628463	1.0	4754406	4516467	4516467	0.021505376344086023	1.0	93	2	2
marmgCAMI2_short_read_pooled_gold_standard_assembly	46	Otu833	0.9983002193950931	1.0	1693748	1690869	1690869	0.3333333333333333	1.0	3	1	1
marmgCAMI2_short_read_pooled_gold_standard_assembly	519	Otu214.0	1.0	1.0	5132065	5132065	5132065	1.0	1.0	1	1	1
marmgCAMI2_short_read_pooled_gold_standard_assembly	44	Otu20	0.989896011809822	1.0	5304737	5251138	5251138	0.2222222222222222	1.0	9	2	2
marmgCAMI2_short_read_pooled_gold_standard_assembly	231	Otu85.0	1.0	1.0	3427048	3427048	3427048	1.0	1.0	1	1	1
marmgCAMI2_short_read_pooled_gold_standard_assembly	42	Otu250	0.988254595577024	1.0	4099050	4050905	4050905	0.08	1.0	25	2	2
marmgCAMI2_short_read_pooled_gold_standard_assembly	41	Otu298	0.9916254712521062	1.0	8249300	8180216	8180216	0.09090909090909091	1.0	11	1	1
marmgCAMI2_short_read_pooled_gold_standard_assembly	307	Otu525.0	0.9995935185097706	1.0	4339681	4337917	4337917	0.5	1.0	2	1	1
marmgCAMI2_short_read_pooled_gold_standard_assembly	236	Otu205.1	0.9026764931636786	1.0	6409880	5786048	5786048	0.0457516339869281	1.0	306	14	14
marmgCAMI2_short_read_pooled_gold_standard_assembly	38	Otu35.0	0.9139435344621712	1.0	5527336	5051673	5051673	0.017543859649122806	1.0	57	1	1
marmgCAMI2_short_read_pooled_gold_standard_assembly	126	Otu470	0.9082964735235398	1.0	1757108	1595975	1595975	0.00847457627118644	1.0	118	1	1
marmgCAMI2_short_read_pooled_gold_standard_assembly	139	Otu323.0	0.79304347865003	0.9999576773916858	4468929	3544055	3544205	0.05630630630630631	0.9615384615384616	444	25	26
marmgCAMI2_short_read_pooled_gold_standard_assembly	186	Otu499	0.9983434891618981	0.9997547274594535	2225159	2221473	2222018	0.7692307692307693	0.9090909090909091	13	10	11
marmgCAMI2_short_read_pooled_gold_standard_assembly	435	Otu404.0	0.9991681904085382	0.9996021196887146	4561140	4557346	4559160	0.8125	0.9285714285714286	16	13	14
marmgCAMI2_short_read_pooled_gold_standard_assembly	271	Otu590	0.9473763772286921	0.9991987432545185	4141106	3923186	3926332	0.10810810810810811	0.9411764705882353	148	16	17
marmgCAMI2_short_read_pooled_gold_standard_assembly	35	Otu150.0	0.9773058334106686	0.9961203448595778	3372761	3296219	3309057	0.7833333333333333	0.9494949494949495	120	94	99
marmgCAMI2_short_read_pooled_gold_standard_assembly	504	Otu83	1.0	0.9958074714738744	3305322	3305322	3319238	1.0	0.5	1	1	2
marmgCAMI2_short_read_pooled_gold_standard_assembly	82	Otu123.0	0.9946077676779003	0.9957292954225327	3157134	3140110	3153578	0.14285714285714285	0.6666666666666666	14	2	3
marmgCAMI2_short_read_pooled_gold_standard_assembly	114	Otu292.0	1.0	0.9948364741088335	4308785	4308785	4331149	1.0	0.6	3	3	5
marmgCAMI2_short_read_pooled_gold_standard_assembly	141	Otu634.0	0.9862349234717492	0.9947653251111072	2927481	2887184	2902377	0.34782608695652173	0.8888888888888888	23	8	9
marmgCAMI2_short_read_pooled_gold_standard_assembly	142	Otu388	1.0	0.993934075216105	1750958	1750958	1761644	1.0	0.6666666666666666	2	2	3
marmgCAMI2_short_read_pooled_gold_standard_assembly	489	Otu46	1.0	0.9938897128187991	1731011	1731011	1741653	1.0	0.6811594202898551	47	47	69
marmgCAMI2_short_read_pooled_gold_standard_assembly	392	Otu169.1	0.6487446087292551	0.9925713194501279	3084616	2001128	2016105	0.012558869701726845	0.8888888888888888	637	8	9
marmgCAMI2_short_read_pooled_gold_standard_assembly	324	Otu921.0	0.983737038871368	0.9896528194031764	4534906	4461155	4507798	0.64	0.7804878048780488	100	64	82
marmgCAMI2_short_read_pooled_gold_standard_assembly	520	Otu64.0	1.0	0.9878574067167807	5589070	5589070	5657770	1.0	0.5	1	1	2
marmgCAMI2_short_read_pooled_gold_standard_assembly	480	Otu716.0	0.9990462972793187	0.9874910301687964	3899538	3895819	3945169	0.967032967032967	0.8979591836734694	91	88	98
marmgCAMI2_short_read_pooled_gold_standard_assembly	72	Otu1913	0.9967590901929808	0.9866092826688877	1377391	1372927	1391561	0.9625	0.9058823529411765	80	77	85
marmgCAMI2_short_read_pooled_gold_standard_assembly	140	Otu271	1.0	0.9864569751443162	4410022	4410022	4470567	1.0	0.5	1	1	2
marmgCAMI2_short_read_pooled_gold_standard_assembly	40	Otu13.0	0.964974988201285	0.9840533820989659	2707922	2613077	2655422	0.05263157894736842	0.5	19	1	2
marmgCAMI2_short_read_pooled_gold_standard_assembly	102	Otu1362.0	0.9853310651819853	0.9833336044295924	1656562	1632262	1659927	0.8137254901960784	0.8924731182795699	102	83	93
marmgCAMI2_short_read_pooled_gold_standard_assembly	76	Otu172.0	0.9891000545961514	0.982874444754291	4511307	4462134	4539882	0.2692307692307692	0.875	26	7	8
marmgCAMI2_short_read_pooled_gold_standard_assembly	43	Otu1475	0.9969898093914995	0.9820348857404354	2438716	2431375	2475854	0.9076923076923077	0.9365079365079365	65	59	63
marmgCAMI2_short_read_pooled_gold_standard_assembly	511	Otu415.0	0.9984746912220933	0.9809416198126644	4890813	4883353	4978230	0.6666666666666666	0.9090909090909091	15	10	11
marmgCAMI2_short_read_pooled_gold_standard_assembly	372	Otu1297	0.6132447572442812	0.9788254372755705	4133847	2535060	2589900	0.10416666666666667	0.9523809523809523	384	40	42
marmgCAMI2_short_read_pooled_gold_standard_assembly	53	Otu453	0.9898279496613486	0.9778411316604925	2958204	2928113	2994467	0.75	0.7241379310344828	84	63	87
marmgCAMI2_short_read_pooled_gold_standard_assembly	56	Otu222.0	0.9614537960956988	0.9759140396061412	6829596	6566341	6728401	0.4419475655430712	0.9516129032258065	267	118	124
marmgCAMI2_short_read_pooled_gold_standard_assembly	16	Otu254	0.9961151124020234	0.9741117000939314	5706214	5684046	5835107	0.9785276073619632	0.8285714285714286	326	319	385
marmgCAMI2_short_read_pooled_gold_standard_assembly	293	Otu625	0.9935934131329626	0.9729560652002409	1942532	1930087	1983735	0.5555555555555556	0.9090909090909091	18	10	11
marmgCAMI2_short_read_pooled_gold_standard_assembly	127	Otu391	0.7923104996780398	0.9725298720223317	3814136	3021980	3107339	0.24305555555555555	0.8467741935483871	432	105	124
marmgCAMI2_short_read_pooled_gold_standard_assembly	131	Otu1126	0.9002860295456737	0.9721204175864429	2800410	2521170	2593475	0.3333333333333333	0.9223300970873787	285	95	103
marmgCAMI2_short_read_pooled_gold_standard_assembly	292	Otu364	0.9909066328926585	0.970837373725403	1405420	1392640	1434473	0.8529411764705882	0.90625	68	58	64
marmgCAMI2_short_read_pooled_gold_standard_assembly	146	Otu1027	0.9997048407699191	0.9641423287442922	3784398	3783281	3923986	0.9655172413793104	0.9655172413793104	29	28	29
marmgCAMI2_short_read_pooled_gold_standard_assembly	145	Otu829.0	0.9637887275724265	0.9637008212620125	3420399	3296542	3420711	0.8144578313253013	0.8428927680798005	415	338	401
marmgCAMI2_short_read_pooled_gold_standard_assembly	87	Otu2338	0.8822895360783264	0.9586762911752745	1603137	1414431	1475400	0.6094276094276094	0.8008849557522124	297	181	226
marmgCAMI2_short_read_pooled_gold_standard_assembly	174	Otu22	1.0	0.9543291597991949	3435877	3435877	3600306	1.0	0.7176470588235294	61	61	85
marmgCAMI2_short_read_pooled_gold_standard_assembly	178	Otu1399	0.9713545379853336	0.9530033843067867	2153081	2091405	2194541	0.8177083333333334	0.8579234972677595	192	157	183
marmgCAMI2_short_read_pooled_gold_standard_assembly	191	Otu496.0	0.9747960349802165	0.9507880308119933	2956757	2882235	3031417	0.6835443037974683	0.864	158	108	125
marmgCAMI2_short_read_pooled_gold_standard_assembly	322	Otu1544	0.8304147830171094	0.9482256510560046	4801185	3986975	4204669	0.24175824175824176	0.8603351955307262	637	154	179
marmgCAMI2_short_read_pooled_gold_standard_assembly	112	Otu393.0	0.9982634971942038	0.9482181657786573	4720407	4712210	4969542	0.14285714285714285	0.5	7	1	2
marmgCAMI2_short_read_pooled_gold_standard_assembly	412	Otu1119.0	0.8640364179366237	0.9477340574407883	2759739	2384515	2516017	0.4628297362110312	0.8391304347826087	417	193	230
marmgCAMI2_short_read_pooled_gold_standard_assembly	68	Otu554	1.0	0.944455904915744	2051090	2051090	2171716	1.0	0.8092105263157895	123	123	152
marmgCAMI2_short_read_pooled_gold_standard_assembly	498	Otu454.0	0.9991214048308016	0.9426599245557629	4688166	4684047	4968968	0.6666666666666666	0.6	9	6	10
marmgCAMI2_short_read_pooled_gold_standard_assembly	490	Otu592.0	0.9988117877752918	0.9404530708277379	3718191	3713773	3948919	0.984313725490196	0.8422818791946308	255	251	298
marmgCAMI2_short_read_pooled_gold_standard_assembly	384	Otu451	0.7806167554449582	0.937727245060684	2467007	1925787	2053675	0.33665338645418325	0.7934272300469484	502	169	213
marmgCAMI2_short_read_pooled_gold_standard_assembly	398	Otu413	0.9969141038975728	0.9372977010453081	4473579	4459774	4758119	0.9533898305084746	0.8395522388059702	236	225	268
marmgCAMI2_short_read_pooled_gold_standard_assembly	419	Otu318.0	0.9997712443456688	0.9367303375515457	5053427	5052271	5393517	0.5	0.3333333333333333	2	1	3
marmgCAMI2_short_read_pooled_gold_standard_assembly	54	Otu683.0	0.9922322059402523	0.9329649097450955	5191564	5151237	5521362	0.45614035087719296	0.896551724137931	57	26	29
marmgCAMI2_short_read_pooled_gold_standard_assembly	115	Otu1656	0.9788613067282039	0.9267925173947759	1660131	1625038	1753400	0.9144981412639405	0.803921568627451	269	246	306
marmgCAMI2_short_read_pooled_gold_standard_assembly	401	Otu2299.0	0.7163710797930414	0.9252579106678593	3762684	2695478	2913218	0.20645905420991925	0.7850877192982456	867	179	228
marmgCAMI2_short_read_pooled_gold_standard_assembly	190	Otu605	0.9231107572913886	0.9225289481856646	2835091	2617103	2836879	0.48427672955974843	0.875	318	154	176
marmgCAMI2_short_read_pooled_gold_standard_assembly	475	Otu491.0	0.997257916936094	0.9203373002088381	3785808	3775427	4102221	0.9619047619047619	0.5976331360946746	105	101	169
marmgCAMI2_short_read_pooled_gold_standard_assembly	460	Otu265.0	0.9905376155195738	0.9088282965478212	4053101	4014749	4417500	0.23809523809523808	0.625	21	5	8
marmgCAMI2_short_read_pooled_gold_standard_assembly	150	Otu445	0.6926304138050602	0.9074175640884758	2670557	1849709	2038432	0.2785388127853881	0.7577639751552795	438	122	161
marmgCAMI2_short_read_pooled_gold_standard_assembly	97	Otu1548.1	0.945887745441425	0.9074012968956533	4451062	4210205	4639849	0.5406824146981627	0.8373983739837398	381	206	246
marmgCAMI2_short_read_pooled_gold_standard_assembly	305	Otu684	0.8535430697830245	0.9047246868843162	2674404	2282719	2523109	0.48179271708683474	0.7713004484304933	357	172	223
marmgCAMI2_short_read_pooled_gold_standard_assembly	194	Otu489.0	0.9892364548949868	0.8981047700735839	3418855	3382056	3765770	0.9507874015748031	0.7488372093023256	508	483	645
marmgCAMI2_short_read_pooled_gold_standard_assembly	429	Otu1957.0	0.7853410356579733	0.8978741999015264	3715242	2917732	3249600	0.1821705426356589	0.8173913043478261	516	94	115
marmgCAMI2_short_read_pooled_gold_standard_assembly	476	Otu447.1	0.9934209827422351	0.8961149051245472	3671217	3647064	4069862	0.9446254071661238	0.7671957671957672	307	290	378
marmgCAMI2_short_read_pooled_gold_standard_assembly	80	Otu613	0.9294360409209761	0.8950112035815859	3029351	2815588	3145869	0.02976190476190476	0.625	168	5	8
marmgCAMI2_short_read_pooled_gold_standard_assembly	312	Otu722	0.8963700133658806	0.8921393238466074	4717235	4228388	4739605	0.5128617363344051	0.7780487804878049	622	319	410
marmgCAMI2_short_read_pooled_gold_standard_assembly	60	Otu1093	0.7676599467324183	0.8919178670849081	3212085	2465789	2764592	0.4215809284818068	0.7832167832167832	797	336	429
marmgCAMI2_short_read_pooled_gold_standard_assembly	446	Otu931	0.9884633930895576	0.8894138584607587	1874728	1853100	2083507	0.9455252918287937	0.7431192660550459	257	243	327
marmgCAMI2_short_read_pooled_gold_standard_assembly	483	Otu719.0	0.9899145908817003	0.8846933878107532	3919722	3880190	4385915	0.919889502762431	0.7655172413793103	362	333	435
marmgCAMI2_short_read_pooled_gold_standard_assembly	512	Otu1287	0.9966195770519805	0.8837808309923902	4251539	4237167	4794364	0.9882352941176471	0.6609836065573771	1020	1008	1525
marmgCAMI2_short_read_pooled_gold_standard_assembly	99	Otu384.0	0.997765619134306	0.8799090774500599	3657389	3649217	4147266	0.2222222222222222	0.4	9	2	5
marmgCAMI2_short_read_pooled_gold_standard_assembly	248	Otu1676.0	0.7987750835621937	0.8795740841089592	2767699	2210769	2513454	0.5277310924369748	0.6723768736616702	595	314	467
marmgCAMI2_short_read_pooled_gold_standard_assembly	280	Otu945	0.9945482773389169	0.8770632129749497	2353568	2340737	2668835	0.9863013698630136	0.6597938144329897	584	576	873
marmgCAMI2_short_read_pooled_gold_standard_assembly	93	Otu954	0.9726350134485788	0.8740720206038716	1663001	1617493	1850526	0.9140625	0.685546875	384	351	512
marmgCAMI2_short_read_pooled_gold_standard_assembly	303	Otu1002.0	0.9790014098748202	0.8654123239996749	1544818	1512379	1747582	0.8961038961038961	0.6831683168316832	231	207	303
marmgCAMI2_short_read_pooled_gold_standard_assembly	71	Otu1763.0	0.9979892038029523	0.8597412146497433	4447492	4438549	5162657	0.9865642994241842	0.7353361945636624	521	514	699
marmgCAMI2_short_read_pooled_gold_standard_assembly	103	Otu1065	0.9584865482882086	0.857096669340784	3103211	2974386	3470304	0.7198581560283688	0.7435897435897436	282	203	273
marmgCAMI2_short_read_pooled_gold_standard_assembly	448	Otu1322	0.9847399024238082	0.8511085614995131	5129325	5051051	5934673	0.3333333333333333	0.84375	81	27	32
marmgCAMI2_short_read_pooled_gold_standard_assembly	407	Otu810.0	0.8710537888526242	0.8500714193627156	3429112	2986941	3513753	0.4157303370786517	0.6981132075471698	267	111	159
marmgCAMI2_short_read_pooled_gold_standard_assembly	135	Otu520.0	0.961042096097778	0.8462638912662862	3467281	3332203	3937546	0.8556910569105691	0.6693163751987281	492	421	629
marmgCAMI2_short_read_pooled_gold_standard_assembly	423	Otu687	0.8520607782720075	0.8452462287651229	1501326	1279221	1513430	0.7358156028368794	0.5988455988455988	564	415	693
marmgCAMI2_short_read_pooled_gold_standard_assembly	311	Otu894.0	0.9183158936819595	0.8435323915102632	3955641	3632528	4306329	0.558	0.7284595300261096	500	279	383
marmgCAMI2_short_read_pooled_gold_standard_assembly	378	Otu1267.0	0.7551913663150908	0.8430371815583901	4272382	3226466	3827193	0.6203271028037384	0.6555555555555556	856	531	810
marmgCAMI2_short_read_pooled_gold_standard_assembly	468	Otu806.0	0.9789392343520251	0.8420888282633482	4195479	4107119	4877299	0.9353233830845771	0.6355645706558486	1005	940	1479
marmgCAMI2_short_read_pooled_gold_standard_assembly	318	Otu794.0	0.9891943168396937	0.8420667302262973	2766137	2736247	3249442	0.9460431654676259	0.7429378531073446	278	263	354
marmgCAMI2_short_read_pooled_gold_standard_assembly	177	Otu677	0.9510429118268738	0.8397842233649816	4292453	4082307	4861138	0.8473557692307693	0.6601123595505618	832	705	1068
marmgCAMI2_short_read_pooled_gold_standard_assembly	197	Otu2128	0.4252695356170485	0.8366583157639393	3390090	1441702	1723167	0.20860018298261665	0.6826347305389222	1093	228	334
marmgCAMI2_short_read_pooled_gold_standard_assembly	118	Otu2479	0.9336749655597782	0.8338021804772907	2707590	2528009	3031905	0.7858585858585858	0.7034358047016275	495	389	553
marmgCAMI2_short_read_pooled_gold_standard_assembly	315	Otu1316	0.9074088258265931	0.8239044346493435	1788637	1623025	1969919	0.7543424317617866	0.6440677966101694	403	304	472
marmgCAMI2_short_read_pooled_gold_standard_assembly	319	Otu1723	0.9283795614293531	0.8224742722416141	2375900	2205737	2681831	0.8120689655172414	0.655076495132128	580	471	719
marmgCAMI2_short_read_pooled_gold_standard_assembly	444	Otu1168.0	0.9519127859551203	0.8219885032272392	3032906	2887062	3512290	0.8739130434782608	0.6248704663212435	690	603	965
marmgCAMI2_short_read_pooled_gold_standard_assembly	284	Otu1462.0	0.9284606656580938	0.8203712287507032	2855520	2651238	3231754	0.865819209039548	0.609950248756219	708	613	1005
marmgCAMI2_short_read_pooled_gold_standard_assembly	405	Otu1257	0.7736332359927568	0.8146110092022957	3244964	2510412	3081731	0.5796545105566219	0.6285119667013528	1042	604	961
marmgCAMI2_short_read_pooled_gold_standard_assembly	433	Otu1123	0.9970006739039994	0.8112285691453067	3970892	3958982	4880230	0.984	0.6767537826685007	500	492	727
marmgCAMI2_short_read_pooled_gold_standard_assembly	148	Otu1332.0	0.9736965581212698	0.8006364534976131	2953910	2876212	3592407	0.9216867469879518	0.6322314049586777	498	459	726
marmgCAMI2_short_read_pooled_gold_standard_assembly	424	Otu594	0.9824303790880163	0.7983643447039952	2075059	2038601	2553472	0.9403341288782816	0.5854383358098069	419	394	673
marmgCAMI2_short_read_pooled_gold_standard_assembly	309	Otu1420.0	0.8442050472841327	0.7924154775873494	4940558	4170844	5263456	0.616751269035533	0.6468500443655724	1182	729	1127
marmgCAMI2_short_read_pooled_gold_standard_assembly	472	Otu2433.0	0.9925495925186484	0.7886369702496021	3360890	3335850	4229893	0.9833770778652668	0.5259709873654657	1143	1124	2137
marmgCAMI2_short_read_pooled_gold_standard_assembly	176	Otu2117	0.9908818164821374	0.7824332283778052	3086141	3058001	3908322	0.9686609686609686	0.5918189730200174	702	680	1149
marmgCAMI2_short_read_pooled_gold_standard_assembly	234	Otu501	0.32420520051929347	0.7817123279939494	4271958	1384991	1771740	0.11328527291452112	0.6214689265536724	971	110	177
marmgCAMI2_short_read_pooled_gold_standard_assembly	310	Otu1446.0	0.8907814206401619	0.7761186908076161	5295317	4716970	6077640	0.7298951048951049	0.583508036338225	1144	835	1431
marmgCAMI2_short_read_pooled_gold_standard_assembly	287	Otu805	0.9775523659980895	0.7719117133074936	4683478	4578345	5931177	0.9186906019007391	0.600828729281768	947	870	1448
marmgCAMI2_short_read_pooled_gold_standard_assembly	92	Otu2403	0.9883576043780933	0.7704099904574313	1375576	1359561	1764724	0.9606741573033708	0.5525040387722132	356	342	619
marmgCAMI2_short_read_pooled_gold_standard_assembly	502	Otu638.0	0.9992486798128581	0.7648702827017811	2789756	2787660	3644618	0.9912663755458515	0.58656330749354	229	227	387
marmgCAMI2_short_read_pooled_gold_standard_assembly	117	Otu1428.0	0.9825781918443833	0.7643264184352128	3613804	3550845	4645718	0.7185185185185186	0.6783216783216783	135	97	143
marmgCAMI2_short_read_pooled_gold_standard_assembly	314	Otu279	0.9141523587264544	0.7635989167478907	1121813	1025508	1342993	0.16666666666666666	0.75	36	6	8
marmgCAMI2_short_read_pooled_gold_standard_assembly	503	Otu881.0	0.9947430657086399	0.7590428731559826	1151812	1145757	1509476	0.9896640826873385	0.5093085106382979	387	383	752
marmgCAMI2_short_read_pooled_gold_standard_assembly	387	Otu909	0.8453978168930001	0.7569061589455672	2546096	2152464	2843766	0.6204379562043796	0.575880758807588	685	425	738
marmgCAMI2_short_read_pooled_gold_standard_assembly	172	Otu856.0	1.0	0.7519898286129175	2284791	2284791	3038327	1.0	0.5683673469387756	557	557	980
marmgCAMI2_short_read_pooled_gold_standard_assembly	276	Otu2189	0.860297763178722	0.7487275763980721	1528866	1315280	1756687	0.5757575757575758	0.6418918918918919	330	190	296
marmgCAMI2_short_read_pooled_gold_standard_assembly	514	Otu631.0	0.9949212987023707	0.7451311126354846	3149821	3133824	4205735	0.9830097087378641	0.5421686746987951	824	810	1494
marmgCAMI2_short_read_pooled_gold_standard_assembly	289	Otu618.0	0.9872872049496073	0.7384967912395697	3751732	3704037	5015644	0.9612903225806452	0.5366146458583433	930	894	1666
marmgCAMI2_short_read_pooled_gold_standard_assembly	290	Otu2468.0	0.9765270709765728	0.7346572198167877	3483417	3401651	4630256	0.915929203539823	0.5814606741573034	678	621	1068
marmgCAMI2_short_read_pooled_gold_standard_assembly	199	Otu895.0	0.936606395699367	0.7337581074792118	2479635	2322442	3165133	0.8575031525851198	0.5044510385756676	793	680	1348
marmgCAMI2_short_read_pooled_gold_standard_assembly	169	Otu1016.0	0.9842075155241218	0.7248202761380388	2774231	2730419	3767029	0.9601366742596811	0.49471830985915494	878	843	1704
marmgCAMI2_short_read_pooled_gold_standard_assembly	482	Otu2174	0.9756433612391209	0.7093386671972453	2002452	1953679	2754226	0.9525065963060686	0.48262032085561496	758	722	1496
marmgCAMI2_short_read_pooled_gold_standard_assembly	525	Otu2482.0	0.9867205448890793	0.7082738551014824	2030505	2003541	2828766	0.9748743718592965	0.44368210405946257	796	776	1749
marmgCAMI2_short_read_pooled_gold_standard_assembly	81	Otu1381	0.9829826004974752	0.704435267521888	1483893	1458641	2070653	0.905940594059406	0.5772870662460567	202	183	317
marmgCAMI2_short_read_pooled_gold_standard_assembly	153	Otu1664	0.96598257580684	0.7044201217558475	2844895	2748119	3901250	0.5	0.6415094339622641	136	68	106
marmgCAMI2_short_read_pooled_gold_standard_assembly	469	Otu2027	0.9720413409894765	0.7006443414311245	2198496	2137029	3050091	0.9570680628272251	0.42256125751271384	955	914	2163
marmgCAMI2_short_read_pooled_gold_standard_assembly	375	Otu511	0.6394010942333296	0.6994492282147786	1909282	1220797	1745369	0.22300469483568075	0.6209150326797386	426	95	153
marmgCAMI2_short_read_pooled_gold_standard_assembly	278	Otu689.0	0.9158372354400398	0.6919210148213395	3478890	3186097	4604712	0.7308584686774942	0.6200787401574803	431	315	508
marmgCAMI2_short_read_pooled_gold_standard_assembly	453	Otu799.0	0.9323597421297477	0.6902714230703458	2407102	2244285	3251308	0.8796400449943758	0.44507683551508254	889	782	1757
marmgCAMI2_short_read_pooled_gold_standard_assembly	394	Otu1541	0.7661789763273567	0.6885908519953398	3395734	2601740	3778354	0.5667828106852497	0.5174973488865323	861	488	943
marmgCAMI2_short_read_pooled_gold_standard_assembly	106	Otu1279	0.6227227787802736	0.6854633619186176	8678340	5404200	7884010	0.7857847976307996	0.5949177877428998	1013	796	1338
marmgCAMI2_short_read_pooled_gold_standard_assembly	170	Otu1918	0.6548198638764983	0.682973162031137	2485537	1627579	2383079	0.4633920296570899	0.44802867383512546	1079	500	1116
marmgCAMI2_short_read_pooled_gold_standard_assembly	193	Otu1468.0	0.9048599778454042	0.6783392632687383	3014273	2727495	4020842	0.8604060913705583	0.41748768472906406	1182	1017	2436
marmgCAMI2_short_read_pooled_gold_standard_assembly	185	Otu2044	0.9664807498832455	0.677783636847659	1235499	1194086	1761751	0.8888888888888888	0.5161290322580645	270	240	465
marmgCAMI2_short_read_pooled_gold_standard_assembly	410	Otu1129	0.9985562304876585	0.6698889475337633	3391123	3386227	5054908	0.9384615384615385	0.7625	65	61	80
marmgCAMI2_short_read_pooled_gold_standard_assembly	277	Otu1398	0.883785357717167	0.6690813250826121	1251813	1106334	1653512	0.8041237113402062	0.46153846153846156	485	390	845
marmgCAMI2_short_read_pooled_gold_standard_assembly	499	Otu927	0.9779287503424781	0.6670487535022881	3799513	3715653	5570287	0.9660356347438753	0.374003017891787	1796	1735	4639
marmgCAMI2_short_read_pooled_gold_standard_assembly	486	Otu643.0	0.7704520044244934	0.6662586267872969	2682341	2066615	3101821	0.6981549815498155	0.39631336405529954	1355	946	2387
marmgCAMI2_short_read_pooled_gold_standard_assembly	415	Otu1221	0.8872149730354028	0.6643842879968327	1906574	1691541	2546028	0.751578947368421	0.5288888888888889	475	357	675
marmgCAMI2_short_read_pooled_gold_standard_assembly	362	Otu1569	0.7257054330215633	0.6609061489925123	2354086	1708373	2584895	0.5644820295983086	0.4162120031176929	946	534	1283
marmgCAMI2_short_read_pooled_gold_standard_assembly	481	Otu1505.0	0.9856831387110466	0.6588733208321883	3969655	3912822	5938656	0.9769038701622972	0.41934619506966775	1602	1565	3732
marmgCAMI2_short_read_pooled_gold_standard_assembly	269	Otu1545	0.9350480813940927	0.6560319538973882	2129098	1990809	3034622	0.8940774487471527	0.4003059663437022	878	785	1961
marmgCAMI2_short_read_pooled_gold_standard_assembly	143	Otu1546	0.872194989806332	0.6555965077449959	2569242	2240880	3418078	0.8261245674740484	0.38032656312226204	1156	955	2511
marmgCAMI2_short_read_pooled_gold_standard_assembly	198	Otu2115	0.840099256080437	0.6489931351073955	2395017	2012052	3100267	0.7877263581488934	0.40802501302761857	994	783	1919
marmgCAMI2_short_read_pooled_gold_standard_assembly	422	Otu1834.0	0.5630055425505424	0.6481962796213806	4292789	2416864	3728599	0.5087108013937283	0.4309963099630996	1148	584	1355
marmgCAMI2_short_read_pooled_gold_standard_assembly	226	Otu873.0	0.9665926049519509	0.6380630267510236	2235523	2160840	3386562	0.9478672985781991	0.3992015968063872	844	800	2004
marmgCAMI2_short_read_pooled_gold_standard_assembly	229	Otu873.1	0.8764128947180991	0.6362839481402216	2344743	2054963	3229632	0.8072805139186295	0.4073473797947056	934	754	1851
marmgCAMI2_short_read_pooled_gold_standard_assembly	298	Otu2438	0.9970209576060549	0.6315467153569003	1284641	1280814	2028059	0.9842931937172775	0.5371428571428571	191	188	350
marmgCAMI2_short_read_pooled_gold_standard_assembly	301	Otu570.0	0.9171268692169083	0.6279697880562018	2999585	2751000	4380784	0.6830601092896175	0.5380200860832137	549	375	697
marmgCAMI2_short_read_pooled_gold_standard_assembly	286	Otu783	0.9992576894676258	0.6266007158349336	3082268	3079980	4915379	0.9940298507462687	0.496274217585693	335	333	671
marmgCAMI2_short_read_pooled_gold_standard_assembly	265	Otu941	0.9793779569458019	0.6230650997153484	3279355	3211728	5154723	0.9635036496350365	0.3609515996718622	1370	1320	3657
marmgCAMI2_short_read_pooled_gold_standard_assembly	249	Otu1004	0.5654965165401086	0.6204917028558535	1244883	703977	1134547	0.38571428571428573	0.4251968503937008	420	162	381
marmgCAMI2_short_read_pooled_gold_standard_assembly	144	Otu1548.0	0.993637960372712	0.6197396400273397	1971066	1958526	3160240	0.9875173370319001	0.4108482400461627	721	712	1733
marmgCAMI2_short_read_pooled_gold_standard_assembly	431	Otu2268	0.9297587984632211	0.6181508697936534	2771251	2576595	4168230	0.8620331950207469	0.4196969696969697	964	831	1980
marmgCAMI2_short_read_pooled_gold_standard_assembly	266	Otu1719	0.8951763722970417	0.6134211995340947	1631407	1460397	2380741	0.7494505494505495	0.43661971830985913	455	341	781
marmgCAMI2_short_read_pooled_gold_standard_assembly	385	Otu61.1	0.9961176233857953	0.6052589212657393	3294889	3282097	5422633	0.9941822882999354	0.35340073529411764	1547	1538	4352
marmgCAMI2_short_read_pooled_gold_standard_assembly	417	Otu751.0	0.9139776186864226	0.6037428408504689	2406025	2199053	3642367	0.8733905579399142	0.3510133678309616	932	814	2319
marmgCAMI2_short_read_pooled_gold_standard_assembly	275	Otu2206	0.770565018955376	0.6033591433113434	3596605	2771418	4593314	0.6824005394470668	0.37260677466863035	1483	1012	2716
marmgCAMI2_short_read_pooled_gold_standard_assembly	272	Otu1133	0.9815382125328665	0.5960425737262108	3150995	3092822	5188928	0.9632516703786191	0.3912256897331524	898	865	2211
marmgCAMI2_short_read_pooled_gold_standard_assembly	355	Otu205.0	0.9120563556419797	0.5949872372419946	4426744	4037440	6785759	0.8469814704124328	0.3712339533665182	1673	1417	3817
marmgCAMI2_short_read_pooled_gold_standard_assembly	459	Otu1832	0.9719308242630351	0.5923754947818526	989769	961987	1623948	0.9552529182879378	0.33220568335588635	514	491	1478
marmgCAMI2_short_read_pooled_gold_standard_assembly	261	Otu1237.0	0.949391385565144	0.5883678072255831	2079231	1974004	3355051	0.9253578732106339	0.33162330524001465	978	905	2729
marmgCAMI2_short_read_pooled_gold_standard_assembly	425	Otu664.0	0.9380507628916513	0.5883568562977959	2513332	2357633	4007148	0.898989898989899	0.3634136382196815	990	890	2449
marmgCAMI2_short_read_pooled_gold_standard_assembly	214	Otu1187	0.9376665721319862	0.5851377840015358	3868069	3626959	6198470	0.7125	0.5449330783938815	400	285	523
marmgCAMI2_short_read_pooled_gold_standard_assembly	349	Otu2107	0.5192014372499157	0.5733336802708363	3140442	1630522	2843932	0.4678466076696165	0.3219650832318311	1695	793	2463
marmgCAMI2_short_read_pooled_gold_standard_assembly	484	Otu2352	0.9947390354310308	0.5719974895874936	907058	902286	1577430	0.9921722113502935	0.2913793103448276	511	507	1740
marmgCAMI2_short_read_pooled_gold_standard_assembly	447	Otu1900	0.9164122900438723	0.56774712208831	1375585	1260603	2220360	0.8877697841726618	0.315439672801636	695	617	1956
marmgCAMI2_short_read_pooled_gold_standard_assembly	399	Otu297.0	0.9294890280399399	0.5654285075043047	3311669	3078160	5443942	0.5605095541401274	0.5285285285285285	314	176	333
marmgCAMI2_short_read_pooled_gold_standard_assembly	478	Otu472.1	0.9948254288658613	0.5636946713322722	2636547	2622904	4653058	0.9901380670611439	0.3610212153901474	1014	1004	2781
marmgCAMI2_short_read_pooled_gold_standard_assembly	400	Otu1580	0.3814889562865766	0.5533499901445396	2678628	1021867	1846692	0.32475598935226263	0.32943294329432943	1127	366	1111
marmgCAMI2_short_read_pooled_gold_standard_assembly	443	Otu985.0	0.9904075820615086	0.5533285599268216	1253907	1241879	2244379	0.9878234398782344	0.30671077504725897	657	649	2116
marmgCAMI2_short_read_pooled_gold_standard_assembly	382	Otu1786	0.6212798010409206	0.5472162744078997	2965836	1842614	3367250	0.5707456978967496	0.34429065743944637	1046	597	1734
marmgCAMI2_short_read_pooled_gold_standard_assembly	513	Otu1358	1.0	0.5383849943061831	4807231	4807231	8928984	1.0	0.45532194480946125	693	693	1522
marmgCAMI2_short_read_pooled_gold_standard_assembly	391	Otu960.0	0.8184719282792216	0.5246823399335759	2706496	2215191	4221966	0.6923076923076923	0.34593209481101855	780	540	1561
marmgCAMI2_short_read_pooled_gold_standard_assembly	75	Otu1193	0.8386678981283905	0.5229225412711651	847773	711000	1359666	0.808	0.2552116234996841	500	404	1583
marmgCAMI2_short_read_pooled_gold_standard_assembly	379	Otu340	0.5191484332137861	0.5202077637409258	1700583	882855	1697120	0.38127090301003347	0.3573667711598746	598	228	638
marmgCAMI2_short_read_pooled_gold_standard_assembly	29	RNODE_531_length_9868_cov_8.44904	0.7683653831108885	0.5000356390074028	63911	49107	98207	0.3333333333333333	0.5	15	5	10
marmgCAMI2_short_read_pooled_gold_standard_assembly	59	Otu1445	0.9993709509530336	0.48970649215842754	1643751	1642717	3354493	0.9985693848354793	0.2957627118644068	699	698	2360
marmgCAMI2_short_read_pooled_gold_standard_assembly	262	Otu971.0	0.8984138308262187	0.4863119241731818	2727704	2450607	5039167	0.881063122923588	0.2458742814759874	1505	1326	5393
marmgCAMI2_short_read_pooled_gold_standard_assembly	166	Otu1632	0.7779215442674048	0.482304609850218	1455292	1132103	2347278	0.6973684210526315	0.2749279538904899	684	477	1735
marmgCAMI2_short_read_pooled_gold_standard_assembly	50	Otu2297	1.0	0.47039034213242015	1039724	1039724	2210343	1.0	0.20978781656399725	613	613	2922
marmgCAMI2_short_read_pooled_gold_standard_assembly	402	Otu1242	0.9251777217901545	0.46258767956823	1370541	1267994	2741089	0.8852005532503457	0.2505873140172279	723	640	2554
marmgCAMI2_short_read_pooled_gold_standard_assembly	500	Otu2052	0.9862127683991487	0.46028127834315863	2370164	2337486	5078386	0.978161965423112	0.25443786982248523	1099	1075	4225
marmgCAMI2_short_read_pooled_gold_standard_assembly	413	Otu775.0	0.8562640364201264	0.45251540269413987	2316741	1983742	4383811	0.8438162544169612	0.21463239259392414	1415	1194	5563
marmgCAMI2_short_read_pooled_gold_standard_assembly	461	Otu1525.0	0.9905751197500777	0.4523638586822255	1534237	1519777	3359634	0.9858267716535433	0.28781609195402297	635	626	2175
marmgCAMI2_short_read_pooled_gold_standard_assembly	210	Otu1038	0.49663510015696627	0.44817907725905676	1923980	955516	2131996	0.484629294755877	0.21762078765732845	1106	536	2463
marmgCAMI2_short_read_pooled_gold_standard_assembly	473	Otu1483.1	0.9856876298052355	0.44717098511716447	2559604	2522970	5642070	0.9738625363020329	0.2897465437788018	1033	1006	3472
marmgCAMI2_short_read_pooled_gold_standard_assembly	357	Otu750	0.6040748535716859	0.42948760564761784	1304734	788157	1835110	0.5149501661129569	0.25430680885972107	602	310	1219
marmgCAMI2_short_read_pooled_gold_standard_assembly	508	Otu1358	0.9984899480632068	0.4277371311226451	3825034	3819258	8928984	0.9912739965095986	0.3731931668856767	573	568	1522
marmgCAMI2_short_read_pooled_gold_standard_assembly	167	Otu812	0.9442823504589818	0.41752816975675444	1744187	1647005	3944656	0.9002976190476191	0.25954525954525953	672	605	2331
marmgCAMI2_short_read_pooled_gold_standard_assembly	130	Otu1153	0.9896986321016871	0.41711422276355437	557790	552044	1323484	0.9790209790209791	0.2892561983471074	143	140	484
marmgCAMI2_short_read_pooled_gold_standard_assembly	296	Otu1389.0	0.760415047879617	0.4155914085416648	3655000	2779317	6687619	0.5894308943089431	0.28884462151394424	1476	870	3012
marmgCAMI2_short_read_pooled_gold_standard_assembly	367	Otu1015	0.3888726872591052	0.4122888662928762	2660912	1034756	2509784	0.5709908069458631	0.21368501529051986	979	559	2616
marmgCAMI2_short_read_pooled_gold_standard_assembly	381	Otu1139	0.45347939707357954	0.41186735600816193	1813820	822530	1997075	0.23529411764705882	0.3010752688172043	476	112	372
marmgCAMI2_short_read_pooled_gold_standard_assembly	421	Otu865	0.9447252458620523	0.39537615478759	2219639	2096949	5303681	0.9378930817610063	0.20572512502155543	1272	1193	5799
marmgCAMI2_short_read_pooled_gold_standard_assembly	526	Otu1929	0.9432800622064887	0.3942840830605206	781912	737562	1870636	0.9243498817966903	0.23149792776791	423	391	1689
marmgCAMI2_short_read_pooled_gold_standard_assembly	160	Otu2411	0.9503744131641345	0.3846135968081682	1514904	1439726	3743305	0.9296600234466589	0.19790366857998504	853	793	4007
marmgCAMI2_short_read_pooled_gold_standard_assembly	389	Otu340	0.7021563531037632	0.38409953332704816	928373	651863	1697120	0.5689149560117303	0.30407523510971785	341	194	638
marmgCAMI2_short_read_pooled_gold_standard_assembly	151	Otu974	0.7216995897000706	0.3840066874530416	1006337	726273	1891303	0.5916955017301038	0.2651162790697674	289	171	645
marmgCAMI2_short_read_pooled_gold_standard_assembly	339	Otu972	0.8034654797860992	0.37649537270113415	1311449	1053704	2798717	0.5748502994011976	0.23132530120481928	334	192	830
marmgCAMI2_short_read_pooled_gold_standard_assembly	175	Otu352.0	0.9813273004061329	0.35760164165605873	1890514	1855213	5187932	0.6935483870967742	0.3944954128440367	62	43	109
marmgCAMI2_short_read_pooled_gold_standard_assembly	441	Otu1233.0	0.9307726132982761	0.35318679166332806	1321269	1229801	3482013	0.9347290640394089	0.16231822070145424	812	759	4676
marmgCAMI2_short_read_pooled_gold_standard_assembly	241	Otu839	0.7833009064237298	0.3489113878556922	1873958	1467873	4207008	0.6112852664576802	0.20733652312599682	638	390	1881
marmgCAMI2_short_read_pooled_gold_standard_assembly	302	Otu2438	0.9961074251267681	0.3360158654161442	684123	681460	2028059	0.9791666666666666	0.26857142857142857	96	94	350
marmgCAMI2_short_read_pooled_gold_standard_assembly	154	Otu610	0.9948585179162969	0.3306489194836006	1286594	1279979	3871112	0.9939246658566221	0.14918840051066934	823	818	5483
marmgCAMI2_short_read_pooled_gold_standard_assembly	497	Otu1784	0.9945967230328353	0.33041971064837944	365704	363728	1100806	0.995475113122172	0.14221073044602456	221	220	1547
marmgCAMI2_short_read_pooled_gold_standard_assembly	344	Otu770	0.727403173448851	0.3282676531694751	1177079	856211	2608271	0.81	0.19239904988123516	500	405	2105
marmgCAMI2_short_read_pooled_gold_standard_assembly	445	Otu837.0	0.9941877280525943	0.3205411238063333	1476359	1467778	4579063	0.9912917271407837	0.1797841537246644	689	683	3799
marmgCAMI2_short_read_pooled_gold_standard_assembly	454	Otu2415.1	0.9529000217942775	0.3171427245908931	903907	861333	2715916	0.9452380952380952	0.15956591639871381	420	397	2488
marmgCAMI2_short_read_pooled_gold_standard_assembly	430	Otu1525.0	0.9061989806843976	0.31489799186459	1167450	1057942	3359634	0.8482490272373541	0.20045977011494254	514	436	2175
marmgCAMI2_short_read_pooled_gold_standard_assembly	493	Otu961	0.9865150334116476	0.31454743127048523	2186064	2156585	6856152	0.9855305466237942	0.15018988117113807	1244	1226	8163
marmgCAMI2_short_read_pooled_gold_standard_assembly	456	Otu2066	0.4213365680813369	0.3092058673525414	1503672	633552	2048965	0.34448818897637795	0.19167579408543264	508	175	913
marmgCAMI2_short_read_pooled_gold_standard_assembly	524	Otu1929	0.677721085436964	0.308236877725009	850791	576599	1870636	0.6096033402922756	0.1728833629366489	479	292	1689
marmgCAMI2_short_read_pooled_gold_standard_assembly	61	Otu1445	0.9940839503580639	0.30485709762995483	1028727	1022641	3354493	0.9891540130151844	0.19322033898305085	461	456	2360
marmgCAMI2_short_read_pooled_gold_standard_assembly	353	Otu1108.1	0.34192027713658624	0.2998079384905722	1128108	385723	1286567	0.1956521739130435	0.1956521739130435	368	72	368
marmgCAMI2_short_read_pooled_gold_standard_assembly	451	Otu837.0	0.9875184778546237	0.29601186967726806	1372589	1355457	4579063	0.9821428571428571	0.17372992892866543	672	660	3799
marmgCAMI2_short_read_pooled_gold_standard_assembly	470	Otu2099	0.9824779249448123	0.29528046715994904	790032	776189	2628650	0.9734513274336283	0.14920311970159375	452	440	2949
marmgCAMI2_short_read_pooled_gold_standard_assembly	212	Otu928.0	0.9263224836554121	0.2890001381230567	941902	872505	3019047	0.6	0.5	5	3	6
marmgCAMI2_short_read_pooled_gold_standard_assembly	516	Otu612.0	0.936559427463046	0.28898951025023545	1136276	1064190	3682452	0.8640483383685801	0.2147147147147147	331	286	1332
marmgCAMI2_short_read_pooled_gold_standard_assembly	158	Otu1664	0.6265759534954571	0.2878385132970202	1792169	1122930	3901250	0.10247349823321555	0.27358490566037735	283	29	106
marmgCAMI2_short_read_pooled_gold_standard_assembly	485	Otu1414.0	0.9848972953488547	0.2876770408758342	926589	912595	3172290	0.9837728194726166	0.15544871794871795	493	485	3120
marmgCAMI2_short_read_pooled_gold_standard_assembly	414	Otu1483.1	0.8045633045685405	0.2859636622728892	2005345	1613427	5642070	0.7830423940149626	0.18087557603686635	802	628	3472
marmgCAMI2_short_read_pooled_gold_standard_assembly	449	Otu704	0.49816761809237137	0.27890973448832274	953131	474819	1702411	0.22988505747126436	0.26905829596412556	261	60	223
marmgCAMI2_short_read_pooled_gold_standard_assembly	338	Otu801.0	0.8735646223068426	0.2765198831250572	1113470	972688	3517606	0.8688046647230321	0.12414080399916684	686	596	4801
marmgCAMI2_short_read_pooled_gold_standard_assembly	347	Otu2121	0.4515037798756382	0.27170571442175717	1744105	787470	2898246	0.5855263157894737	0.14674361088211046	608	356	2426
marmgCAMI2_short_read_pooled_gold_standard_assembly	273	Otu1227	0.9093016331437432	0.2712046619992926	984053	894801	3299357	0.9694444444444444	0.1812987012987013	360	349	1925
marmgCAMI2_short_read_pooled_gold_standard_assembly	436	Otu1139	0.9959943147509916	0.2684320819198077	538235	536079	1997075	0.9710144927536232	0.18010752688172044	69	67	372
marmgCAMI2_short_read_pooled_gold_standard_assembly	270	Otu750	0.24379273441637742	0.267388330944739	2012722	490687	1835110	0.21263157894736842	0.1657095980311731	950	202	1219
marmgCAMI2_short_read_pooled_gold_standard_assembly	196	Otu797	1.0	0.25673324050166624	821008	821008	3197903	1.0	0.15984848484848485	211	211	1320
marmgCAMI2_short_read_pooled_gold_standard_assembly	337	Otu767	0.8995718965628695	0.256341601823049	479557	431396	1682895	0.7870370370370371	0.16765285996055226	108	85	507
marmgCAMI2_short_read_pooled_gold_standard_assembly	235	Otu774	0.7190785394819292	0.25322304062859835	1206476	867551	3426035	0.7725694444444444	0.12894813097652855	576	445	3451
marmgCAMI2_short_read_pooled_gold_standard_assembly	123	Otu726	0.9619272652867171	0.23860561097212651	1329324	1278713	5359107	0.9	0.23798076923076922	110	99	416
marmgCAMI2_short_read_pooled_gold_standard_assembly	437	Otu1975.0	0.8831240377163789	0.2349698204101099	486473	429616	1828388	0.8764367816091954	0.09504518541601745	348	305	3209
marmgCAMI2_short_read_pooled_gold_standard_assembly	105	Otu1665	0.7390140765221219	0.23278422120233916	599722	443203	1903922	0.7894736842105263	0.11988716502115655	323	255	2127
marmgCAMI2_short_read_pooled_gold_standard_assembly	428	Otu2099	0.9038289305196776	0.23226751374279572	675515	610550	2628650	0.8740359897172236	0.11529331976941336	389	340	2949
marmgCAMI2_short_read_pooled_gold_standard_assembly	306	Otu1389.0	0.7857476383567887	0.23099147843200996	1966004	1544783	6687619	0.6043256997455471	0.15770252324037184	786	475	3012
marmgCAMI2_short_read_pooled_gold_standard_assembly	101	Otu771	0.8849523998167795	0.22843646301494536	403885	357419	1564632	0.16666666666666666	0.1111111111111111	24	4	36
marmgCAMI2_short_read_pooled_gold_standard_assembly	494	Otu1376	0.9810002009622546	0.2197548518220607	338372	331943	1510515	0.9781659388646288	0.09423643247791334	229	224	2377
marmgCAMI2_short_read_pooled_gold_standard_assembly	209	Otu783	0.6797940285344447	0.1944517401404856	1406020	955804	4915379	0.6971153846153846	0.21609538002980627	208	145	671
marmgCAMI2_short_read_pooled_gold_standard_assembly	208	Otu797	0.9864730410337232	0.19005235618466226	616103	607769	3197903	0.9830508474576272	0.1318181818181818	177	174	1320
marmgCAMI2_short_read_pooled_gold_standard_assembly	517	Otu612.0	0.9793060713439994	0.1875481336891832	705231	690637	3682452	0.9464285714285714	0.11936936936936937	168	159	1332
marmgCAMI2_short_read_pooled_gold_standard_assembly	463	Otu1853	0.49550038568122734	0.18665622884966912	945081	468288	2508826	0.37254901960784315	0.11644535240040858	306	114	979
marmgCAMI2_short_read_pooled_gold_standard_assembly	163	Otu2073	0.5916456034051775	0.18339486812209818	502059	297041	1619680	0.43661971830985913	0.11639549436795996	213	93	799
marmgCAMI2_short_read_pooled_gold_standard_assembly	346	Otu972	0.5164909545048337	0.18131200832381408	982478	507441	2798717	0.31891891891891894	0.14216867469879518	370	118	830
marmgCAMI2_short_read_pooled_gold_standard_assembly	239	Otu2156	0.13481069987052127	0.17789154576102573	2159428	291114	1636469	0.08483290488431877	0.17054263565891473	778	66	387
marmgCAMI2_short_read_pooled_gold_standard_assembly	360	Otu662	0.44298932317762624	0.1757653418649168	855217	378852	2155442	0.353887399463807	0.11967361740707162	373	132	1103
marmgCAMI2_short_read_pooled_gold_standard_assembly	215	Otu812	0.6426482657357155	0.17131303718245647	1051541	675771	3944656	0.6651053864168618	0.12183612183612183	427	284	2331
marmgCAMI2_short_read_pooled_gold_standard_assembly	373	Otu589	0.25876930838147316	0.16796486673485264	2263719	585781	3487521	0.24601910828025478	0.07862595419847328	1256	309	3930
marmgCAMI2_short_read_pooled_gold_standard_assembly	255	Otu1607	0.7990707096547734	0.1675522774407834	1344682	1074496	6412900	0.5942350332594235	0.18598195697432338	451	268	1441
marmgCAMI2_short_read_pooled_gold_standard_assembly	356	Otu1336	0.41347247575977175	0.1645159524233175	872104	360591	2191830	0.46055045871559636	0.0684856753069577	545	251	3665
marmgCAMI2_short_read_pooled_gold_standard_assembly	477	Otu1958.0	0.965448687758666	0.16259905224314855	239933	231643	1424627	0.9659090909090909	0.05737428282146473	176	170	2963
marmgCAMI2_short_read_pooled_gold_standard_assembly	128	Otu1153	0.9784133713221294	0.16113077302030096	217959	213254	1323484	0.9464285714285714	0.10950413223140495	56	53	484
marmgCAMI2_short_read_pooled_gold_standard_assembly	111	Otu839	0.7958376283739931	0.15855734051373327	838176	667052	4207008	0.6594594594594595	0.12971823498139287	370	244	1881
marmgCAMI2_short_read_pooled_gold_standard_assembly	281	Otu1191	0.752990480160098	0.15716488922237754	748542	563645	3586329	0.21568627450980393	0.1527777777777778	102	22	144
marmgCAMI2_short_read_pooled_gold_standard_assembly	300	Otu974	0.20053599836010197	0.14690031158413008	1385452	277833	1891303	0.11049723756906077	0.09302325581395349	543	60	645
marmgCAMI2_short_read_pooled_gold_standard_assembly	440	Otu774	0.8723205381683236	0.14655191788758726	575582	502092	3426035	0.8354037267080745	0.0779484207476094	322	269	3451
marmgCAMI2_short_read_pooled_gold_standard_assembly	313	Otu972	0.3603060879343897	0.14653607349367584	1138235	410113	2798717	0.2157258064516129	0.12891566265060242	496	107	830
marmgCAMI2_short_read_pooled_gold_standard_assembly	157	Otu174	0.9788174671721978	0.13546630360789652	204933	200592	1480752	0.5	0.07142857142857142	4	2	28
marmgCAMI2_short_read_pooled_gold_standard_assembly	282	Otu1108.1	0.11418855656961115	0.13110160605704949	1477127	168671	1286567	0.05390070921985816	0.10326086956521739	705	38	368
marmgCAMI2_short_read_pooled_gold_standard_assembly	393	Otu2066	0.30527828968251247	0.13048880776391983	875814	267367	2048965	0.2204724409448819	0.09200438116100766	381	84	913
marmgCAMI2_short_read_pooled_gold_standard_assembly	216	Otu1136.0	0.7908745737571443	0.12883157158255015	620245	490536	3807576	0.30434782608695654	0.2545454545454545	46	14	55
marmgCAMI2_short_read_pooled_gold_standard_assembly	418	Otu1224	0.6915261991988335	0.12812583855780255	607614	420181	3279440	0.6723716381418093	0.055578011317704124	409	275	4948
marmgCAMI2_short_read_pooled_gold_standard_assembly	121	Otu726	0.9515298428111357	0.12774161814645613	719453	684581	5359107	0.9315068493150684	0.16346153846153846	73	68	416
marmgCAMI2_short_read_pooled_gold_standard_assembly	308	Otu1389.0	0.8253080921154664	0.12413252010917487	1005868	830151	6687619	0.6683673469387755	0.08698539176626827	392	262	3012
marmgCAMI2_short_read_pooled_gold_standard_assembly	98	Otu2403	0.9445264611931279	0.12399049369759804	231660	218809	1764724	0.8571428571428571	0.09693053311793215	70	60	619
marmgCAMI2_short_read_pooled_gold_standard_assembly	120	Otu1501	0.3382305803430887	0.12317470938397794	1397656	472730	3837882	0.5029585798816568	0.04710446106954835	676	340	7218
marmgCAMI2_short_read_pooled_gold_standard_assembly	253	Otu1787	0.49929302255854285	0.11886932032030732	293503	146544	1232816	0.535	0.042731629392971246	200	107	2504
marmgCAMI2_short_read_pooled_gold_standard_assembly	341	Otu767	0.8648282117554852	0.1167107870663351	227111	196412	1682895	0.7971014492753623	0.10848126232741617	69	55	507
marmgCAMI2_short_read_pooled_gold_standard_assembly	352	Otu770	0.49541340579650184	0.11477296645939014	604261	299359	2608271	0.540650406504065	0.06318289786223277	246	133	2105
marmgCAMI2_short_read_pooled_gold_standard_assembly	390	Otu662	0.7627399670287597	0.11183367494926795	316033	241051	2155442	0.6722689075630253	0.07252946509519492	119	80	1103
marmgCAMI2_short_read_pooled_gold_standard_assembly	207	Otu797	0.8257790401466097	0.11018751975904209	426711	352369	3197903	0.7103448275862069	0.07803030303030303	145	103	1320
marmgCAMI2_short_read_pooled_gold_standard_assembly	457	Otu2066	0.5562378789647114	0.10932446381465764	402709	224002	2048965	0.4207650273224044	0.08433734939759036	183	77	913
marmgCAMI2_short_read_pooled_gold_standard_assembly	376	Otu1069	0.7132795710364491	0.10804876602262442	234985	167610	1551244	0.7735849056603774	0.07180385288966724	106	82	1142
marmgCAMI2_short_read_pooled_gold_standard_assembly	509	Otu1414.0	0.9023831978721826	0.10737605956580262	377476	340628	3172290	0.900990099009901	0.058333333333333334	202	182	3120
marmgCAMI2_short_read_pooled_gold_standard_assembly	427	Otu1853	0.7947933316721264	0.10425155032672652	329078	261549	2508826	0.7767857142857143	0.0888661899897855	112	87	979
marmgCAMI2_short_read_pooled_gold_standard_assembly	466	Otu2254	0.9944109659009984	0.1037235990846607	203613	202475	1952063	0.99375	0.03665283540802213	160	159	4338
marmgCAMI2_short_read_pooled_gold_standard_assembly	323	Otu1079.0	1.0	0.10002802594001967	415089	415089	4149727	1.0	0.15498154981549817	42	42	271
marmgCAMI2_short_read_pooled_gold_standard_assembly	79	Otu1737	0.8343643270370112	0.09527398171672742	459104	383060	4020615	0.921875	0.03172384127325519	320	295	9299
marmgCAMI2_short_read_pooled_gold_standard_assembly	274	Otu2206	0.7598701647501184	0.09362455952281948	565948	430047	4593314	0.6735537190082644	0.06001472754050074	242	163	2716
marmgCAMI2_short_read_pooled_gold_standard_assembly	257	Otu1892	0.48745048819962933	0.0910841173434957	357743	174382	1914516	0.5384615384615384	0.032915360501567396	234	126	3828
marmgCAMI2_short_read_pooled_gold_standard_assembly	369	Otu1139	0.35450114649629505	0.08693614411076199	489753	173618	1997075	0.205	0.11021505376344086	200	41	372
marmgCAMI2_short_read_pooled_gold_standard_assembly	432	Otu2415.1	0.8202815739044076	0.08636901877672211	285964	234571	2715916	0.8455882352941176	0.04622186495176849	136	115	2488
marmgCAMI2_short_read_pooled_gold_standard_assembly	129	Otu1153	0.9674460554080729	0.08591112548394994	117528	113702	1323484	0.9411764705882353	0.06611570247933884	34	32	484
marmgCAMI2_short_read_pooled_gold_standard_assembly	336	Otu1139	0.3236781441801552	0.08458120000500732	521861	168915	1997075	0.16019417475728157	0.08870967741935484	206	33	372
marmgCAMI2_short_read_pooled_gold_standard_assembly	348	Otu767	0.2591174192039525	0.08426907204549304	547304	141816	1682895	0.16299559471365638	0.07297830374753451	227	37	507
marmgCAMI2_short_read_pooled_gold_standard_assembly	299	Otu1191	0.9629669274583836	0.08277963343575004	308292	296875	3586329	0.5	0.041666666666666664	12	6	144
marmgCAMI2_short_read_pooled_gold_standard_assembly	232	Otu2468.0	0.20920289128841155	0.08024696690636543	1776094	371564	4630256	0.2054794520547945	0.0702247191011236	365	75	1068
marmgCAMI2_short_read_pooled_gold_standard_assembly	228	Otu812	0.34626166425637445	0.07981785990971076	909295	314854	3944656	0.30612244897959184	0.05791505791505792	441	135	2331
marmgCAMI2_short_read_pooled_gold_standard_assembly	294	Otu689.0	0.7965576824310796	0.07949053056955571	459516	366031	4604712	0.575	0.09055118110236221	80	46	508
marmgCAMI2_short_read_pooled_gold_standard_assembly	450	Otu612.0	0.9124063526353138	0.07891073665047094	318482	290585	3682452	0.8348623853211009	0.06831831831831832	109	91	1332
marmgCAMI2_short_read_pooled_gold_standard_assembly	327	Otu2439	0.4973554312275893	0.07177321074682712	844183	419859	5849801	0.5735294117647058	0.02593300640013299	544	312	12031
marmgCAMI2_short_read_pooled_gold_standard_assembly	345	Otu169.0	0.14564420210627793	0.06921622855346564	2273774	331162	4784456	0.12162162162162163	0.06533575317604355	888	108	1653
marmgCAMI2_short_read_pooled_gold_standard_assembly	487	Otu612.0	0.9831680156745632	0.06758757480070345	253149	248888	3682452	0.9672131147540983	0.044294294294294295	61	59	1332
marmgCAMI2_short_read_pooled_gold_standard_assembly	155	Otu683.0	0.38597627360438486	0.06703509025490449	958932	370125	5521362	0.013043478260869565	0.10344827586206896	230	3	29
marmgCAMI2_short_read_pooled_gold_standard_assembly	370	Otu1853	0.4228363456600804	0.06682288847452952	396482	167647	2508826	0.2835820895522388	0.03881511746680286	134	38	979
marmgCAMI2_short_read_pooled_gold_standard_assembly	220	Otu2117	0.8265899488011225	0.06572181104832202	310749	256862	3908322	0.7311827956989247	0.05918189730200174	93	68	1149
marmgCAMI2_short_read_pooled_gold_standard_assembly	149	Otu1332.0	0.4169157409627321	0.06534866455833095	563085	234759	3592407	0.2578616352201258	0.05647382920110193	159	41	726
marmgCAMI2_short_read_pooled_gold_standard_assembly	396	Otu639	0.39668964583497873	0.06319651151086378	354524	140636	2225376	0.4774193548387097	0.027966742252456538	155	74	2646
marmgCAMI2_short_read_pooled_gold_standard_assembly	122	Otu2479	0.9204197976251338	0.06294326504293506	207338	190838	3031905	0.6774193548387096	0.0379746835443038	31	21	553
marmgCAMI2_short_read_pooled_gold_standard_assembly	331	Otu631.0	0.3387175531279382	0.06201579509883528	770028	260822	4205735	0.24749163879598662	0.049531459170013385	299	74	1494
marmgCAMI2_short_read_pooled_gold_standard_assembly	527	Otu612.0	0.9895726078078917	0.061593199313935386	229204	226814	3682452	0.9649122807017544	0.04129129129129129	57	55	1332
marmgCAMI2_short_read_pooled_gold_standard_assembly	179	Otu805	0.45024002381631667	0.061196959726543314	806170	362970	5931177	0.36649214659685864	0.04834254143646409	191	70	1448
marmgCAMI2_short_read_pooled_gold_standard_assembly	388	Otu511	0.17193858842835508	0.059910540407214746	608159	104566	1745369	0.02952029520295203	0.05228758169934641	271	8	153
marmgCAMI2_short_read_pooled_gold_standard_assembly	383	Otu2407.0	0.9317226648857775	0.0594578578175511	347392	323673	5443738	0.8933333333333333	0.08862433862433862	75	67	756
marmgCAMI2_short_read_pooled_gold_standard_assembly	283	Otu1227	0.6963738842075029	0.05658254017373688	268083	186686	3299357	0.896551724137931	0.04051948051948052	87	78	1925
marmgCAMI2_short_read_pooled_gold_standard_assembly	439	Otu1160	0.9637170607435713	0.05099878456460239	200976	193684	3797816	0.9672131147540983	0.024593580658607752	122	118	4798
marmgCAMI2_short_read_pooled_gold_standard_assembly	221	Otu797	0.6563885742029455	0.0507310571959187	247160	162233	3197903	0.5272727272727272	0.04393939393939394	110	58	1320
marmgCAMI2_short_read_pooled_gold_standard_assembly	45	Otu136	0.4692460974952392	0.05006210389616511	452658	212408	4242890	0.11475409836065574	0.025925925925925925	61	7	270
marmgCAMI2_short_read_pooled_gold_standard_assembly	359	Otu1786	0.1465960394568348	0.04980651867250724	1144035	167711	3367250	0.11496350364963503	0.03633217993079585	548	63	1734
marmgCAMI2_short_read_pooled_gold_standard_assembly	237	Otu2268	0.33304484321165195	0.04856066004035286	607762	202412	4168230	0.29310344827586204	0.03434343434343434	232	68	1980
marmgCAMI2_short_read_pooled_gold_standard_assembly	254	Otu1227	0.909731295801852	0.04853673003557966	176030	160140	3299357	0.9508196721311475	0.03012987012987013	61	58	1925
marmgCAMI2_short_read_pooled_gold_standard_assembly	268	Otu1227	0.6858656102654639	0.048276679365100536	232235	159282	3299357	0.921875	0.03064935064935065	64	59	1925
marmgCAMI2_short_read_pooled_gold_standard_assembly	426	Otu612.0	0.7963989940397778	0.04695322573111611	217106	172903	3682452	0.7093023255813954	0.0457957957957958	86	61	1332
marmgCAMI2_short_read_pooled_gold_standard_assembly	304	Otu961	0.10849568483464408	0.04578865812776613	2893516	313934	6856152	0.14193548387096774	0.024255788313120176	1395	198	8163
marmgCAMI2_short_read_pooled_gold_standard_assembly	224	Otu797	0.867003377101691	0.045198056351302716	166711	144539	3197903	0.7922077922077922	0.04621212121212121	77	61	1320
marmgCAMI2_short_read_pooled_gold_standard_assembly	242	Otu985.0	0.1758690810496756	0.04450718884822929	567985	99891	2244379	0.2178988326848249	0.026465028355387523	257	56	2116
marmgCAMI2_short_read_pooled_gold_standard_assembly	138	Otu1548.1	0.6377563172252162	0.043282658552034774	314893	200825	4639849	0.21428571428571427	0.036585365853658534	42	9	246
marmgCAMI2_short_read_pooled_gold_standard_assembly	333	Otu2052	0.20190469701615132	0.0420141359872999	1056756	213364	5078386	0.23493975903614459	0.027692307692307693	498	117	4225
marmgCAMI2_short_read_pooled_gold_standard_assembly	201	Otu1016.0	0.8952641905933985	0.040939424676581994	172262	154220	3767029	0.8076923076923077	0.03697183098591549	78	63	1704
marmgCAMI2_short_read_pooled_gold_standard_assembly	395	Otu2044	0.5671347224019672	0.03979904084061823	123632	70116	1761751	0.3448275862068966	0.043010752688172046	58	20	465
marmgCAMI2_short_read_pooled_gold_standard_assembly	354	Otu2217	0.7001837141304629	0.03810120544695171	309176	216480	5681710	0.6480446927374302	0.026496116948378255	179	116	4378
marmgCAMI2_short_read_pooled_gold_standard_assembly	335	Otu1389.0	0.7651498655053157	0.03572885955375149	312280	238941	6687619	0.6181818181818182	0.02257636122177955	110	68	3012
marmgCAMI2_short_read_pooled_gold_standard_assembly	529	Otu612.0	0.9811235481100951	0.03537099736805802	132758	130252	3682452	0.92	0.017267267267267267	25	23	1332
marmgCAMI2_short_read_pooled_gold_standard_assembly	438	Otu2058	0.6106096865654853	0.03507278871311551	257821	157428	4488608	0.6993865030674846	0.012113484220592923	163	114	9411
marmgCAMI2_short_read_pooled_gold_standard_assembly	350	Otu2217	0.6367005622602395	0.03362280017811539	300039	191035	5681710	0.5764705882352941	0.022384650525354044	170	98	4378
marmgCAMI2_short_read_pooled_gold_standard_assembly	181	Otu1147	0.6713331376298188	0.033059651386150975	252082	169231	5118959	0.30434782608695654	0.0875	69	21	240
marmgCAMI2_short_read_pooled_gold_standard_assembly	66	Otu554	1.0	0.03224638949107526	70030	70030	2171716	1.0	0.06578947368421052	10	10	152
marmgCAMI2_short_read_pooled_gold_standard_assembly	243	Otu1016.0	0.2637641925640018	0.03171013549404584	452878	119453	3767029	0.23225806451612904	0.02112676056338028	155	36	1704
marmgCAMI2_short_read_pooled_gold_standard_assembly	168	Otu1016.0	0.978904165811615	0.031657574178483895	121825	119255	3767029	0.9523809523809523	0.023474178403755867	42	40	1704
marmgCAMI2_short_read_pooled_gold_standard_assembly	297	Otu1389.0	0.5894950386393006	0.030763116140438026	348997	205732	6687619	0.46511627906976744	0.02656042496679947	172	80	3012
marmgCAMI2_short_read_pooled_gold_standard_assembly	377	Otu1977.0	0.4623556195919537	0.02981875923774457	251246	116165	3895702	0.4378698224852071	0.014758675708017551	169	74	5014
marmgCAMI2_short_read_pooled_gold_standard_assembly	219	Otu1237.0	0.7972495511075439	0.02871789430324606	120853	96350	3355051	0.7424242424242424	0.017955294979846097	66	49	2729
marmgCAMI2_short_read_pooled_gold_standard_assembly	528	Otu612.0	0.9888642887967428	0.028624134136711082	106594	105407	3682452	0.9666666666666667	0.02177177177177177	30	29	1332
marmgCAMI2_short_read_pooled_gold_standard_assembly	147	Otu136	0.6472386486208149	0.028143788785474053	184493	119411	4242890	0.3673469387755102	0.06666666666666667	49	18	270
marmgCAMI2_short_read_pooled_gold_standard_assembly	316	Otu1673	0.2609902292083977	0.02743958313461421	392394	102411	3732236	0.27734375	0.010504512501849386	256	71	6759
marmgCAMI2_short_read_pooled_gold_standard_assembly	380	Otu169.0	0.12285233586052365	0.02676939656253501	1042528	128077	4784456	0.07051282051282051	0.019963702359346643	468	33	1653
marmgCAMI2_short_read_pooled_gold_standard_assembly	285	Otu1483.1	0.11391784086600587	0.026093969057455865	1292370	147224	5642070	0.11475409836065574	0.018145161290322582	549	63	3472
marmgCAMI2_short_read_pooled_gold_standard_assembly	203	Otu2058	0.2061449375879377	0.025427482194925466	553659	114134	4488608	0.3	0.008925725215173734	280	84	9411
marmgCAMI2_short_read_pooled_gold_standard_assembly	488	Otu612.0	0.7634349326030515	0.023316529312534147	112468	85862	3682452	0.6904761904761905	0.02177177177177177	42	29	1332
marmgCAMI2_short_read_pooled_gold_standard_assembly	374	Otu961	0.2303986887827038	0.020830926735579958	619882	142820	6856152	0.27402135231316727	0.009432806566213403	281	77	8163
marmgCAMI2_short_read_pooled_gold_standard_assembly	386	Otu2080.0	0.4701130856219709	0.01840669797154481	107087	50343	2735037	0.5	0.011322280630812778	56	28	2473
marmgCAMI2_short_read_pooled_gold_standard_assembly	366	Otu1607	0.646811988502973	0.01838778087916543	182308	117919	6412900	0.42028985507246375	0.020124913254684247	69	29	1441
marmgCAMI2_short_read_pooled_gold_standard_assembly	351	Otu2036	0.41655562285483544	0.01746881164045564	148590	61896	3543229	0.42592592592592593	0.0065387348969438526	108	46	7035
marmgCAMI2_short_read_pooled_gold_standard_assembly	264	Otu618.0	0.12319446890963537	0.01673264689439681	681240	83925	5015644	0.09486166007905138	0.014405762304921969	253	24	1666
marmgCAMI2_short_read_pooled_gold_standard_assembly	218	Otu1433	0.5481011074266408	0.016391243334268876	159830	87603	5344500	0.5765765765765766	0.00740483628369779	111	64	8643
marmgCAMI2_short_read_pooled_gold_standard_assembly	288	Otu2217	0.22165989842549336	0.015332531931407973	393012	87115	5681710	0.16818181818181818	0.008451347647327547	220	37	4378
marmgCAMI2_short_read_pooled_gold_standard_assembly	159	Otu1279	0.2255856867300078	0.014374030474339834	502359	113325	7884010	0.12121212121212122	0.014947683109118086	165	20	1338
marmgCAMI2_short_read_pooled_gold_standard_assembly	124	Otu770	0.36899539317870667	0.014156887838725348	100069	36925	2608271	0.3333333333333333	0.00855106888361045	54	18	2105
marmgCAMI2_short_read_pooled_gold_standard_assembly	134	Otu1918	0.24927239532805232	0.01369320949913956	130909	32632	2383079	0.3389830508474576	0.017921146953405017	59	20	1116
marmgCAMI2_short_read_pooled_gold_standard_assembly	223	Otu1227	0.05290786862635636	0.013672967187242847	852652	45112	3299357	0.0412621359223301	0.008831168831168832	412	17	1925
marmgCAMI2_short_read_pooled_gold_standard_assembly	442	Otu1300	1.0	0.013271411584051514	40759	40759	3071188	1.0	0.0043343653250774	28	28	6460
marmgCAMI2_short_read_pooled_gold_standard_assembly	39	Otu254	0.6193791125917822	0.012808334105955554	120666	74738	5835107	0.5185185185185185	0.07272727272727272	54	28	385
marmgCAMI2_short_read_pooled_gold_standard_assembly	462	Otu810.0	0.36791924661368897	0.012530761268649219	119673	44030	3513753	0.030303030303030304	0.006289308176100629	33	1	159
marmgCAMI2_short_read_pooled_gold_standard_assembly	368	Otu664.0	0.23924990335067312	0.012200697353828708	204347	48890	4007148	0.20388349514563106	0.008574928542262147	103	21	2449
marmgCAMI2_short_read_pooled_gold_standard_assembly	404	Otu1414.0	0.20418865220506807	0.011857049639219618	184212	37614	3172290	0.18518518518518517	0.00641025641025641	108	20	3120
marmgCAMI2_short_read_pooled_gold_standard_assembly	343	Otu618.0	0.4968694656625105	0.01107554682908117	111802	55551	5015644	0.43243243243243246	0.009603841536614645	37	16	1666
marmgCAMI2_short_read_pooled_gold_standard_assembly	233	Otu2042	0.19119134697688897	0.01100993074542952	77106	14742	1338973	0.22727272727272727	0.006540222367560497	44	10	1529
marmgCAMI2_short_read_pooled_gold_standard_assembly	365	Otu413	0.28287311253858344	0.010689518273922952	179805	50862	4758119	0.058823529411764705	0.014925373134328358	68	4	268
marmgCAMI2_short_read_pooled_gold_standard_assembly	332	Otu1389.0	0.5810434123542044	0.010316975294196635	118745	68996	6687619	0.421875	0.008964143426294821	64	27	3012
marmgCAMI2_short_read_pooled_gold_standard_assembly	320	Otu894.0	0.37250404241717744	0.009201340631428764	106372	39624	4306329	0.06896551724137931	0.005221932114882507	29	2	383
marmgCAMI2_short_read_pooled_gold_standard_assembly	328	Otu1186	0.44634012107870114	0.008760359791380387	85399	38117	4351077	0.423728813559322	0.003937007874015748	59	25	6350
marmgCAMI2_short_read_pooled_gold_standard_assembly	263	Otu1515	0.07594513604087766	0.008540869198266722	688102	52258	6118581	0.009900990099009901	0.009933774834437087	303	3	302
marmgCAMI2_short_read_pooled_gold_standard_assembly	317	Otu1420.0	0.43297364093682195	0.008454141157444842	102773	44498	5263456	0.3157894736842105	0.01064773735581189	38	12	1127
marmgCAMI2_short_read_pooled_gold_standard_assembly	217	Otu805	0.3893514145279303	0.008200227374768955	124918	48637	5931177	0.20634920634920634	0.008977900552486187	63	13	1448
marmgCAMI2_short_read_pooled_gold_standard_assembly	361	Otu1607	0.38953904409791584	0.00814904333452884	134156	52259	6412900	0.16363636363636364	0.006245662734212352	55	9	1441
marmgCAMI2_short_read_pooled_gold_standard_assembly	340	Otu1621	0.3285186968383887	0.008003925716374812	37386	12282	1534497	0.3333333333333333	0.0024775472282440383	24	8	3229
marmgCAMI2_short_read_pooled_gold_standard_assembly	162	Otu2217	0.049434620347222305	0.007019717655424159	806803	39884	5681710	0.051630434782608696	0.004339881224303335	368	19	4378
marmgCAMI2_short_read_pooled_gold_standard_assembly	363	Otu1501	0.24674982520494088	0.006344905862139587	98687	24351	3837882	0.27692307692307694	0.0024937655860349127	65	18	7218
marmgCAMI2_short_read_pooled_gold_standard_assembly	321	Otu2217	0.7644586451654408	0.006274343463499545	46633	35649	5681710	0.8	0.0045682960255824575	25	20	4378
marmgCAMI2_short_read_pooled_gold_standard_assembly	409	Otu1146.0	0.49072446195816916	0.006150214302050021	32990	16189	2632266	0.7333333333333333	0.003275759380583681	15	11	3358
marmgCAMI2_short_read_pooled_gold_standard_assembly	183	Otu108.0	0.5585644440697969	0.006081004346524329	47452	26505	4358655	0.46153846153846156	0.0044826298094882335	26	12	2677
marmgCAMI2_short_read_pooled_gold_standard_assembly	240	Otu812	0.2113948741211159	0.005906978960903054	110225	23301	3944656	0.14545454545454545	0.003432003432003432	55	8	2331
marmgCAMI2_short_read_pooled_gold_standard_assembly	334	Otu1224	0.3220408512092984	0.005745188202863904	58505	18841	3279440	0.38235294117647056	0.002627324171382377	34	13	4948
marmgCAMI2_short_read_pooled_gold_standard_assembly	325	Otu2217	0.34611125404087295	0.0054458956898539345	89399	30942	5681710	0.37254901960784315	0.004339881224303335	51	19	4378
marmgCAMI2_short_read_pooled_gold_standard_assembly	326	Otu1186	0.642204628501827	0.005331783372254731	36124	23199	4351077	0.56	0.002204724409448819	25	14	6350
marmgCAMI2_short_read_pooled_gold_standard_assembly	411	Otu2058	0.5786271317165138	0.004512757629982391	35007	20256	4488608	0.6818181818181818	0.0015938795027095952	22	15	9411
marmgCAMI2_short_read_pooled_gold_standard_assembly	78	Otu1257	0.5025244270095529	0.00448936003823825	27531	13835	3081731	0.2857142857142857	0.002081165452653486	7	2	961
marmgCAMI2_short_read_pooled_gold_standard_assembly	358	Otu865	0.4013945241910737	0.004439369562385068	58658	23545	5303681	0.3611111111111111	0.0022417658216933953	36	13	5799
marmgCAMI2_short_read_pooled_gold_standard_assembly	250	Otu1607	0.21136436499091646	0.004317859314818569	131006	27690	6412900	0.18604651162790697	0.005551700208188758	43	8	1441
marmgCAMI2_short_read_pooled_gold_standard_assembly	329	Otu867	0.32263160236728516	0.004223779637601397	44946	14501	3433181	0.3235294117647059	0.001575028636884307	34	11	6984
marmgCAMI2_short_read_pooled_gold_standard_assembly	279	Otu1225	0.8297441560831953	0.003608542752686545	21732	18032	4997031	0.5	0.0038314176245210726	2	1	261
marmgCAMI2_short_read_pooled_gold_standard_assembly	458	Otu631.0	0.27172008365835737	0.00342888936178813	53073	14421	4205735	0.20588235294117646	0.004685408299866131	34	7	1494
marmgCAMI2_short_read_pooled_gold_standard_assembly	295	Otu2385	0.6977466977466977	0.003163199798513331	5148	3592	1135559	0.75	0.0009163103237629811	4	3	3274
marmgCAMI2_short_read_pooled_gold_standard_assembly	397	Otu1255	0.41315628815628813	0.002434083280356579	13104	5414	2224246	0.4	0.0008012820512820513	10	4	4992
marmgCAMI2_short_read_pooled_gold_standard_assembly	246	Otu1031	0.3423343543446719	0.002315330958215554	12406	4247	1834295	0.375	0.00096	8	3	3125
marmgCAMI2_short_read_pooled_gold_standard_assembly	91	Otu610	1.0	0.0021500282089487463	8323	8323	3871112	1.0	0.0010942914462885281	6	6	5483
marmgCAMI2_short_read_pooled_gold_standard_assembly	406	Otu1146.0	0.8022888119259147	0.0020241115449578426	6641	5328	2632266	0.6666666666666666	0.0005955926146515784	3	2	3358
marmgCAMI2_short_read_pooled_gold_standard_assembly	17	Otu254	0.5130134838507369	0.0019626032564612783	22323	11452	5835107	0.6	0.015584415584415584	10	6	385
marmgCAMI2_short_read_pooled_gold_standard_assembly	252	Otu1907	0.4430769230769231	0.001738439578014488	6825	3024	1739491	0.4	0.0006781959986436081	5	2	2949
marmgCAMI2_short_read_pooled_gold_standard_assembly	244	Otu1907	0.5412897016361886	0.0016165648456933667	5195	2812	1739491	0.5	0.0006781959986436081	4	2	2949
marmgCAMI2_short_read_pooled_gold_standard_assembly	213	Otu1038	0.4080891256962945	0.0015806783877643298	8258	3370	2131996	0.42857142857142855	0.001218026796589525	7	3	2463
marmgCAMI2_short_read_pooled_gold_standard_assembly	37	Otu150.0	0.3083554376657825	0.001545757598010551	16588	5115	3309057	0.14285714285714285	0.010101010101010102	7	1	99
marmgCAMI2_short_read_pooled_gold_standard_assembly	205	Otu532	0.3071774636631537	0.0013137951697199052	20021	6150	4681095	0.2727272727272727	0.0011673151750972762	11	3	2570
marmgCAMI2_short_read_pooled_gold_standard_assembly	247	Otu1431	1.0	0.001178626512537565	1779	1779	1509384	1.0	0.00038299502106472615	1	1	2611
marmgCAMI2_short_read_pooled_gold_standard_assembly	171	Otu1737	0.23440309486187544	0.0010699855619103048	18353	4302	4020615	0.26666666666666666	0.00043015377997634156	15	4	9299
marmgCAMI2_short_read_pooled_gold_standard_assembly	251	Otu1907	0.5161001788908766	0.000995118687018214	3354	1731	1739491	0.5	0.00033909799932180403	2	1	2949
marmgCAMI2_short_read_pooled_gold_standard_assembly	259	Otu2385	0.3507509386733417	0.000987179001707529	3196	1121	1135559	0.3333333333333333	0.00030543677458766036	3	1	3274
marmgCAMI2_short_read_pooled_gold_standard_assembly	230	Otu1763.0	0.19782901380006732	0.00045538566672161253	11884	2351	5162657	0.125	0.001430615164520744	8	1	699
marmgCAMI2_short_read_pooled_gold_standard_assembly	222	Otu1607	0.43533891850723533	0.00044566420808058756	6565	2858	6412900	0.4	0.0013879250520471894	5	2	1441
marmgCAMI2_short_read_pooled_gold_standard_assembly	408	Otu491.0	1.0	0.00043878669627989326	1800	1800	4102221	1.0	0.005917159763313609	1	1	169
marmgCAMI2_short_read_pooled_gold_standard_assembly	225	Otu965	0.507818052594172	0.0003443561022841244	2814	1429	4149774	0.5	0.0009057971014492754	2	1	1104
marmgCAMI2_short_read_pooled_gold_standard_assembly	32	Otu1631	1.0	0.00027687559818298215	1272	1272	4594121	1.0	0.00014357501794687725	1	1	6965
marmgCAMI2_short_read_pooled_gold_standard_assembly	180	Otu61.1	0.18584437086092714	0.0002484033125605218	7248	1347	5422633	0.16666666666666666	0.00022977941176470588	6	1	4352
