Method	num_5010	num_7010	num_9010	num_505	num_605	num_705	num_805	num_905
comebin_res/comebin_res/comebin_res_bins_checkm2_output/quality_report.tsv	53	49	39	47	45	44	40	35
comebin_res_10view/comebin_res/comebin_res_bins_checkm2_output/quality_report.tsv	50	44	37	47	44	42	38	35
comebin_res_10view_epoch300/comebin_res/comebin_res_bins_checkm2_output/quality_report.tsv	55	52	41	50	48	48	42	39
comebin_res_epoch300/comebin_res/comebin_res_bins_checkm2_output/quality_report.tsv	56	50	38	51	49	48	44	37
metabat2_bins_checkm2_output/quality_report.tsv	51	41	33	48	42	40	36	33
semibin2_Easy_coassemly_mode_metawrapalign/output_bins_checkm2_output/quality_report.tsv	52	46	35	47	44	42	37	33
semibin2_Easy_coassemly_mode_metawrapalign_sequencing_type_long_read/output_bins_checkm2_output/quality_report.tsv	55	53	43	52	52	51	45	43
metadecoder/samfiles_checkm2_output/quality_report.tsv	57	51	42	49	45	45	42	39
