Method	num_5010	num_7010	num_9010	num_505	num_605	num_705	num_805	num_905
COMEBin_nocovloss_tau0.15_nepoch200_earlystop_addvars_nedge75_vars_sqrt_NokmerMetric_2view/cluster_res/res/test3_parallel_leiden_markerseed_RBERVertexPartition_nodesize_hnsw_l2mode_bandwidth_0.05_res_maxedges100respara_30_partgraph_ratio_50.tsv.filtersmallbins_200000.tsv_bins_checkm2_output/quality_report.tsv	122	82	29	72	58	45	31	22
COMEBin_nocovloss_tau0.15_nepoch200_earlystop_addvars_nedge75_vars_sqrt_NokmerMetric_4view/cluster_res/res/test3_parallel_leiden_markerseed_RBERVertexPartition_nodesize_hnsw_l2mode_bandwidth_0.05_res_maxedges100respara_50_partgraph_ratio_80.tsv.filtersmallbins_200000.tsv_bins_checkm2_output/quality_report.tsv	133	89	34	77	61	49	34	22
COMEBin_nocovloss_tau0.15_nepoch200_earlystop_addvars_nedge75_vars_sqrt_NokmerMetric_8view/cluster_res/res/test3_parallel_leiden_markerseed_RBERVertexPartition_nodesize_hnsw_l2mode_bandwidth_0.1_res_maxedges100respara_50_partgraph_ratio_50.tsv.filtersmallbins_200000.tsv_bins_checkm2_output/quality_report.tsv	148	89	35	70	52	40	33	22
COMEBin_nocovloss_tau0.15_nepoch200_earlystop_addvars_nedge75_vars_sqrt_NokmerMetric/test3_parallel_leiden_markerseed_RBERVertexPartition_nodesize_hnsw_l2mode_bandwidth_0.05_res_maxedges100respara_50_partgraph_ratio_100.tsv.filtersmallbins_200000.tsv_bins_checkm2_output/quality_report.tsv	129	89	31	75	61	48	33	22
