sample_id	Bin ID	Most abundant genome	Purity (bp)	Completeness (bp)	Bin size (bp)	True positives (bp)	True size of most abundant genome (bp)	Purity (seq)	Completeness (seq)	Bin size (seq)	True positives (seq)	True size of most abundant genome (seq)
rhimgCAMI2_short_read_pooled_megahit	LjRoot187	LjRoot187	1.0	1.0	3214139	3214139	3214139	1.0	1.0	3064	3064	3064
rhimgCAMI2_short_read_pooled_megahit	Chlamy82	Chlamy82	1.0	1.0	23295	23295	23295	1.0	1.0	39	39	39
rhimgCAMI2_short_read_pooled_megahit	987045.PRJNA63165	987045.PRJNA63165	1.0	1.0	806	806	806	1.0	1.0	1	1	1
rhimgCAMI2_short_read_pooled_megahit	1156919.PRJNA86071	1156919.PRJNA86071	1.0	1.0	78030	78030	78030	1.0	1.0	9	9	9
rhimgCAMI2_short_read_pooled_megahit	421531.PRJNA256038	421531.PRJNA256038	1.0	1.0	637	637	637	1.0	1.0	1	1	1
rhimgCAMI2_short_read_pooled_megahit	43759.PRJNA238534	43759.PRJNA238534	1.0	1.0	2231	2231	2231	1.0	1.0	4	4	4
rhimgCAMI2_short_read_pooled_megahit	307480.PRJNA255945	307480.PRJNA255945	1.0	1.0	7386	7386	7386	1.0	1.0	6	6	6
rhimgCAMI2_short_read_pooled_megahit	3823_A	3823_A	1.0	1.0	1190	1190	1190	1.0	1.0	2	2	2
rhimgCAMI2_short_read_pooled_megahit	Fusarium_equiseti_MPI_CAGE_CH_0233.contigs	Fusarium_equiseti_MPI_CAGE_CH_0233.contigs	1.0	1.0	21423	21423	21423	1.0	1.0	18	18	18
rhimgCAMI2_short_read_pooled_megahit	321846.PRJNA245780	321846.PRJNA245780	1.0	1.0	5843	5843	5843	1.0	1.0	10	10	10
rhimgCAMI2_short_read_pooled_megahit	3823_AB	3823_AB	1.0	1.0	8656	8656	8656	1.0	1.0	14	14	14
rhimgCAMI2_short_read_pooled_megahit	3823_AX	3823_AX	1.0	1.0	14121	14121	14121	1.0	1.0	21	21	21
rhimgCAMI2_short_read_pooled_megahit	1206777.PRJNA170013	1206777.PRJNA170013	1.0	1.0	3573	3573	3573	1.0	1.0	6	6	6
rhimgCAMI2_short_read_pooled_megahit	LjRoot142	LjRoot142	1.0	1.0	512	512	512	1.0	1.0	1	1	1
rhimgCAMI2_short_read_pooled_megahit	3823_S	3823_S	1.0	1.0	2925	2925	2925	1.0	1.0	4	4	4
rhimgCAMI2_short_read_pooled_megahit	LjRoot15	LjRoot15	1.0	1.0	7821	7821	7821	1.0	1.0	7	7	7
rhimgCAMI2_short_read_pooled_megahit	3934_AL	3934_AL	1.0	1.0	21427	21427	21427	1.0	1.0	13	13	13
rhimgCAMI2_short_read_pooled_megahit	796606.PRJNA246479	796606.PRJNA246479	1.0	1.0	10313	10313	10313	1.0	1.0	14	14	14
rhimgCAMI2_short_read_pooled_megahit	1038866.PRJNA165325	1038866.PRJNA165325	1.0	1.0	88606	88606	88606	1.0	1.0	13	13	13
rhimgCAMI2_short_read_pooled_megahit	3823_V	3823_V	1.0	1.0	1526	1526	1526	1.0	1.0	3	3	3
rhimgCAMI2_short_read_pooled_megahit	1298862.PRJNA190819	1298862.PRJNA190819	1.0	1.0	6885	6885	6885	1.0	1.0	12	12	12
rhimgCAMI2_short_read_pooled_megahit	LjRoot1	LjRoot1	1.0	1.0	107019	107019	107019	1.0	1.0	29	29	29
rhimgCAMI2_short_read_pooled_megahit	697284.PRJNA42205	697284.PRJNA42205	1.0	1.0	8546	8546	8546	1.0	1.0	13	13	13
rhimgCAMI2_short_read_pooled_megahit	LjRoot125	LjRoot125	1.0	1.0	8564	8564	8564	1.0	1.0	14	14	14
rhimgCAMI2_short_read_pooled_megahit	3934_B	3934_B	1.0	1.0	14147	14147	14147	1.0	1.0	22	22	22
rhimgCAMI2_short_read_pooled_megahit	LjRoot29	LjRoot29	1.0	1.0	74055	74055	74055	1.0	1.0	32	32	32
rhimgCAMI2_short_read_pooled_megahit	345341.PRJNA38053	345341.PRJNA38053	1.0	1.0	714	714	714	1.0	1.0	1	1	1
rhimgCAMI2_short_read_pooled_megahit	665577.PRJNA63193	665577.PRJNA63193	1.0	1.0	3414	3414	3414	1.0	1.0	5	5	5
rhimgCAMI2_short_read_pooled_megahit	3934_AU	3934_AU	1.0	1.0	5661	5661	5661	1.0	1.0	9	9	9
rhimgCAMI2_short_read_pooled_megahit	LjRoot92	LjRoot92	1.0	1.0	10041	10041	10041	1.0	1.0	15	15	15
rhimgCAMI2_short_read_pooled_megahit	3934_Y	3934_Y	1.0	1.0	20690	20690	20690	1.0	1.0	18	18	18
rhimgCAMI2_short_read_pooled_megahit	3823_AT	3823_AT	1.0	1.0	14522	14522	14522	1.0	1.0	18	18	18
rhimgCAMI2_short_read_pooled_megahit	358823.PRJNA242835	358823.PRJNA242835	1.0	1.0	5894	5894	5894	1.0	1.0	6	6	6
rhimgCAMI2_short_read_pooled_megahit	3934_AZ	3934_AZ	1.0	1.0	8391	8391	8391	1.0	1.0	12	12	12
rhimgCAMI2_short_read_pooled_megahit	485918.PRJNA27951	485918.PRJNA27951	1.0	1.0	15821	15821	15821	1.0	1.0	25	25	25
rhimgCAMI2_short_read_pooled_megahit	3823_J	3823_J	1.0	1.0	38198	38198	38198	1.0	1.0	64	64	64
rhimgCAMI2_short_read_pooled_megahit	Penicillium_canescens_MPI_SW4_AT_0573.contigs	Penicillium_canescens_MPI_SW4_AT_0573.contigs	1.0	1.0	10404	10404	10404	1.0	1.0	9	9	9
rhimgCAMI2_short_read_pooled_megahit	Sarocladium_strictum_MPI_SWE4_AT_0554.contigs	Sarocladium_strictum_MPI_SWE4_AT_0554.contigs	1.0	1.0	21471	21471	21471	1.0	1.0	30	30	30
rhimgCAMI2_short_read_pooled_megahit	Ochroconis_tshawytschae_MPI_SP2_AT_0416.contigs	Ochroconis_tshawytschae_MPI_SP2_AT_0416.contigs	1.0	1.0	13238	13238	13238	1.0	1.0	18	18	18
rhimgCAMI2_short_read_pooled_megahit	Umbelopsis_autotrophica_MPI_SW4_AT_0611.contigs	Umbelopsis_autotrophica_MPI_SW4_AT_0611.contigs	1.0	1.0	2522	2522	2522	1.0	1.0	4	4	4
rhimgCAMI2_short_read_pooled_megahit	3823_T	3823_T	1.0	1.0	5152	5152	5152	1.0	1.0	5	5	5
rhimgCAMI2_short_read_pooled_megahit	3934_AF	3934_AF	1.0	1.0	18716	18716	18716	1.0	1.0	24	24	24
rhimgCAMI2_short_read_pooled_megahit	LjRoot131	LjRoot131	1.0	1.0	52088	52088	52088	1.0	1.0	8	8	8
rhimgCAMI2_short_read_pooled_megahit	69328.PRJNA178195	69328.PRJNA178195	1.0	1.0	117816	117816	117816	1.0	1.0	10	10	10
rhimgCAMI2_short_read_pooled_megahit	421072.PRJNA255518	421072.PRJNA255518	1.0	1.0	6360	6360	6360	1.0	1.0	10	10	10
rhimgCAMI2_short_read_pooled_megahit	1501230.PRJNA246682	1501230.PRJNA246682	1.0	1.0	15674	15674	15674	1.0	1.0	26	26	26
rhimgCAMI2_short_read_pooled_megahit	1316927.PRJNA196427	1316927.PRJNA196427	1.0	1.0	4049	4049	4049	1.0	1.0	6	6	6
rhimgCAMI2_short_read_pooled_megahit	3823_AI	3823_AI	1.0	1.0	6311	6311	6311	1.0	1.0	11	11	11
rhimgCAMI2_short_read_pooled_megahit	Plectosphaerella_cucumerina_MPI_SP2_AT_0455.contigs	Plectosphaerella_cucumerina_MPI_SP2_AT_0455.contigs	1.0	1.0	117954	117954	117954	1.0	1.0	179	179	179
rhimgCAMI2_short_read_pooled_megahit	LjRoot145	LjRoot145	1.0	1.0	83140	83140	83140	1.0	1.0	14	14	14
rhimgCAMI2_short_read_pooled_megahit	3934_BW	3934_BW	1.0	1.0	49953	49953	49953	1.0	1.0	61	61	61
rhimgCAMI2_short_read_pooled_megahit	455632.PRJDA20085	455632.PRJDA20085	1.0	1.0	16243	16243	16243	1.0	1.0	27	27	27
rhimgCAMI2_short_read_pooled_megahit	LjRoot21	LjRoot21	1.0	1.0	10773	10773	10773	1.0	1.0	14	14	14
rhimgCAMI2_short_read_pooled_megahit	LjRoot167	LjRoot167	1.0	1.0	3605	3605	3605	1.0	1.0	6	6	6
rhimgCAMI2_short_read_pooled_megahit	3823_AO	3823_AO	1.0	1.0	3748327	3748327	3748327	1.0	1.0	121	121	121
rhimgCAMI2_short_read_pooled_megahit	1068978.PRJNA173670	1068978.PRJNA173670	1.0	1.0	44854	44854	44854	1.0	1.0	75	75	75
rhimgCAMI2_short_read_pooled_megahit	3823_AS	3823_AS	1.0	1.0	31169	31169	31169	1.0	1.0	44	44	44
rhimgCAMI2_short_read_pooled_megahit	3934_CP	3934_CP	1.0	1.0	55313	55313	55313	1.0	1.0	65	65	65
rhimgCAMI2_short_read_pooled_megahit	1123261.PRJNA195811	1123261.PRJNA195811	1.0	1.0	67490	67490	67490	1.0	1.0	113	113	113
rhimgCAMI2_short_read_pooled_megahit	357809.PRJNA16184	357809.PRJNA16184	1.0	1.0	896	896	896	1.0	1.0	1	1	1
rhimgCAMI2_short_read_pooled_megahit	Chlamy90	Chlamy90	1.0	1.0	37202	37202	37202	1.0	1.0	21	21	21
rhimgCAMI2_short_read_pooled_megahit	448385.PRJNA28111	448385.PRJNA28111	1.0	1.0	12982949	12982949	12982949	1.0	1.0	406	406	406
rhimgCAMI2_short_read_pooled_megahit	LjRoot194	LjRoot194	1.0	1.0	162755	162755	162755	1.0	1.0	42	42	42
rhimgCAMI2_short_read_pooled_megahit	Fusarium_falciforme_MPI_IT2_AT_0322.contigs	Fusarium_falciforme_MPI_IT2_AT_0322.contigs	1.0	1.0	136757	136757	136757	1.0	1.0	171	171	171
rhimgCAMI2_short_read_pooled_megahit	Talaromyces_verruculosus_MPI_SP2_AT_0411.contigs	Talaromyces_verruculosus_MPI_SP2_AT_0411.contigs	1.0	1.0	277900	277900	277900	1.0	1.0	363	363	363
rhimgCAMI2_short_read_pooled_megahit	LjRoot11	LjRoot11	1.0	1.0	55002	55002	55002	1.0	1.0	6	6	6
rhimgCAMI2_short_read_pooled_megahit	Myrothecium_cinctum_MPI_SP2_AT_0408.contigs	Myrothecium_cinctum_MPI_SP2_AT_0408.contigs	1.0	1.0	76173	76173	76173	1.0	1.0	97	97	97
rhimgCAMI2_short_read_pooled_megahit	Chlamy187	Chlamy187	1.0	1.0	5266393	5266393	5266393	1.0	1.0	5178	5178	5178
rhimgCAMI2_short_read_pooled_megahit	323098.PRJNA13474	323098.PRJNA13474	1.0	1.0	3339230	3339230	3339230	1.0	1.0	200	200	200
rhimgCAMI2_short_read_pooled_megahit	243230.PRJNA65	243230.PRJNA65	1.0	1.0	31247	31247	31247	1.0	1.0	48	48	48
rhimgCAMI2_short_read_pooled_megahit	3934_S	3934_S	1.0	1.0	54356	54356	54356	1.0	1.0	77	77	77
rhimgCAMI2_short_read_pooled_megahit	1156918.PRJNA86069	1156918.PRJNA86069	1.0	1.0	14107	14107	14107	1.0	1.0	4	4	4
rhimgCAMI2_short_read_pooled_megahit	1150864.PRJNA84455	1150864.PRJNA84455	1.0	1.0	43086	43086	43086	1.0	1.0	65	65	65
rhimgCAMI2_short_read_pooled_megahit	3934_AY	3934_AY	1.0	1.0	60390	60390	60390	1.0	1.0	60	60	60
rhimgCAMI2_short_read_pooled_megahit	1262454.PRJNA182080	1262454.PRJNA182080	1.0	1.0	9988	9988	9988	1.0	1.0	15	15	15
rhimgCAMI2_short_read_pooled_megahit	457425.PRJNA180996	457425.PRJNA180996	1.0	1.0	3711	3711	3711	1.0	1.0	6	6	6
rhimgCAMI2_short_read_pooled_megahit	Chlamy13	Chlamy13	1.0	1.0	59624	59624	59624	1.0	1.0	13	13	13
rhimgCAMI2_short_read_pooled_megahit	LjRoot134	LjRoot134	1.0	1.0	71425	71425	71425	1.0	1.0	19	19	19
rhimgCAMI2_short_read_pooled_megahit	LjRoot105	LjRoot105	1.0	1.0	82774	82774	82774	1.0	1.0	36	36	36
rhimgCAMI2_short_read_pooled_megahit	LjRoot74	LjRoot74	1.0	1.0	70162	70162	70162	1.0	1.0	26	26	26
rhimgCAMI2_short_read_pooled_megahit	LjRoot192	LjRoot192	1.0	1.0	23339	23339	23339	1.0	1.0	12	12	12
rhimgCAMI2_short_read_pooled_megahit	Chlamy107	Chlamy107	1.0	1.0	17181	17181	17181	1.0	1.0	19	19	19
rhimgCAMI2_short_read_pooled_megahit	3823_AC	3823_AC	1.0	1.0	19914	19914	19914	1.0	1.0	32	32	32
rhimgCAMI2_short_read_pooled_megahit	3934_AA	3934_AA	1.0	1.0	57015	57015	57015	1.0	1.0	47	47	47
rhimgCAMI2_short_read_pooled_megahit	1107311.PRJNA221771	1107311.PRJNA221771	1.0	1.0	3561668	3561668	3561668	1.0	1.0	131	131	131
rhimgCAMI2_short_read_pooled_megahit	Chlamy125	Chlamy125	1.0	1.0	14518	14518	14518	1.0	1.0	20	20	20
rhimgCAMI2_short_read_pooled_megahit	1196323.PRJNA167831	1196323.PRJNA167831	1.0	1.0	8773	8773	8773	1.0	1.0	15	15	15
rhimgCAMI2_short_read_pooled_megahit	LjRoot9	LjRoot9	1.0	1.0	14980	14980	14980	1.0	1.0	21	21	21
rhimgCAMI2_short_read_pooled_megahit	Sarocladium_strictum_MPI_IT2_AT_0306.contigs	Sarocladium_strictum_MPI_IT2_AT_0306.contigs	1.0	1.0	37604	37604	37604	1.0	1.0	59	59	59
rhimgCAMI2_short_read_pooled_megahit	3934_CM	3934_CM	1.0	1.0	193954	193954	193954	1.0	1.0	90	90	90
rhimgCAMI2_short_read_pooled_megahit	196162.PRJNA12738	196162.PRJNA12738	1.0	1.0	17946	17946	17946	1.0	1.0	30	30	30
rhimgCAMI2_short_read_pooled_megahit	1223523.PRJNA188290	1223523.PRJNA188290	1.0	1.0	2931	2931	2931	1.0	1.0	5	5	5
rhimgCAMI2_short_read_pooled_megahit	Phialocephala_fortinii_MPI_SW4_AT_0551.contigs	Phialocephala_fortinii_MPI_SW4_AT_0551.contigs	1.0	1.0	12020	12020	12020	1.0	1.0	4	4	4
rhimgCAMI2_short_read_pooled_megahit	443255.PRJNA42475	443255.PRJNA42475	1.0	1.0	1709	1709	1709	1.0	1.0	3	3	3
rhimgCAMI2_short_read_pooled_megahit	1283299.PRJNA186462	1283299.PRJNA186462	1.0	1.0	31300	31300	31300	1.0	1.0	52	52	52
rhimgCAMI2_short_read_pooled_megahit	485917.PRJNA27949	485917.PRJNA27949	1.0	1.0	1112	1112	1112	1.0	1.0	2	2	2
rhimgCAMI2_short_read_pooled_megahit	1285586.PRJNA186959	1285586.PRJNA186959	1.0	1.0	802	802	802	1.0	1.0	1	1	1
rhimgCAMI2_short_read_pooled_megahit	1343740.PRJNA207502	1343740.PRJNA207502	1.0	1.0	1345	1345	1345	1.0	1.0	2	2	2
rhimgCAMI2_short_read_pooled_megahit	591167.PRJNA33771	591167.PRJNA33771	1.0	1.0	799	799	799	1.0	1.0	1	1	1
rhimgCAMI2_short_read_pooled_megahit	520709.PRJNA183323	520709.PRJNA183323	1.0	1.0	2532	2532	2532	1.0	1.0	4	4	4
rhimgCAMI2_short_read_pooled_megahit	3823_U	3823_U	1.0	1.0	523	523	523	1.0	1.0	1	1	1
rhimgCAMI2_short_read_pooled_megahit	LjRoot143	LjRoot143	1.0	1.0	4240	4240	4240	1.0	1.0	6	6	6
rhimgCAMI2_short_read_pooled_megahit	3934_AP	3934_AP	1.0	1.0	1678	1678	1678	1.0	1.0	3	3	3
rhimgCAMI2_short_read_pooled_megahit	457427.PRJNA33605	457427.PRJNA33605	1.0	1.0	1814	1814	1814	1.0	1.0	3	3	3
rhimgCAMI2_short_read_pooled_megahit	106592.PRJNA247817	106592.PRJNA247817	1.0	1.0	2356	2356	2356	1.0	1.0	4	4	4
rhimgCAMI2_short_read_pooled_megahit	3934_AE	3934_AE	1.0	1.0	1102	1102	1102	1.0	1.0	2	2	2
rhimgCAMI2_short_read_pooled_megahit	323848.PRJNA13912	323848.PRJNA13912	1.0	1.0	46625	46625	46625	1.0	1.0	4	4	4
rhimgCAMI2_short_read_pooled_megahit	690598.PRJNA41633	690598.PRJNA41633	1.0	1.0	2804	2804	2804	1.0	1.0	5	5	5
rhimgCAMI2_short_read_pooled_megahit	315750.PRJNA20391	315750.PRJNA20391	1.0	1.0	562	562	562	1.0	1.0	1	1	1
rhimgCAMI2_short_read_pooled_megahit	1449976.PRJNA235190	1449976.PRJNA235190	1.0	1.0	570	570	570	1.0	1.0	1	1	1
rhimgCAMI2_short_read_pooled_megahit	1131730.PRJNA80825	1131730.PRJNA80825	1.0	1.0	1560	1560	1560	1.0	1.0	2	2	2
rhimgCAMI2_short_read_pooled_megahit	394503.PRJNA17419	394503.PRJNA17419	1.0	1.0	1015	1015	1015	1.0	1.0	2	2	2
rhimgCAMI2_short_read_pooled_megahit	1439940.PRJNA232351	1439940.PRJNA232351	1.0	1.0	2860	2860	2860	1.0	1.0	5	5	5
rhimgCAMI2_short_read_pooled_megahit	1038862.PRJNA170887	1038862.PRJNA170887	1.0	1.0	83814	83814	83814	1.0	1.0	4	4	4
rhimgCAMI2_short_read_pooled_megahit	3934_AM	3934_AM	1.0	1.0	503	503	503	1.0	1.0	1	1	1
rhimgCAMI2_short_read_pooled_megahit	234267.PRJNA12638	234267.PRJNA12638	1.0	1.0	625	625	625	1.0	1.0	1	1	1
rhimgCAMI2_short_read_pooled_megahit	316330.PRJNA201009	316330.PRJNA201009	1.0	1.0	547	547	547	1.0	1.0	1	1	1
rhimgCAMI2_short_read_pooled_megahit	930171.PRJNA20087	930171.PRJNA20087	1.0	1.0	3170	3170	3170	1.0	1.0	5	5	5
rhimgCAMI2_short_read_pooled_megahit	3823_AN	3823_AN	1.0	1.0	935	935	935	1.0	1.0	1	1	1
rhimgCAMI2_short_read_pooled_megahit	323097.PRJNA13473	323097.PRJNA13473	1.0	1.0	1313	1313	1313	1.0	1.0	2	2	2
rhimgCAMI2_short_read_pooled_megahit	Chlamy44	Chlamy44	1.0	1.0	813	813	813	1.0	1.0	1	1	1
rhimgCAMI2_short_read_pooled_megahit	Chlamy80	Chlamy80	1.0	1.0	525	525	525	1.0	1.0	1	1	1
rhimgCAMI2_short_read_pooled_megahit	446465.PRJNA17026	446465.PRJNA17026	1.0	1.0	583	583	583	1.0	1.0	1	1	1
rhimgCAMI2_short_read_pooled_megahit	3823_C	3823_C	1.0	1.0	1415	1415	1415	1.0	1.0	2	2	2
rhimgCAMI2_short_read_pooled_megahit	627192.PRJNA67115	627192.PRJNA67115	1.0	1.0	597	597	597	1.0	1.0	1	1	1
rhimgCAMI2_short_read_pooled_megahit	LjRoot44	LjRoot186	1.0	1.0	532	532	532	1.0	1.0	1	1	1
rhimgCAMI2_short_read_pooled_megahit	LjRoot186	LjRoot186	1.0	1.0	532	532	532	1.0	1.0	1	1	1
rhimgCAMI2_short_read_pooled_megahit	1089549.PRJNA86067	1089549.PRJNA86067	1.0	1.0	570	570	570	1.0	1.0	1	1	1
rhimgCAMI2_short_read_pooled_megahit	316.PRJNA240232	316.PRJNA240232	1.0	1.0	529	529	529	1.0	1.0	1	1	1
rhimgCAMI2_short_read_pooled_megahit	Chlamy176	Chlamy176	1.0	1.0	1285	1285	1285	1.0	1.0	2	2	2
rhimgCAMI2_short_read_pooled_megahit	1121372.PRJNA188856	1121372.PRJNA188856	1.0	1.0	538	538	538	1.0	1.0	1	1	1
rhimgCAMI2_short_read_pooled_megahit	485913.PRJNA27943	485913.PRJNA27943	1.0	1.0	524	524	524	1.0	1.0	1	1	1
rhimgCAMI2_short_read_pooled_megahit	3934_AT	3934_AT	1.0	1.0	511	511	511	1.0	1.0	1	1	1
rhimgCAMI2_short_read_pooled_megahit	277.PRJNA260561	277.PRJNA260561	1.0	1.0	1860	1860	1860	1.0	1.0	2	2	2
rhimgCAMI2_short_read_pooled_megahit	1405.PRJNA243593	1405.PRJNA243593	1.0	1.0	634	634	634	1.0	1.0	1	1	1
rhimgCAMI2_short_read_pooled_megahit	861299.PRJNA194094	861299.PRJNA194094	1.0	1.0	599	599	599	1.0	1.0	1	1	1
rhimgCAMI2_short_read_pooled_megahit	469383.PRJNA20745	469383.PRJNA20745	1.0	1.0	634	634	634	1.0	1.0	1	1	1
rhimgCAMI2_short_read_pooled_megahit	236814.PRJNA256039	236814.PRJNA256039	1.0	1.0	1112	1112	1112	1.0	1.0	1	1	1
rhimgCAMI2_short_read_pooled_megahit	553385.PRJNA237992	553385.PRJNA237992	1.0	1.0	1047	1047	1047	1.0	1.0	2	2	2
rhimgCAMI2_short_read_pooled_megahit	76114.PRJNA13242	76114.PRJNA13242	1.0	1.0	12711	12711	12711	1.0	1.0	4	4	4
rhimgCAMI2_short_read_pooled_megahit	Chlamy7	Chlamy7	1.0	1.0	35330	35330	35330	1.0	1.0	2	2	2
rhimgCAMI2_short_read_pooled_megahit	1295141.PRJNA189715	1295141.PRJNA189715	1.0	1.0	6530	6530	6530	1.0	1.0	11	11	11
rhimgCAMI2_short_read_pooled_megahit	935543.PRJNA169686	935543.PRJNA169686	1.0	1.0	113667	113667	113667	1.0	1.0	11	11	11
rhimgCAMI2_short_read_pooled_megahit	1367847.PRJNA212980	1367847.PRJNA212980	1.0	1.0	3630	3630	3630	1.0	1.0	6	6	6
rhimgCAMI2_short_read_pooled_megahit	290402.PRJNA12637	290402.PRJNA12637	1.0	1.0	507	507	507	1.0	1.0	1	1	1
rhimgCAMI2_short_read_pooled_megahit	452863.PRJNA20011	452863.PRJNA20011	1.0	1.0	576	576	576	1.0	1.0	1	1	1
rhimgCAMI2_short_read_pooled_megahit	546414.PRJNA16691	546414.PRJNA16691	1.0	1.0	505	505	505	1.0	1.0	1	1	1
rhimgCAMI2_short_read_pooled_megahit	1312954.PRJNA232074	1312954.PRJNA232074	1.0	1.0	4669	4669	4669	1.0	1.0	8	8	8
rhimgCAMI2_short_read_pooled_megahit	LjRoot17	LjRoot17	1.0	1.0	2627	2627	2627	1.0	1.0	4	4	4
rhimgCAMI2_short_read_pooled_megahit	287986.PRJNA244719	287986.PRJNA244719	1.0	1.0	2082	2082	2082	1.0	1.0	4	4	4
rhimgCAMI2_short_read_pooled_megahit	LjRoot33	LjRoot33	1.0	1.0	81746	81746	81746	1.0	1.0	10	10	10
rhimgCAMI2_short_read_pooled_megahit	398527.PRJNA17463	398527.PRJNA17463	1.0	1.0	109732	109732	109732	1.0	1.0	9	9	9
rhimgCAMI2_short_read_pooled_megahit	1432050.PRJNA230502	1432050.PRJNA230502	1.0	1.0	4201	4201	4201	1.0	1.0	7	7	7
rhimgCAMI2_short_read_pooled_megahit	LjRoot71	LjRoot71	1.0	1.0	1077	1077	1077	1.0	1.0	2	2	2
rhimgCAMI2_short_read_pooled_megahit	525903.PRJNA29531	525903.PRJNA29531	1.0	1.0	723	723	723	1.0	1.0	1	1	1
rhimgCAMI2_short_read_pooled_megahit	1387231.PRJNA215329	1387231.PRJNA215329	1.0	1.0	7587	7587	7587	1.0	1.0	7	7	7
rhimgCAMI2_short_read_pooled_megahit	3934_BL	3934_BL	1.0	1.0	2896	2896	2896	1.0	1.0	5	5	5
rhimgCAMI2_short_read_pooled_megahit	3934_Z	3934_Z	1.0	1.0	5556	5556	5556	1.0	1.0	8	8	8
rhimgCAMI2_short_read_pooled_megahit	Chlamy123	Chlamy123	1.0	1.0	3182	3182	3182	1.0	1.0	3	3	3
rhimgCAMI2_short_read_pooled_megahit	3823_AL	3823_AL	1.0	1.0	1636	1636	1636	1.0	1.0	2	2	2
rhimgCAMI2_short_read_pooled_megahit	1005941.PRJNA171367	1005941.PRJNA171367	1.0	1.0	2226	2226	2226	1.0	1.0	4	4	4
rhimgCAMI2_short_read_pooled_megahit	1159488.PRJEA88899	1159488.PRJEA88899	1.0	1.0	11586	11586	11586	1.0	1.0	19	19	19
rhimgCAMI2_short_read_pooled_megahit	926554.PRJNA66373	926554.PRJNA66373	1.0	1.0	1266	1266	1266	1.0	1.0	2	2	2
rhimgCAMI2_short_read_pooled_megahit	1380763.PRJNA238415	1380763.PRJNA238415	1.0	1.0	650	650	650	1.0	1.0	1	1	1
rhimgCAMI2_short_read_pooled_megahit	401053.PRJNA48971	401053.PRJNA48971	1.0	1.0	3471	3471	3471	1.0	1.0	6	6	6
rhimgCAMI2_short_read_pooled_megahit	Chlamy71	Chlamy71	1.0	1.0	3338	3338	3338	1.0	1.0	4	4	4
rhimgCAMI2_short_read_pooled_megahit	LjRoot104	LjRoot104	1.0	1.0	53124	53124	53124	1.0	1.0	3	3	3
rhimgCAMI2_short_read_pooled_megahit	1217721.PRJNA254093	1217721.PRJNA254093	1.0	1.0	620	620	620	1.0	1.0	1	1	1
rhimgCAMI2_short_read_pooled_megahit	LjRoot18	LjRoot18	1.0	1.0	8110	8110	8110	1.0	1.0	6	6	6
rhimgCAMI2_short_read_pooled_megahit	LjRoot10	LjRoot10	1.0	1.0	1272	1272	1272	1.0	1.0	2	2	2
rhimgCAMI2_short_read_pooled_megahit	3934_I	3934_I	1.0	1.0	1827	1827	1827	1.0	1.0	3	3	3
rhimgCAMI2_short_read_pooled_megahit	3823_H	3823_H	1.0	1.0	8011	8011	8011	1.0	1.0	14	14	14
rhimgCAMI2_short_read_pooled_megahit	525897.PRJNA29527	525897.PRJNA29527	1.0	1.0	523	523	523	1.0	1.0	1	1	1
rhimgCAMI2_short_read_pooled_megahit	3934_AD	3934_AD	1.0	1.0	27777	27777	27777	1.0	1.0	12	12	12
rhimgCAMI2_short_read_pooled_megahit	3934_CB	3934_CB	1.0	1.0	1979	1979	1979	1.0	1.0	3	3	3
rhimgCAMI2_short_read_pooled_megahit	3937_Y	3937_Y	1.0	1.0	1602	1602	1602	1.0	1.0	3	3	3
rhimgCAMI2_short_read_pooled_megahit	365046.PRJNA16294	365046.PRJNA16294	1.0	1.0	123894	123894	123894	1.0	1.0	9	9	9
rhimgCAMI2_short_read_pooled_megahit	479433.PRJNA21085	479433.PRJNA21085	1.0	1.0	2543	2543	2543	1.0	1.0	4	4	4
rhimgCAMI2_short_read_pooled_megahit	Chlamy165	Chlamy165	1.0	1.0	17139	17139	17139	1.0	1.0	24	24	24
rhimgCAMI2_short_read_pooled_megahit	3934_BA	3934_BA	1.0	1.0	5084	5084	5084	1.0	1.0	6	6	6
rhimgCAMI2_short_read_pooled_megahit	591159.PRJNA33607	591159.PRJNA33607	1.0	1.0	3408	3408	3408	1.0	1.0	6	6	6
rhimgCAMI2_short_read_pooled_megahit	3934_AX	3934_AX	1.0	1.0	662	662	662	1.0	1.0	1	1	1
rhimgCAMI2_short_read_pooled_megahit	709986.PRJNA43461	709986.PRJNA43461	1.0	1.0	1623	1623	1623	1.0	1.0	3	3	3
rhimgCAMI2_short_read_pooled_megahit	LjRoot49	LjRoot49	1.0	1.0	599	599	599	1.0	1.0	1	1	1
rhimgCAMI2_short_read_pooled_megahit	3823_AM	3823_AM	1.0	1.0	3352	3352	3352	1.0	1.0	5	5	5
rhimgCAMI2_short_read_pooled_megahit	3937_Q	3937_Q	1.0	1.0	1933	1933	1933	1.0	1.0	3	3	3
rhimgCAMI2_short_read_pooled_megahit	1178482.PRJNA214306	1178482.PRJNA214306	1.0	1.0	25786	25786	25786	1.0	1.0	42	42	42
rhimgCAMI2_short_read_pooled_megahit	3823_N	3823_N	1.0	1.0	62306	62306	62306	1.0	1.0	100	100	100
rhimgCAMI2_short_read_pooled_megahit	443143.PRJNA33159	443143.PRJNA33159	1.0	1.0	30407	30407	30407	1.0	1.0	47	47	47
rhimgCAMI2_short_read_pooled_megahit	3823_AA	3823_AA	1.0	1.0	12421954	12421954	12421954	1.0	1.0	8433	8433	8433
rhimgCAMI2_short_read_pooled_megahit	3823_L	3823_L	1.0	1.0	5729896	5729896	5729896	1.0	1.0	3807	3807	3807
rhimgCAMI2_short_read_pooled_megahit	Chlamy9	Chlamy9	1.0	1.0	4709847	4709847	4709847	1.0	1.0	364	364	364
rhimgCAMI2_short_read_pooled_megahit	1292035.PRJNA188694	1292035.PRJNA188694	1.0	1.0	3573660	3573660	3573660	1.0	1.0	1610	1610	1610
rhimgCAMI2_short_read_pooled_megahit	395965.PRJNA20635	395965.PRJNA20635	1.0	1.0	1526295	1526295	1526295	1.0	1.0	2016	2016	2016
rhimgCAMI2_short_read_pooled_megahit	Paraphoma_chrysanthemicola_MPI_SDFR_AT_0093.contigs	Paraphoma_chrysanthemicola_MPI_SDFR_AT_0093.contigs	1.0	1.0	2286308	2286308	2286308	1.0	1.0	3360	3360	3360
rhimgCAMI2_short_read_pooled_megahit	Phaeosphaeria_eustoma_MPI_SP2_AT_0401.contigs	Phaeosphaeria_eustoma_MPI_SP2_AT_0401.contigs	1.0	1.0	5408273	5408273	5408273	1.0	1.0	6842	6842	6842
rhimgCAMI2_short_read_pooled_megahit	LjRoot69	LjRoot69	1.0	1.0	2487939	2487939	2487939	1.0	1.0	1354	1354	1354
rhimgCAMI2_short_read_pooled_megahit	3823_AP	3823_AP	1.0	1.0	953417	953417	953417	1.0	1.0	619	619	619
rhimgCAMI2_short_read_pooled_megahit	Paraphoma_chrysanthemicola_MPI_SDFR_AT_0118.contigs	Paraphoma_chrysanthemicola_MPI_SDFR_AT_0118.contigs	1.0	1.0	6796108	6796108	6796108	1.0	1.0	9573	9573	9573
rhimgCAMI2_short_read_pooled_megahit	3823_F	3823_F	1.0	1.0	2571337	2571337	2571337	1.0	1.0	3719	3719	3719
rhimgCAMI2_short_read_pooled_megahit	Phaeosphaeria_eustoma_MPI_FR1_AT_0339.contigs	Phaeosphaeria_eustoma_MPI_FR1_AT_0339.contigs	1.0	1.0	21346982	21346982	21346982	1.0	1.0	25545	25545	25545
rhimgCAMI2_short_read_pooled_megahit	3934_BI	3934_BI	1.0	1.0	5355346	5355346	5355346	1.0	1.0	2692	2692	2692
rhimgCAMI2_short_read_pooled_megahit	LjRoot120	LjRoot120	1.0	1.0	1327330	1327330	1327330	1.0	1.0	1576	1576	1576
rhimgCAMI2_short_read_pooled_megahit	LjRoot184	LjRoot184	1.0	1.0	5044805	5044805	5044805	1.0	1.0	3087	3087	3087
rhimgCAMI2_short_read_pooled_megahit	Chlamy84	Chlamy84	1.0	1.0	7757982	7757982	7757982	1.0	1.0	4897	4897	4897
rhimgCAMI2_short_read_pooled_megahit	Chlamy183	Chlamy183	1.0	1.0	3705002	3705002	3705002	1.0	1.0	4255	4255	4255
rhimgCAMI2_short_read_pooled_megahit	Chlamy37	Chlamy37	1.0	1.0	2797657	2797657	2797657	1.0	1.0	3416	3416	3416
rhimgCAMI2_short_read_pooled_megahit	LjRoot139	LjRoot139	1.0	1.0	2434669	2434669	2434669	1.0	1.0	1710	1710	1710
rhimgCAMI2_short_read_pooled_megahit	Embellisia_chlamydospora_MPI_FR1_AT_0336.contigs	Embellisia_chlamydospora_MPI_FR1_AT_0336.contigs	1.0	1.0	3417476	3417476	3417476	1.0	1.0	5134	5134	5134
rhimgCAMI2_short_read_pooled_megahit	720555.PRJNA46075	720555.PRJNA46075	1.0	1.0	3264853	3264853	3264853	1.0	1.0	3110	3110	3110
rhimgCAMI2_short_read_pooled_megahit	LjRoot153	LjRoot153	1.0	1.0	4621236	4621236	4621236	1.0	1.0	5469	5469	5469
rhimgCAMI2_short_read_pooled_megahit	1254432.PRJNA179502	1254432.PRJNA179502	1.0	1.0	434385	434385	434385	1.0	1.0	686	686	686
rhimgCAMI2_short_read_pooled_megahit	3823_AJ	3823_AJ	1.0	1.0	3898036	3898036	3898036	1.0	1.0	4266	4266	4266
rhimgCAMI2_short_read_pooled_megahit	3934_AG	3934_AG	1.0	1.0	3968803	3968803	3968803	1.0	1.0	4137	4137	4137
rhimgCAMI2_short_read_pooled_megahit	Cylindrocarpon_pauciseptatum_MPI_SP2_AT_0468.contigs	Cylindrocarpon_pauciseptatum_MPI_SP2_AT_0468.contigs	1.0	1.0	223823	223823	223823	1.0	1.0	343	343	343
rhimgCAMI2_short_read_pooled_megahit	LjRoot34	LjRoot34	1.0	1.0	1806068	1806068	1806068	1.0	1.0	2584	2584	2584
rhimgCAMI2_short_read_pooled_megahit	Cryptosporiopsis_ericae_MPI_SW4_AT_0549.contigs	Cryptosporiopsis_ericae_MPI_SW4_AT_0549.contigs	1.0	1.0	837458	837458	837458	1.0	1.0	1268	1268	1268
rhimgCAMI2_short_read_pooled_megahit	Chlamy6	Chlamy6	1.0	1.0	7509538	7509538	7509538	1.0	1.0	3640	3640	3640
rhimgCAMI2_short_read_pooled_megahit	LjRoot101	LjRoot101	1.0	1.0	4927708	4927708	4927708	1.0	1.0	1402	1402	1402
rhimgCAMI2_short_read_pooled_megahit	Chlamy109	Chlamy109	1.0	1.0	2514782	2514782	2514782	1.0	1.0	3421	3421	3421
rhimgCAMI2_short_read_pooled_megahit	LjRoot183	LjRoot183	1.0	1.0	8711273	8711273	8711273	1.0	1.0	987	987	987
rhimgCAMI2_short_read_pooled_megahit	3934_BR	3934_BR	1.0	1.0	6135445	6135445	6135445	1.0	1.0	1111	1111	1111
rhimgCAMI2_short_read_pooled_megahit	LjRoot152	LjRoot152	1.0	1.0	8433123	8433123	8433123	1.0	1.0	4964	4964	4964
rhimgCAMI2_short_read_pooled_megahit	3823_Q	3823_Q	1.0	1.0	3445678	3445678	3445678	1.0	1.0	3351	3351	3351
rhimgCAMI2_short_read_pooled_megahit	3934_BD	3934_BD	1.0	1.0	1002194	1002194	1002194	1.0	1.0	982	982	982
rhimgCAMI2_short_read_pooled_megahit	LjRoot181	LjRoot181	1.0	1.0	3121791	3121791	3121791	1.0	1.0	3152	3152	3152
rhimgCAMI2_short_read_pooled_megahit	Fusarium_oxysporum_MPI_IT2_AT_0302.contigs	Fusarium_oxysporum_MPI_IT2_AT_0302.contigs	1.0	1.0	12566541	12566541	12566541	1.0	1.0	6944	6944	6944
rhimgCAMI2_short_read_pooled_megahit	LjRoot3	LjRoot3	1.0	1.0	5114870	5114870	5114870	1.0	1.0	2145	2145	2145
rhimgCAMI2_short_read_pooled_megahit	Sporobolomyces_sasicola_MPI_IT2_AT_0310.contigs	Sporobolomyces_sasicola_MPI_IT2_AT_0310.contigs	1.0	1.0	8163414	8163414	8163414	1.0	1.0	11847	11847	11847
rhimgCAMI2_short_read_pooled_megahit	3823_AK	3823_AK	1.0	1.0	6030453	6030453	6030453	1.0	1.0	2493	2493	2493
rhimgCAMI2_short_read_pooled_megahit	LjRoot13	LjRoot13	1.0	1.0	3107536	3107536	3107536	1.0	1.0	3326	3326	3326
rhimgCAMI2_short_read_pooled_megahit	Fusarium_oxysporum_MPI_FR1_AT_0335.contigs	Fusarium_oxysporum_MPI_FR1_AT_0335.contigs	1.0	1.0	8803170	8803170	8803170	1.0	1.0	5582	5582	5582
rhimgCAMI2_short_read_pooled_megahit	LjRoot16	LjRoot16	1.0	1.0	6112062	6112062	6112062	1.0	1.0	176	176	176
rhimgCAMI2_short_read_pooled_megahit	LjRoot177	LjRoot177	1.0	1.0	4429555	4429555	4429555	1.0	1.0	1551	1551	1551
rhimgCAMI2_short_read_pooled_megahit	3934_D	3934_D	1.0	1.0	2468709	2468709	2468709	1.0	1.0	2779	2779	2779
rhimgCAMI2_short_read_pooled_megahit	Chlamy149	Chlamy149	1.0	1.0	1248455	1248455	1248455	1.0	1.0	907	907	907
rhimgCAMI2_short_read_pooled_megahit	1121033.PRJNA185555	1121033.PRJNA185555	1.0	1.0	6789286	6789286	6789286	1.0	1.0	2594	2594	2594
rhimgCAMI2_short_read_pooled_megahit	Macrophomina_phaseolina_MPI_SDFR_AT_0085.contigs	Macrophomina_phaseolina_MPI_SDFR_AT_0085.contigs	1.0	1.0	48768708	48768708	48768708	1.0	1.0	12013	12013	12013
rhimgCAMI2_short_read_pooled_megahit	3934_E	3934_E	1.0	1.0	2164144	2164144	2164144	1.0	1.0	1556	1556	1556
rhimgCAMI2_short_read_pooled_megahit	Phialocephala_fortinii_MPI_SW4_AT_0651.contigs	Phialocephala_fortinii_MPI_SW4_AT_0651.contigs	1.0	1.0	20107038	20107038	20107038	1.0	1.0	26097	26097	26097
rhimgCAMI2_short_read_pooled_megahit	Metacordyceps_chlamydosporia_MPI_IT2_AT_0323.contigs	Metacordyceps_chlamydosporia_MPI_IT2_AT_0323.contigs	1.0	1.0	9680518	9680518	9680518	1.0	1.0	13495	13495	13495
rhimgCAMI2_short_read_pooled_megahit	3934_CK	3934_CK	1.0	1.0	8390484	8390484	8390484	1.0	1.0	5014	5014	5014
rhimgCAMI2_short_read_pooled_megahit	3934_CH	3934_CH	1.0	1.0	1020124	1020124	1020124	1.0	1.0	1337	1337	1337
rhimgCAMI2_short_read_pooled_megahit	3934_BF	3934_BF	1.0	1.0	7625344	7625344	7625344	1.0	1.0	4975	4975	4975
rhimgCAMI2_short_read_pooled_megahit	Chlamy53	Chlamy53	1.0	1.0	5162514	5162514	5162514	1.0	1.0	4332	4332	4332
rhimgCAMI2_short_read_pooled_megahit	Truncatella_angustata_MPI_SW4_AT_0541.contigs	Truncatella_angustata_MPI_SW4_AT_0541.contigs	1.0	1.0	19281143	19281143	19281143	1.0	1.0	24992	24992	24992
rhimgCAMI2_short_read_pooled_megahit	3823_W	3823_W	1.0	1.0	8334535	8334535	8334535	1.0	1.0	5921	5921	5921
rhimgCAMI2_short_read_pooled_megahit	LjRoot103	LjRoot103	1.0	1.0	3103701	3103701	3103701	1.0	1.0	3164	3164	3164
rhimgCAMI2_short_read_pooled_megahit	3823_AW	3823_AW	1.0	1.0	6260015	6260015	6260015	1.0	1.0	5219	5219	5219
rhimgCAMI2_short_read_pooled_megahit	3934_K	3934_K	1.0	1.0	6672462	6672462	6672462	1.0	1.0	2363	2363	2363
rhimgCAMI2_short_read_pooled_megahit	3823_E	3823_E	1.0	1.0	6975364	6975364	6975364	1.0	1.0	530	530	530
rhimgCAMI2_short_read_pooled_megahit	1463864.PRJNA238534	1463864.PRJNA238534	1.0	1.0	12504761	12504761	12504761	1.0	1.0	9859	9859	9859
rhimgCAMI2_short_read_pooled_megahit	GCF_000001735.4_TAIR10.1_genomic	GCF_000001735.4_TAIR10.1_genomic	1.0	1.0	95723661	95723661	95723661	1.0	1.0	84141	84141	84141
rhimgCAMI2_short_read_pooled_megahit	743713.PRJNA68653	743713.PRJNA68653	1.0	1.0	6400926	6400926	6400926	1.0	1.0	1052	1052	1052
rhimgCAMI2_short_read_pooled_megahit	509635.PRJNA214790	509635.PRJNA214790	1.0	1.0	1286495	1286495	1286495	1.0	1.0	1850	1850	1850
rhimgCAMI2_short_read_pooled_megahit	1120950.PRJNA169810	1120950.PRJNA169810	1.0	1.0	55999	55999	55999	1.0	1.0	94	94	94
rhimgCAMI2_short_read_pooled_megahit	LjNodule212	LjNodule212	1.0	1.0	12447746	12447746	12447746	1.0	1.0	9282	9282	9282
rhimgCAMI2_short_read_pooled_megahit	Cladosporium_rectoides_MPI_GEGE_AT_0032.contigs	Cladosporium_rectoides_MPI_GEGE_AT_0032.contigs	1.0	1.0	7055105	7055105	7055105	1.0	1.0	10118	10118	10118
rhimgCAMI2_short_read_pooled_megahit	1267981.PRJNA232073	1267981.PRJNA232073	1.0	1.0	2483477	2483477	2483477	1.0	1.0	2262	2262	2262
rhimgCAMI2_short_read_pooled_megahit	LjRoot196	LjRoot196	1.0	1.0	6226053	6226053	6226053	1.0	1.0	4820	4820	4820
rhimgCAMI2_short_read_pooled_megahit	1124780.PRJNA182711	1124780.PRJNA182711	1.0	1.0	2720130	2720130	2720130	1.0	1.0	3196	3196	3196
rhimgCAMI2_short_read_pooled_megahit	LjRoot66	LjRoot66	1.0	1.0	3312187	3312187	3312187	1.0	1.0	3381	3381	3381
rhimgCAMI2_short_read_pooled_megahit	Phomopsis_columnaris_MPI_SW4_AT_0540.contigs	Phomopsis_columnaris_MPI_SW4_AT_0540.contigs	1.0	1.0	6676786	6676786	6676786	1.0	1.0	10249	10249	10249
rhimgCAMI2_short_read_pooled_megahit	Verticillium_dahliae_MPI_FR1_AT_0353.contigs	Verticillium_dahliae_MPI_FR1_AT_0353.contigs	1.0	1.0	3678921	3678921	3678921	1.0	1.0	5489	5489	5489
rhimgCAMI2_short_read_pooled_megahit	Fusarium_oxysporum_MPI_SP2_AT_0407.contigs	Fusarium_oxysporum_MPI_SP2_AT_0407.contigs	1.0	1.0	14729165	14729165	14729165	1.0	1.0	8354	8354	8354
rhimgCAMI2_short_read_pooled_megahit	LjRoot109	LjRoot109	1.0	1.0	5807740	5807740	5807740	1.0	1.0	3606	3606	3606
rhimgCAMI2_short_read_pooled_megahit	LjRoot79	LjRoot79	1.0	1.0	4416058	4416058	4416058	1.0	1.0	3161	3161	3161
rhimgCAMI2_short_read_pooled_megahit	3823_D	3823_D	1.0	1.0	951320	951320	951320	1.0	1.0	1312	1312	1312
rhimgCAMI2_short_read_pooled_megahit	LjRoot90	LjRoot90	1.0	1.0	5021854	5021854	5021854	1.0	1.0	4517	4517	4517
rhimgCAMI2_short_read_pooled_megahit	1419583.PRJNA227201	1419583.PRJNA227201	1.0	1.0	21004519	21004519	21004519	1.0	1.0	26019	26019	26019
rhimgCAMI2_short_read_pooled_megahit	Fusarium_oxysporum_MPI_PUGE_AT_0057.contigs	Fusarium_oxysporum_MPI_PUGE_AT_0057.contigs	1.0	1.0	22227485	22227485	22227485	1.0	1.0	11221	11221	11221
rhimgCAMI2_short_read_pooled_megahit	Fusarium_oxysporum_MPI_CAGE_AT_0013.contigs	Fusarium_oxysporum_MPI_CAGE_AT_0013.contigs	1.0	1.0	27837044	27837044	27837044	1.0	1.0	14604	14604	14604
rhimgCAMI2_short_read_pooled_megahit	Fusarium_oxysporum_MPI_CAGE_CH_0226.contigs	Fusarium_oxysporum_MPI_CAGE_CH_0226.contigs	1.0	1.0	10513203	10513203	10513203	1.0	1.0	6455	6455	6455
rhimgCAMI2_short_read_pooled_megahit	Hypocrea_atroviridis_MPI_SP2_AT_0434.contigs	Hypocrea_atroviridis_MPI_SP2_AT_0434.contigs	1.0	1.0	5709292	5709292	5709292	1.0	1.0	8383	8383	8383
rhimgCAMI2_short_read_pooled_megahit	3823_P	3823_P	1.0	1.0	8289788	8289788	8289788	1.0	1.0	3696	3696	3696
rhimgCAMI2_short_read_pooled_megahit	1214242.PRJNA171216	1214242.PRJNA171216	1.0	1.0	14529436	14529436	14529436	1.0	1.0	12337	12337	12337
rhimgCAMI2_short_read_pooled_megahit	1217718.PRJNA171721	1217718.PRJNA171721	1.0	1.0	2771787	2771787	2771787	1.0	1.0	3178	3178	3178
rhimgCAMI2_short_read_pooled_megahit	Neonectria_radicicola_MPI_CAGE_CH_0236.contigs	Neonectria_radicicola_MPI_CAGE_CH_0236.contigs	1.0	1.0	68639519	68639519	68639519	1.0	1.0	34461	34461	34461
rhimgCAMI2_short_read_pooled_megahit	446462.PRJNA19705	446462.PRJNA19705	1.0	1.0	3593928	3593928	3593928	1.0	1.0	4382	4382	4382
rhimgCAMI2_short_read_pooled_megahit	Peyronellaea_curtisii_MPI_SP2_AT_0415.contigs	Peyronellaea_curtisii_MPI_SP2_AT_0415.contigs	1.0	1.0	16747653	16747653	16747653	1.0	1.0	20726	20726	20726
rhimgCAMI2_short_read_pooled_megahit	LjRoot202	LjRoot202	1.0	1.0	662351	662351	662351	1.0	1.0	909	909	909
rhimgCAMI2_short_read_pooled_megahit	3934_AI	3934_AI	1.0	1.0	4471999	4471999	4471999	1.0	1.0	1768	1768	1768
rhimgCAMI2_short_read_pooled_megahit	1121272.PRJNA165369	1121272.PRJNA165369	1.0	1.0	7855224	7855224	7855224	1.0	1.0	1138	1138	1138
rhimgCAMI2_short_read_pooled_megahit	1120967.PRJNA185542	1120967.PRJNA185542	1.0	1.0	5822534	5822534	5822534	1.0	1.0	649	649	649
rhimgCAMI2_short_read_pooled_megahit	3823_G	3823_G	1.0	1.0	5719192	5719192	5719192	1.0	1.0	153	153	153
rhimgCAMI2_short_read_pooled_megahit	1048983.PRJNA245774	1048983.PRJNA245774	1.0	1.0	35966	35966	35966	1.0	1.0	60	60	60
rhimgCAMI2_short_read_pooled_megahit	Rhizopycnis_vagum_MPI_FR1_AT_0346.contigs	Rhizopycnis_vagum_MPI_FR1_AT_0346.contigs	1.0	1.0	582403	582403	582403	1.0	1.0	892	892	892
rhimgCAMI2_short_read_pooled_megahit	3823_B	3823_B	1.0	1.0	98855	98855	98855	1.0	1.0	58	58	58
rhimgCAMI2_short_read_pooled_megahit	1286171.PRJNA187031	1286171.PRJNA187031	1.0	1.0	138387	138387	138387	1.0	1.0	209	209	209
rhimgCAMI2_short_read_pooled_megahit	Leptodontidium_orchidicola_MPI_SW4_AT_0643.contigs	Leptodontidium_orchidicola_MPI_SW4_AT_0643.contigs	1.0	1.0	778306	778306	778306	1.0	1.0	1176	1176	1176
rhimgCAMI2_short_read_pooled_megahit	1120948.PRJNA165357	1120948.PRJNA165357	1.0	1.0	63650	63650	63650	1.0	1.0	108	108	108
rhimgCAMI2_short_read_pooled_megahit	1096756.PRJNA208966	1096756.PRJNA208966	1.0	1.0	1414765	1414765	1414765	1.0	1.0	1851	1851	1851
rhimgCAMI2_short_read_pooled_megahit	LjRoot40	LjRoot40	1.0	1.0	8191045	8191045	8191045	1.0	1.0	613	613	613
rhimgCAMI2_short_read_pooled_megahit	3934_Q	3934_Q	1.0	1.0	2254680	2254680	2254680	1.0	1.0	1570	1570	1570
rhimgCAMI2_short_read_pooled_megahit	Plectosphaerella_cucumerina_MPI_SP2_AT_0421.contigs	Plectosphaerella_cucumerina_MPI_SP2_AT_0421.contigs	1.0	1.0	263287	263287	263287	1.0	1.0	402	402	402
rhimgCAMI2_short_read_pooled_megahit	LjRoot130	LjRoot130	1.0	1.0	2651033	2651033	2651033	1.0	1.0	1567	1567	1567
rhimgCAMI2_short_read_pooled_megahit	1205910.PRJNA169662	1205910.PRJNA169662	1.0	1.0	26375	26375	26375	1.0	1.0	45	45	45
rhimgCAMI2_short_read_pooled_megahit	Plectosphaerella_cucumerina_MPI_FR1_AT_0340.contigs	Plectosphaerella_cucumerina_MPI_FR1_AT_0340.contigs	1.0	1.0	279117	279117	279117	1.0	1.0	399	399	399
rhimgCAMI2_short_read_pooled_megahit	LjRoot170	LjRoot170	1.0	1.0	6264988	6264988	6264988	1.0	1.0	1855	1855	1855
rhimgCAMI2_short_read_pooled_megahit	LjRoot150	LjRoot150	1.0	1.0	881274	881274	881274	1.0	1.0	668	668	668
rhimgCAMI2_short_read_pooled_megahit	LjRoot28	LjRoot28	1.0	1.0	4957312	4957312	4957312	1.0	1.0	3444	3444	3444
rhimgCAMI2_short_read_pooled_megahit	3934_BP	3934_BP	1.0	1.0	5921007	5921007	5921007	1.0	1.0	1068	1068	1068
rhimgCAMI2_short_read_pooled_megahit	LjRoot182	LjRoot182	1.0	1.0	611311	611311	611311	1.0	1.0	507	507	507
rhimgCAMI2_short_read_pooled_megahit	LjRoot154	LjRoot154	1.0	1.0	486105	486105	486105	1.0	1.0	441	441	441
rhimgCAMI2_short_read_pooled_megahit	1120973.PRJNA174171	1120973.PRJNA174171	1.0	1.0	89606	89606	89606	1.0	1.0	151	151	151
rhimgCAMI2_short_read_pooled_megahit	246197.PRJNA1421	246197.PRJNA1421	1.0	1.0	172730	172730	172730	1.0	1.0	284	284	284
rhimgCAMI2_short_read_pooled_megahit	Gibellulopsis_nigrescens_MPI_SP2_AT_0410.contigs	Gibellulopsis_nigrescens_MPI_SP2_AT_0410.contigs	1.0	1.0	33986990	33986990	33986990	1.0	1.0	899	899	899
rhimgCAMI2_short_read_pooled_megahit	1120936.PRJNA185238	1120936.PRJNA185238	1.0	1.0	35247	35247	35247	1.0	1.0	60	60	60
rhimgCAMI2_short_read_pooled_megahit	Chlamy126	Chlamy126	1.0	1.0	371643	371643	371643	1.0	1.0	181	181	181
rhimgCAMI2_short_read_pooled_megahit	LjRoot149	LjRoot149	1.0	1.0	5023461	5023461	5023461	1.0	1.0	83	83	83
rhimgCAMI2_short_read_pooled_megahit	Phoma_exigua_MPI_PUGE_AT_0052.contigs	Phoma_exigua_MPI_PUGE_AT_0052.contigs	1.0	1.0	103904	103904	103904	1.0	1.0	145	145	145
rhimgCAMI2_short_read_pooled_megahit	3823_K	3823_K	1.0	1.0	8653984	8653984	8653984	1.0	1.0	611	611	611
rhimgCAMI2_short_read_pooled_megahit	LjRoot70	LjRoot70	1.0	1.0	220936	220936	220936	1.0	1.0	195	195	195
rhimgCAMI2_short_read_pooled_megahit	LjRoot38	LjRoot38	1.0	1.0	368819	368819	368819	1.0	1.0	345	345	345
rhimgCAMI2_short_read_pooled_megahit	LjRoot156	LjRoot156	1.0	1.0	5402	5402	5402	1.0	1.0	7	7	7
rhimgCAMI2_short_read_pooled_megahit	311403.PRJNA13402	311403.PRJNA13402	1.0	1.0	15465	15465	15465	1.0	1.0	27	27	27
rhimgCAMI2_short_read_pooled_megahit	Fusarium_redolens_MPI_CAGE_CH_0216.contigs	Fusarium_redolens_MPI_CAGE_CH_0216.contigs	1.0	1.0	353511	353511	353511	1.0	1.0	322	322	322
rhimgCAMI2_short_read_pooled_megahit	Ilyonectria_macrodidyma_MPI_GEGE_AT_0033.contigs	Ilyonectria_macrodidyma_MPI_GEGE_AT_0033.contigs	1.0	1.0	420443	420443	420443	1.0	1.0	534	534	534
rhimgCAMI2_short_read_pooled_megahit	1202532.PRJNA169163	1202532.PRJNA169163	1.0	1.0	5354259	5354259	5354259	1.0	1.0	271	271	271
rhimgCAMI2_short_read_pooled_megahit	315749.PRJNA13624	315749.PRJNA13624	1.0	1.0	33362	33362	33362	1.0	1.0	56	56	56
rhimgCAMI2_short_read_pooled_megahit	491205.PRJNA236202	491205.PRJNA236202	1.0	1.0	154489	154489	154489	1.0	1.0	251	251	251
rhimgCAMI2_short_read_pooled_megahit	498211.PRJNA28329	498211.PRJNA28329	1.0	1.0	4559901	4559901	4559901	1.0	1.0	397	397	397
rhimgCAMI2_short_read_pooled_megahit	1246995.PRJNA178199	1246995.PRJNA178199	1.0	1.0	268733	268733	268733	1.0	1.0	434	434	434
rhimgCAMI2_short_read_pooled_megahit	Fusarium_falciforme_MPI_FR1_AT_0333.contigs	Fusarium_falciforme_MPI_FR1_AT_0333.contigs	1.0	1.0	93109	93109	93109	1.0	1.0	122	122	122
rhimgCAMI2_short_read_pooled_megahit	208439.PRJNA251529	208439.PRJNA251529	1.0	1.0	9053049	9053049	9053049	1.0	1.0	261	261	261
rhimgCAMI2_short_read_pooled_megahit	Phomopsis_columnaris_MPI_SP2_AT_0504.contigs	Phomopsis_columnaris_MPI_SP2_AT_0504.contigs	1.0	1.0	483053	483053	483053	1.0	1.0	693	693	693
rhimgCAMI2_short_read_pooled_megahit	3934_BX	3934_BX	1.0	1.0	282579	282579	282579	1.0	1.0	298	298	298
rhimgCAMI2_short_read_pooled_megahit	3823_AD	3823_AD	1.0	1.0	7332359	7332359	7332359	1.0	1.0	401	401	401
rhimgCAMI2_short_read_pooled_megahit	LjRoot129	LjRoot129	1.0	1.0	84243	84243	84243	1.0	1.0	80	80	80
rhimgCAMI2_short_read_pooled_megahit	LjRoot43	LjRoot43	1.0	1.0	521224	521224	521224	1.0	1.0	477	477	477
rhimgCAMI2_short_read_pooled_megahit	3823_Y	3823_Y	1.0	1.0	7291951	7291951	7291951	1.0	1.0	456	456	456
rhimgCAMI2_short_read_pooled_megahit	Macrophomina_phaseolina_MPI_FR1_AT_0330.contigs	Macrophomina_phaseolina_MPI_FR1_AT_0330.contigs	1.0	1.0	353538	353538	353538	1.0	1.0	328	328	328
rhimgCAMI2_short_read_pooled_megahit	Chlamy76	Chlamy76	1.0	1.0	7421099	7421099	7421099	1.0	1.0	778	778	778
rhimgCAMI2_short_read_pooled_megahit	LjRoot82	LjRoot82	1.0	1.0	685091	685091	685091	1.0	1.0	1037	1037	1037
rhimgCAMI2_short_read_pooled_megahit	219305.PRJNA33595	219305.PRJNA33595	1.0	1.0	6452392	6452392	6452392	1.0	1.0	516	516	516
rhimgCAMI2_short_read_pooled_megahit	LjRoot179	LjRoot179	1.0	1.0	1425892	1425892	1425892	1.0	1.0	1312	1312	1312
rhimgCAMI2_short_read_pooled_megahit	LjRoot175	LjRoot175	1.0	1.0	3284295	3284295	3284295	1.0	1.0	1797	1797	1797
rhimgCAMI2_short_read_pooled_megahit	350054.PRJNA15760	350054.PRJNA15760	1.0	1.0	41830	41830	41830	1.0	1.0	59	59	59
rhimgCAMI2_short_read_pooled_megahit	Phoma_radicina_MPI_SP2_AT_0466.contigs	Phoma_radicina_MPI_SP2_AT_0466.contigs	1.0	1.0	4808	4808	4808	1.0	1.0	6	6	6
rhimgCAMI2_short_read_pooled_megahit	Aspergillus_fumigatus_MPI_SW4_AT_0569.contigs	Aspergillus_fumigatus_MPI_SW4_AT_0569.contigs	1.0	1.0	143844	143844	143844	1.0	1.0	201	201	201
rhimgCAMI2_short_read_pooled_megahit	LjRoot84	LjRoot84	1.0	1.0	7800039	7800039	7800039	1.0	1.0	1982	1982	1982
rhimgCAMI2_short_read_pooled_megahit	1218084.PRJDB257	1218084.PRJDB257	1.0	1.0	10781615	10781615	10781615	1.0	1.0	1073	1073	1073
rhimgCAMI2_short_read_pooled_megahit	Penicillium_restrictum_MPI_SP2_AT_0405.contigs	Penicillium_restrictum_MPI_SP2_AT_0405.contigs	1.0	1.0	28540198	28540198	28540198	1.0	1.0	1997	1997	1997
rhimgCAMI2_short_read_pooled_megahit	Pyrenochaeta_lycopersici_MPI_FR1_AT_0381.contigs	Pyrenochaeta_lycopersici_MPI_FR1_AT_0381.contigs	1.0	1.0	1245888	1245888	1245888	1.0	1.0	1676	1676	1676
rhimgCAMI2_short_read_pooled_megahit	LjRoot176	LjRoot176	1.0	1.0	3192582	3192582	3192582	1.0	1.0	3249	3249	3249
rhimgCAMI2_short_read_pooled_megahit	1120949.PRJNA165359	1120949.PRJNA165359	1.0	1.0	1612670	1612670	1612670	1.0	1.0	2357	2357	2357
rhimgCAMI2_short_read_pooled_megahit	65497.PRJNA238534	65497.PRJNA238534	1.0	1.0	412890	412890	412890	1.0	1.0	646	646	646
rhimgCAMI2_short_read_pooled_megahit	Chlamy182	Chlamy182	1.0	1.0	5493934	5493934	5493934	1.0	1.0	1158	1158	1158
rhimgCAMI2_short_read_pooled_megahit	Penicillium_crustosum_MPI_IT2_AT_0321.contigs	Penicillium_crustosum_MPI_IT2_AT_0321.contigs	1.0	1.0	437478	437478	437478	1.0	1.0	607	607	607
rhimgCAMI2_short_read_pooled_megahit	253839.PRJNA33601	253839.PRJNA33601	1.0	1.0	8200073	8200073	8200073	1.0	1.0	1296	1296	1296
rhimgCAMI2_short_read_pooled_megahit	LjRoot51	LjRoot51	1.0	1.0	1285413	1285413	1285413	1.0	1.0	1828	1828	1828
rhimgCAMI2_short_read_pooled_megahit	Fusarium_torulosum_MPI_SDFR_AT_0089.contigs	Fusarium_torulosum_MPI_SDFR_AT_0089.contigs	1.0	1.0	1071977	1071977	1071977	1.0	1.0	1712	1712	1712
rhimgCAMI2_short_read_pooled_megahit	1298859.PRJNA190816	1298859.PRJNA190816	1.0	1.0	7187278	7187278	7187278	1.0	1.0	512	512	512
rhimgCAMI2_short_read_pooled_megahit	1173027.PRJNA158839	1173027.PRJNA158839	1.0	1.0	710	710	710	1.0	1.0	1	1	1
rhimgCAMI2_short_read_pooled_megahit	LjRoot30	LjRoot30	1.0	1.0	7092832	7092832	7092832	1.0	1.0	3100	3100	3100
rhimgCAMI2_short_read_pooled_megahit	LjRoot117	LjRoot117	1.0	1.0	802996	802996	802996	1.0	1.0	743	743	743
rhimgCAMI2_short_read_pooled_megahit	3934_C	3934_C	1.0	1.0	4196221	4196221	4196221	1.0	1.0	1376	1376	1376
rhimgCAMI2_short_read_pooled_megahit	Chlamy119	Chlamy119	1.0	1.0	154625	154625	154625	1.0	1.0	67	67	67
rhimgCAMI2_short_read_pooled_megahit	Embellisia_chlamydospora_MPI_SP2_AT_0402.contigs	Embellisia_chlamydospora_MPI_SP2_AT_0402.contigs	1.0	1.0	91955	91955	91955	1.0	1.0	136	136	136
rhimgCAMI2_short_read_pooled_megahit	LjRoot162	LjRoot162	1.0	1.0	4375995	4375995	4375995	1.0	1.0	4250	4250	4250
rhimgCAMI2_short_read_pooled_megahit	700508.PRJNA177066	700508.PRJNA177066	1.0	1.0	2048094	2048094	2048094	1.0	1.0	2696	2696	2696
rhimgCAMI2_short_read_pooled_megahit	Phoma_selaginellicola_MPI_SW4_AT_0584.contigs	Phoma_selaginellicola_MPI_SW4_AT_0584.contigs	1.0	1.0	560803	560803	560803	1.0	1.0	754	754	754
rhimgCAMI2_short_read_pooled_megahit	LjRoot31	LjRoot31	1.0	1.0	198584	198584	198584	1.0	1.0	228	228	228
rhimgCAMI2_short_read_pooled_megahit	Chlamy151	Chlamy151	1.0	1.0	5644349	5644349	5644349	1.0	1.0	947	947	947
rhimgCAMI2_short_read_pooled_megahit	LjRoot62	LjRoot62	1.0	1.0	3109934	3109934	3109934	1.0	1.0	1874	1874	1874
rhimgCAMI2_short_read_pooled_megahit	658612.PRJNA261945	658612.PRJNA261945	1.0	1.0	5869286	5869286	5869286	1.0	1.0	756	756	756
rhimgCAMI2_short_read_pooled_megahit	3934_F	3934_F	1.0	1.0	1849739	1849739	1849739	1.0	1.0	1496	1496	1496
rhimgCAMI2_short_read_pooled_megahit	3823_AH	3823_AH	1.0	1.0	6743034	6743034	6743034	1.0	1.0	1864	1864	1864
rhimgCAMI2_short_read_pooled_megahit	3934_AN	3934_AN	1.0	1.0	4415377	4415377	4415377	1.0	1.0	4447	4447	4447
rhimgCAMI2_short_read_pooled_megahit	3823_R	3823_R	1.0	1.0	792410	792410	792410	1.0	1.0	576	576	576
rhimgCAMI2_short_read_pooled_megahit	Alternaria_tenuis_MPI_SDFR_AT_0071.contigs	Alternaria_tenuis_MPI_SDFR_AT_0071.contigs	1.0	1.0	34184834	34184834	34184834	1.0	1.0	2434	2434	2434
rhimgCAMI2_short_read_pooled_megahit	3823_I	3823_I	1.0	1.0	4658866	4658866	4658866	1.0	1.0	89	89	89
rhimgCAMI2_short_read_pooled_megahit	LjRoot122	LjRoot122	1.0	1.0	5824414	5824414	5824414	1.0	1.0	564	564	564
rhimgCAMI2_short_read_pooled_megahit	LjRoot99	LjRoot99	1.0	1.0	2559134	2559134	2559134	1.0	1.0	1116	1116	1116
rhimgCAMI2_short_read_pooled_megahit	487316.PRJDB1754	520709.PRJNA183323	1.0	0.4253554502369668	1077	1077	2532	1.0	0.5	2	2	4
rhimgCAMI2_short_read_pooled_megahit	1285583.PRJNA186910	350054.PRJNA15760	1.0	0.032679894812335644	1367	1367	41830	1.0	0.01694915254237288	1	1	59
rhimgCAMI2_short_read_pooled_megahit	1200352.PRJNA168617	350054.PRJNA15760	1.0	0.032679894812335644	1367	1367	41830	1.0	0.01694915254237288	1	1	59
rhimgCAMI2_short_read_pooled_megahit	1404245.PRJNA221205	350054.PRJNA15760	1.0	0.032679894812335644	1367	1367	41830	1.0	0.01694915254237288	1	1	59
rhimgCAMI2_short_read_pooled_megahit	667632.PRJNA169697	3823_E	1.0	0.01048762473184195	73155	73155	6975364	1.0	0.009433962264150943	5	5	530
rhimgCAMI2_short_read_pooled_megahit	LjRoot53	LjRoot31	1.0	0.0062844942190710225	1248	1248	198584	1.0	0.008771929824561403	2	2	228
rhimgCAMI2_short_read_pooled_megahit	3937_A	LjRoot13	1.0	0.0011986989048558085	3725	3725	3107536	1.0	0.0018039687312086591	6	6	3326
