sample_id	Bin ID	Most abundant genome	Purity (bp)	Completeness (bp)	Bin size (bp)	True positives (bp)	True size of most abundant genome (bp)	Purity (seq)	Completeness (seq)	Bin size (seq)	True positives (seq)	True size of most abundant genome (seq)
marmgCAMI2_short_read_pooled_gold_standard_assembly	285	Otu230.1	0.9717441137413891	1.0	4769838	4635062	4635062	0.025	1.0	40	1	1
marmgCAMI2_short_read_pooled_gold_standard_assembly	393	Otu86.0	0.9805389724621224	1.0	3838749	3764043	3764043	0.07692307692307693	1.0	13	1	1
marmgCAMI2_short_read_pooled_gold_standard_assembly	320	Otu301	0.8297399653463436	1.0	6503787	5396452	5396452	0.005128205128205128	1.0	195	1	1
marmgCAMI2_short_read_pooled_gold_standard_assembly	333	Otu248.0	0.9903229658367309	1.0	4103530	4063820	4063820	0.1111111111111111	1.0	9	1	1
marmgCAMI2_short_read_pooled_gold_standard_assembly	343	Otu119.1	0.8917648014180685	1.0	5024299	4480493	4480493	0.009523809523809525	1.0	105	1	1
marmgCAMI2_short_read_pooled_gold_standard_assembly	345	Otu48.0	1.0	1.0	1739487	1739487	1739487	1.0	1.0	1	1	1
marmgCAMI2_short_read_pooled_gold_standard_assembly	347	Otu30.0	1.0	1.0	2363209	2363209	2363209	1.0	1.0	1	1	1
marmgCAMI2_short_read_pooled_gold_standard_assembly	364	Otu234.0	1.0	1.0	5341530	5341530	5341530	1.0	1.0	1	1	1
marmgCAMI2_short_read_pooled_gold_standard_assembly	369	Otu352.1	0.9983817774401338	1.0	3916025	3909688	3909688	0.5	1.0	2	1	1
marmgCAMI2_short_read_pooled_gold_standard_assembly	370	Otu123.0	1.0	1.0	3153578	3153578	3153578	1.0	1.0	3	3	3
marmgCAMI2_short_read_pooled_gold_standard_assembly	371	Otu132	0.9863173814120352	1.0	2529852	2495237	2495237	0.1	1.0	10	1	1
marmgCAMI2_short_read_pooled_gold_standard_assembly	379	Otu79.1	0.8440511872571635	1.0	4909425	4143806	4143806	0.009900990099009901	1.0	101	1	1
marmgCAMI2_short_read_pooled_gold_standard_assembly	384	Otu93	0.9843760975030821	1.0	3302952	3251347	3251347	0.07692307692307693	1.0	13	1	1
marmgCAMI2_short_read_pooled_gold_standard_assembly	386	Otu13.0	0.884137465355976	1.0	3003404	2655422	2655422	0.021505376344086023	1.0	93	2	2
marmgCAMI2_short_read_pooled_gold_standard_assembly	390	Otu133.0	0.9917421691470097	1.0	3418210	3389983	3389983	0.125	1.0	8	1	1
marmgCAMI2_short_read_pooled_gold_standard_assembly	395	Otu800.0	0.9949503730713058	1.0	4428644	4406281	4406281	0.5	1.0	6	3	3
marmgCAMI2_short_read_pooled_gold_standard_assembly	444	Otu1027	0.9992864397059378	1.0	3926788	3923986	3923986	0.9666666666666667	1.0	30	29	29
marmgCAMI2_short_read_pooled_gold_standard_assembly	401	Otu724	1.0	1.0	1766600	1766600	1766600	1.0	1.0	2	2	2
marmgCAMI2_short_read_pooled_gold_standard_assembly	402	Otu149	0.4682354887647975	1.0	2889089	1352774	1352774	0.038461538461538464	1.0	26	1	1
marmgCAMI2_short_read_pooled_gold_standard_assembly	407	Otu122.0	0.9947824923882199	1.0	3573737	3555091	3555091	0.14285714285714285	1.0	7	1	1
marmgCAMI2_short_read_pooled_gold_standard_assembly	410	Otu183.0	0.9960381614242673	1.0	5434598	5413067	5413067	0.75	1.0	28	21	21
marmgCAMI2_short_read_pooled_gold_standard_assembly	411	Otu384.0	0.985629319724108	1.0	4207734	4147266	4147266	0.625	1.0	8	5	5
marmgCAMI2_short_read_pooled_gold_standard_assembly	412	Otu265.0	0.992595362181027	1.0	4450454	4417500	4417500	0.5714285714285714	1.0	14	8	8
marmgCAMI2_short_read_pooled_gold_standard_assembly	418	Otu503	0.9825574710138701	1.0	2408997	2366978	2366978	0.08333333333333333	1.0	12	1	1
marmgCAMI2_short_read_pooled_gold_standard_assembly	420	Otu683.0	0.9799879732600275	1.0	5634112	5521362	5521362	0.5471698113207547	1.0	53	29	29
marmgCAMI2_short_read_pooled_gold_standard_assembly	425	Otu1180.0	0.9700798309710801	1.0	4819057	4674870	4674870	0.09090909090909091	1.0	22	2	2
marmgCAMI2_short_read_pooled_gold_standard_assembly	426	Otu648.0	0.9981920650576279	1.0	5137353	5128065	5128065	0.5714285714285714	1.0	7	4	4
marmgCAMI2_short_read_pooled_gold_standard_assembly	427	Otu169.1	0.973820752894261	1.0	2070304	2016105	2016105	0.4090909090909091	1.0	22	9	9
marmgCAMI2_short_read_pooled_gold_standard_assembly	437	Otu928.0	0.9962697390500308	1.0	3030351	3019047	3019047	0.6666666666666666	1.0	9	6	6
marmgCAMI2_short_read_pooled_gold_standard_assembly	440	Otu365.0	1.0	1.0	7215228	7215228	7215228	1.0	1.0	1	1	1
marmgCAMI2_short_read_pooled_gold_standard_assembly	315	Otu583	0.9914918153160125	1.0	1718698	1704075	1704075	0.16666666666666666	1.0	6	1	1
marmgCAMI2_short_read_pooled_gold_standard_assembly	310	Otu398	0.9958530434673692	1.0	1916104	1908158	1908158	0.5	1.0	6	3	3
marmgCAMI2_short_read_pooled_gold_standard_assembly	305	Otu39.0	0.9966488355435119	1.0	3656341	3644088	3644088	0.6666666666666666	1.0	3	2	2
marmgCAMI2_short_read_pooled_gold_standard_assembly	301	Otu215.0	0.9965123384253819	1.0	3084875	3074116	3074116	0.5714285714285714	1.0	7	4	4
marmgCAMI2_short_read_pooled_gold_standard_assembly	136	Otu386.0	0.8290033497349815	1.0	5306987	4399510	4399510	0.014423076923076924	1.0	208	3	3
marmgCAMI2_short_read_pooled_gold_standard_assembly	140	Otu130.0	1.0	1.0	4289702	4289702	4289702	1.0	1.0	2	2	2
marmgCAMI2_short_read_pooled_gold_standard_assembly	148	Otu20	1.0	1.0	5251138	5251138	5251138	1.0	1.0	2	2	2
marmgCAMI2_short_read_pooled_gold_standard_assembly	149	Otu61.0	0.9986709402931078	1.0	4057756	4052363	4052363	0.5	1.0	4	2	2
marmgCAMI2_short_read_pooled_gold_standard_assembly	155	Otu492	1.0	1.0	1641796	1641796	1641796	1.0	1.0	1	1	1
marmgCAMI2_short_read_pooled_gold_standard_assembly	160	Otu613	0.9747158225645884	1.0	3227473	3145869	3145869	0.24242424242424243	1.0	33	8	8
marmgCAMI2_short_read_pooled_gold_standard_assembly	164	Otu1204	0.9667018168617214	1.0	1156940	1118416	1118416	0.3	1.0	10	3	3
marmgCAMI2_short_read_pooled_gold_standard_assembly	167	Otu274.0	1.0	1.0	2269117	2269117	2269117	1.0	1.0	1	1	1
marmgCAMI2_short_read_pooled_gold_standard_assembly	178	Otu3.1	1.0	1.0	3176261	3176261	3176261	1.0	1.0	1	1	1
marmgCAMI2_short_read_pooled_gold_standard_assembly	180	Otu185.0	1.0	1.0	5373173	5373173	5373173	1.0	1.0	1	1	1
marmgCAMI2_short_read_pooled_gold_standard_assembly	182	Otu232.0	0.39757977097311775	1.0	7059084	2806549	2806549	0.09722222222222222	1.0	72	7	7
marmgCAMI2_short_read_pooled_gold_standard_assembly	184	Otu393.0	0.9840737636211232	1.0	5049969	4969542	4969542	0.11764705882352941	1.0	17	2	2
marmgCAMI2_short_read_pooled_gold_standard_assembly	188	Otu160	1.0	1.0	1859369	1859369	1859369	1.0	1.0	1	1	1
marmgCAMI2_short_read_pooled_gold_standard_assembly	189	Otu470	0.9933489391975034	1.0	1606661	1595975	1595975	0.5	1.0	2	1	1
marmgCAMI2_short_read_pooled_gold_standard_assembly	190	Otu53.0	0.9920159744233124	1.0	3452519	3424954	3424954	0.1	1.0	10	1	1
marmgCAMI2_short_read_pooled_gold_standard_assembly	197	Otu854	1.0	1.0	1584791	1584791	1584791	1.0	1.0	1	1	1
marmgCAMI2_short_read_pooled_gold_standard_assembly	207	Otu4.0	0.5196845041427646	1.0	3707307	1926630	1926630	0.034482758620689655	1.0	29	1	1
marmgCAMI2_short_read_pooled_gold_standard_assembly	228	Otu211	0.7209525838586429	1.0	3370076	2429665	2429665	0.004016064257028112	1.0	249	1	1
marmgCAMI2_short_read_pooled_gold_standard_assembly	235	Otu303.0	0.9888867184119362	1.0	2022085	1999613	1999613	0.6666666666666666	1.0	3	2	2
marmgCAMI2_short_read_pooled_gold_standard_assembly	246	Otu261	1.0	1.0	4342041	4342041	4342041	1.0	1.0	2	2	2
marmgCAMI2_short_read_pooled_gold_standard_assembly	257	Otu852.0	1.0	1.0	4399929	4399929	4399929	1.0	1.0	9	9	9
marmgCAMI2_short_read_pooled_gold_standard_assembly	260	Otu279	0.6583379698280616	1.0	2039975	1342993	1342993	0.0449438202247191	1.0	178	8	8
marmgCAMI2_short_read_pooled_gold_standard_assembly	276	Otu318.0	0.9824088622162025	1.0	5490094	5393517	5393517	0.09375	1.0	32	3	3
marmgCAMI2_short_read_pooled_gold_standard_assembly	278	Otu634.0	0.875198228360881	1.0	3316251	2902377	2902377	0.20930232558139536	1.0	43	9	9
marmgCAMI2_short_read_pooled_gold_standard_assembly	288	Otu220.0	0.9985127081245597	1.0	5321753	5313838	5313838	0.5714285714285714	1.0	7	4	4
marmgCAMI2_short_read_pooled_gold_standard_assembly	298	Otu85.0	0.9961630673137518	1.0	3440248	3427048	3427048	0.5	1.0	2	1	1
marmgCAMI2_short_read_pooled_gold_standard_assembly	299	Otu312.0	1.0	1.0	4560497	4560497	4560497	1.0	1.0	1	1	1
marmgCAMI2_short_read_pooled_gold_standard_assembly	441	Otu180	1.0	1.0	2224849	2224849	2224849	1.0	1.0	2	2	2
marmgCAMI2_short_read_pooled_gold_standard_assembly	445	Otu438	0.9980575357163042	1.0	6334222	6321918	6321918	0.6666666666666666	1.0	12	8	8
marmgCAMI2_short_read_pooled_gold_standard_assembly	125	Otu332	0.9842166527256153	1.0	1251699	1231943	1231943	0.6	1.0	15	9	9
marmgCAMI2_short_read_pooled_gold_standard_assembly	537	Otu157.0	0.7705810393031824	1.0	4598966	3543876	3543876	0.0034129692832764505	1.0	293	1	1
marmgCAMI2_short_read_pooled_gold_standard_assembly	517	Otu214.0	0.9965977840932813	1.0	5149585	5132065	5132065	0.16666666666666666	1.0	6	1	1
marmgCAMI2_short_read_pooled_gold_standard_assembly	518	Otu179	0.9968105997022285	1.0	5243619	5226895	5226895	0.2	1.0	5	1	1
marmgCAMI2_short_read_pooled_gold_standard_assembly	521	Otu660	0.9543219606658689	1.0	2526203	2410811	2410811	0.06896551724137931	1.0	29	2	2
marmgCAMI2_short_read_pooled_gold_standard_assembly	522	Otu351	0.9948530292933849	1.0	2620182	2606696	2606696	0.3333333333333333	1.0	6	2	2
marmgCAMI2_short_read_pooled_gold_standard_assembly	527	Otu40.1	0.9927673730601414	1.0	6560272	6512824	6512824	0.35714285714285715	1.0	14	5	5
marmgCAMI2_short_read_pooled_gold_standard_assembly	528	Otu304.0	1.0	1.0	4023492	4023492	4023492	1.0	1.0	2	2	2
marmgCAMI2_short_read_pooled_gold_standard_assembly	529	Otu64.0	0.752199788556526	1.0	7521632	5657770	5657770	0.5	1.0	4	2	2
marmgCAMI2_short_read_pooled_gold_standard_assembly	531	Otu218	0.9836350041470138	1.0	1909808	1878554	1878554	0.18181818181818182	1.0	11	2	2
marmgCAMI2_short_read_pooled_gold_standard_assembly	532	Otu525.0	0.994634876262119	1.0	4361316	4337917	4337917	0.16666666666666666	1.0	6	1	1
marmgCAMI2_short_read_pooled_gold_standard_assembly	533	Otu1458.0	0.9950733879625466	1.0	4968526	4944048	4944048	0.2222222222222222	1.0	9	2	2
marmgCAMI2_short_read_pooled_gold_standard_assembly	534	Otu846.0	1.0	1.0	3858490	3858490	3858490	1.0	1.0	3	3	3
marmgCAMI2_short_read_pooled_gold_standard_assembly	535	Otu454.0	0.9994828563147147	1.0	4971539	4968968	4968968	0.9090909090909091	1.0	11	10	10
marmgCAMI2_short_read_pooled_gold_standard_assembly	536	Otu292.0	0.9919224426240358	1.0	4366419	4331149	4331149	0.35714285714285715	1.0	14	5	5
marmgCAMI2_short_read_pooled_gold_standard_assembly	541	Otu85.1	1.0	1.0	3293900	3293900	3293900	1.0	1.0	4	4	4
marmgCAMI2_short_read_pooled_gold_standard_assembly	446	Otu368	0.9977993447665027	1.0	5561071	5548833	5548833	0.9285714285714286	1.0	14	13	13
marmgCAMI2_short_read_pooled_gold_standard_assembly	542	Otu315.0	1.0	1.0	3830131	3830131	3830131	1.0	1.0	9	9	9
marmgCAMI2_short_read_pooled_gold_standard_assembly	544	Otu110.0	0.9659609326700429	1.0	2985922	2884284	2884284	0.05555555555555555	1.0	18	1	1
marmgCAMI2_short_read_pooled_gold_standard_assembly	545	Otu105.0	0.9910475292097081	1.0	3949971	3914609	3914609	0.09090909090909091	1.0	11	1	1
marmgCAMI2_short_read_pooled_gold_standard_assembly	546	Otu302.0	0.9865356038458365	1.0	3174966	3132217	3132217	0.3333333333333333	1.0	9	3	3
marmgCAMI2_short_read_pooled_gold_standard_assembly	552	Otu459	0.5107116079003966	1.0	4054480	2070670	2070670	0.06896551724137931	1.0	116	8	8
marmgCAMI2_short_read_pooled_gold_standard_assembly	553	Otu72.0	0.9903462497225194	1.0	3689447	3653830	3653830	0.16666666666666666	1.0	12	2	2
marmgCAMI2_short_read_pooled_gold_standard_assembly	554	Otu24.0	1.0	1.0	4830178	4830178	4830178	1.0	1.0	1	1	1
marmgCAMI2_short_read_pooled_gold_standard_assembly	557	Otu435.1	0.995834881959408	1.0	3400864	3386699	3386699	0.3333333333333333	1.0	6	2	2
marmgCAMI2_short_read_pooled_gold_standard_assembly	558	Otu450.0	1.0	1.0	2986827	2986827	2986827	1.0	1.0	1	1	1
marmgCAMI2_short_read_pooled_gold_standard_assembly	559	Otu415.0	1.0	1.0	4978230	4978230	4978230	1.0	1.0	11	11	11
marmgCAMI2_short_read_pooled_gold_standard_assembly	560	Otu576	0.9856557721720298	1.0	3448286	3398823	3398823	0.4444444444444444	1.0	18	8	8
marmgCAMI2_short_read_pooled_gold_standard_assembly	562	Otu506.0	1.0	1.0	2989885	2989885	2989885	1.0	1.0	6	6	6
marmgCAMI2_short_read_pooled_gold_standard_assembly	563	Otu298	1.0	1.0	8180216	8180216	8180216	1.0	1.0	1	1	1
marmgCAMI2_short_read_pooled_gold_standard_assembly	514	Otu549	0.9379445955160707	1.0	3743993	3511658	3511658	0.13636363636363635	1.0	66	9	9
marmgCAMI2_short_read_pooled_gold_standard_assembly	510	Otu2119.0	0.981894004001413	1.0	3643213	3577249	3577249	0.68	1.0	25	17	17
marmgCAMI2_short_read_pooled_gold_standard_assembly	509	Otu50.0	0.9879960862419722	1.0	4450965	4397536	4397536	0.1111111111111111	1.0	9	1	1
marmgCAMI2_short_read_pooled_gold_standard_assembly	508	Otu172.0	1.0	1.0	4539882	4539882	4539882	1.0	1.0	8	8	8
marmgCAMI2_short_read_pooled_gold_standard_assembly	448	Otu1000	1.0	1.0	4884705	4884705	4884705	1.0	1.0	1	1	1
marmgCAMI2_short_read_pooled_gold_standard_assembly	449	Otu219.0	1.0	1.0	5017042	5017042	5017042	1.0	1.0	1	1	1
marmgCAMI2_short_read_pooled_gold_standard_assembly	450	Otu870	0.2984170634213935	1.0	9169603	2736366	2736366	0.008	1.0	125	1	1
marmgCAMI2_short_read_pooled_gold_standard_assembly	452	Otu176.0	0.9922008477551392	1.0	3076360	3052367	3052367	0.25	1.0	8	2	2
marmgCAMI2_short_read_pooled_gold_standard_assembly	455	Otu1179.1	0.944599678700106	1.0	4997823	4720942	4720942	0.24793388429752067	1.0	121	30	30
marmgCAMI2_short_read_pooled_gold_standard_assembly	457	Otu23	1.0	1.0	5732773	5732773	5732773	1.0	1.0	3	3	3
marmgCAMI2_short_read_pooled_gold_standard_assembly	458	Otu40.0	0.8377480765565286	1.0	1768053	1481183	1481183	0.03571428571428571	1.0	28	1	1
marmgCAMI2_short_read_pooled_gold_standard_assembly	459	Otu36.0	0.9824330664762037	1.0	4211492	4137509	4137509	0.09523809523809523	1.0	21	2	2
marmgCAMI2_short_read_pooled_gold_standard_assembly	462	Otu26.0	0.9762247697947941	1.0	3994914	3899934	3899934	0.04	1.0	25	1	1
marmgCAMI2_short_read_pooled_gold_standard_assembly	464	Otu239.0	0.9972351756677144	1.0	3931172	3920303	3920303	0.5	1.0	2	1	1
marmgCAMI2_short_read_pooled_gold_standard_assembly	472	Otu70.0	1.0	1.0	3708226	3708226	3708226	1.0	1.0	3	3	3
marmgCAMI2_short_read_pooled_gold_standard_assembly	478	Otu245.0	0.8171350285936162	1.0	5269358	4305777	4305777	0.022222222222222223	1.0	45	1	1
marmgCAMI2_short_read_pooled_gold_standard_assembly	483	Otu35.0	0.9905355767841236	1.0	5099941	5051673	5051673	0.09090909090909091	1.0	11	1	1
marmgCAMI2_short_read_pooled_gold_standard_assembly	486	Otu1089	0.9483426765769587	1.0	4059618	3849909	3849909	0.17105263157894737	1.0	76	13	13
marmgCAMI2_short_read_pooled_gold_standard_assembly	487	Otu199.0	0.8636536365536385	1.0	4631528	4000036	4000036	0.020833333333333332	1.0	48	1	1
marmgCAMI2_short_read_pooled_gold_standard_assembly	490	Otu78	0.9994310722373865	1.0	4805531	4802797	4802797	0.8	1.0	5	4	4
marmgCAMI2_short_read_pooled_gold_standard_assembly	491	Otu80.0	1.0	1.0	4684311	4684311	4684311	1.0	1.0	1	1	1
marmgCAMI2_short_read_pooled_gold_standard_assembly	492	Otu82	0.9499158154622522	1.0	4273944	4059887	4059887	0.09090909090909091	1.0	11	1	1
marmgCAMI2_short_read_pooled_gold_standard_assembly	493	Otu99.0	0.9153662054674079	1.0	3600902	3296144	3296144	0.038461538461538464	1.0	26	1	1
marmgCAMI2_short_read_pooled_gold_standard_assembly	494	Otu238.0	0.9758627657756527	1.0	4617099	4505655	4505655	0.03571428571428571	1.0	28	1	1
marmgCAMI2_short_read_pooled_gold_standard_assembly	496	Otu3.0	1.0	1.0	3665852	3665852	3665852	1.0	1.0	1	1	1
marmgCAMI2_short_read_pooled_gold_standard_assembly	497	Otu249.0	0.9611422449842117	1.0	4699062	4516467	4516467	0.0425531914893617	1.0	47	2	2
marmgCAMI2_short_read_pooled_gold_standard_assembly	500	Otu186.0	0.8634998551763038	1.0	5706939	4927941	4927941	0.08333333333333333	1.0	24	2	2
marmgCAMI2_short_read_pooled_gold_standard_assembly	501	Otu235.0	1.0	1.0	4616522	4616522	4616522	1.0	1.0	1	1	1
marmgCAMI2_short_read_pooled_gold_standard_assembly	502	Otu37.0	1.0	1.0	7327599	7327599	7327599	1.0	1.0	4	4	4
marmgCAMI2_short_read_pooled_gold_standard_assembly	504	Otu331.0	1.0	1.0	3975877	3975877	3975877	1.0	1.0	1	1	1
marmgCAMI2_short_read_pooled_gold_standard_assembly	507	Otu90.0	1.0	1.0	3705011	3705011	3705011	1.0	1.0	1	1	1
marmgCAMI2_short_read_pooled_gold_standard_assembly	127	Otu67.0	1.0	1.0	3522108	3522108	3522108	1.0	1.0	2	2	2
marmgCAMI2_short_read_pooled_gold_standard_assembly	570	Otu47.0	0.9739852770085057	1.0	1559194	1518632	1518632	0.07692307692307693	1.0	13	1	1
marmgCAMI2_short_read_pooled_gold_standard_assembly	24	Otu9	0.9747749831563113	1.0	2628581	2562275	2562275	0.06666666666666667	1.0	15	1	1
marmgCAMI2_short_read_pooled_gold_standard_assembly	115	Otu523	0.9945559470283349	1.0	3069037	3052329	3052329	0.2	1.0	5	1	1
marmgCAMI2_short_read_pooled_gold_standard_assembly	121	Otu183.1	0.9816781268235452	1.0	4868607	4779405	4779405	0.21428571428571427	1.0	28	6	6
marmgCAMI2_short_read_pooled_gold_standard_assembly	41	Otu345.0	1.0	1.0	9446022	9446022	9446022	1.0	1.0	11	11	11
marmgCAMI2_short_read_pooled_gold_standard_assembly	16	Otu250	1.0	1.0	4050905	4050905	4050905	1.0	1.0	2	2	2
marmgCAMI2_short_read_pooled_gold_standard_assembly	83	Otu293.0	0.971426262264453	1.0	2635462	2560157	2560157	0.1	1.0	20	2	2
marmgCAMI2_short_read_pooled_gold_standard_assembly	119	Otu104	0.9812653851179461	1.0	5609723	5504627	5504627	0.13333333333333333	1.0	15	2	2
marmgCAMI2_short_read_pooled_gold_standard_assembly	21	Otu75.0	1.0	1.0	4279149	4279149	4279149	1.0	1.0	1	1	1
marmgCAMI2_short_read_pooled_gold_standard_assembly	77	Otu625	0.9968051744315467	1.0	1990093	1983735	1983735	0.8461538461538461	1.0	13	11	11
marmgCAMI2_short_read_pooled_gold_standard_assembly	97	Otu283.0	1.0	1.0	4200513	4200513	4200513	1.0	1.0	1	1	1
marmgCAMI2_short_read_pooled_gold_standard_assembly	11	Otu73	0.9990455434289461	1.0	5545564	5540271	5540271	0.75	1.0	8	6	6
marmgCAMI2_short_read_pooled_gold_standard_assembly	94	Otu205.1	0.6061128053938355	1.0	9546157	5786048	5786048	0.01533406352683461	1.0	913	14	14
marmgCAMI2_short_read_pooled_gold_standard_assembly	87	Otu382.0	0.8945758439560497	1.0	4980443	4455384	4455384	0.02702702702702703	1.0	37	1	1
marmgCAMI2_short_read_pooled_gold_standard_assembly	101	Otu203	1.0	1.0	4383451	4383451	4383451	1.0	1.0	3	3	3
marmgCAMI2_short_read_pooled_gold_standard_assembly	80	Otu69.0	0.9936356891536597	1.0	4749768	4719539	4719539	0.5	1.0	2	1	1
marmgCAMI2_short_read_pooled_gold_standard_assembly	28	Otu597.0	1.0	1.0	3782562	3782562	3782562	1.0	1.0	12	12	12
marmgCAMI2_short_read_pooled_gold_standard_assembly	29	Otu465	0.9956162127719438	1.0	1450116	1443759	1443759	0.3333333333333333	1.0	3	1	1
marmgCAMI2_short_read_pooled_gold_standard_assembly	100	Otu212.0	1.0	1.0	4600946	4600946	4600946	1.0	1.0	3	3	3
marmgCAMI2_short_read_pooled_gold_standard_assembly	50	Otu119.0	0.9708195914246318	1.0	4793730	4653847	4653847	0.037037037037037035	1.0	27	1	1
marmgCAMI2_short_read_pooled_gold_standard_assembly	15	Otu2.0	1.0	1.0	4145260	4145260	4145260	1.0	1.0	2	2	2
marmgCAMI2_short_read_pooled_gold_standard_assembly	123	Otu1448	0.9987251661678258	1.0	2025362	2022780	2022780	0.8333333333333334	1.0	6	5	5
marmgCAMI2_short_read_pooled_gold_standard_assembly	9	Otu241.0	1.0	1.0	4875390	4875390	4875390	1.0	1.0	2	2	2
marmgCAMI2_short_read_pooled_gold_standard_assembly	109	Otu168.0	0.9762200227080818	1.0	3353872	3274117	3274117	0.42857142857142855	1.0	7	3	3
marmgCAMI2_short_read_pooled_gold_standard_assembly	91	Otu255	0.9994035879833609	1.0	5362065	5358867	5358867	0.8	1.0	5	4	4
marmgCAMI2_short_read_pooled_gold_standard_assembly	3	Otu222.1	0.9942329249232936	1.0	5213388	5183322	5183322	0.2	1.0	5	1	1
marmgCAMI2_short_read_pooled_gold_standard_assembly	62	Otu189	0.6028886453461134	1.0	8322517	5017551	5017551	0.01098901098901099	1.0	91	1	1
marmgCAMI2_short_read_pooled_gold_standard_assembly	99	Otu83	0.9991580461975867	1.0	3322035	3319238	3319238	0.6666666666666666	1.0	3	2	2
marmgCAMI2_short_read_pooled_gold_standard_assembly	71	Otu42.0	0.9897194228705244	1.0	4036252	3994757	3994757	0.125	1.0	8	1	1
marmgCAMI2_short_read_pooled_gold_standard_assembly	73	Otu256	0.9861174155547225	1.0	3339796	3293431	3293431	0.09090909090909091	1.0	11	1	1
marmgCAMI2_short_read_pooled_gold_standard_assembly	81	Otu252	0.8462757233670398	1.0	2640741	2234795	2234795	0.07142857142857142	1.0	14	1	1
marmgCAMI2_short_read_pooled_gold_standard_assembly	113	Otu60.0	0.7530670202491865	1.0	6902302	5197896	5197896	0.16666666666666666	1.0	6	1	1
marmgCAMI2_short_read_pooled_gold_standard_assembly	51	Otu1297	0.9983489985093573	1.0	2594183	2589900	2589900	0.9767441860465116	1.0	43	42	42
marmgCAMI2_short_read_pooled_gold_standard_assembly	122	Otu106	0.9514083019051485	1.0	1973547	1877649	1877649	0.03125	1.0	32	1	1
marmgCAMI2_short_read_pooled_gold_standard_assembly	105	Otu229.0	1.0	1.0	4134217	4134217	4134217	1.0	1.0	1	1	1
marmgCAMI2_short_read_pooled_gold_standard_assembly	75	Otu323.0	1.0	0.9999576773916858	3544055	3544055	3544205	1.0	0.9615384615384616	25	25	26
marmgCAMI2_short_read_pooled_gold_standard_assembly	469	Otu1200.0	1.0	0.9998554893460158	5099233	5099233	5099970	1.0	0.9375	15	15	16
marmgCAMI2_short_read_pooled_gold_standard_assembly	93	Otu1322	0.9984286378976259	0.9997647722123865	5942615	5933277	5934673	0.9117647058823529	0.96875	34	31	32
marmgCAMI2_short_read_pooled_gold_standard_assembly	382	Otu499	0.9706651507531431	0.9997547274594535	2288609	2221473	2222018	0.4	0.9090909090909091	25	10	11
marmgCAMI2_short_read_pooled_gold_standard_assembly	64	Otu1136.0	0.9965521303750245	0.9997384162522298	3819750	3806580	3807576	0.9636363636363636	0.9636363636363636	55	53	55
marmgCAMI2_short_read_pooled_gold_standard_assembly	226	Otu222.0	0.9976588507233685	0.9997367873882665	6742415	6726630	6728401	0.9761904761904762	0.9919354838709677	126	123	124
marmgCAMI2_short_read_pooled_gold_standard_assembly	524	Otu404.0	0.9933013373785985	0.9996021196887146	4588080	4557346	4559160	0.7222222222222222	0.9285714285714286	18	13	14
marmgCAMI2_short_read_pooled_gold_standard_assembly	394	Otu1184	0.9924087610878385	0.9994598027179205	3568324	3541236	3543150	0.6956521739130435	0.9411764705882353	23	16	17
marmgCAMI2_short_read_pooled_gold_standard_assembly	203	Otu383	0.9860006314230113	0.9994566102852536	3303649	3257400	3259171	0.6981132075471698	0.9736842105263158	53	37	38
marmgCAMI2_short_read_pooled_gold_standard_assembly	467	Otu457.0	1.0	0.9993228875967378	3838711	3838711	3841312	1.0	0.9487179487179487	37	37	39
marmgCAMI2_short_read_pooled_gold_standard_assembly	107	Otu590	0.9985169303333942	0.9991987432545185	3929013	3923186	3926332	0.8888888888888888	0.9411764705882353	18	16	17
marmgCAMI2_short_read_pooled_gold_standard_assembly	561	Otu1469.1	1.0	0.9991409618124524	4056867	4056867	4060355	1.0	0.9473684210526315	36	36	38
marmgCAMI2_short_read_pooled_gold_standard_assembly	165	Otu116.0	0.9961642010867919	0.9989910133968138	5648367	5626701	5632384	0.9223300970873787	0.95	103	95	100
marmgCAMI2_short_read_pooled_gold_standard_assembly	520	Otu1129	0.9981736457817721	0.9989248073357616	5058712	5049473	5054908	0.9615384615384616	0.9375	78	75	80
marmgCAMI2_short_read_pooled_gold_standard_assembly	466	Otu163	0.886433569423949	0.9989093908152872	8137977	7213776	7221652	0.10034602076124567	0.8529411764705882	289	29	34
marmgCAMI2_short_read_pooled_gold_standard_assembly	14	Otu1475	0.7909958526797639	0.9987438677724939	3126115	2472744	2475854	0.5128205128205128	0.9523809523809523	117	60	63
marmgCAMI2_short_read_pooled_gold_standard_assembly	495	Otu980	0.9948067466582918	0.9986395960680008	3719056	3699742	3704782	0.75	0.8333333333333334	20	15	18
marmgCAMI2_short_read_pooled_gold_standard_assembly	488	Otu713	0.9943088584848073	0.9985948200158807	1575958	1566989	1569194	0.9487179487179487	0.9736842105263158	39	37	38
marmgCAMI2_short_read_pooled_gold_standard_assembly	523	Otu336	0.9336123118777759	0.9985530374922571	3505168	3272468	3277210	0.42592592592592593	0.8846153846153846	54	23	26
marmgCAMI2_short_read_pooled_gold_standard_assembly	479	Otu1664	0.986222758653692	0.9984346042934956	3949557	3895143	3901250	0.8608695652173913	0.9339622641509434	115	99	106
marmgCAMI2_short_read_pooled_gold_standard_assembly	499	Otu338	0.9940270140323508	0.9984027314654738	5748716	5714379	5723521	0.86	0.9347826086956522	50	43	46
marmgCAMI2_short_read_pooled_gold_standard_assembly	482	Otu483	0.9995103636584041	0.9981497707107416	5898255	5895367	5906295	0.9895833333333334	0.9134615384615384	96	95	104
marmgCAMI2_short_read_pooled_gold_standard_assembly	406	Otu76.0	0.9940921470106264	0.9981261261962112	3097572	3079272	3085053	0.8275862068965517	0.8888888888888888	29	24	27
marmgCAMI2_short_read_pooled_gold_standard_assembly	328	Otu352.0	0.9987233449057932	0.9979392559501551	5183859	5177241	5187932	0.9807692307692307	0.9357798165137615	104	102	109
marmgCAMI2_short_read_pooled_gold_standard_assembly	38	Otu1334	0.9989853243753477	0.997559065443084	6389234	6382751	6398369	0.9803921568627451	0.9345794392523364	102	100	107
marmgCAMI2_short_read_pooled_gold_standard_assembly	424	Otu716.0	0.9367890040001172	0.9970918863044904	4199127	3933696	3945169	0.5733333333333334	0.8775510204081632	150	86	98
marmgCAMI2_short_read_pooled_gold_standard_assembly	355	Otu1126	0.9966980124864232	0.9970911614725416	2594498	2585931	2593475	0.97	0.941747572815534	100	97	103
marmgCAMI2_short_read_pooled_gold_standard_assembly	378	Otu174	1.0	0.9960054080629301	1474837	1474837	1480752	1.0	0.8571428571428571	24	24	28
marmgCAMI2_short_read_pooled_gold_standard_assembly	68	Otu12.0	1.0	0.9959943906713761	3644959	3644959	3659618	1.0	0.6666666666666666	2	2	3
marmgCAMI2_short_read_pooled_gold_standard_assembly	480	Otu71	1.0	0.9956111601824451	2779601	2779601	2791854	1.0	0.5	1	1	2
marmgCAMI2_short_read_pooled_gold_standard_assembly	220	Otu1030	0.9979477467503379	0.9953926903483513	2234617	2230031	2240353	0.9903846153846154	0.9035087719298246	104	103	114
marmgCAMI2_short_read_pooled_gold_standard_assembly	7	Otu2019	1.0	0.9949745028827536	2664882	2664882	2678342	1.0	0.8947368421052632	102	102	114
marmgCAMI2_short_read_pooled_gold_standard_assembly	484	Otu595.0	0.9989336150377541	0.9946491518174719	5503641	5497772	5527348	0.9701492537313433	0.7926829268292683	67	65	82
marmgCAMI2_short_read_pooled_gold_standard_assembly	388	Otu1111	0.9921275881988472	0.994589518197139	5532612	5489057	5518917	0.8653846153846154	0.7894736842105263	52	45	57
marmgCAMI2_short_read_pooled_gold_standard_assembly	208	Otu6	0.9531593000378108	0.9944342862239665	2573339	2452802	2466530	0.7592592592592593	0.8723404255319149	54	41	47
marmgCAMI2_short_read_pooled_gold_standard_assembly	385	Otu79.0	0.6841580647696989	0.9941608056186757	6449837	4412708	4438626	0.021621621621621623	0.8	185	4	5
marmgCAMI2_short_read_pooled_gold_standard_assembly	451	Otu921.0	1.0	0.9940982271166543	4481194	4481194	4507798	1.0	0.7926829268292683	65	65	82
marmgCAMI2_short_read_pooled_gold_standard_assembly	539	Otu388	0.975870181072569	0.993934075216105	1794253	1750958	1761644	0.125	0.6666666666666666	16	2	3
marmgCAMI2_short_read_pooled_gold_standard_assembly	375	Otu1544	1.0	0.993860158790145	4178853	4178853	4204669	1.0	0.9106145251396648	163	163	179
marmgCAMI2_short_read_pooled_gold_standard_assembly	67	Otu88.0	1.0	0.9934234719494975	3371417	3371417	3393736	1.0	0.8441558441558441	65	65	77
marmgCAMI2_short_read_pooled_gold_standard_assembly	96	Otu1515	1.0	0.9931796277600967	6076850	6076850	6118581	1.0	0.8973509933774835	271	271	302
marmgCAMI2_short_read_pooled_gold_standard_assembly	433	Otu226	0.9908533252003983	0.9928923979396648	4518254	4476927	4508975	0.85	0.7183098591549296	60	51	71
marmgCAMI2_short_read_pooled_gold_standard_assembly	317	Otu159	0.9853641163534053	0.9922638070198666	3369390	3320076	3345961	0.8378378378378378	0.8157894736842105	74	62	76
marmgCAMI2_short_read_pooled_gold_standard_assembly	334	Otu152	0.4804740901916641	0.9913002262501547	13254440	6368415	6424305	0.19886363636363635	0.8333333333333334	176	35	42
marmgCAMI2_short_read_pooled_gold_standard_assembly	346	Otu22	0.9959062037810714	0.9905060847605731	3580784	3566125	3600306	0.9846153846153847	0.7529411764705882	65	64	85
marmgCAMI2_short_read_pooled_gold_standard_assembly	302	Otu771	1.0	0.990258412201719	1549390	1549390	1564632	1.0	0.6944444444444444	25	25	36
marmgCAMI2_short_read_pooled_gold_standard_assembly	311	Otu1362.0	0.9969629199641155	0.9901736642635489	1648623	1643616	1659927	0.9873417721518988	0.8387096774193549	79	78	93
marmgCAMI2_short_read_pooled_gold_standard_assembly	256	Otu1913	1.0	0.9900342133762012	1377693	1377693	1391561	1.0	0.8588235294117647	73	73	85
marmgCAMI2_short_read_pooled_gold_standard_assembly	473	Otu1337	0.9602930803125516	0.9897475905534983	4034662	3874458	3914592	0.03571428571428571	0.5	28	1	2
marmgCAMI2_short_read_pooled_gold_standard_assembly	350	Otu491.0	0.9989589637283767	0.9894710694523772	4063259	4059029	4102221	0.9929078014184397	0.8284023668639053	141	140	169
marmgCAMI2_short_read_pooled_gold_standard_assembly	329	Otu1548.1	1.0	0.9891276634218054	4589403	4589403	4639849	1.0	0.8699186991869918	214	214	246
marmgCAMI2_short_read_pooled_gold_standard_assembly	280	Otu924	0.9992642698319258	0.989091065140921	4589998	4586621	4637208	0.9916666666666667	0.8040540540540541	120	119	148
marmgCAMI2_short_read_pooled_gold_standard_assembly	294	Otu605	0.9936513007484205	0.9889346708125373	2823413	2805488	2836879	0.9685534591194969	0.875	159	154	176
marmgCAMI2_short_read_pooled_gold_standard_assembly	147	Otu987	0.9996849653364336	0.9887685552560971	9227556	9224649	9329432	0.9977876106194691	0.8623326959847036	452	451	523
marmgCAMI2_short_read_pooled_gold_standard_assembly	461	Otu46	1.0	0.9887635481924356	1722083	1722083	1741653	1.0	0.6086956521739131	42	42	69
marmgCAMI2_short_read_pooled_gold_standard_assembly	227	Otu1191	0.9898866407001848	0.9886357330852802	3581797	3545573	3586329	0.9338235294117647	0.8819444444444444	136	127	144
marmgCAMI2_short_read_pooled_gold_standard_assembly	322	Otu413	0.9686750505272711	0.987451974194004	4850351	4698414	4758119	0.9251968503937008	0.8768656716417911	254	235	268
marmgCAMI2_short_read_pooled_gold_standard_assembly	417	Otu391	0.9955513415115506	0.9870178310123228	3080704	3066999	3107339	0.9629629629629629	0.8387096774193549	108	104	124
marmgCAMI2_short_read_pooled_gold_standard_assembly	206	Otu496.0	0.9957929180787659	0.9866247368804754	3003507	2990871	3031417	0.972972972972973	0.864	111	108	125
marmgCAMI2_short_read_pooled_gold_standard_assembly	516	Otu271	1.0	0.9864569751443162	4410022	4410022	4470567	1.0	0.5	1	1	2
marmgCAMI2_short_read_pooled_gold_standard_assembly	110	Otu297.0	0.9993740798713542	0.9863306772923003	5372890	5369527	5443942	0.99644128113879	0.8408408408408409	281	280	333
marmgCAMI2_short_read_pooled_gold_standard_assembly	419	Otu1428.0	0.9910635315285206	0.9855178467569491	4619722	4578438	4645718	0.9285714285714286	0.9090909090909091	140	130	143
marmgCAMI2_short_read_pooled_gold_standard_assembly	116	Otu1147	0.9993815362512695	0.9852108602549854	5046375	5043254	5118959	0.9951456310679612	0.8541666666666666	206	205	240
marmgCAMI2_short_read_pooled_gold_standard_assembly	82	Otu453	0.9978598711454919	0.9845398196072958	2954495	2948172	2994467	0.9714285714285714	0.7816091954022989	70	68	87
marmgCAMI2_short_read_pooled_gold_standard_assembly	161	Otu1079.0	0.9990604467146579	0.9842266732245278	4088113	4084272	4149727	0.9956521739130435	0.8450184501845018	230	229	271
marmgCAMI2_short_read_pooled_gold_standard_assembly	30	Otu1080	0.9377621299342105	0.9840402437623409	1945600	1824510	1854101	0.7610062893081762	0.8461538461538461	159	121	143
marmgCAMI2_short_read_pooled_gold_standard_assembly	376	Otu1240.0	1.0	0.9838351549551391	4592634	4592634	4668093	1.0	0.8306451612903226	309	309	372
marmgCAMI2_short_read_pooled_gold_standard_assembly	43	Otu2299.0	0.9954180121558689	0.9835364191763198	2878445	2865256	2913218	0.9739583333333334	0.8201754385964912	192	187	228
marmgCAMI2_short_read_pooled_gold_standard_assembly	242	Otu592.0	1.0	0.9825476288574164	3880001	3880001	3948919	1.0	0.8389261744966443	250	250	298
marmgCAMI2_short_read_pooled_gold_standard_assembly	233	Otu1278.0	0.9866621179018518	0.9823815167044634	2626354	2591324	2637798	0.9142857142857143	0.768	105	96	125
marmgCAMI2_short_read_pooled_gold_standard_assembly	48	Otu684	0.9928848478389514	0.9821937934508577	2495941	2478182	2523109	0.9840425531914894	0.8295964125560538	188	185	223
marmgCAMI2_short_read_pooled_gold_standard_assembly	326	Otu810.0	0.9568930558799268	0.9818146010832293	3605266	3449854	3513753	0.9315068493150684	0.8553459119496856	146	136	159
marmgCAMI2_short_read_pooled_gold_standard_assembly	489	Otu511	0.9921947437228795	0.9809747967335274	1725632	1712163	1745369	0.9765625	0.8169934640522876	128	125	153
marmgCAMI2_short_read_pooled_gold_standard_assembly	397	Otu1957.0	0.9971991416249922	0.9806914697193501	3195806	3186855	3249600	0.9716981132075472	0.8956521739130435	106	103	115
marmgCAMI2_short_read_pooled_gold_standard_assembly	56	Otu44.0	0.9971925939443201	0.9799380290464732	2750938	2743215	2799376	0.9904761904761905	0.7482014388489209	105	104	139
marmgCAMI2_short_read_pooled_gold_standard_assembly	85	Otu564	0.9826893521266169	0.9781265754584464	5172770	5083226	5196900	0.8085106382978723	0.9047619047619048	94	76	84
marmgCAMI2_short_read_pooled_gold_standard_assembly	183	Otu1399	0.9987426191136791	0.9776144533184844	2148116	2145415	2194541	0.9932432432432432	0.8032786885245902	148	147	183
marmgCAMI2_short_read_pooled_gold_standard_assembly	40	Otu445	0.9859969878220249	0.976663925998022	2019137	1990863	2038432	0.9770992366412213	0.7950310559006211	131	128	161
marmgCAMI2_short_read_pooled_gold_standard_assembly	209	Otu10	0.980795196002953	0.9763317721630888	5686598	5577388	5712595	0.7767857142857143	0.7372881355932204	112	87	118
marmgCAMI2_short_read_pooled_gold_standard_assembly	404	Otu364	0.6818727473443337	0.9752912742170818	2051745	1399029	1434473	0.22594142259414227	0.84375	239	54	64
marmgCAMI2_short_read_pooled_gold_standard_assembly	10	Otu722	0.9974750569897829	0.9752844382601503	4634164	4622463	4739605	0.9880952380952381	0.8097560975609757	336	332	410
marmgCAMI2_short_read_pooled_gold_standard_assembly	212	Otu1187	1.0	0.9751138587425606	6044214	6044214	6198470	1.0	0.7858508604206501	411	411	523
marmgCAMI2_short_read_pooled_gold_standard_assembly	95	Otu726	1.0	0.975001245543334	5225136	5225136	5359107	1.0	0.7788461538461539	324	324	416
marmgCAMI2_short_read_pooled_gold_standard_assembly	34	Otu571.0	0.9993902333208965	0.9743438829911538	4609960	4607149	4728463	0.9970238095238095	0.7900943396226415	336	335	424
marmgCAMI2_short_read_pooled_gold_standard_assembly	396	Otu1270	0.9985152055455666	0.9740019847892453	4798644	4791519	4919414	0.988950276243094	0.8605769230769231	181	179	208
marmgCAMI2_short_read_pooled_gold_standard_assembly	31	Otu754	1.0	0.9730925552976588	6900319	6900319	7091123	1.0	0.7802037845705968	536	536	687
marmgCAMI2_short_read_pooled_gold_standard_assembly	295	Otu1119.0	1.0	0.9721313488740339	2445899	2445899	2516017	1.0	0.7869565217391304	181	181	230
marmgCAMI2_short_read_pooled_gold_standard_assembly	330	Otu1225	0.9974152937318358	0.9720195852297094	4869799	4857212	4997031	0.9823788546255506	0.8544061302681992	227	223	261
marmgCAMI2_short_read_pooled_gold_standard_assembly	316	Otu501	0.9668751566203052	0.9712638423244946	1779782	1720827	1771740	0.9166666666666666	0.7457627118644068	144	132	177
marmgCAMI2_short_read_pooled_gold_standard_assembly	337	Otu794.0	0.997963383302591	0.9705380185274887	3160143	3153707	3249442	0.9928571428571429	0.7853107344632768	280	278	354
marmgCAMI2_short_read_pooled_gold_standard_assembly	202	Otu719.0	0.9979637479136328	0.9704939562212218	4265189	4256504	4385915	0.993993993993994	0.7609195402298851	333	331	435
marmgCAMI2_short_read_pooled_gold_standard_assembly	118	Otu681	0.6321079626247712	0.9678756515527491	2859434	1807471	1867462	0.2197452229299363	0.8023255813953488	314	69	86
marmgCAMI2_short_read_pooled_gold_standard_assembly	336	Otu254	1.0	0.9668621329480334	5641744	5641744	5835107	1.0	0.6831168831168831	263	263	385
marmgCAMI2_short_read_pooled_gold_standard_assembly	163	Otu447.1	1.0	0.9658514219892468	3930882	3930882	4069862	1.0	0.8015873015873016	303	303	378
marmgCAMI2_short_read_pooled_gold_standard_assembly	456	Otu1427	0.9685998120600573	0.9654574220344612	2827499	2738715	2836702	0.915129151291513	0.7537993920972644	271	248	329
marmgCAMI2_short_read_pooled_gold_standard_assembly	568	Otu829.0	0.9991393429228205	0.9651817999240508	3304452	3301608	3420711	0.9966442953020134	0.7406483790523691	298	297	401
marmgCAMI2_short_read_pooled_gold_standard_assembly	218	Otu479	0.8630263567376056	0.964601822529875	3759570	3244608	3363676	0.6015424164524421	0.7381703470031545	389	234	317
marmgCAMI2_short_read_pooled_gold_standard_assembly	76	Otu1498	0.9759300316649234	0.9643607462112217	5230709	5104806	5293461	0.8181818181818182	0.75	55	45	60
marmgCAMI2_short_read_pooled_gold_standard_assembly	498	Otu107	0.9488789824316783	0.9634956533436465	4830968	4584004	4757680	0.696969696969697	0.5348837209302325	66	46	86
marmgCAMI2_short_read_pooled_gold_standard_assembly	245	Otu536	0.9899544547480289	0.9630397780527125	5189564	5137432	5334600	0.912621359223301	0.734375	103	94	128
marmgCAMI2_short_read_pooled_gold_standard_assembly	210	Otu638.0	1.0	0.9626605586648587	3508530	3508530	3644618	1.0	0.7364341085271318	285	285	387
marmgCAMI2_short_read_pooled_gold_standard_assembly	290	Otu689.0	0.9969136497071186	0.9619976233041284	4443436	4429722	4604712	0.9922279792746114	0.7539370078740157	386	383	508
marmgCAMI2_short_read_pooled_gold_standard_assembly	351	Otu1529	0.9416316833041686	0.9611416824859998	4431154	4172515	4341207	0.7743589743589744	0.7626262626262627	195	151	198
marmgCAMI2_short_read_pooled_gold_standard_assembly	225	Otu1065	0.9969076155758128	0.96100226377862	3345315	3334970	3470304	0.9863636363636363	0.7948717948717948	220	217	273
marmgCAMI2_short_read_pooled_gold_standard_assembly	268	Otu282.1	0.9374914530946834	0.9563723261955851	5009123	4696010	4910232	0.44954128440366975	0.8032786885245902	109	49	61
marmgCAMI2_short_read_pooled_gold_standard_assembly	193	Otu1763.0	0.9994882363405811	0.9533129936774805	4924148	4921628	5162657	0.9980544747081712	0.7339055793991416	514	513	699
marmgCAMI2_short_read_pooled_gold_standard_assembly	240	Otu451	1.0	0.9521092675325941	1955323	1955323	2053675	1.0	0.7323943661971831	156	156	213
marmgCAMI2_short_read_pooled_gold_standard_assembly	214	Otu1381	0.9022390397163819	0.9473533228406691	2174191	1961640	2070653	0.7785234899328859	0.7318611987381703	298	232	317
marmgCAMI2_short_read_pooled_gold_standard_assembly	216	Otu783	1.0	0.9465164334225296	4652487	4652487	4915379	1.0	0.7555886736214605	507	507	671
marmgCAMI2_short_read_pooled_gold_standard_assembly	249	Otu2407.0	0.9977894987415818	0.9447723237231476	5154487	5143093	5443738	0.9945054945054945	0.7182539682539683	546	543	756
marmgCAMI2_short_read_pooled_gold_standard_assembly	415	Otu1123	0.9993909780475568	0.9330935222315342	4556486	4553711	4880230	0.9979716024340771	0.6767537826685007	493	492	727
marmgCAMI2_short_read_pooled_gold_standard_assembly	372	Otu139	0.9759052947336571	0.9329340549917695	4818486	4702386	5040427	0.058823529411764705	0.16666666666666666	17	1	6
marmgCAMI2_short_read_pooled_gold_standard_assembly	130	Otu692	0.8015144754790102	0.9323284410948036	4706580	3772392	4046205	0.49523809523809526	0.7027027027027027	210	104	148
marmgCAMI2_short_read_pooled_gold_standard_assembly	513	Otu2438	1.0	0.9308072398288215	1887732	1887732	2028059	1.0	0.6514285714285715	228	228	350
marmgCAMI2_short_read_pooled_gold_standard_assembly	221	Otu489.0	0.9984914980786119	0.9305262934273735	3509442	3504148	3765770	0.9954853273137697	0.6837209302325581	443	441	645
marmgCAMI2_short_read_pooled_gold_standard_assembly	177	Otu2290.0	0.4795214409821743	0.9299132083804958	5172361	2480258	2667193	0.4245810055865922	0.5891472868217055	179	76	129
marmgCAMI2_short_read_pooled_gold_standard_assembly	360	Otu2338	0.9833483771012583	0.9296414531652433	1394819	1371593	1475400	0.948051948051948	0.6460176991150443	154	146	226
marmgCAMI2_short_read_pooled_gold_standard_assembly	181	Otu316.0	0.9516055300206617	0.9294044881651333	2651274	2522967	2714606	0.5862068965517241	0.7906976744186046	58	34	43
marmgCAMI2_short_read_pooled_gold_standard_assembly	84	Otu1358	0.9996601933090375	0.9291108596453975	8298836	8296016	8928984	0.9990079365079365	0.6616294349540078	1008	1007	1522
marmgCAMI2_short_read_pooled_gold_standard_assembly	26	Otu704	1.0	0.929048860704025	1581623	1581623	1702411	1.0	0.7130044843049327	159	159	223
marmgCAMI2_short_read_pooled_gold_standard_assembly	224	Otu570.0	0.9978756488246181	0.9288949192655926	4077951	4069288	4380784	0.9936034115138592	0.6685796269727403	469	466	697
marmgCAMI2_short_read_pooled_gold_standard_assembly	174	Otu520.0	0.9945302680712627	0.9286207703986188	3676597	3656487	3937546	0.9928571428571429	0.6629570747217806	420	417	629
marmgCAMI2_short_read_pooled_gold_standard_assembly	74	Otu371	0.9792079099176279	0.9277257480754052	5553939	5438461	5862143	0.925	0.7424749163879598	240	222	299
marmgCAMI2_short_read_pooled_gold_standard_assembly	42	Otu2189	0.9984427830042639	0.9270718118822534	1631115	1628575	1756687	0.9950738916256158	0.6824324324324325	203	202	296
marmgCAMI2_short_read_pooled_gold_standard_assembly	377	Otu931	1.0	0.9234588604693913	1924033	1924033	2083507	1.0	0.6788990825688074	222	222	327
marmgCAMI2_short_read_pooled_gold_standard_assembly	55	Otu2479	0.9981114818123066	0.9224909751459891	2802197	2796905	3031905	0.9946524064171123	0.6726943942133815	374	372	553
marmgCAMI2_short_read_pooled_gold_standard_assembly	153	Otu1656	1.0	0.9208800045625641	1614671	1614671	1753400	1.0	0.6699346405228758	205	205	306
marmgCAMI2_short_read_pooled_gold_standard_assembly	430	Otu1002.0	0.9982935960100991	0.9185926611741252	1608060	1605316	1747582	0.9949238578680203	0.6468646864686468	197	196	303
marmgCAMI2_short_read_pooled_gold_standard_assembly	368	Otu1676.0	0.9826881302839292	0.9161198096324819	2343190	2302625	2513454	0.9769736842105263	0.6359743040685225	304	297	467
marmgCAMI2_short_read_pooled_gold_standard_assembly	284	Otu230.0	0.8924222451526463	0.9154597696570973	2961616	2643012	2887087	0.4105263157894737	0.4148936170212766	95	39	94
marmgCAMI2_short_read_pooled_gold_standard_assembly	264	Otu1139	0.997922100694825	0.9118976503135836	1824920	1821128	1997075	0.9957805907172996	0.6344086021505376	237	236	372
marmgCAMI2_short_read_pooled_gold_standard_assembly	296	Otu696	0.996705739715203	0.9112347226971643	3609308	3597418	3947850	0.9906759906759907	0.6468797564687976	429	425	657
marmgCAMI2_short_read_pooled_gold_standard_assembly	323	Otu198.0	0.8504692826658805	0.9081494532172744	4891082	4159715	4580430	0.4666666666666667	0.8166666666666667	105	49	60
marmgCAMI2_short_read_pooled_gold_standard_assembly	186	Otu405.0	0.41439814308084166	0.9068260187597321	7692742	3187858	3515402	0.015873015873015872	0.2	63	1	5
marmgCAMI2_short_read_pooled_gold_standard_assembly	361	Otu394.0	1.0	0.904431417029966	4204547	4204547	4648829	1.0	0.8514851485148515	86	86	101
marmgCAMI2_short_read_pooled_gold_standard_assembly	159	Otu1332.0	0.998937056658539	0.9043610593120435	3252290	3248833	3592407	0.9977628635346756	0.6143250688705234	447	446	726
marmgCAMI2_short_read_pooled_gold_standard_assembly	344	Otu281.0	0.8466412898537089	0.9028797708483399	4931536	4175242	4624361	0.375	0.42857142857142855	8	3	7
marmgCAMI2_short_read_pooled_gold_standard_assembly	392	Otu1156	0.9892326255655339	0.9012580238422742	4133041	4088539	4536480	0.9724409448818898	0.6253164556962025	508	494	790
marmgCAMI2_short_read_pooled_gold_standard_assembly	154	Otu889.0	0.9896668396041857	0.8994094852662674	2900855	2870880	3191961	0.9875311720698254	0.6158631415241057	401	396	643
marmgCAMI2_short_read_pooled_gold_standard_assembly	335	Otu467	0.9630957218773992	0.89747397837196	4156239	4002856	4460136	0.9297297297297298	0.6157517899761337	555	516	838
marmgCAMI2_short_read_pooled_gold_standard_assembly	88	Otu2128	0.9914523444952137	0.8969426642919693	1558907	1545582	1723167	0.9815668202764977	0.6377245508982036	217	213	334
marmgCAMI2_short_read_pooled_gold_standard_assembly	319	Otu1267.0	1.0	0.8936405872397865	3420135	3420135	3827193	1.0	0.6	486	486	810
marmgCAMI2_short_read_pooled_gold_standard_assembly	275	Otu555.0	0.9970507311186197	0.8912513778630944	3952505	3940848	4421702	0.9909706546275395	0.6262482168330956	443	439	701
marmgCAMI2_short_read_pooled_gold_standard_assembly	195	Otu1420.0	0.9950737286446062	0.8856924043822157	4684882	4661803	5263456	0.9955686853766618	0.5980479148181012	677	674	1127
marmgCAMI2_short_read_pooled_gold_standard_assembly	33	Otu677	0.9987705210734084	0.8831849661540158	4298569	4293284	4861138	0.9967793880837359	0.5795880149812734	621	619	1068
marmgCAMI2_short_read_pooled_gold_standard_assembly	428	Otu1540	0.9928408470270244	0.8807412063226017	1219418	1210688	1374624	0.9838709677419355	0.5960912052117264	186	183	307
marmgCAMI2_short_read_pooled_gold_standard_assembly	86	Otu894.0	0.9963797156786949	0.8798614783032137	3802740	3788973	4306329	0.9814126394052045	0.6892950391644909	269	264	383
marmgCAMI2_short_read_pooled_gold_standard_assembly	387	Otu1093	0.984891433398554	0.8788776065328989	2467011	2429738	2764592	0.9656357388316151	0.655011655011655	291	281	429
marmgCAMI2_short_read_pooled_gold_standard_assembly	213	Otu2468.0	0.9984250750446585	0.8781719628461148	4072575	4066161	4630256	0.9968051118210862	0.5842696629213483	626	624	1068
marmgCAMI2_short_read_pooled_gold_standard_assembly	438	Otu87.0	0.995545701246738	0.8772790664132912	4380712	4361199	4971279	0.25	0.5	4	1	2
marmgCAMI2_short_read_pooled_gold_standard_assembly	171	Otu2016.0	0.9986500702084021	0.8771853982313897	2986822	2982790	3400410	0.9977924944812362	0.5931758530183727	453	452	762
marmgCAMI2_short_read_pooled_gold_standard_assembly	543	Otu923	0.9790006621266782	0.875407442372383	4626003	4528860	5173431	0.9579579579579579	0.5691347011596789	666	638	1121
marmgCAMI2_short_read_pooled_gold_standard_assembly	550	Otu2156	0.9822695840253636	0.8727779139109876	1454055	1428274	1636469	0.9768518518518519	0.5452196382428941	216	211	387
marmgCAMI2_short_read_pooled_gold_standard_assembly	98	Otu805	0.9945976008218691	0.8683713198914819	5178440	5150464	5931177	0.9901477832512315	0.5552486187845304	812	804	1448
marmgCAMI2_short_read_pooled_gold_standard_assembly	548	Otu1446.0	0.9989250060011341	0.8675234136934731	5278169	5272495	6077640	0.9974293059125964	0.5422781271837875	778	776	1431
marmgCAMI2_short_read_pooled_gold_standard_assembly	200	Otu395	0.8905536582709151	0.859124200537477	4682130	4169688	4853417	0.8658088235294118	0.5822002472187886	544	471	809
marmgCAMI2_short_read_pooled_gold_standard_assembly	133	Otu909	1.0	0.8549026185698824	2431143	2431143	2843766	1.0	0.5284552845528455	390	390	738
marmgCAMI2_short_read_pooled_gold_standard_assembly	4	Otu1279	0.9990566903340624	0.8507425789667948	6713596	6707263	7884010	0.9975579975579976	0.6106128550074739	819	817	1338
marmgCAMI2_short_read_pooled_gold_standard_assembly	308	Otu1541	1.0	0.8504930983174155	3213464	3213464	3778354	1.0	0.5302226935312832	500	500	943
marmgCAMI2_short_read_pooled_gold_standard_assembly	58	Otu1316	0.9937446528502465	0.8478967916954961	1680802	1670288	1969919	0.9921568627450981	0.5360169491525424	255	253	472
marmgCAMI2_short_read_pooled_gold_standard_assembly	5	Otu594	1.0	0.8450302176800842	2157761	2157761	2553472	1.0	0.5200594353640416	350	350	673
marmgCAMI2_short_read_pooled_gold_standard_assembly	348	Otu137.0	0.9516135205146415	0.8429673369858414	3893195	3704817	4394971	0.3684210526315789	0.875	19	7	8
marmgCAMI2_short_read_pooled_gold_standard_assembly	45	Otu473	0.5313023886799095	0.8418839954349868	7072735	3757761	4463514	0.18115942028985507	0.34965034965034963	276	50	143
marmgCAMI2_short_read_pooled_gold_standard_assembly	321	Otu1474.0	0.9657896474793567	0.8369403549812757	3876312	3743702	4473081	0.868421052631579	0.32673267326732675	38	33	101
marmgCAMI2_short_read_pooled_gold_standard_assembly	217	Otu626.0	0.8079698687760165	0.8344174814110099	3899211	3150445	3775622	0.7377049180327869	0.5493895671476138	671	495	901
marmgCAMI2_short_read_pooled_gold_standard_assembly	341	Otu1723	1.0	0.8316855163505829	2230440	2230440	2681831	1.0	0.521557719054242	375	375	719
marmgCAMI2_short_read_pooled_gold_standard_assembly	52	Otu1607	0.999321525818054	0.8302822436027383	5328132	5324517	6412900	0.9986945169712794	0.5308813324080499	766	765	1441
marmgCAMI2_short_read_pooled_gold_standard_assembly	239	Otu2044	1.0	0.8238587632417975	1451434	1451434	1761751	1.0	0.5010752688172043	233	233	465
marmgCAMI2_short_read_pooled_gold_standard_assembly	300	Otu862.0	0.9945768325896157	0.8225057680134517	2394726	2381739	2895711	0.9836734693877551	0.5205183585313174	245	241	463
marmgCAMI2_short_read_pooled_gold_standard_assembly	135	Otu954	1.0	0.8220581607607783	1521240	1521240	1850526	1.0	0.482421875	247	247	512
marmgCAMI2_short_read_pooled_gold_standard_assembly	92	Otu703	0.87859322854704	0.8184278404824711	4332246	3806282	4650724	0.6376811594202898	0.33587786259541985	138	88	262
marmgCAMI2_short_read_pooled_gold_standard_assembly	266	Otu1108.1	0.985817058122012	0.8140539901925046	1062403	1047335	1286567	0.9712643678160919	0.4592391304347826	174	169	368
marmgCAMI2_short_read_pooled_gold_standard_assembly	215	Otu1344	0.8463789233662882	0.8140412092488757	4422414	3743038	4598094	0.7722132471728594	0.565680473372781	619	478	845
marmgCAMI2_short_read_pooled_gold_standard_assembly	27	Otu972	0.9893255709550532	0.8133909216258736	2301013	2276451	2798717	0.9830917874396136	0.4903614457831325	414	407	830
marmgCAMI2_short_read_pooled_gold_standard_assembly	2	Otu965	0.9850848125667566	0.8118658992031855	3420071	3369060	4149774	0.9762340036563071	0.483695652173913	547	534	1104
marmgCAMI2_short_read_pooled_gold_standard_assembly	549	Otu806.0	1.0	0.8095751357462398	3948540	3948540	4877299	1.0	0.46923597025016905	694	694	1479
marmgCAMI2_short_read_pooled_gold_standard_assembly	185	Otu761	0.9927195472979979	0.8065963595455466	3567910	3541934	4391210	0.9866666666666667	0.5461254612546126	450	444	813
marmgCAMI2_short_read_pooled_gold_standard_assembly	126	Otu851.0	0.9933591086029575	0.8021745437162109	2655517	2637882	3288414	0.9895615866388309	0.46607669616519176	479	474	1017
marmgCAMI2_short_read_pooled_gold_standard_assembly	35	Otu2117	0.9989037646389091	0.7973621416045045	3119768	3116348	3908322	0.9980806142034548	0.4525674499564839	521	520	1149
marmgCAMI2_short_read_pooled_gold_standard_assembly	59	Otu54	0.6051171634058152	0.7957789809242407	4558932	2758688	3466651	0.5843373493975904	0.48743718592964824	166	97	199
marmgCAMI2_short_read_pooled_gold_standard_assembly	282	Otu856.0	1.0	0.7938809746284715	2412070	2412070	3038327	1.0	0.45918367346938777	450	450	980
marmgCAMI2_short_read_pooled_gold_standard_assembly	13	Otu1914.0	0.9990421339255775	0.7930671017902022	3119434	3116446	3929612	0.998165137614679	0.4404858299595142	545	544	1235
marmgCAMI2_short_read_pooled_gold_standard_assembly	103	Otu1287	1.0	0.7886522591943373	3781086	3781086	4794364	1.0	0.43475409836065576	663	663	1525
marmgCAMI2_short_read_pooled_gold_standard_assembly	241	Otu1168.0	0.9945619365743722	0.788044836844338	2782976	2767842	3512290	0.9890590809628009	0.46839378238341967	457	452	965
marmgCAMI2_short_read_pooled_gold_standard_assembly	70	Otu659	0.34573155339722467	0.7846314468953012	11646860	4026687	5131947	0.23684210526315788	0.41379310344827586	152	36	87
marmgCAMI2_short_read_pooled_gold_standard_assembly	273	Otu618.0	0.9985554949546573	0.7829810090189814	3932835	3927154	5015644	0.9986301369863013	0.4375750300120048	730	729	1666
marmgCAMI2_short_read_pooled_gold_standard_assembly	400	Otu1004	0.973508902557107	0.7824893988525817	911929	887771	1134547	0.9617486338797814	0.46194225721784776	183	176	381
marmgCAMI2_short_read_pooled_gold_standard_assembly	229	Otu1257	0.9986825113647391	0.781453345538595	2411406	2408229	3081731	0.9976525821596244	0.4422476586888658	426	425	961
marmgCAMI2_short_read_pooled_gold_standard_assembly	303	Otu767	0.8482910145190151	0.7788911369990403	1545215	1310792	1682895	0.7623762376237624	0.4556213017751479	303	231	507
marmgCAMI2_short_read_pooled_gold_standard_assembly	18	Otu945	0.9984376867354688	0.776325999921314	2075128	2071886	2668835	0.9973684210526316	0.434135166093929	380	379	873
marmgCAMI2_short_read_pooled_gold_standard_assembly	405	Otu974	0.9954344283601609	0.7754928744891749	1473419	1466692	1891303	0.9929824561403509	0.4387596899224806	285	283	645
marmgCAMI2_short_read_pooled_gold_standard_assembly	338	Otu429.0	0.9740708465678629	0.7701582928734367	2850498	2776587	3605216	0.9655172413793104	0.4222222222222222	551	532	1260
marmgCAMI2_short_read_pooled_gold_standard_assembly	551	Otu1462.0	1.0	0.7681098251909025	2482342	2482342	3231754	1.0	0.4417910447761194	444	444	1005
marmgCAMI2_short_read_pooled_gold_standard_assembly	414	Otu2403	1.0	0.7663929316992345	1352472	1352472	1764724	1.0	0.4087237479806139	253	253	619
marmgCAMI2_short_read_pooled_gold_standard_assembly	318	Otu999	0.9923024596976358	0.7612788014835873	3857466	3827773	5028083	0.9861538461538462	0.4644927536231884	650	641	1380
marmgCAMI2_short_read_pooled_gold_standard_assembly	342	Otu1719	0.9980807308135216	0.7590535887776116	1810585	1807110	2380741	0.9970414201183432	0.43149807938540335	338	337	781
marmgCAMI2_short_read_pooled_gold_standard_assembly	1	Otu1221	1.0	0.7441685637392833	1894674	1894674	2546028	1.0	0.4488888888888889	303	303	675
marmgCAMI2_short_read_pooled_gold_standard_assembly	263	Otu631.0	1.0	0.7417126851786905	3119447	3119447	4205735	1.0	0.40896921017402943	611	611	1494
marmgCAMI2_short_read_pooled_gold_standard_assembly	309	Otu340	1.0	0.7381322475723578	1252699	1252699	1697120	1.0	0.3887147335423197	248	248	638
marmgCAMI2_short_read_pooled_gold_standard_assembly	339	Otu960.0	0.993891863551233	0.7377008720581834	3133689	3114548	4221966	0.9901960784313726	0.38821268417680976	612	606	1561
marmgCAMI2_short_read_pooled_gold_standard_assembly	314	Otu953.0	0.994889803163589	0.7327027341057851	2776214	2762027	3769642	0.9906015037593985	0.38467153284671535	532	527	1370
marmgCAMI2_short_read_pooled_gold_standard_assembly	128	Otu169.0	0.9890598178583181	0.7255800868479092	3509905	3471506	4784456	0.9850523168908819	0.3986690865093769	669	659	1653
marmgCAMI2_short_read_pooled_gold_standard_assembly	138	Otu1834.0	0.978980157384733	0.7232939235353547	2754778	2696873	3728599	0.9795918367346939	0.3896678966789668	539	528	1355
marmgCAMI2_short_read_pooled_gold_standard_assembly	530	Otu128	0.5865380234761124	0.7165504753826323	6299595	3694952	5156583	0.22402597402597402	0.6571428571428571	308	69	105
marmgCAMI2_short_read_pooled_gold_standard_assembly	156	Otu433	0.5887780175597445	0.7037214649257946	2145931	1263477	1795422	0.5392354124748491	0.3582887700534759	497	268	748
marmgCAMI2_short_read_pooled_gold_standard_assembly	169	Otu1133	0.9975576201644819	0.6978705428173219	3630066	3621200	5188928	0.9961240310077519	0.3487109905020353	774	771	2211
marmgCAMI2_short_read_pooled_gold_standard_assembly	191	Otu1283	0.9451133835061413	0.683356739238347	3153501	2980416	4361435	0.9238938053097345	0.3577793008910212	565	522	1459
marmgCAMI2_short_read_pooled_gold_standard_assembly	547	Otu1028	0.9813361116449639	0.6780948477956499	4781801	4692554	6920203	0.9718026183282981	0.33635413035901013	993	965	2869
marmgCAMI2_short_read_pooled_gold_standard_assembly	477	Otu1016.0	1.0	0.6707569811647323	2526761	2526761	3767029	1.0	0.3333333333333333	568	568	1704
marmgCAMI2_short_read_pooled_gold_standard_assembly	37	Otu1519	0.6277976755590581	0.6661186066231397	5764741	3619091	5433103	0.5421245421245421	0.37326607818411095	1092	592	1586
marmgCAMI2_short_read_pooled_gold_standard_assembly	274	Otu2066	0.8385224736636272	0.6634393462064994	1621142	1359364	2048965	0.7694444444444445	0.30339539978094193	360	277	913
marmgCAMI2_short_read_pooled_gold_standard_assembly	312	Otu2333	0.9904505645246386	0.662163733664193	3127410	3097545	4677914	0.9856687898089171	0.3367791077257889	628	619	1838
marmgCAMI2_short_read_pooled_gold_standard_assembly	269	Otu687	0.9974630046501586	0.6593354169006825	1000396	997858	1513430	0.9955156950672646	0.3203463203463203	223	222	693
marmgCAMI2_short_read_pooled_gold_standard_assembly	131	Otu839	0.9672646592532735	0.6578233271721851	2861128	2767468	4207008	0.9514866979655712	0.32323232323232326	639	608	1881
marmgCAMI2_short_read_pooled_gold_standard_assembly	222	Otu903	0.9899648619277623	0.6496379859517439	3114855	3083597	4746639	0.9913544668587896	0.31060948081264106	694	688	2215
marmgCAMI2_short_read_pooled_gold_standard_assembly	176	Otu1389.0	0.9921934683893768	0.6476696713733243	4365447	4331368	6687619	0.989406779661017	0.3100929614873838	944	934	3012
marmgCAMI2_short_read_pooled_gold_standard_assembly	152	Otu930	0.5088859743878127	0.6469182073797144	4046433	2059173	3183050	0.49513513513513513	0.31326949384404923	925	458	1462
marmgCAMI2_short_read_pooled_gold_standard_assembly	436	Otu958	0.9861664261878963	0.6321335054503455	2688387	2651197	4194046	0.9950166112956811	0.3048346055979644	602	599	1965
marmgCAMI2_short_read_pooled_gold_standard_assembly	145	Otu1918	1.0	0.6305418326459173	1502631	1502631	2383079	1.0	0.29659498207885304	331	331	1116
marmgCAMI2_short_read_pooled_gold_standard_assembly	519	Otu2268	0.9967121553796329	0.627213709416227	2622995	2614371	4168230	0.9948096885813149	0.2904040404040404	578	575	1980
marmgCAMI2_short_read_pooled_gold_standard_assembly	205	Otu895.0	0.9981493458287302	0.6265733541054989	1986865	1983188	3165133	0.9975961538461539	0.3078635014836795	416	415	1348
marmgCAMI2_short_read_pooled_gold_standard_assembly	324	Otu881.0	1.0	0.6258608947740806	944722	944722	1509476	1.0	0.2912234042553192	219	219	752
marmgCAMI2_short_read_pooled_gold_standard_assembly	175	Otu2073	0.9376906576808604	0.6240047416773684	1077848	1010688	1619680	0.9108527131782945	0.29411764705882354	258	235	799
marmgCAMI2_short_read_pooled_gold_standard_assembly	540	Otu937	0.9469982759784686	0.6234103449741103	3036505	2875565	4612636	0.9243119266055045	0.35600706713780916	436	403	1132
marmgCAMI2_short_read_pooled_gold_standard_assembly	270	Otu1569	0.9931280394613178	0.618912567048178	1610894	1599824	2584895	0.9917355371900827	0.2805923616523772	363	360	1283
marmgCAMI2_short_read_pooled_gold_standard_assembly	194	Otu2362.0	0.9377796545212791	0.6160966992588499	2434477	2283003	3705592	0.9097222222222222	0.2911111111111111	576	524	1800
marmgCAMI2_short_read_pooled_gold_standard_assembly	236	Otu662	0.9959965446728227	0.6103485967147342	1320859	1315571	2155442	0.9932659932659933	0.26745240253853125	297	295	1103
marmgCAMI2_short_read_pooled_gold_standard_assembly	277	Otu797	0.9919089031040695	0.6101832982426296	1967224	1951307	3197903	0.9880382775119617	0.31287878787878787	418	413	1320
marmgCAMI2_short_read_pooled_gold_standard_assembly	526	Otu1106	0.6853453632223914	0.6053358194952724	4071858	2790629	4610051	0.4407079646017699	0.47701149425287354	565	249	522
marmgCAMI2_short_read_pooled_gold_standard_assembly	198	Otu2433.0	0.9897354378082575	0.602029413037162	2572930	2546520	4229893	0.9853181076672104	0.2826392138511933	613	604	2137
marmgCAMI2_short_read_pooled_gold_standard_assembly	313	Otu1786	0.9968927582232423	0.5894923156878759	1991155	1984968	3367250	0.9956709956709957	0.26528258362168394	462	460	1734
marmgCAMI2_short_read_pooled_gold_standard_assembly	238	Otu936	0.9891092542361609	0.5823681104454401	1052545	1041082	1787670	0.9919028340080972	0.2623126338329764	247	245	934
marmgCAMI2_short_read_pooled_gold_standard_assembly	204	Otu1853	1.0	0.5795890189275781	1454088	1454088	2508826	1.0	0.3125638406537283	306	306	979
marmgCAMI2_short_read_pooled_gold_standard_assembly	143	Otu1398	0.9937650596473541	0.5794164179032266	964083	958072	1653512	0.9914163090128756	0.2733727810650888	233	231	845
marmgCAMI2_short_read_pooled_gold_standard_assembly	267	Otu799.0	1.0	0.5753293751314855	1870573	1870573	3251308	1.0	0.24473534433693797	430	430	1757
marmgCAMI2_short_read_pooled_gold_standard_assembly	219	Otu532	0.9825275576713284	0.5696942702508708	2714217	2666793	4681095	0.9781591263650546	0.24396887159533073	641	627	2570
marmgCAMI2_short_read_pooled_gold_standard_assembly	564	Otu635	0.5417747547368323	0.5546508991133586	5417650	2935146	5291880	0.3333333333333333	0.273972602739726	180	60	219
marmgCAMI2_short_read_pooled_gold_standard_assembly	106	Otu1236	1.0	0.5517688852781606	907374	907374	1644482	1.0	0.2420591456736035	221	221	913
marmgCAMI2_short_read_pooled_gold_standard_assembly	408	Otu522	0.989144316026899	0.5452677388422577	2722629	2693073	4938992	0.9850498338870431	0.2497893850042123	602	593	2374
marmgCAMI2_short_read_pooled_gold_standard_assembly	234	Otu612.0	0.9524464205015339	0.5419978318794108	2095531	1995881	3682452	0.9476439790575916	0.27177177177177175	382	362	1332
marmgCAMI2_short_read_pooled_gold_standard_assembly	279	Otu2174	0.9730488125768281	0.5397476459811213	1527762	1486587	2754226	0.9709762532981531	0.24598930481283424	379	368	1496
marmgCAMI2_short_read_pooled_gold_standard_assembly	525	Otu712	0.9983081710991699	0.5222000032823434	1657378	1654574	3168468	0.9974811083123426	0.2591623036649215	397	396	1528
marmgCAMI2_short_read_pooled_gold_standard_assembly	289	Otu812	0.9785033636557567	0.5209455526666964	2100096	2054951	3944656	0.9887218045112782	0.22565422565422566	532	526	2331
marmgCAMI2_short_read_pooled_gold_standard_assembly	90	Otu1209	0.8279432819876379	0.519721870798484	2847561	2357619	4536309	0.8693284936479129	0.2799532437171245	551	479	1711
marmgCAMI2_short_read_pooled_gold_standard_assembly	271	Otu2206	0.9944134172062719	0.5154796732816437	2381062	2367760	4593314	0.9931623931623932	0.21391752577319587	585	581	2716
marmgCAMI2_short_read_pooled_gold_standard_assembly	223	Otu1468.0	0.9926424586044837	0.5117977776794015	2073111	2057858	4020842	0.9903846153846154	0.21141215106732347	520	515	2436
marmgCAMI2_short_read_pooled_gold_standard_assembly	244	Otu873.0	0.9976889305102897	0.5083680735802268	1725608	1721620	3386562	0.9976415094339622	0.21107784431137724	424	423	2004
marmgCAMI2_short_read_pooled_gold_standard_assembly	8	Otu1580	0.9548432295947608	0.5070282429338514	980606	936325	1846692	0.9416666666666667	0.20342034203420342	240	226	1111
marmgCAMI2_short_read_pooled_gold_standard_assembly	6	Otu1548.0	0.9982551038213227	0.5050752474495608	1598949	1596159	3160240	0.9973404255319149	0.21638776687824582	376	375	1733
marmgCAMI2_short_read_pooled_gold_standard_assembly	432	Otu873.1	0.9945713229769122	0.5032808691516557	1634284	1625412	3229632	0.9926108374384236	0.21772015126958402	406	403	1851
marmgCAMI2_short_read_pooled_gold_standard_assembly	25	Otu1010	0.9967090198061024	0.5009867538433137	2690080	2681227	5351892	0.9945454545454545	0.2690605017215937	550	547	2033
marmgCAMI2_short_read_pooled_gold_standard_assembly	66	Otu1536	0.9103307141695635	0.500859228348796	977793	890115	1777176	0.926829268292683	0.20448430493273542	246	228	1115
marmgCAMI2_short_read_pooled_gold_standard_assembly	421	Otu2482.0	0.9915798101994814	0.49606577567745086	1415170	1403254	2828766	0.9916666666666667	0.20411663807890223	360	357	1749
marmgCAMI2_short_read_pooled_gold_standard_assembly	146	Otu1483.1	0.9909613444995612	0.49386076386858013	2811812	2786397	5642070	0.9889349930843707	0.2059331797235023	723	715	3472
marmgCAMI2_short_read_pooled_gold_standard_assembly	158	Otu472.1	0.9987048345543308	0.49003236151365404	2283106	2280149	4653058	0.9982578397212544	0.20604099244875945	574	573	2781
marmgCAMI2_short_read_pooled_gold_standard_assembly	272	Otu664.0	0.9973071830891098	0.48800094231608115	1960772	1955492	4007148	0.997946611909651	0.19844834626378113	487	486	2449
marmgCAMI2_short_read_pooled_gold_standard_assembly	157	Otu108.0	0.9896163503409898	0.4866659554380881	2143466	2121209	4358655	0.9851851851851852	0.19872992155397834	540	532	2677
marmgCAMI2_short_read_pooled_gold_standard_assembly	173	Otu2115	0.9939377977417453	0.48447633703806803	1511167	1502006	3100267	0.994750656167979	0.19749869723814487	381	379	1919
marmgCAMI2_short_read_pooled_gold_standard_assembly	211	Otu1545	1.0	0.47260910914110554	1434190	1434190	3034622	1.0	0.18510963793982663	363	363	1961
marmgCAMI2_short_read_pooled_gold_standard_assembly	32	Otu289	0.47932900324700933	0.47113620839353126	4501065	2157491	4579336	0.15267175572519084	0.20408163265306123	131	20	98
marmgCAMI2_short_read_pooled_gold_standard_assembly	150	Otu1505.0	0.9985795393077066	0.46628479575176607	2773044	2769105	5938656	0.9985915492957746	0.189978563772776	710	709	3732
marmgCAMI2_short_read_pooled_gold_standard_assembly	12	Otu751.0	0.9893508903201144	0.4661084399238188	1716012	1697738	3642367	0.988479262672811	0.18499353169469598	434	429	2319
marmgCAMI2_short_read_pooled_gold_standard_assembly	291	Otu1769	0.9595397375115766	0.4548951505120113	1740572	1670148	3671501	0.9578713968957872	0.18250950570342206	451	432	2367
marmgCAMI2_short_read_pooled_gold_standard_assembly	132	Otu860	0.3176514207586409	0.45269378568826235	5707127	1812877	4004643	0.2691511387163561	0.2781740370898716	1449	390	1402
marmgCAMI2_short_read_pooled_gold_standard_assembly	332	Otu2014	0.7724301016594968	0.45228636218994595	3613927	2791506	6171988	0.7541666666666667	0.2111402741324001	960	724	3429
marmgCAMI2_short_read_pooled_gold_standard_assembly	569	Otu1153	0.9942642852475003	0.448334849533504	596787	593364	1323484	0.9917355371900827	0.24793388429752067	121	120	484
marmgCAMI2_short_read_pooled_gold_standard_assembly	252	Otu289	0.547885784156029	0.44814881458796646	3745715	2052224	4579336	0.21875	0.21428571428571427	96	21	98
marmgCAMI2_short_read_pooled_gold_standard_assembly	243	Otu2106	0.9853481600128312	0.4473127833275896	1845502	1818462	4065303	0.9809322033898306	0.17491499811106914	472	463	2647
marmgCAMI2_short_read_pooled_gold_standard_assembly	253	Otu750	0.7765039365262617	0.4427516606633935	1046354	812498	1835110	0.7328519855595668	0.16652994257588188	277	203	1219
marmgCAMI2_short_read_pooled_gold_standard_assembly	0	Otu1525.0	1.0	0.4391984364963564	1475546	1475546	3359634	1.0	0.17333333333333334	377	377	2175
marmgCAMI2_short_read_pooled_gold_standard_assembly	168	Otu1227	1.0	0.4268355925109044	1408283	1408283	3299357	1.0	0.17662337662337663	340	340	1925
marmgCAMI2_short_read_pooled_gold_standard_assembly	261	Otu1445	0.9919948902669572	0.42641645101062964	1441954	1430411	3354493	0.9893899204244032	0.15805084745762712	377	373	2360
marmgCAMI2_short_read_pooled_gold_standard_assembly	39	Otu941	0.9982150526089757	0.4184494491750575	2160848	2156991	5154723	0.9982142857142857	0.15285753349740225	560	559	3657
marmgCAMI2_short_read_pooled_gold_standard_assembly	283	Otu2227.0	0.8676596311008551	0.41764507461476547	1329957	1153950	2762992	0.9248366013071896	0.19410150891632372	306	283	1458
marmgCAMI2_short_read_pooled_gold_standard_assembly	566	Otu2027	1.0	0.4149974541743181	1265780	1265780	3050091	1.0	0.15718908922792418	340	340	2163
marmgCAMI2_short_read_pooled_gold_standard_assembly	179	Otu1062.0	0.7604081451373736	0.4140396943897077	1395974	1061510	2563788	0.787292817679558	0.1889920424403183	362	285	1508
marmgCAMI2_short_read_pooled_gold_standard_assembly	475	Otu1082	0.9727200104410033	0.41257250266894985	697251	678230	1643905	0.967391304347826	0.1565523306948109	184	178	1137
marmgCAMI2_short_read_pooled_gold_standard_assembly	481	Otu1632	0.9833645082978469	0.40001312158167884	954826	938942	2347278	0.9806949806949807	0.14639769452449566	259	254	1735
marmgCAMI2_short_read_pooled_gold_standard_assembly	134	Otu1546	1.0	0.3924606167559664	1341461	1341461	3418078	1.0	0.14376742333731582	361	361	2511
marmgCAMI2_short_read_pooled_gold_standard_assembly	247	Otu1069	1.0	0.3885932838418714	602803	602803	1551244	1.0	0.1436077057793345	164	164	1142
marmgCAMI2_short_read_pooled_gold_standard_assembly	259	Otu282.0	0.9396790732506926	0.3846860029221994	1909470	1794289	4664295	0.9873150105708245	0.15739804516346478	473	467	2967
marmgCAMI2_short_read_pooled_gold_standard_assembly	57	Otu360	0.6635874044894389	0.3798785906792148	1977530	1312264	3454430	0.5567567567567567	0.3916349809885932	185	103	263
marmgCAMI2_short_read_pooled_gold_standard_assembly	232	Otu136	0.35952308538663497	0.3789080084565002	4471660	1607665	4242890	0.2403846153846154	0.18518518518518517	208	50	270
marmgCAMI2_short_read_pooled_gold_standard_assembly	47	Otu1860	0.28083155481524164	0.37552041210404086	6176959	1734685	4619416	0.25573394495412843	0.23523206751054854	872	223	948
marmgCAMI2_short_read_pooled_gold_standard_assembly	251	Otu769	0.5322824597060075	0.3593442681073032	3046608	1621656	4512820	0.5796178343949044	0.2330345710627401	314	182	781
marmgCAMI2_short_read_pooled_gold_standard_assembly	112	Otu2217	0.8919691908529619	0.3529993611078355	2248553	2005640	5681710	0.8757961783439491	0.12562814070351758	628	550	4378
marmgCAMI2_short_read_pooled_gold_standard_assembly	196	Otu643.0	1.0	0.34469107018103234	1069170	1069170	3101821	1.0	0.12065354000837872	288	288	2387
marmgCAMI2_short_read_pooled_gold_standard_assembly	362	Otu927	1.0	0.3326778315013212	1853111	1853111	5570287	1.0	0.1127398146152188	523	523	4639
marmgCAMI2_short_read_pooled_gold_standard_assembly	231	Otu136	0.3419066813127555	0.33114975877291186	4109402	1405032	4242890	0.27230046948356806	0.21481481481481482	213	58	270
marmgCAMI2_short_read_pooled_gold_standard_assembly	447	Otu1142.0	0.37867874567080695	0.32938834532801997	2339928	886081	2690080	0.19666666666666666	0.3010204081632653	300	59	196
marmgCAMI2_short_read_pooled_gold_standard_assembly	53	Otu770	1.0	0.3273317841589313	853770	853770	2608271	1.0	0.11496437054631829	242	242	2105
marmgCAMI2_short_read_pooled_gold_standard_assembly	399	Otu1847	0.7357773487822109	0.3186729337743143	794103	584283	1833488	0.7117903930131004	0.10866666666666666	229	163	1500
marmgCAMI2_short_read_pooled_gold_standard_assembly	36	Otu2052	0.9982697858411015	0.31743057735272584	1614829	1612035	5078386	0.9978070175438597	0.1076923076923077	456	455	4225
marmgCAMI2_short_read_pooled_gold_standard_assembly	431	Otu2169.0	0.9939912338418245	0.31579505934459484	493945	490977	1554733	0.9929577464788732	0.10796324655436447	142	141	1306
marmgCAMI2_short_read_pooled_gold_standard_assembly	248	Otu2121	0.9904225339918878	0.31577512743914765	924044	915194	2898246	0.9884615384615385	0.10593569661995053	260	257	2426
marmgCAMI2_short_read_pooled_gold_standard_assembly	366	Otu1182	0.5214701674335872	0.3148794744404746	1293050	674287	2141413	0.4066666666666667	0.3177083333333333	150	61	192
marmgCAMI2_short_read_pooled_gold_standard_assembly	20	Otu399.0	0.44402834098014304	0.31329702697789763	2476414	1099598	3509762	0.3790322580645161	0.30128205128205127	124	47	156
marmgCAMI2_short_read_pooled_gold_standard_assembly	358	Otu1237.0	0.9970240677684894	0.3116572594574568	1048747	1045626	3355051	0.9965635738831615	0.10626603151337487	291	290	2729
marmgCAMI2_short_read_pooled_gold_standard_assembly	17	Otu61.1	1.0	0.30664549859819024	1662826	1662826	5422633	1.0	0.10776654411764706	469	469	4352
marmgCAMI2_short_read_pooled_gold_standard_assembly	114	Otu1263	0.9751436919748342	0.30304845363089095	1570547	1531509	5053677	0.966183574879227	0.10840108401084012	414	400	3690
marmgCAMI2_short_read_pooled_gold_standard_assembly	172	Otu837.0	1.0	0.3030408186128909	1387643	1387643	4579063	1.0	0.10160568570676494	386	386	3799
marmgCAMI2_short_read_pooled_gold_standard_assembly	166	Otu2107	0.6836839572862797	0.29728101797089385	1236605	845447	2843932	0.6541554959785523	0.09906617945594803	373	244	2463
marmgCAMI2_short_read_pooled_gold_standard_assembly	465	Otu717	0.985923467800477	0.2967928394559165	482150	475363	1601666	0.9859154929577465	0.09762900976290098	142	140	1434
marmgCAMI2_short_read_pooled_gold_standard_assembly	142	Otu747	0.8372985771096246	0.28146784418233783	696048	582800	2070574	0.813953488372093	0.29829545454545453	129	105	352
marmgCAMI2_short_read_pooled_gold_standard_assembly	363	Otu1127	0.7937472814698748	0.2732106881550461	1763361	1399663	5123017	0.77	0.09935483870967741	500	385	3875
marmgCAMI2_short_read_pooled_gold_standard_assembly	254	Otu1734	0.7021273493195075	0.26971056494434203	1234400	866706	3213467	0.805111821086262	0.09268113276940051	313	252	2719
marmgCAMI2_short_read_pooled_gold_standard_assembly	515	Otu2202	0.5276070357161436	0.2637362129338738	1730030	912776	3460943	0.4694835680751174	0.17889087656529518	213	100	559
marmgCAMI2_short_read_pooled_gold_standard_assembly	61	Otu766	0.69118395366208	0.2560453290648217	1898402	1312145	5124659	0.6891891891891891	0.1881918819188192	222	153	813
marmgCAMI2_short_read_pooled_gold_standard_assembly	23	Otu2080.0	0.9955020356737063	0.2559541242038042	703207	700044	2735037	0.9951219512195122	0.08249090173877881	205	204	2473
marmgCAMI2_short_read_pooled_gold_standard_assembly	357	Otu1242	0.9896345939869461	0.2517929917634925	697416	690187	2741089	0.9901960784313726	0.07909162098668755	204	202	2554
marmgCAMI2_short_read_pooled_gold_standard_assembly	403	Otu2415.1	0.9256739048136752	0.2457859521428498	721133	667534	2715916	0.9330143540669856	0.07837620578778134	209	195	2488
marmgCAMI2_short_read_pooled_gold_standard_assembly	538	Otu1929	0.8656407640423964	0.24493006656559588	529290	458175	1870636	0.8481012658227848	0.0793368857312019	158	134	1689
marmgCAMI2_short_read_pooled_gold_standard_assembly	72	Otu1057	0.40677930246194954	0.24365461328957486	3025326	1230640	5050756	0.4166666666666667	0.10250569476082004	216	90	878
marmgCAMI2_short_read_pooled_gold_standard_assembly	124	Otu820	0.2103622494863493	0.23791860922221558	2008174	422444	1775582	0.2059800664451827	0.11386593204775022	602	124	1089
marmgCAMI2_short_read_pooled_gold_standard_assembly	325	Otu1832	0.9704165271817969	0.23562515548527416	394308	382643	1623948	0.991304347826087	0.07713125845737483	115	114	1478
marmgCAMI2_short_read_pooled_gold_standard_assembly	292	Otu985.0	0.9944224870671896	0.23227984221916173	524248	521324	2244379	0.9935064935064936	0.0723062381852552	154	153	2116
marmgCAMI2_short_read_pooled_gold_standard_assembly	555	Otu1704	0.9247177717656925	0.2251825885627695	374431	346243	1537610	0.9259259259259259	0.06506180871828236	108	100	1537
marmgCAMI2_short_read_pooled_gold_standard_assembly	65	Otu108.1	0.3412059939342312	0.22328286732149358	3385556	1155172	5173581	0.1527777777777778	0.13253012048192772	72	11	83
marmgCAMI2_short_read_pooled_gold_standard_assembly	22	Otu1896	0.9786961882687141	0.21731898982906686	715318	700079	3221435	0.9805825242718447	0.07372262773722628	206	202	2740
marmgCAMI2_short_read_pooled_gold_standard_assembly	258	Otu581	0.17914384303068775	0.19431849570167714	4351118	779476	4011332	0.1780821917808219	0.10077519379844961	511	91	903
marmgCAMI2_short_read_pooled_gold_standard_assembly	19	Otu911.0	0.33185749510064444	0.17571722078110738	1450701	481426	2739777	0.3316708229426434	0.09010840108401084	401	133	1476
marmgCAMI2_short_read_pooled_gold_standard_assembly	442	Otu971.0	1.0	0.17073913208274305	860383	860383	5039167	1.0	0.04876692008158724	263	263	5393
marmgCAMI2_short_read_pooled_gold_standard_assembly	297	Otu1015	0.9700235998910774	0.17032143005135103	440680	427470	2509784	0.9701492537313433	0.04969418960244648	134	130	2616
marmgCAMI2_short_read_pooled_gold_standard_assembly	78	Otu2078	0.8212620073580907	0.17004831529688896	326987	268542	1579210	0.8431372549019608	0.05318491032776747	102	86	1617
marmgCAMI2_short_read_pooled_gold_standard_assembly	108	Otu1414.0	0.9927556406989544	0.16972723174741275	542353	538424	3172290	0.9939759036144579	0.052884615384615384	166	165	3120
marmgCAMI2_short_read_pooled_gold_standard_assembly	439	Otu843	0.8472716494898967	0.16827642815125218	961570	814711	4841504	0.819327731092437	0.08871701546860783	238	195	2198
marmgCAMI2_short_read_pooled_gold_standard_assembly	201	Otu774	0.9721818668237987	0.16758643738315573	590586	574157	3426035	0.9659090909090909	0.04926108374384237	176	170	3451
marmgCAMI2_short_read_pooled_gold_standard_assembly	262	Otu1361.0	0.4742073911728071	0.16415344614950286	988287	468653	2854969	0.3941176470588235	0.08385481852315395	170	67	799
marmgCAMI2_short_read_pooled_gold_standard_assembly	281	Otu1791	0.9075564633908662	0.1604549220685623	790158	717113	4469249	0.899581589958159	0.04822790489008524	239	215	4458
marmgCAMI2_short_read_pooled_gold_standard_assembly	398	Otu2411	0.9863907620942115	0.15962391522999061	605765	597521	3743305	0.9891891891891892	0.04567007736461193	185	183	4007
marmgCAMI2_short_read_pooled_gold_standard_assembly	352	Otu2352	1.0	0.15886410173510077	250597	250597	1577430	1.0	0.04482758620689655	78	78	1740
marmgCAMI2_short_read_pooled_gold_standard_assembly	409	Otu498	0.9022300996929628	0.1585400930473857	398323	359379	2266802	0.896	0.044286279161724	125	112	2529
marmgCAMI2_short_read_pooled_gold_standard_assembly	453	Otu133.1	0.9763173883359536	0.15721418994428435	478959	467616	2974388	0.9797297297297297	0.04578465424692137	148	145	3167
marmgCAMI2_short_read_pooled_gold_standard_assembly	506	Otu1153	1.0	0.15588250405747256	206308	206308	1323484	1.0	0.09710743801652892	47	47	484
marmgCAMI2_short_read_pooled_gold_standard_assembly	383	Otu2099	0.984720248094069	0.1507538089894052	402428	396279	2628650	0.9838709677419355	0.04136995591726009	124	122	2949
marmgCAMI2_short_read_pooled_gold_standard_assembly	151	Otu1038	0.973265788165092	0.14688489096602433	321760	313158	2131996	0.97	0.03938286642306131	100	97	2463
marmgCAMI2_short_read_pooled_gold_standard_assembly	255	Otu1193	0.48675188915324025	0.14520404275755958	405605	197429	1359666	0.48412698412698413	0.03853442830069488	126	61	1583
marmgCAMI2_short_read_pooled_gold_standard_assembly	434	Otu1788.0	0.98139370819398	0.14466045143732634	382720	375599	2596418	0.9823008849557522	0.039181080127073775	113	111	2833
marmgCAMI2_short_read_pooled_gold_standard_assembly	170	Otu1853	0.9834514079099983	0.14397331660306453	367282	361204	2508826	0.974025974025974	0.07660878447395301	77	75	979
marmgCAMI2_short_read_pooled_gold_standard_assembly	199	Otu1101.0	0.3141977480185556	0.14295641278166615	1523636	478723	3348734	0.32575757575757575	0.06323529411764706	396	129	2040
marmgCAMI2_short_read_pooled_gold_standard_assembly	365	Otu865	0.9915845268708381	0.14242938065091018	761811	755400	5303681	0.9913793103448276	0.039662010691498537	232	230	5799
marmgCAMI2_short_read_pooled_gold_standard_assembly	567	Otu589	0.9746288373193478	0.14174022177930973	507190	494322	3487521	0.9807692307692307	0.038931297709923665	156	153	3930
marmgCAMI2_short_read_pooled_gold_standard_assembly	349	Otu1920	0.9619639281928765	0.13120311254938655	237748	228705	1743137	0.958904109589041	0.034808552958727	73	70	2011
marmgCAMI2_short_read_pooled_gold_standard_assembly	470	Otu2042	0.8209813858804748	0.129815164308765	211721	173819	1338973	0.803030303030303	0.03466317854807063	66	53	1529
marmgCAMI2_short_read_pooled_gold_standard_assembly	503	Otu1101.0	0.2684866582375343	0.12656932440737306	1578652	423847	3348734	0.28205128205128205	0.05392156862745098	390	110	2040
marmgCAMI2_short_read_pooled_gold_standard_assembly	49	Otu581	0.18478276112765668	0.12482237820255217	2709690	500704	4011332	0.16666666666666666	0.08084163898117387	438	73	903
marmgCAMI2_short_read_pooled_gold_standard_assembly	237	Otu1986.0	0.9894656719764453	0.12206755150074006	508433	503077	4121300	0.9876543209876543	0.032989690721649485	162	160	4850
marmgCAMI2_short_read_pooled_gold_standard_assembly	356	Otu961	0.9888373134292812	0.12111575122605217	839762	830388	6856152	0.9886363636363636	0.03197353914002205	264	261	8163
marmgCAMI2_short_read_pooled_gold_standard_assembly	265	Otu968.0	0.6890526731267385	0.11352304725602587	805667	555147	4890170	0.8255813953488372	0.0874384236453202	86	71	812
marmgCAMI2_short_read_pooled_gold_standard_assembly	373	Otu1326	0.984153133390559	0.11253959356773079	345999	340516	3025744	0.9821428571428571	0.029388191290408764	112	110	3743
marmgCAMI2_short_read_pooled_gold_standard_assembly	443	Otu814.0	0.8973216105164487	0.10805191745887845	269901	242188	2241404	0.9024390243902439	0.027519523986612122	82	74	2689
marmgCAMI2_short_read_pooled_gold_standard_assembly	463	Otu1057	0.7587186367999551	0.10719840752552687	713615	541433	5050756	0.6826923076923077	0.08086560364464693	104	71	878
marmgCAMI2_short_read_pooled_gold_standard_assembly	287	Otu775.0	0.9746767959482874	0.10009099388636965	450180	438780	4383811	0.9722222222222222	0.02516627718856732	144	140	5563
marmgCAMI2_short_read_pooled_gold_standard_assembly	307	Otu1196	0.8278475905003458	0.09958959411308525	416352	344676	3460964	0.8320610687022901	0.027243189202699324	131	109	4001
marmgCAMI2_short_read_pooled_gold_standard_assembly	565	Otu2170	0.8639307934884514	0.09578445403144686	469320	405460	4233046	0.8620689655172413	0.023616096731532213	145	125	5293
marmgCAMI2_short_read_pooled_gold_standard_assembly	104	Otu707	0.4251320483100992	0.09188934430448963	944730	401635	4370855	0.4416243654822335	0.058310991957104555	197	87	1492
marmgCAMI2_short_read_pooled_gold_standard_assembly	162	Otu843	0.22462305736600474	0.09131542595028322	1968204	442104	4841504	0.2167689161554192	0.048225659690627844	489	106	2198
marmgCAMI2_short_read_pooled_gold_standard_assembly	353	Otu1221	0.9844782034346103	0.08898409601151283	230128	226556	2546028	0.9743589743589743	0.056296296296296296	39	38	675
marmgCAMI2_short_read_pooled_gold_standard_assembly	187	Otu1573	0.27785637621013676	0.08893194123781291	1124563	312467	3513552	0.14583333333333334	0.11290322580645161	48	7	62
marmgCAMI2_short_read_pooled_gold_standard_assembly	230	Otu1101.0	0.26562062000905645	0.08828410975610484	1113016	295640	3348734	0.28975265017667845	0.04019607843137255	283	82	2040
marmgCAMI2_short_read_pooled_gold_standard_assembly	435	Otu1519	0.6207565193093724	0.08791256120121411	769445	477638	5433103	0.5659340659340659	0.06494325346784363	182	103	1586
marmgCAMI2_short_read_pooled_gold_standard_assembly	46	Otu1160	0.972838094786786	0.08648944551289478	337642	328471	3797816	0.9724770642201835	0.02209253855773239	109	106	4798
marmgCAMI2_short_read_pooled_gold_standard_assembly	286	Otu1977.0	0.9067999780557384	0.084858390092466	364560	330583	3895702	0.9224137931034483	0.02134024730753889	116	107	5014
marmgCAMI2_short_read_pooled_gold_standard_assembly	69	Otu394.0	1.0	0.08328441420409312	387175	387175	4648829	1.0	0.09900990099009901	10	10	101
marmgCAMI2_short_read_pooled_gold_standard_assembly	359	Otu769	0.44029691791911213	0.07924402036863867	812211	357614	4512820	0.5	0.08450704225352113	132	66	781
marmgCAMI2_short_read_pooled_gold_standard_assembly	141	Otu1264	0.9656597588104437	0.07913246631135076	256230	247431	3126795	0.9647058823529412	0.020098039215686276	85	82	4080
marmgCAMI2_short_read_pooled_gold_standard_assembly	54	Otu2423	0.9329299014238773	0.07844759841062945	365200	340706	4343103	0.940677966101695	0.01970530800639091	118	111	5633
marmgCAMI2_short_read_pooled_gold_standard_assembly	471	Otu1233.0	1.0	0.07765335741135947	270390	270390	3482013	1.0	0.018391787852865698	86	86	4676
marmgCAMI2_short_read_pooled_gold_standard_assembly	511	Otu1361.0	0.31409660818541235	0.0747167482378968	679135	213314	2854969	0.2689655172413793	0.04881101376720901	145	39	799
marmgCAMI2_short_read_pooled_gold_standard_assembly	304	Otu1127	0.6086020297344867	0.06978954003080606	587466	357533	5123017	0.7441860465116279	0.024774193548387096	129	96	3875
marmgCAMI2_short_read_pooled_gold_standard_assembly	413	Otu862.0	0.9558179127288908	0.06824679672798839	206758	197623	2895711	0.9117647058823529	0.06695464362850972	34	31	463
marmgCAMI2_short_read_pooled_gold_standard_assembly	331	Otu801.0	0.9655770213635899	0.06713543245036539	244575	236156	3517606	0.963855421686747	0.0166631951676734	83	80	4801
marmgCAMI2_short_read_pooled_gold_standard_assembly	340	Otu1279	0.9852007281785954	0.06521135817940363	521850	514127	7884010	0.9692307692307692	0.04708520179372197	65	63	1338
marmgCAMI2_short_read_pooled_gold_standard_assembly	460	Otu521.0	0.902517913791956	0.06438804389354356	225385	203414	3159189	0.9166666666666666	0.015246015246015246	72	66	4329
marmgCAMI2_short_read_pooled_gold_standard_assembly	192	Otu581	0.15207216427511253	0.06326751313528774	1668859	253787	4011332	0.14841849148418493	0.06755260243632337	411	61	903
marmgCAMI2_short_read_pooled_gold_standard_assembly	391	Otu703	0.5286704485410674	0.06195917022811932	545056	288155	4650724	0.41732283464566927	0.20229007633587787	127	53	262
marmgCAMI2_short_read_pooled_gold_standard_assembly	367	Otu766	0.4312212675228266	0.05939595200383089	705865	304384	5124659	0.3987730061349693	0.07995079950799508	163	65	813
marmgCAMI2_short_read_pooled_gold_standard_assembly	468	Otu610	0.9521022186895535	0.05353138839692574	217651	207226	3871112	0.958904109589041	0.012766733540032828	73	70	5483
marmgCAMI2_short_read_pooled_gold_standard_assembly	129	Otu198.0	0.8700189753320683	0.05285267977023991	278256	242088	4580430	0.6666666666666666	0.1	9	6	60
marmgCAMI2_short_read_pooled_gold_standard_assembly	556	Otu1791	0.9401742249551627	0.04926331023400128	234180	220170	4469249	0.9710144927536232	0.01502916105877075	69	67	4458
marmgCAMI2_short_read_pooled_gold_standard_assembly	389	Otu1607	0.9727433772092893	0.04854979806327871	320069	311345	6412900	0.95	0.0395558639833449	60	57	1441
marmgCAMI2_short_read_pooled_gold_standard_assembly	63	Otu766	0.4350982281539435	0.04722772773759191	556256	242026	5124659	0.4523809523809524	0.023370233702337023	42	19	813
marmgCAMI2_short_read_pooled_gold_standard_assembly	293	Otu1620	0.33490613427008525	0.04660139043011551	577314	193346	4148932	0.3269230769230769	0.018233821952091528	156	51	2797
marmgCAMI2_short_read_pooled_gold_standard_assembly	117	Otu581	0.21135410175043995	0.04413346987983044	837618	177034	4011332	0.20634920634920634	0.028792912513842746	126	26	903
marmgCAMI2_short_read_pooled_gold_standard_assembly	422	Otu1057	0.6772583772496769	0.043153539786915066	321824	217958	5050756	0.5223880597014925	0.03986332574031891	67	35	878
marmgCAMI2_short_read_pooled_gold_standard_assembly	44	Otu1132	0.7577066751922462	0.042672075174531934	237716	180119	4221004	0.6851851851851852	0.022235576923076924	54	37	1664
marmgCAMI2_short_read_pooled_gold_standard_assembly	60	Otu1519	0.5562072430254751	0.0425889220211728	416014	231390	5433103	0.4891304347826087	0.02837326607818411	92	45	1586
marmgCAMI2_short_read_pooled_gold_standard_assembly	474	Otu635	0.94740296586126	0.04227854751052556	236154	223733	5291880	0.8095238095238095	0.0776255707762557	21	17	219
marmgCAMI2_short_read_pooled_gold_standard_assembly	476	Otu473	0.7795230633840606	0.04068229650450295	232945	181586	4463514	0.675	0.1888111888111888	40	27	143
marmgCAMI2_short_read_pooled_gold_standard_assembly	454	Otu999	0.5407640697083959	0.039817560688636205	370228	200206	5028083	0.5352112676056338	0.02753623188405797	71	38	1380
marmgCAMI2_short_read_pooled_gold_standard_assembly	111	Otu522	0.9049817320035548	0.03711182362716927	202540	183295	4938992	0.8636363636363636	0.016006739679865205	44	38	2374
marmgCAMI2_short_read_pooled_gold_standard_assembly	416	Otu1113	0.1901762544711017	0.037042154950653196	741428	141002	3806528	0.16233766233766234	0.02759381898454746	154	25	906
marmgCAMI2_short_read_pooled_gold_standard_assembly	374	Otu1277	0.5368688628769398	0.03628322221355041	292686	157134	4330762	0.5416666666666666	0.008159422563941629	96	52	6373
marmgCAMI2_short_read_pooled_gold_standard_assembly	485	Otu2446	0.6579854574055944	0.03468631723998605	239022	157273	4534151	0.66	0.01746031746031746	50	33	1890
marmgCAMI2_short_read_pooled_gold_standard_assembly	429	Otu1224	0.444577850160285	0.03421163369355744	252363	112195	3279440	0.42528735632183906	0.0074777687954729185	87	37	4948
marmgCAMI2_short_read_pooled_gold_standard_assembly	250	Otu766	0.44362065699642766	0.03244723209876013	374827	166281	5124659	0.42857142857142855	0.04428044280442804	84	36	813
marmgCAMI2_short_read_pooled_gold_standard_assembly	380	Otu707	0.23011232604029033	0.030362251779114155	576714	132709	4370855	0.25274725274725274	0.015415549597855228	91	23	1492
marmgCAMI2_short_read_pooled_gold_standard_assembly	381	Otu707	0.23653508690913794	0.029297013970950764	541370	128053	4370855	0.2248062015503876	0.01943699731903485	129	29	1492
marmgCAMI2_short_read_pooled_gold_standard_assembly	144	Otu115	0.4963217549057138	0.02927310752582091	240332	119282	4074798	0.3469387755102041	0.03811659192825112	49	17	446
marmgCAMI2_short_read_pooled_gold_standard_assembly	120	Otu1113	0.18775293016369052	0.027715808211577583	561914	105501	3806528	0.17142857142857143	0.019867549668874173	105	18	906
marmgCAMI2_short_read_pooled_gold_standard_assembly	102	Otu2446	0.21255456283059965	0.02636568565978504	562425	119546	4534151	0.208955223880597	0.014814814814814815	134	28	1890
marmgCAMI2_short_read_pooled_gold_standard_assembly	79	Otu1361.0	0.24445615694055822	0.022094110303824663	258034	63078	2854969	0.1896551724137931	0.01376720901126408	58	11	799
marmgCAMI2_short_read_pooled_gold_standard_assembly	505	Otu766	0.34258607168668215	0.021737446335453735	325165	111397	5124659	0.3170731707317073	0.015990159901599015	41	13	813
marmgCAMI2_short_read_pooled_gold_standard_assembly	354	Otu1279	0.35692609277514936	0.014410940625392409	318318	113616	7884010	0.24285714285714285	0.012705530642750373	70	17	1338
marmgCAMI2_short_read_pooled_gold_standard_assembly	423	Otu1519	0.275799733055633	0.013843838410573111	272716	75215	5433103	0.2807017543859649	0.01008827238335435	57	16	1586
marmgCAMI2_short_read_pooled_gold_standard_assembly	89	Otu2446	0.15425331015399615	0.012700503357739961	373321	57586	4534151	0.19117647058823528	0.0068783068783068784	68	13	1890
marmgCAMI2_short_read_pooled_gold_standard_assembly	139	Otu1057	0.2770321856631682	0.01192573943385901	217426	60234	5050756	0.29411764705882354	0.0056947608200455585	17	5	878
marmgCAMI2_short_read_pooled_gold_standard_assembly	306	Otu1113	0.16975259976724105	0.011878803991458884	266370	45217	3806528	0.1509433962264151	0.008830022075055188	53	8	906
marmgCAMI2_short_read_pooled_gold_standard_assembly	327	Otu2446	0.15018730939888267	0.011697890079090882	353159	53040	4534151	0.11842105263157894	0.004761904761904762	76	9	1890
marmgCAMI2_short_read_pooled_gold_standard_assembly	512	Otu1596	0.1673793280163992	0.009650392008221508	249768	41806	4332052	0.1728395061728395	0.004786324786324786	81	14	2925
marmgCAMI2_short_read_pooled_gold_standard_assembly	137	Otu1383	0.16102287039221008	0.009350131974805139	224701	36182	3869678	0.2	0.004187285877426722	55	11	2627
