Method	num_5010	num_7010	num_9010	num_505	num_605	num_705	num_805	num_905
concoct_bins_checkm2_quality_report.tsv	11	10	4	10	10	9	8	4
maxbin2_bins_checkm2_quality_report.tsv	7	6	3	5	5	5	5	2
metabat2_bins_checkm2_quality_report.tsv	12	12	2	11	11	11	6	2
VAMB/S5_checkm2_output/quality_report.tsv	7	6	2	7	7	6	3	2
CLMB/S5_checkm2_output/quality_report.tsv	5	5	2	5	5	5	3	2
metadecoder/samfiles_checkm2_output/quality_report.tsv	11	6	3	11	9	6	4	3
semibin_Easy_coassemly_mode_v1.0.0_default/output_recluster_bins_checkm2_output/quality_report.tsv	11	8	3	11	10	8	6	3
semibin2_Easy_coassemly_mode/output_bins_checkm2_output/quality_report.tsv	11	9	3	11	10	9	6	3
COMEBin_nocovloss_tau0.15_nepoch200_earlystop_addvars_nedge75_vars_sqrt_NokmerMetric/filter200000/*filtersmallbins_200000.tsv_bins_checkm2_output/quality_report.tsv	13	12	4	12	12	11	10	4
