Method	num_5010	num_7010	num_9010	num_505	num_605	num_705	num_805	num_905
concoct_bins_checkm2_quality_report.tsv	16	9	3	10	8	6	4	2
maxbin2_bins_checkm2_quality_report.tsv	13	6	1	3	2	1	0	0
metabat2_bins_checkm2_quality_report.tsv	21	13	3	13	9	7	5	1
VAMB/S3_checkm2_output/quality_report.tsv	12	5	0	11	6	4	3	0
CLMB/S3_checkm2_output/quality_report.tsv	8	2	0	7	3	1	1	0
metadecoder/samfiles_checkm2_output/quality_report.tsv	18	5	0	17	14	5	3	0
semibin_Easy_coassemly_mode_v1.0.0_default/output_recluster_bins_checkm2_output/quality_report.tsv	21	8	0	19	12	7	4	0
semibin2_Easy_coassemly_mode/output_bins_checkm2_output/quality_report.tsv	20	7	0	19	12	7	4	0
COMEBin_nocovloss_tau0.15_nepoch200_earlystop_addvars_nedge75_vars_sqrt_NokmerMetric/comebin_res_bins_checkm2_output/quality_report.tsv	32	20	6	18	14	12	10	4
