sample_id	Bin ID	Most abundant genome	Purity (bp)	Completeness (bp)	Bin size (bp)	True positives (bp)	True size of most abundant genome (bp)	Purity (seq)	Completeness (seq)	Bin size (seq)	True positives (seq)	True size of most abundant genome (seq)
marmgCAMI2_short_read_pooled_gold_standard_assembly	369	Otu435.1	1.0	1.0	3386699	3386699	3386699	1.0	1.0	2	2	2
marmgCAMI2_short_read_pooled_gold_standard_assembly	232	Otu660	1.0	1.0	2410811	2410811	2410811	1.0	1.0	2	2	2
marmgCAMI2_short_read_pooled_gold_standard_assembly	245	Otu1179.1	0.7570184619524196	1.0	6236231	4720942	4720942	0.032679738562091505	1.0	918	30	30
marmgCAMI2_short_read_pooled_gold_standard_assembly	358	Otu261	0.9991869888764983	1.0	4345574	4342041	4342041	0.6666666666666666	1.0	3	2	2
marmgCAMI2_short_read_pooled_gold_standard_assembly	350	Otu183.1	1.0	1.0	4779405	4779405	4779405	1.0	1.0	6	6	6
marmgCAMI2_short_read_pooled_gold_standard_assembly	345	Otu78	0.292687197157566	1.0	16409317	4802797	4802797	0.36363636363636365	1.0	11	4	4
marmgCAMI2_short_read_pooled_gold_standard_assembly	132	Otu576	0.3992196312117916	1.0	8513667	3398823	3398823	0.017278617710583154	1.0	463	8	8
marmgCAMI2_short_read_pooled_gold_standard_assembly	325	Otu189	0.9941016245842845	1.0	5047322	5017551	5017551	0.047619047619047616	1.0	21	1	1
marmgCAMI2_short_read_pooled_gold_standard_assembly	323	Otu196	1.0	1.0	2316281	2316281	2316281	1.0	1.0	1	1	1
marmgCAMI2_short_read_pooled_gold_standard_assembly	120	Otu232.0	0.13376410676710643	1.0	20981331	2806549	2806549	0.003219871205151794	1.0	2174	7	7
marmgCAMI2_short_read_pooled_gold_standard_assembly	262	Otu87.0	0.1142445725268231	1.0	43514356	4971279	4971279	0.003305785123966942	1.0	605	2	2
marmgCAMI2_short_read_pooled_gold_standard_assembly	288	Otu238.0	0.5056511913508845	1.0	8910599	4505655	4505655	0.16666666666666666	1.0	6	1	1
marmgCAMI2_short_read_pooled_gold_standard_assembly	290	Otu248.0	0.939239773758919	1.0	4326712	4063820	4063820	0.034482758620689655	1.0	29	1	1
marmgCAMI2_short_read_pooled_gold_standard_assembly	88	Otu1089	0.7394438060321986	1.0	5206493	3849909	3849909	0.014492753623188406	1.0	897	13	13
marmgCAMI2_short_read_pooled_gold_standard_assembly	316	Otu23	0.5016737998818968	1.0	11427292	5732773	5732773	0.028037383177570093	1.0	107	3	3
marmgCAMI2_short_read_pooled_gold_standard_assembly	313	Otu106	0.8045461498612348	1.0	2333799	1877649	1877649	0.004424778761061947	1.0	226	1	1
marmgCAMI2_short_read_pooled_gold_standard_assembly	309	Otu149	0.49933982374382874	1.0	2709125	1352774	1352774	0.3333333333333333	1.0	3	1	1
marmgCAMI2_short_read_pooled_gold_standard_assembly	156	Otu459	0.2308124029884436	1.0	8971225	2070670	2070670	0.005822416302765648	1.0	1374	8	8
marmgCAMI2_short_read_pooled_gold_standard_assembly	312	Otu1180.0	0.4648753303938474	1.0	10056180	4674870	4674870	0.023255813953488372	1.0	86	2	2
marmgCAMI2_short_read_pooled_gold_standard_assembly	365	Otu368	0.501823585387369	1.0	11057338	5548833	5548833	0.7647058823529411	1.0	17	13	13
marmgCAMI2_short_read_pooled_gold_standard_assembly	15	Otu139	0.3820880906788031	1.0	13191793	5040427	5040427	0.008733624454148471	1.0	687	6	6
marmgCAMI2_short_read_pooled_gold_standard_assembly	216	Otu211	0.5702837893376965	1.0	4260449	2429665	2429665	0.0013315579227696406	1.0	751	1	1
marmgCAMI2_short_read_pooled_gold_standard_assembly	215	Otu383	1.0	0.9994566102852536	3257400	3257400	3259171	1.0	0.9736842105263158	37	37	38
marmgCAMI2_short_read_pooled_gold_standard_assembly	179	Otu152	0.3787828871374535	0.9991799891194456	16946481	6419037	6424305	0.030350194552529183	0.9285714285714286	1285	39	42
marmgCAMI2_short_read_pooled_gold_standard_assembly	99	Otu6	0.9911752082000007	0.9989795380554869	2485951	2464013	2466530	0.8070175438596491	0.9787234042553191	57	46	47
marmgCAMI2_short_read_pooled_gold_standard_assembly	7	Otu163	0.5209340158883309	0.9989093908152872	13847773	7213776	7221652	0.05846774193548387	0.8529411764705882	496	29	34
marmgCAMI2_short_read_pooled_gold_standard_assembly	198	Otu1573	0.2126297797037185	0.9988447588081805	16505181	3509493	3513552	0.04363905325443787	0.9516129032258065	1352	59	62
marmgCAMI2_short_read_pooled_gold_standard_assembly	54	Otu980	0.8455434126546453	0.9986395960680008	4375579	3699742	3704782	0.03225806451612903	0.8333333333333334	465	15	18
marmgCAMI2_short_read_pooled_gold_standard_assembly	305	Otu2019	1.0	0.9983934090567971	2674039	2674039	2678342	1.0	0.9385964912280702	107	107	114
marmgCAMI2_short_read_pooled_gold_standard_assembly	75	Otu54	0.37943095776826846	0.9978333555930493	9116652	3459140	3466651	0.13110367892976588	0.9849246231155779	1495	196	199
marmgCAMI2_short_read_pooled_gold_standard_assembly	62	Otu681	0.34552303813397717	0.9974371633800313	5390888	1862676	1867462	0.05480378890392422	0.9418604651162791	1478	81	86
marmgCAMI2_short_read_pooled_gold_standard_assembly	243	Otu76.0	0.37501162232530943	0.9962172448901202	8195434	3073383	3085053	0.0583756345177665	0.8518518518518519	394	23	27
marmgCAMI2_short_read_pooled_gold_standard_assembly	248	Otu1111	0.28867256562640964	0.993753122215826	18998830	5484441	5518917	0.09401709401709402	0.7719298245614035	468	44	57
marmgCAMI2_short_read_pooled_gold_standard_assembly	296	Otu88.0	0.5879613404874912	0.9936533071517644	5735406	3372197	3393736	0.9852941176470589	0.8701298701298701	68	67	77
marmgCAMI2_short_read_pooled_gold_standard_assembly	201	Otu479	0.6404194708576677	0.9928343276819765	5214665	3339573	3363676	0.22475322703113135	0.9337539432176656	1317	296	317
marmgCAMI2_short_read_pooled_gold_standard_assembly	160	Otu338	0.3844239046897686	0.9913062256607428	14759129	5673762	5723521	0.033123028391167195	0.9130434782608695	1268	42	46
marmgCAMI2_short_read_pooled_gold_standard_assembly	140	Otu564	0.8439083511207288	0.9906836768073275	6100762	5148484	5196900	0.42245989304812837	0.9404761904761905	187	79	84
marmgCAMI2_short_read_pooled_gold_standard_assembly	213	Otu107	0.3254439986736691	0.9904232735282743	14479041	4712117	4757680	0.05075337034099921	0.7441860465116279	1261	64	86
marmgCAMI2_short_read_pooled_gold_standard_assembly	128	Otu226	0.9944883478082557	0.9895302147383829	4486495	4461767	4508975	0.7575757575757576	0.704225352112676	66	50	71
marmgCAMI2_short_read_pooled_gold_standard_assembly	11	Otu1030	0.9984454401163494	0.9830325845971595	2205769	2202340	2240353	0.9809523809523809	0.9035087719298246	105	103	114
marmgCAMI2_short_read_pooled_gold_standard_assembly	185	Otu116.0	0.5018446705704541	0.9829059950457923	11031509	5536104	5632384	0.5723270440251572	0.91	159	91	100
marmgCAMI2_short_read_pooled_gold_standard_assembly	78	Otu108.1	0.15170850723056817	0.9799873627183956	33419642	5070044	5173581	0.03547066848567531	0.6265060240963856	1466	52	83
marmgCAMI2_short_read_pooled_gold_standard_assembly	66	Otu289	0.11707814942451843	0.9791463216501257	38297838	4483840	4579336	0.01741364544675992	0.6224489795918368	3503	61	98
marmgCAMI2_short_read_pooled_gold_standard_assembly	253	Otu282.1	0.947239453953635	0.9784226081374566	5071877	4804282	4910232	0.6136363636363636	0.8852459016393442	88	54	61
marmgCAMI2_short_read_pooled_gold_standard_assembly	270	Otu1498	0.4635377339210536	0.9769372061114647	11156328	5171379	5293461	0.1597222222222222	0.7666666666666667	288	46	60
marmgCAMI2_short_read_pooled_gold_standard_assembly	246	Otu1080	0.9366155364014256	0.9748767731639215	1929842	1807520	1854101	0.6548223350253807	0.9020979020979021	197	129	143
marmgCAMI2_short_read_pooled_gold_standard_assembly	275	Otu696	0.9958548039349377	0.9674595032739339	3835283	3819385	3947850	0.984070796460177	0.8462709284627092	565	556	657
marmgCAMI2_short_read_pooled_gold_standard_assembly	193	Otu1540	0.8320750821069333	0.9644717391810415	1593349	1325786	1374624	0.5615212527964206	0.8175895765472313	447	251	307
marmgCAMI2_short_read_pooled_gold_standard_assembly	194	Otu2290.0	0.3073469016755674	0.9584222064170085	8317302	2556297	2667193	0.21707317073170732	0.689922480620155	410	89	129
marmgCAMI2_short_read_pooled_gold_standard_assembly	114	Otu851.0	0.9990348168864355	0.9464939633513298	3115471	3112464	3288414	0.9973579920739762	0.7423795476892822	757	755	1017
marmgCAMI2_short_read_pooled_gold_standard_assembly	226	Otu626.0	0.9215073621446352	0.9457188775783169	3874822	3570677	3775622	0.8026159334126041	0.7491675915649278	841	675	901
marmgCAMI2_short_read_pooled_gold_standard_assembly	72	Otu1914.0	0.9997164641185342	0.9421248204657355	3703235	3702185	3929612	0.9988738738738738	0.7182186234817813	888	887	1235
marmgCAMI2_short_read_pooled_gold_standard_assembly	282	Otu467	0.9853414816008554	0.9404143730146345	4256774	4194376	4460136	0.9623233908948194	0.7315035799522673	637	613	838
marmgCAMI2_short_read_pooled_gold_standard_assembly	257	Otu555.0	1.0	0.9202806973423356	4069207	4069207	4421702	1.0	0.7161198288159771	502	502	701
marmgCAMI2_short_read_pooled_gold_standard_assembly	24	Otu115	0.16062160698755415	0.9150954231350855	23214990	3728829	4074798	0.07681365576102418	0.726457399103139	4218	324	446
marmgCAMI2_short_read_pooled_gold_standard_assembly	139	Otu923	0.5633178643076403	0.900993943864333	8274600	4661230	5173431	0.42178447276940906	0.6494201605709188	1726	728	1121
marmgCAMI2_short_read_pooled_gold_standard_assembly	162	Otu2362.0	0.7237644695819921	0.8996880930226533	4606301	3333877	3705592	0.5773299748110832	0.6366666666666667	1985	1146	1800
marmgCAMI2_short_read_pooled_gold_standard_assembly	135	Otu903	0.8261111001886992	0.8675355340905428	4984654	4117878	4746639	0.6768537074148296	0.6099322799097066	1996	1351	2215
marmgCAMI2_short_read_pooled_gold_standard_assembly	200	Otu958	0.6689087183140047	0.8642759283040767	5418995	3624813	4194046	0.5998962117280747	0.5882951653944021	1927	1156	1965
marmgCAMI2_short_read_pooled_gold_standard_assembly	234	Otu1156	0.5981003386838885	0.841970646845131	6386191	3819583	4536480	0.38155136268343814	0.6911392405063291	1431	546	790
marmgCAMI2_short_read_pooled_gold_standard_assembly	45	Otu2333	0.9897745491288148	0.8309062543689345	3927064	3886908	4677914	0.9745222929936306	0.5826985854189336	1099	1071	1838
marmgCAMI2_short_read_pooled_gold_standard_assembly	96	Otu429.0	0.9846730877307049	0.8300703758110471	3039164	2992583	3605216	0.9689265536723164	0.5444444444444444	708	686	1260
marmgCAMI2_short_read_pooled_gold_standard_assembly	176	Otu930	0.4522061075166199	0.8002852609918161	5633157	2547348	3183050	0.39346895074946464	0.5027359781121751	1868	735	1462
marmgCAMI2_short_read_pooled_gold_standard_assembly	22	Otu1536	0.893712429676667	0.798590010218459	1588022	1419235	1777176	0.9383333333333334	0.5049327354260089	600	563	1115
marmgCAMI2_short_read_pooled_gold_standard_assembly	8	Otu282.0	0.9710071848076555	0.7840016551268734	3766002	3656815	4664295	0.9955499046408137	0.5278058645096056	1573	1566	2967
marmgCAMI2_short_read_pooled_gold_standard_assembly	111	Otu1847	0.5704118325092374	0.7219949080659377	2320725	1323769	1833488	0.5160202360876898	0.408	1186	612	1500
marmgCAMI2_short_read_pooled_gold_standard_assembly	38	Otu1950	0.9970958540888	0.6992537685212091	4631310	4617860	6603983	0.9959982214317474	0.40324032403240323	2249	2240	5555
marmgCAMI2_short_read_pooled_gold_standard_assembly	127	Otu1283	0.3280924108553521	0.67110457911215	8921203	2926979	4361435	0.22156045265038712	0.5099383139136395	3358	744	1459
marmgCAMI2_short_read_pooled_gold_standard_assembly	83	Otu999	0.5100400408184642	0.6391696398010932	6301070	3213798	5028083	0.4829222011385199	0.36884057971014494	1054	509	1380
marmgCAMI2_short_read_pooled_gold_standard_assembly	105	Otu1263	0.5518162309391033	0.6196915631925032	5675297	3131721	5053677	0.5652535328345802	0.3685636856368564	2406	1360	3690
marmgCAMI2_short_read_pooled_gold_standard_assembly	224	Otu644	0.8352563974430217	0.6138921128175896	1250695	1044651	1701685	0.7785613540197461	0.34782608695652173	709	552	1587
marmgCAMI2_short_read_pooled_gold_standard_assembly	117	Otu1374	0.9983643344427139	0.6090823625233406	844916	843534	1384926	0.9978768577494692	0.304601425793908	471	470	1543
marmgCAMI2_short_read_pooled_gold_standard_assembly	36	Otu1010	0.9769734523579687	0.5956865347805972	3263190	3188050	5351892	0.9535374868004224	0.4441711756025578	947	903	2033
marmgCAMI2_short_read_pooled_gold_standard_assembly	20	Otu1986.0	1.0	0.5869897847766481	2419161	2419161	4121300	1.0	0.2944329896907216	1428	1428	4850
marmgCAMI2_short_read_pooled_gold_standard_assembly	173	Otu1769	0.4908746028396976	0.5810765133932961	4346167	2133423	3671501	0.4114383269312847	0.4072665821715251	2343	964	2367
marmgCAMI2_short_read_pooled_gold_standard_assembly	4	Otu1062.0	0.43922722504906486	0.5700198300327484	3327230	1461410	2563788	0.43472906403940886	0.46816976127320953	1624	706	1508
marmgCAMI2_short_read_pooled_gold_standard_assembly	14	Otu1040	0.49717175979946193	0.5625753341644902	5796007	2881611	5122178	0.5694444444444444	0.36519355943816373	1872	1066	2919
marmgCAMI2_short_read_pooled_gold_standard_assembly	148	Otu2170	0.9978517122482771	0.5355861949055125	2272042	2267161	4233046	0.9970652971386648	0.25675420366521823	1363	1359	5293
marmgCAMI2_short_read_pooled_gold_standard_assembly	61	Otu1264	0.6564211936154462	0.5022068923610278	2392211	1570298	3126795	0.6209987195902689	0.23774509803921567	1562	970	4080
marmgCAMI2_short_read_pooled_gold_standard_assembly	210	Otu1028	1.0	0.4997308604964334	3458239	3458239	6920203	1.0	0.21784593935169047	625	625	2869
marmgCAMI2_short_read_pooled_gold_standard_assembly	208	Otu1896	0.9970585931234123	0.4978163458210394	1608414	1603683	3221435	0.9942196531791907	0.2510948905109489	692	688	2740
marmgCAMI2_short_read_pooled_gold_standard_assembly	298	Otu598	0.9964629103143702	0.46435938345654576	793873	791065	1703562	0.9948186528497409	0.25634178905206945	386	384	1498
marmgCAMI2_short_read_pooled_gold_standard_assembly	103	Otu1386	0.09596943072931693	0.46021742626387124	22394777	2149214	4669997	0.10755839772626344	0.2666226332012329	11259	1211	4542
marmgCAMI2_short_read_pooled_gold_standard_assembly	71	Otu1620	0.18031308154477793	0.43237247561541137	9948718	1793884	4148932	0.1670875420875421	0.283875580979621	4752	794	2797
marmgCAMI2_short_read_pooled_gold_standard_assembly	69	Otu1028	1.0	0.40318427075043894	2790117	2790117	6920203	1.0	0.4252352736144998	1220	1220	2869
marmgCAMI2_short_read_pooled_gold_standard_assembly	13	Otu1617	0.9981173967734038	0.4015049786266433	1421436	1418760	3533605	0.9978586723768736	0.1745645251919835	934	932	5339
marmgCAMI2_short_read_pooled_gold_standard_assembly	12	Otu1753	0.34459913565085665	0.40041197460705186	6374276	2196570	5485775	0.3550181378476421	0.1968884120171674	4135	1468	7456
marmgCAMI2_short_read_pooled_gold_standard_assembly	59	Otu2423	0.5551981222274197	0.39790053332835995	3112624	1728123	4343103	0.5301850048685491	0.19332504881945678	2054	1089	5633
marmgCAMI2_short_read_pooled_gold_standard_assembly	80	Otu521.0	0.458354528927009	0.3935937356074613	2712828	1243437	3159189	0.464922711058264	0.18064218064218066	1682	782	4329
marmgCAMI2_short_read_pooled_gold_standard_assembly	118	Otu2120	0.5545767699209333	0.37731845688350985	2158684	1197156	3172800	0.5420808482438702	0.15989053948397186	1509	818	5116
marmgCAMI2_short_read_pooled_gold_standard_assembly	98	Otu370.0	0.2245826018797002	0.3611721812350963	3993190	896801	2483029	0.2646411272567151	0.19576547231270358	2271	601	3070
marmgCAMI2_short_read_pooled_gold_standard_assembly	175	Otu1593	0.998307200497312	0.353518488437496	1196834	1194808	3379761	0.9975247524752475	0.1480257116620753	808	806	5445
marmgCAMI2_short_read_pooled_gold_standard_assembly	134	Otu1127	0.6236415822565298	0.32852496878304327	2698728	1683039	5123017	0.5861344537815126	0.216	1428	837	3875
marmgCAMI2_short_read_pooled_gold_standard_assembly	79	Otu1127	0.2520750208910002	0.3241470797383651	6587765	1660611	5123017	0.23344262295081966	0.18374193548387097	3050	712	3875
marmgCAMI2_short_read_pooled_gold_standard_assembly	95	Otu1653	0.9905819847313251	0.3219786112900021	814609	806937	2506182	0.9896729776247849	0.13086026399635867	581	575	4394
marmgCAMI2_short_read_pooled_gold_standard_assembly	3	Otu1068.0	0.8848482762774131	0.3139954747829517	1162310	1028468	3275423	0.8946716232961586	0.14538864277084174	807	722	4966
marmgCAMI2_short_read_pooled_gold_standard_assembly	26	Otu1925	0.24565200741548207	0.30157594461041887	1906282	468282	1552783	0.23978411719352352	0.1756070016939582	1297	311	1771
marmgCAMI2_short_read_pooled_gold_standard_assembly	188	Otu712	0.9880198275288007	0.2996949945525724	961088	949574	3168468	0.9882121807465619	0.32918848167539266	509	503	1528
marmgCAMI2_short_read_pooled_gold_standard_assembly	87	Otu1791	0.42561868641472195	0.28341473030480063	2976023	1266651	4469249	0.3678335870116692	0.1626289816061014	1971	725	4458
marmgCAMI2_short_read_pooled_gold_standard_assembly	131	Otu1543	0.12123828302962979	0.2745607508650261	3345148	405560	1477123	0.12645107794361526	0.12127236580516898	2412	305	2515
marmgCAMI2_short_read_pooled_gold_standard_assembly	5	Otu2177	0.531242685562965	0.2735808949763164	1743128	926024	3384827	0.577054794520548	0.11101960138362708	1168	674	6071
marmgCAMI2_short_read_pooled_gold_standard_assembly	237	Otu999	0.9785235332348224	0.247337006966671	1270926	1243631	5028083	0.9604651162790697	0.29927536231884055	430	413	1380
marmgCAMI2_short_read_pooled_gold_standard_assembly	39	Otu1773	0.24318846466586097	0.2184393742075157	4081789	992644	4544254	0.24968314321926488	0.08705258506407423	2367	591	6789
marmgCAMI2_short_read_pooled_gold_standard_assembly	291	Otu1769	0.5829110559134657	0.2057531783322407	1295949	755423	3671501	0.5044843049327354	0.09505703422053231	446	225	2367
marmgCAMI2_short_read_pooled_gold_standard_assembly	52	Otu395	0.9961870409576832	0.1963210661684335	956475	952828	4853417	0.9891891891891892	0.22620519159456118	185	183	809
marmgCAMI2_short_read_pooled_gold_standard_assembly	149	Otu1947	0.9915100257989633	0.16001763491924087	553123	548427	3427291	0.9904534606205251	0.05909997151808601	419	415	7022
marmgCAMI2_short_read_pooled_gold_standard_assembly	267	Otu1896	0.973237833002219	0.15602270416755265	516438	502617	3221435	0.9670658682634731	0.11788321167883212	334	323	2740
marmgCAMI2_short_read_pooled_gold_standard_assembly	124	Otu2322	0.5982025600733109	0.15229777590202837	1239652	741563	4869165	0.6002214839424141	0.06766541822721597	903	542	8010
marmgCAMI2_short_read_pooled_gold_standard_assembly	166	Otu1032	0.4636702519027804	0.14637927813988563	1637735	759369	5187681	0.4294478527607362	0.07646691635455681	1141	490	6408
marmgCAMI2_short_read_pooled_gold_standard_assembly	6	Otu1140	0.3402887759740736	0.12301578098131662	1091088	371285	3018190	0.4292168674698795	0.041001294777729826	664	285	6951
marmgCAMI2_short_read_pooled_gold_standard_assembly	33	Otu1974.0	0.07742862270108151	0.10741344352144483	5628190	435783	4057062	0.08012290238714252	0.06141304347826087	4231	339	5520
marmgCAMI2_short_read_pooled_gold_standard_assembly	122	Otu1344	0.2037075695514428	0.10589887897028638	2390353	486933	4598094	0.10636363636363637	0.13846153846153847	1100	117	845
marmgCAMI2_short_read_pooled_gold_standard_assembly	133	Otu1596	0.3713051776671724	0.09502332843650076	1108646	411646	4332052	0.4247191011235955	0.06461538461538462	445	189	2925
marmgCAMI2_short_read_pooled_gold_standard_assembly	181	Otu1861	0.5630740925324388	0.08954804932467104	507649	285844	3192074	0.5635910224438903	0.029503916449086162	401	226	7660
marmgCAMI2_short_read_pooled_gold_standard_assembly	322	Otu394.0	1.0	0.08813144127263016	409708	409708	4648829	1.0	0.10891089108910891	11	11	101
marmgCAMI2_short_read_pooled_gold_standard_assembly	228	Otu522	0.473892677758736	0.07933440669675108	826837	391832	4938992	0.45376344086021503	0.08887952822240944	465	211	2374
marmgCAMI2_short_read_pooled_gold_standard_assembly	247	Otu2098	0.8292998576420344	0.07915953524656132	154540	128160	1619009	0.819672131147541	0.02740476842970677	122	100	3649
marmgCAMI2_short_read_pooled_gold_standard_assembly	92	Otu2446	0.061977904627616404	0.07383124205612032	5401312	334762	4534151	0.05273276572370228	0.10158730158730159	3641	192	1890
marmgCAMI2_short_read_pooled_gold_standard_assembly	168	Otu862.0	0.3282729673097918	0.06822331372156959	601801	197555	2895711	0.22941176470588234	0.08423326133909287	170	39	463
marmgCAMI2_short_read_pooled_gold_standard_assembly	142	Otu843	0.6027622474499579	0.06785081660574896	544991	328500	4841504	0.5393939393939394	0.08098271155595996	330	178	2198
marmgCAMI2_short_read_pooled_gold_standard_assembly	319	Otu281.0	0.5845167059839339	0.06558311515904576	518856	303280	4624361	0.045454545454545456	0.14285714285714285	22	1	7
marmgCAMI2_short_read_pooled_gold_standard_assembly	93	Otu754	0.7797581638553005	0.06123881929561792	556906	434252	7091123	0.6133828996282528	0.24017467248908297	269	165	687
marmgCAMI2_short_read_pooled_gold_standard_assembly	10	Otu2151	0.25442224360721577	0.05802122790504147	719092	182953	3153208	0.25	0.033628318584070796	456	114	3390
marmgCAMI2_short_read_pooled_gold_standard_assembly	144	Otu1634	0.654322894146231	0.05447932756513227	97134	63557	1166626	0.6538461538461539	0.017869656622284513	78	51	2854
marmgCAMI2_short_read_pooled_gold_standard_assembly	159	Otu1263	0.23392425559272798	0.05054220916770106	1091909	255424	5053677	0.2495164410058027	0.034959349593495934	517	129	3690
marmgCAMI2_short_read_pooled_gold_standard_assembly	301	Otu198.0	0.9763646329477583	0.04511148516623985	211632	206630	4580430	0.6666666666666666	0.06666666666666667	6	4	60
marmgCAMI2_short_read_pooled_gold_standard_assembly	56	Otu316.0	0.18541020528098323	0.04021246545539205	588754	109161	2714606	0.003952569169960474	0.023255813953488372	253	1	43
marmgCAMI2_short_read_pooled_gold_standard_assembly	63	Otu1344	0.05469439774209172	0.038975932201473044	3276661	179215	4598094	0.03641329085116067	0.09467455621301775	2197	80	845
marmgCAMI2_short_read_pooled_gold_standard_assembly	41	Otu635	1.0	0.03284466012078883	173810	173810	5291880	1.0	0.0776255707762557	17	17	219
marmgCAMI2_short_read_pooled_gold_standard_assembly	129	Otu1950	0.5678593471007007	0.02605306524865373	302987	172054	6603983	0.46078431372549017	0.01692169216921692	204	94	5555
marmgCAMI2_short_read_pooled_gold_standard_assembly	196	Otu1487	0.4421213879783135	0.02548763774973379	191271	84565	3317883	0.4	0.011399620012666244	135	54	4737
marmgCAMI2_short_read_pooled_gold_standard_assembly	165	Otu1028	0.22669640029986224	0.02420882740000546	739006	167530	6920203	0.21005385996409337	0.04078075984663646	557	117	2869
marmgCAMI2_short_read_pooled_gold_standard_assembly	211	Otu801.1	0.9163904588562123	0.023910574421669138	52195	47831	2000412	0.9130434782608695	0.007177033492822967	46	42	5852
marmgCAMI2_short_read_pooled_gold_standard_assembly	44	Otu1080	1.0	0.019606806748931154	36353	36353	1854101	1.0	0.013986013986013986	2	2	143
marmgCAMI2_short_read_pooled_gold_standard_assembly	297	Otu1536	0.9631728045325779	0.01951410552472012	36006	34680	1777176	0.9285714285714286	0.011659192825112108	14	13	1115
marmgCAMI2_short_read_pooled_gold_standard_assembly	18	Otu1032	0.41237905150344945	0.018320517394959327	230470	95041	5187681	0.39344262295081966	0.011235955056179775	183	72	6408
marmgCAMI2_short_read_pooled_gold_standard_assembly	242	Otu2098	1.0	0.01621115138952285	26246	26246	1619009	1.0	0.005206906001644286	19	19	3649
marmgCAMI2_short_read_pooled_gold_standard_assembly	220	Otu116.0	0.647493472384934	0.015013536008908484	130599	84562	5632384	0.125	0.03	24	3	100
marmgCAMI2_short_read_pooled_gold_standard_assembly	154	Otu1519	0.05531426613436386	0.014737434574680436	1447547	80070	5433103	0.030303030303030304	0.010718789407313998	561	17	1586
marmgCAMI2_short_read_pooled_gold_standard_assembly	37	Otu521.0	0.69141706899944	0.014460673293050843	66073	45684	3159189	0.6136363636363636	0.006237006237006237	44	27	4329
marmgCAMI2_short_read_pooled_gold_standard_assembly	51	Otu1923	0.5210438469866474	0.014336799668343978	44336	23101	1611308	0.5405405405405406	0.004227436060029592	37	20	4731
marmgCAMI2_short_read_pooled_gold_standard_assembly	251	Otu2106	0.0848431334589336	0.013259774240690055	635349	53905	4065303	0.08270676691729323	0.012466943709860219	399	33	2647
marmgCAMI2_short_read_pooled_gold_standard_assembly	227	Otu1219	0.519946473033597	0.011926900276540644	91169	47403	3974461	0.5333333333333333	0.004860267314702308	75	40	8230
marmgCAMI2_short_read_pooled_gold_standard_assembly	16	Otu2123	0.2102422720541322	0.010597065169383987	170841	35918	3389429	0.2336448598130841	0.0037942024586431933	107	25	6589
marmgCAMI2_short_read_pooled_gold_standard_assembly	337	Otu1743	1.0	0.01039760127766409	19440	19440	1869662	1.0	0.0029170464904284413	16	16	5485
marmgCAMI2_short_read_pooled_gold_standard_assembly	317	Otu1474.0	0.8005635682770383	0.009654195843983152	53942	43184	4473081	0.2857142857142857	0.019801980198019802	7	2	101
marmgCAMI2_short_read_pooled_gold_standard_assembly	324	Otu754	0.3673073398945746	0.00961032547313028	185534	68148	7091123	0.1	0.010189228529839884	70	7	687
marmgCAMI2_short_read_pooled_gold_standard_assembly	47	Otu696	0.07427575171359652	0.009453246703902124	502452	37320	3947850	0.027559055118110236	0.0106544901065449	254	7	657
marmgCAMI2_short_read_pooled_gold_standard_assembly	49	Otu1854	0.5489209311092262	0.009432840848544328	53055	29123	3087405	0.5454545454545454	0.0029332681495966755	44	24	8182
marmgCAMI2_short_read_pooled_gold_standard_assembly	57	Otu2276	1.0	0.007735327214776059	22313	22313	2884558	1.0	0.0027338410466705722	14	14	5121
marmgCAMI2_short_read_pooled_gold_standard_assembly	19	Otu947	0.7775377969762419	0.007556875987466781	27780	21600	2858324	0.7619047619047619	0.001990297300659286	21	16	8039
marmgCAMI2_short_read_pooled_gold_standard_assembly	9	Otu2276	1.0	0.006509489495444363	18777	18777	2884558	1.0	0.0027338410466705722	14	14	5121
marmgCAMI2_short_read_pooled_gold_standard_assembly	315	Otu2014	0.16338578123626538	0.005721981312990239	216151	35316	6171988	0.125	0.004374453193350831	120	15	3429
marmgCAMI2_short_read_pooled_gold_standard_assembly	278	Otu2446	0.11926082355158434	0.005442915332991777	206933	24679	4534151	0.09803921568627451	0.005291005291005291	102	10	1890
marmgCAMI2_short_read_pooled_gold_standard_assembly	112	Otu521.0	0.6956886077010097	0.0052557792522068165	23867	16604	3159189	0.6470588235294118	0.002541002541002541	17	11	4329
marmgCAMI2_short_read_pooled_gold_standard_assembly	23	Otu1769	0.6710013003901171	0.005059511082796927	27684	18576	3671501	0.6363636363636364	0.005914659907055344	22	14	2367
marmgCAMI2_short_read_pooled_gold_standard_assembly	152	Otu1536	0.7869833379361134	0.004810440834222384	10863	8549	1777176	0.8571428571428571	0.0053811659192825115	7	6	1115
marmgCAMI2_short_read_pooled_gold_standard_assembly	70	Otu2106	0.38298664889132866	0.004805299875556631	51007	19535	4065303	0.40625	0.004911220249338874	32	13	2647
marmgCAMI2_short_read_pooled_gold_standard_assembly	35	Otu903	0.7987535500157779	0.004266176551450405	25352	20250	4746639	0.7777777777777778	0.006320541760722348	18	14	2215
marmgCAMI2_short_read_pooled_gold_standard_assembly	106	Otu2453	0.40073193046660566	0.0037232355662502495	14209	5694	1529315	0.36363636363636365	0.001122334455667789	11	4	3564
marmgCAMI2_short_read_pooled_gold_standard_assembly	107	Otu970.0	0.18302088033802355	0.0032828283757339273	48754	8923	2718083	0.12903225806451613	0.002583979328165375	31	4	1548
marmgCAMI2_short_read_pooled_gold_standard_assembly	0	Otu2276	0.5113109839193241	0.0032517980224353264	18345	9380	2884558	0.5	0.0013669205233352861	14	7	5121
marmgCAMI2_short_read_pooled_gold_standard_assembly	32	Otu1084	0.4877879785206998	0.0032360488487089703	11546	5632	1740394	0.5714285714285714	0.001971414489896501	7	4	2029
marmgCAMI2_short_read_pooled_gold_standard_assembly	276	Otu937	1.0	0.003025168255201581	13954	13954	4612636	1.0	0.0008833922261484099	1	1	1132
marmgCAMI2_short_read_pooled_gold_standard_assembly	236	Otu1374	0.57715657207398	0.002951782261290495	7083	4088	1384926	0.6	0.0019442644199611147	5	3	1543
marmgCAMI2_short_read_pooled_gold_standard_assembly	268	Otu2106	0.8609099916164926	0.00277863667234644	13121	11296	4065303	0.8	0.001511144692104269	5	4	2647
marmgCAMI2_short_read_pooled_gold_standard_assembly	180	Otu1743	0.5644754924415941	0.002636305385679337	8732	4929	1869662	0.5714285714285714	0.0007292616226071103	7	4	5485
marmgCAMI2_short_read_pooled_gold_standard_assembly	255	Otu2386	0.38429339295057796	0.00257367663038544	21023	8079	3139089	0.3888888888888889	0.0009943181818181817	18	7	7040
marmgCAMI2_short_read_pooled_gold_standard_assembly	329	Otu903	0.34762169852167996	0.002367991330286546	32334	11240	4746639	0.2222222222222222	0.0009029345372460496	9	2	2215
marmgCAMI2_short_read_pooled_gold_standard_assembly	231	Otu1635	1.0	0.0023449423493168975	8641	8641	3684952	1.0	0.0008377213977979895	7	7	8356
marmgCAMI2_short_read_pooled_gold_standard_assembly	209	Otu521.0	0.8536155202821869	0.002298058140870964	8505	7260	3159189	0.8	0.000924000924000924	5	4	4329
marmgCAMI2_short_read_pooled_gold_standard_assembly	190	Otu712	1.0	0.0022679730393363605	7186	7186	3168468	1.0	0.0032722513089005235	5	5	1528
marmgCAMI2_short_read_pooled_gold_standard_assembly	115	Otu1635	0.8732792093187434	0.0020141374975847716	8499	7422	3684952	0.8571428571428571	0.0007180469123982767	7	6	8356
marmgCAMI2_short_read_pooled_gold_standard_assembly	307	Otu1474.0	1.0	0.002000187342907495	8947	8947	4473081	1.0	0.019801980198019802	2	2	101
marmgCAMI2_short_read_pooled_gold_standard_assembly	110	Otu1032	0.4568293775190327	0.0019663892209254965	22330	10201	5187681	0.42857142857142855	0.0009363295880149813	14	6	6408
marmgCAMI2_short_read_pooled_gold_standard_assembly	217	Otu1032	0.4180080035571365	0.001812177734135927	22490	9401	5187681	0.375	0.0009363295880149813	16	6	6408
marmgCAMI2_short_read_pooled_gold_standard_assembly	53	Otu1543	1.0	0.0018028288774868443	2663	2663	1477123	1.0	0.0007952286282306163	2	2	2515
marmgCAMI2_short_read_pooled_gold_standard_assembly	28	Otu521.0	1.0	0.0016402943920101013	5182	5182	3159189	1.0	0.000693000693000693	3	3	4329
marmgCAMI2_short_read_pooled_gold_standard_assembly	367	Otu999	1.0	0.0016290502762185907	8191	8191	5028083	1.0	0.0007246376811594203	1	1	1380
marmgCAMI2_short_read_pooled_gold_standard_assembly	73	Otu712	1.0	0.001625706808463901	5151	5151	3168468	1.0	0.002617801047120419	4	4	1528
marmgCAMI2_short_read_pooled_gold_standard_assembly	277	Otu282.0	0.6082984073763621	0.0015558621399375469	11930	7257	4664295	0.5	0.0013481631277384564	8	4	2967
marmgCAMI2_short_read_pooled_gold_standard_assembly	91	Otu2422	0.26183796163756085	0.0014133613800934555	17465	4573	3235549	0.2857142857142857	0.0007572889057175312	14	4	5282
marmgCAMI2_short_read_pooled_gold_standard_assembly	174	Otu1769	0.4147013534322068	0.0013937079140111906	12339	5117	3671501	0.4444444444444444	0.0016899028305872412	9	4	2367
marmgCAMI2_short_read_pooled_gold_standard_assembly	141	Otu696	1.0	0.0013531415833934926	5342	5342	3947850	1.0	0.0030441400304414	2	2	657
marmgCAMI2_short_read_pooled_gold_standard_assembly	264	Otu1472	0.34687641466727026	0.0013224191684766335	8836	3065	2317722	0.2857142857142857	0.0013449899125756557	7	2	1487
marmgCAMI2_short_read_pooled_gold_standard_assembly	136	Otu2363.0	0.36778427150620324	0.0013146282537690652	9753	3587	2728528	0.3333333333333333	0.00046511627906976747	6	2	4300
marmgCAMI2_short_read_pooled_gold_standard_assembly	157	Otu2098	1.0	0.0013106783223564538	2122	2122	1619009	1.0	0.0005480953685941354	2	2	3649
marmgCAMI2_short_read_pooled_gold_standard_assembly	42	Otu860	0.5311199000832639	0.0012742708900643578	9608	5103	4004643	0.25	0.0007132667617689016	4	1	1402
marmgCAMI2_short_read_pooled_gold_standard_assembly	89	Otu2363.0	0.26498929336188437	0.0012699155002257627	13076	3465	2728528	0.2727272727272727	0.0006976744186046512	11	3	4300
marmgCAMI2_short_read_pooled_gold_standard_assembly	58	Otu1617	0.47853681052388647	0.0011735890117882445	8666	4147	3533605	0.42857142857142855	0.0005619029780857839	7	3	5339
marmgCAMI2_short_read_pooled_gold_standard_assembly	1	Otu1927	0.25467059980334317	0.0010787786060292202	9153	2331	2160777	0.25	0.0003143171460003143	8	2	6363
marmgCAMI2_short_read_pooled_gold_standard_assembly	265	Otu395	0.33675644254989345	0.0010742946670356164	15483	5214	4853417	0.125	0.0012360939431396785	8	1	809
marmgCAMI2_short_read_pooled_gold_standard_assembly	94	Otu1593	0.38693630366605386	0.0010586547391960555	9247	3578	3379761	0.3333333333333333	0.0003673094582185491	6	2	5445
marmgCAMI2_short_read_pooled_gold_standard_assembly	259	Otu1722	0.33306393678160917	0.0010459784961034551	11136	3709	3545962	0.3333333333333333	0.0004204625087596356	9	3	7135
marmgCAMI2_short_read_pooled_gold_standard_assembly	187	Otu1127	0.5242152950059324	0.0009486597448339524	9271	4860	5123017	0.5	0.001032258064516129	8	4	3875
marmgCAMI2_short_read_pooled_gold_standard_assembly	239	Otu1986.0	1.0	0.0009341712566423216	3850	3850	4121300	1.0	0.0004123711340206186	2	2	4850
marmgCAMI2_short_read_pooled_gold_standard_assembly	102	Otu2453	0.3677844969763606	0.0008749015081915759	3638	1338	1529315	0.3333333333333333	0.0002805836139169473	3	1	3564
marmgCAMI2_short_read_pooled_gold_standard_assembly	2	Otu1032	1.0	0.0008018997313057608	4160	4160	5187681	1.0	0.00031210986267166043	2	2	6408
marmgCAMI2_short_read_pooled_gold_standard_assembly	64	Otu1084	0.514087382605145	0.0007233994141556452	2449	1259	1740394	0.5	0.0004928536224741252	2	1	2029
marmgCAMI2_short_read_pooled_gold_standard_assembly	40	Otu696	0.33197104156936014	0.0007201388097318794	8564	2843	3947850	0.2857142857142857	0.0030441400304414	7	2	657
marmgCAMI2_short_read_pooled_gold_standard_assembly	126	Otu712	0.24265825538394606	0.0007041257793987504	9194	2231	3168468	0.16666666666666666	0.0006544502617801048	6	1	1528
marmgCAMI2_short_read_pooled_gold_standard_assembly	86	Otu1277	0.431589394583865	0.0007028786158186481	7053	3044	4330762	0.25	0.00015691197238349287	4	1	6373
marmgCAMI2_short_read_pooled_gold_standard_assembly	280	Otu2098	1.0	0.000692398868690662	1121	1121	1619009	1.0	0.0002740476842970677	1	1	3649
marmgCAMI2_short_read_pooled_gold_standard_assembly	203	Otu1196	0.6952636282394995	0.0006743785835391527	3357	2334	3460964	0.6666666666666666	0.0004998750312421895	3	2	4001
marmgCAMI2_short_read_pooled_gold_standard_assembly	223	Otu2106	0.22310920911859106	0.0006668629619981586	12151	2711	4065303	0.2	0.0007555723460521345	10	2	2647
marmgCAMI2_short_read_pooled_gold_standard_assembly	212	Otu801.1	1.0	0.0006583643769383507	1317	1317	2000412	1.0	0.00017088174982911826	1	1	5852
marmgCAMI2_short_read_pooled_gold_standard_assembly	121	Otu1536	1.0	0.0006386536842721261	1135	1135	1777176	1.0	0.0008968609865470852	1	1	1115
marmgCAMI2_short_read_pooled_gold_standard_assembly	119	Otu1068.0	0.4535590277777778	0.0006380855236102329	4608	2090	3275423	0.5	0.0004027386226339106	4	2	4966
marmgCAMI2_short_read_pooled_gold_standard_assembly	150	Otu1843.0	1.0	0.0006165470562364141	1364	1364	2212321	1.0	0.00015188335358444713	1	1	6584
marmgCAMI2_short_read_pooled_gold_standard_assembly	171	Otu851.0	0.43374009847998285	0.0006161024737152926	4671	2026	3288414	0.5	0.0019665683382497543	4	2	1017
marmgCAMI2_short_read_pooled_gold_standard_assembly	191	Otu370.0	1.0	0.0006121555567816566	1520	1520	2483029	1.0	0.0003257328990228013	1	1	3070
marmgCAMI2_short_read_pooled_gold_standard_assembly	155	Otu2416	0.5099236641221374	0.0006109704473751398	4585	2338	3826699	0.5	0.00018675880100849752	4	2	10709
marmgCAMI2_short_read_pooled_gold_standard_assembly	130	Otu2170	0.5100059441252229	0.0006080727684036507	5047	2574	4233046	0.5	0.0003778575477045154	4	2	5293
marmgCAMI2_short_read_pooled_gold_standard_assembly	172	Otu801.1	1.0	0.0006003763224775696	1201	1201	2000412	1.0	0.00017088174982911826	1	1	5852
marmgCAMI2_short_read_pooled_gold_standard_assembly	97	Otu801.1	1.0	0.0005728819863108199	1146	1146	2000412	1.0	0.00017088174982911826	1	1	5852
marmgCAMI2_short_read_pooled_gold_standard_assembly	169	Otu2196	0.5190713101160862	0.0005524939896420616	2412	1252	2266088	0.5	0.0001650982334489021	2	1	6057
marmgCAMI2_short_read_pooled_gold_standard_assembly	206	Otu1010	1.0	0.0005452277437586558	2918	2918	5351892	1.0	0.0004918839153959665	1	1	2033
marmgCAMI2_short_read_pooled_gold_standard_assembly	202	Otu2276	1.0	0.0005064900757759074	1461	1461	2884558	1.0	0.00019527436047646945	1	1	5121
marmgCAMI2_short_read_pooled_gold_standard_assembly	31	Otu1596	0.5086448598130842	0.0005025332105893465	4280	2177	4332052	0.5	0.0003418803418803419	2	1	2925
marmgCAMI2_short_read_pooled_gold_standard_assembly	76	Otu2106	0.6144622093023255	0.0004159591548280657	2752	1691	4065303	0.5	0.00037778617302606723	2	1	2647
marmgCAMI2_short_read_pooled_gold_standard_assembly	65	Otu1032	0.5236920039486673	0.0004090459687093327	4052	2122	5187681	0.5	0.00015605493133583021	2	1	6408
marmgCAMI2_short_read_pooled_gold_standard_assembly	158	Otu2333	0.5404268109407875	0.00038435935333569623	3327	1798	4677914	0.5	0.000544069640914037	2	1	1838
marmgCAMI2_short_read_pooled_gold_standard_assembly	273	Otu2090	1.0	0.00037734726227122475	1116	1116	2957488	1.0	0.00014784151389710232	1	1	6764
marmgCAMI2_short_read_pooled_gold_standard_assembly	123	Otu2017.0	1.0	0.00037580523124894057	1124	1124	2990911	1.0	0.00022386389075442132	1	1	4467
marmgCAMI2_short_read_pooled_gold_standard_assembly	328	Otu1734	1.0	0.00036502630959023383	1173	1173	3213467	1.0	0.0003677822728944465	1	1	2719
marmgCAMI2_short_read_pooled_gold_standard_assembly	189	Otu116.0	1.0	0.000349763084335159	1970	1970	5632384	1.0	0.01	1	1	100
marmgCAMI2_short_read_pooled_gold_standard_assembly	235	Otu1722	1.0	0.00033700304740998354	1195	1195	3545962	1.0	0.0001401541695865452	1	1	7135
marmgCAMI2_short_read_pooled_gold_standard_assembly	287	Otu1032	1.0	0.0003329040471069829	1727	1727	5187681	1.0	0.00015605493133583021	1	1	6408
marmgCAMI2_short_read_pooled_gold_standard_assembly	85	Otu2180	0.38598382749326143	0.0003300726367248681	3710	1432	4338439	0.3333333333333333	0.00018621973929236498	3	1	5370
marmgCAMI2_short_read_pooled_gold_standard_assembly	170	Otu2215	1.0	0.00030877670540098895	1020	1020	3303358	1.0	0.00016778523489932885	1	1	5960
marmgCAMI2_short_read_pooled_gold_standard_assembly	195	Otu1263	1.0	0.0003021562319871254	1527	1527	5053677	1.0	0.00027100271002710027	1	1	3690
marmgCAMI2_short_read_pooled_gold_standard_assembly	197	Otu2455	0.3502005553841407	0.0002992684139723281	3241	1135	3792582	0.3333333333333333	0.00012426991425375916	3	1	8047
marmgCAMI2_short_read_pooled_gold_standard_assembly	261	Otu1974.0	1.0	0.000294548123740776	1195	1195	4057062	1.0	0.00018115942028985507	1	1	5520
marmgCAMI2_short_read_pooled_gold_standard_assembly	205	Otu2423	0.5322648671446647	0.0002905756552400438	2371	1262	4343103	0.5	0.00017752529735487306	2	1	5633
marmgCAMI2_short_read_pooled_gold_standard_assembly	101	Otu2170	0.525235243798118	0.00029009843030290716	2338	1228	4233046	0.5	0.0001889287738522577	2	1	5293
marmgCAMI2_short_read_pooled_gold_standard_assembly	68	Otu1620	0.21729690609734034	0.0002894720858283529	5527	1201	4148932	0.2	0.0003575259206292456	5	1	2797
marmgCAMI2_short_read_pooled_gold_standard_assembly	229	Otu1950	1.0	0.0002705942762117952	1787	1787	6603983	1.0	0.00018001800180018	1	1	5555
marmgCAMI2_short_read_pooled_gold_standard_assembly	241	Otu2333	1.0	0.00024327082541491783	1138	1138	4677914	1.0	0.000544069640914037	1	1	1838
marmgCAMI2_short_read_pooled_gold_standard_assembly	192	Otu2172	1.0	0.00023968860363531396	1302	1302	5432048	1.0	0.00012755102040816328	1	1	7840
marmgCAMI2_short_read_pooled_gold_standard_assembly	84	Otu1386	1.0	0.00023704512015746478	1107	1107	4669997	1.0	0.00022016732716864817	1	1	4542
marmgCAMI2_short_read_pooled_gold_standard_assembly	143	Otu1773	1.0	0.0002330415509344328	1059	1059	4544254	1.0	0.00014729709824716454	1	1	6789
marmgCAMI2_short_read_pooled_gold_standard_assembly	145	Otu1032	0.33996328029375766	0.00021416120227901446	3268	1111	5187681	0.3333333333333333	0.00015605493133583021	3	1	6408
marmgCAMI2_short_read_pooled_gold_standard_assembly	46	Otu2322	1.0	0.00021256211280578909	1035	1035	4869165	1.0	0.00012484394506866417	1	1	8010
marmgCAMI2_short_read_pooled_gold_standard_assembly	258	Otu2014	1.0	0.00018324727786249746	1131	1131	6171988	1.0	0.00029163021289005544	1	1	3429
marmgCAMI2_short_read_pooled_gold_standard_assembly	240	Otu1028	1.0	0.00014985109540861734	1037	1037	6920203	1.0	0.0003485535029627048	1	1	2869
