Method	num_5010	num_7010	num_9010	num_505	num_605	num_705	num_805	num_905
concoct_bins_checkm2_quality_report.tsv	37	27	15	25	22	19	16	12
maxbin2_bins_checkm2_quality_report.tsv	35	22	12	13	12	9	7	5
metabat2_bins_checkm2_quality_report.tsv	56	36	20	49	46	32	26	18
VAMB/S5_checkm2_output/quality_report.tsv	24	21	9	21	19	19	15	8
CLMB/S5_checkm2_output/quality_report.tsv	30	21	9	28	23	19	14	8
metadecoder/samfiles_checkm2_output/quality_report.tsv	44	29	6	42	34	29	20	6
semibin_Easy_coassemly_mode_v1.0.0_default/output_recluster_bins_checkm2_output/quality_report.tsv	51	32	15	47	39	31	25	14
semibin2_Easy_coassemly_mode/output_bins_checkm2_output/quality_report.tsv	48	32	13	44	39	30	23	11
COMEBin_nocovloss_tau0.15_nepoch200_earlystop_addvars_nedge75_vars_sqrt_NokmerMetric/comebin_res_bins_checkm2_output/quality_report.tsv	75	54	29	51	40	34	27	20
