Method	num_5010	num_7010	num_9010	num_505	num_605	num_705	num_805	num_905
concoct_bins_checkm2_quality_report.tsv	21	16	9	12	8	8	8	5
maxbin2_bins_checkm2_quality_report.tsv	12	9	3	4	2	2	2	2
metabat2_bins_checkm2_quality_report.tsv	23	19	6	19	18	16	9	5
VAMB/S5_checkm2_output/quality_report.tsv	16	12	4	15	13	11	6	4
CLMB/S5_checkm2_output/quality_report.tsv	11	5	5	11	9	5	5	5
metadecoder/samfiles_checkm2_output/quality_report.tsv	19	9	2	19	13	9	6	2
semibin_Easy_coassemly_mode_v1.0.0_default/output_recluster_bins_checkm2_output/quality_report.tsv	19	11	5	18	12	10	5	5
semibin2_Easy_coassemly_mode/output_bins_checkm2_output/quality_report.tsv	18	10	5	18	15	10	6	5
COMEBin_nocovloss_tau0.15_nepoch200_earlystop_addvars_nedge75_vars_sqrt_NokmerMetric/comebin_res_bins_checkm2_output/quality_report.tsv	31	26	13	22	19	18	13	8
