Method	num_5010	num_7010	num_9010	num_505	num_605	num_705	num_805	num_905
concoct_bins_checkm2_quality_report.tsv	27	14	10	19	12	11	9	8
maxbin2_bins_checkm2_quality_report.tsv	16	10	6	7	6	5	4	2
metabat2_bins_checkm2_quality_report.tsv	23	18	9	18	14	13	11	8
VAMB/S6_checkm2_output/quality_report.tsv	13	10	4	11	10	9	7	3
CLMB/S6_checkm2_output/quality_report.tsv	11	10	4	11	10	10	8	4
metadecoder/samfiles_checkm2_output/quality_report.tsv	18	13	4	18	16	13	9	4
semibin_Easy_coassemly_mode_v1.0.0_default/output_recluster_bins_checkm2_output/quality_report.tsv	22	12	5	17	16	11	8	5
semibin2_Easy_coassemly_mode/output_bins_checkm2_output/quality_report.tsv	19	12	5	17	17	12	9	5
COMEBin_nocovloss_tau0.15_nepoch200_earlystop_addvars_nedge75_vars_sqrt_NokmerMetric/comebin_res_bins_checkm2_output/quality_report.tsv	39	24	10	26	17	16	11	7
