Method	num_5010	num_7010	num_9010	num_505	num_605	num_705	num_805	num_905
concoct_bins_checkm2_quality_report.tsv	20	15	4	12	11	10	6	3
maxbin2_bins_checkm2_quality_report.tsv	19	10	4	4	4	4	3	2
metabat2_bins_checkm2_quality_report.tsv	23	17	3	17	16	13	7	3
vamb_m200000/bins_checkm2_output/quality_report.tsv	4	2	0	4	3	2	2	0
vamb_v413_m200000/bins_checkm2_output/quality_report.tsv	5	4	2	5	4	4	4	2
clmb_m200000/bins_checkm2_output/quality_report.tsv	9	4	2	8	5	4	3	2
metadecoder/samfiles_checkm2_output/quality_report.tsv	21	12	5	16	14	10	7	5
semibin_Easy_coassemly_mode_v1.0.0_default/output_recluster_bins_checkm2_output/quality_report.tsv	19	12	3	18	12	11	9	3
semibin2_Easy_coassemly_mode/output_bins_checkm2_output/quality_report.tsv	20	12	2	18	14	10	7	2
COMEBin_nocovloss_tau0.15_nepoch200_earlystop_addvars_nedge75_vars_sqrt_NokmerMetric/comebin_res_bins_checkm2_output/quality_report.tsv	31	21	11	19	16	14	10	8
