sample_id	Bin ID	Most abundant genome	Purity (bp)	Completeness (bp)	Bin size (bp)	True positives (bp)	True size of most abundant genome (bp)	Purity (seq)	Completeness (seq)	Bin size (seq)	True positives (seq)	True size of most abundant genome (seq)
strmgCAMI2_short_read_pooled_gold_standard_assembly	94	MIKI-NS15	0.994098122940594	0.9962485476091729	6819017	6778772	6804298	0.989010989010989	0.9375	91	90	96
strmgCAMI2_short_read_pooled_gold_standard_assembly	31	SP21_S92	1.0	0.9949895838265234	1681214	1681214	1689680	1.0	0.7692307692307693	10	10	13
strmgCAMI2_short_read_pooled_gold_standard_assembly	21	MIKI-NS12	1.0	0.9939898332527329	2238317	2238317	2251851	1.0	0.9305555555555556	67	67	72
strmgCAMI2_short_read_pooled_gold_standard_assembly	56	MIKI-NS08	1.0	0.9933456905704916	2531615	2531615	2548574	1.0	0.8	8	8	10
strmgCAMI2_short_read_pooled_gold_standard_assembly	45	MIKI-NS13	1.0	0.992617813048797	7153471	7153471	7206672	1.0	0.8076923076923077	21	21	26
strmgCAMI2_short_read_pooled_gold_standard_assembly	15	spades_ESBL6643_S3_L001	1.0	0.9844812352200845	5040666	5040666	5120124	1.0	0.6363636363636364	14	14	22
strmgCAMI2_short_read_pooled_gold_standard_assembly	84	MIKI-NS06	1.0	0.983908814750567	1933003	1933003	1964616	1.0	0.5806451612903226	18	18	31
strmgCAMI2_short_read_pooled_gold_standard_assembly	17	MIKI-NS10	1.0	0.9782284499941208	2046585	2046585	2092134	1.0	0.88	88	88	100
strmgCAMI2_short_read_pooled_gold_standard_assembly	139	MIKI-NS03	1.0	0.9775821054357863	4387279	4387279	4487888	1.0	0.8543046357615894	129	129	151
strmgCAMI2_short_read_pooled_gold_standard_assembly	238	MIKI-NS20	1.0	0.9691801602257974	5197405	5197405	5362682	1.0	0.7067307692307693	147	147	208
strmgCAMI2_short_read_pooled_gold_standard_assembly	46	MIKI-NS09	1.0	0.968470416347983	1975331	1975331	2039640	1.0	0.7272727272727273	16	16	22
strmgCAMI2_short_read_pooled_gold_standard_assembly	10	MIKI-NS14	1.0	0.95441166804633	5009578	5009578	5248865	1.0	0.7674418604651163	33	33	43
strmgCAMI2_short_read_pooled_gold_standard_assembly	1	MIKI-NS02	1.0	0.9409962797023762	2822763	2822763	2999760	1.0	0.627906976744186	27	27	43
strmgCAMI2_short_read_pooled_gold_standard_assembly	20	spades_And8457_S3_L001	1.0	0.936239558048725	4613077	4613077	4927240	1.0	0.5853658536585366	48	48	82
strmgCAMI2_short_read_pooled_gold_standard_assembly	11	MIKI-NS14	1.0	0.04272161695909497	224240	224240	5248865	1.0	0.06976744186046512	3	3	43
strmgCAMI2_short_read_pooled_gold_standard_assembly	300	SP108_S87	1.0	0.012029737801344415	23270	23270	1934373	1.0	0.0038684719535783366	2	2	517
strmgCAMI2_short_read_pooled_gold_standard_assembly	291	spades_ESBL6643_S3_L001	1.0	0.005758454287435226	29484	29484	5120124	1.0	0.045454545454545456	1	1	22
strmgCAMI2_short_read_pooled_gold_standard_assembly	265	SP108_S87	1.0	0.004717807785778648	9126	9126	1934373	1.0	0.0019342359767891683	1	1	517
strmgCAMI2_short_read_pooled_gold_standard_assembly	204	SP108_S87	1.0	0.003905141355881208	7554	7554	1934373	1.0	0.0019342359767891683	1	1	517
strmgCAMI2_short_read_pooled_gold_standard_assembly	259	SP108_S87	1.0	0.0038095031309886974	7369	7369	1934373	1.0	0.0019342359767891683	1	1	517
strmgCAMI2_short_read_pooled_gold_standard_assembly	279	SP108_S87	1.0	0.0029689206786902007	5743	5743	1934373	1.0	0.0019342359767891683	1	1	517
strmgCAMI2_short_read_pooled_gold_standard_assembly	79	SP21_S92	0.7046197583511017	0.0029336915865726056	7035	4957	1689680	0.5	0.07692307692307693	2	1	13
strmgCAMI2_short_read_pooled_gold_standard_assembly	309	SP108_S87	1.0	0.0026318605563663265	5091	5091	1934373	1.0	0.0019342359767891683	1	1	517
strmgCAMI2_short_read_pooled_gold_standard_assembly	264	SP108_S87	1.0	0.002109210581413202	4080	4080	1934373	1.0	0.0019342359767891683	1	1	517
strmgCAMI2_short_read_pooled_gold_standard_assembly	36	SP108_S87	1.0	0.0018140244926909133	3509	3509	1934373	1.0	0.0019342359767891683	1	1	517
strmgCAMI2_short_read_pooled_gold_standard_assembly	179	MIKI-NS10	0.5196850393700787	0.0015142433515252848	6096	3168	2092134	0.3333333333333333	0.01	3	1	100
strmgCAMI2_short_read_pooled_gold_standard_assembly	6	SP108_S87	1.0	0.0014211323255649247	2749	2749	1934373	1.0	0.0019342359767891683	1	1	517
