Method	num_5010	num_7010	num_9010	num_505	num_605	num_705	num_805	num_905
concoct_bins_checkm2_quality_report.tsv	9	7	3	8	6	6	6	3
maxbin2_bins_checkm2_quality_report.tsv	7	6	3	5	4	4	3	2
metabat2_bins_checkm2_quality_report.tsv	8	6	2	8	8	6	4	2
vamb_m200000/bins_checkm2_output/quality_report.tsv	4	2	0	4	4	2	2	0
vamb_v413_m200000/bins_checkm2_output/quality_report.tsv	4	2	0	4	4	2	1	0
clmb_m200000/bins_checkm2_output/quality_report.tsv	5	4	3	5	5	4	4	3
metadecoder/samfiles_checkm2_output/quality_report.tsv	8	7	1	7	7	6	3	1
semibin_Easy_coassemly_mode_v1.0.0_default/output_recluster_bins_checkm2_output/quality_report.tsv	8	4	0	8	8	4	3	0
semibin2_Easy_coassemly_mode/output_bins_checkm2_output/quality_report.tsv	8	4	1	8	5	4	3	1
COMEBin_nocovloss_tau0.15_nepoch200_earlystop_addvars_nedge75_vars_sqrt_NokmerMetric/filter200000/*filtersmallbins_200000.tsv_bins_checkm2_output/quality_report.tsv	13	9	3	11	9	7	7	3
