Method	num_5010	num_7010	num_9010	num_505	num_605	num_705	num_805	num_905
concoct_bins_checkm2_quality_report.tsv	20	13	8	13	9	7	7	3
maxbin2_bins_checkm2_quality_report.tsv	17	10	4	7	5	3	3	2
metabat2_bins_checkm2_quality_report.tsv	30	18	7	24	17	14	12	6
vamb_m200000/bins_checkm2_output/quality_report.tsv	6	3	1	6	5	3	2	1
vamb_v413_m200000/bins_checkm2_output/quality_report.tsv	9	5	2	5	3	3	2	1
clmb_m200000/bins_checkm2_output/quality_report.tsv	9	8	2	6	5	5	4	2
metadecoder/samfiles_checkm2_output/quality_report.tsv	28	22	4	24	21	19	11	3
semibin_Easy_coassemly_mode_v1.0.0_default/output_recluster_bins_checkm2_output/quality_report.tsv	27	21	4	24	21	18	10	4
semibin2_Easy_coassemly_mode/output_bins_checkm2_output/quality_report.tsv	26	21	4	24	23	19	7	4
COMEBin_nocovloss_tau0.15_nepoch200_earlystop_addvars_nedge75_vars_sqrt_NokmerMetric/comebin_res_bins_checkm2_output/quality_report.tsv	42	27	12	25	18	14	12	7
