sample_id	Bin ID	Most abundant genome	Purity (bp)	Completeness (bp)	Bin size (bp)	True positives (bp)	True size of most abundant genome (bp)	Purity (seq)	Completeness (seq)	Bin size (seq)	True positives (seq)	True size of most abundant genome (seq)
marmgCAMI2_short_read_pooled_megahit_assembly	210	Methylophilales_bacterium_MBRSG12_genomic	1.0	1.0	1356310	1356310	1356310	1.0	1.0	8	8	8
marmgCAMI2_short_read_pooled_megahit_assembly	95	VSalm561_S16_contigs	0.4979004230616482	1.0	3623349	1804067	1804067	0.5656192236598891	1.0	541	306	306
marmgCAMI2_short_read_pooled_megahit_assembly	128	MR4_25_2A_1A_S4_contigs	0.9075998640514823	0.9998880336479622	6375943	5786805	5787453	0.9421965317919075	0.9939024390243902	173	163	164
marmgCAMI2_short_read_pooled_megahit_assembly	49	Woeseia_oceani_strain_XK5_genomic	0.9908542094071692	0.9984910335192482	4062306	4025153	4031236	0.6923076923076923	0.72	26	18	25
marmgCAMI2_short_read_pooled_megahit_assembly	190	VO6_S13_contigs	0.6918641944929067	0.9984040393763385	1446716	1000931	1002531	0.717391304347826	0.99	276	198	200
marmgCAMI2_short_read_pooled_megahit_assembly	172	Hyphomicrobium_nitrativorans_NL23_genomic	0.9972949809194941	0.9976758858047781	3294986	3286073	3293728	0.9375	0.625	16	15	24
marmgCAMI2_short_read_pooled_megahit_assembly	189	Marinobacter_salarius_R9SW1_genomic	0.9920568326818823	0.9964610720076357	4659854	4622840	4639258	0.8589743589743589	0.8072289156626506	78	67	83
marmgCAMI2_short_read_pooled_megahit_assembly	68	Mollicutes_bacterium_Candidatus_Izimaplasma_HR1_genomic	1.0	0.9958493110165404	1868527	1868527	1876315	1.0	0.6666666666666666	8	8	12
marmgCAMI2_short_read_pooled_megahit_assembly	238	Ilumatobacter_coccineum_YM16_304_genomic	1.0	0.9957237592115173	4834437	4834437	4855199	1.0	0.6363636363636364	28	28	44
marmgCAMI2_short_read_pooled_megahit_assembly	61	Marivirga_tractuosa_DSM_4126_genomic	0.9985994600397591	0.9950342120146829	4492553	4486261	4508650	0.96875	0.6326530612244898	32	31	49
marmgCAMI2_short_read_pooled_megahit_assembly	240	Flavobacterium_psychrophilum_strain_VQ50_genomic	0.5079559064717706	0.9950244142075545	2703526	1373272	1380139	0.5915492957746479	0.875	71	42	48
marmgCAMI2_short_read_pooled_megahit_assembly	138	Tistrella_mobilis_KA081020_065_genomic	0.9870483995567279	0.9946352982244077	6512477	6428130	6462801	0.9939393939393939	0.8723404255319149	165	164	188
marmgCAMI2_short_read_pooled_megahit_assembly	224	Pyrococcus_sp_NA2_genomic	1.0	0.9943958717766926	1864006	1864006	1874511	1.0	0.6944444444444444	25	25	36
marmgCAMI2_short_read_pooled_megahit_assembly	122	Desulfovibrio_piezophilus_strain_C1TLV30_genomic	1.0	0.9943199900052033	3621209	3621209	3641895	1.0	0.7101449275362319	49	49	69
marmgCAMI2_short_read_pooled_megahit_assembly	57	Candidatus_Nitrosopumilus_sp_AR2_genomic	1.0	0.9942507908197404	1679045	1679045	1688754	1.0	0.7555555555555555	34	34	45
marmgCAMI2_short_read_pooled_megahit_assembly	164	Piscirickettsia_salmonis_strain_AY6297B_genomic	0.8354995736425634	0.9935095784535023	2515495	2101695	2115425	0.8338870431893688	0.9691119691119691	301	251	259
marmgCAMI2_short_read_pooled_megahit_assembly	166	Algibacter_sp_HZ22_genomic	0.9990644254593348	0.9933561876664371	3963340	3959632	3986115	0.96875	0.5535714285714286	32	31	56
marmgCAMI2_short_read_pooled_megahit_assembly	239	Desulfocapsa_sulfexigens_DSM_10523_genomic	1.0	0.9931903919228501	3982033	3982033	4009335	1.0	0.7222222222222222	65	65	90
marmgCAMI2_short_read_pooled_megahit_assembly	193	Nanoarchaeum_equitans_Kin4_M_genomic	1.0	0.9927670099149342	456786	456786	460114	1.0	0.8571428571428571	18	18	21
marmgCAMI2_short_read_pooled_megahit_assembly	168	Desulfovibrio_hydrothermalis_AM13_genomic	0.9962710966787367	0.9926938958124135	3772691	3758623	3786286	0.875	0.5185185185185185	32	28	54
marmgCAMI2_short_read_pooled_megahit_assembly	242	Candidatus_Endolissoclinum_faulkneri_L5_genomic	0.7536890409964645	0.9921634856650493	1529327	1152637	1161741	0.6	0.4	10	6	15
marmgCAMI2_short_read_pooled_megahit_assembly	226	Flammeovirga_sp_MY04_genomic	1.0	0.9920673203851028	7214758	7214758	7272448	1.0	0.45454545454545453	55	55	121
marmgCAMI2_short_read_pooled_megahit_assembly	81	8_S8_contigs	0.9479560996828919	0.9920345086677813	2473604	2344868	2363696	0.9497907949790795	0.9700854700854701	478	454	468
marmgCAMI2_short_read_pooled_megahit_assembly	59	Chloroherpeton_thalassium_ATCC_35110_genomic	1.0	0.9915934516070065	3265581	3265581	3293266	1.0	0.6461538461538462	42	42	65
marmgCAMI2_short_read_pooled_megahit_assembly	258	Archaeoglobus_fulgidus_DSM_8774_genomic	0.9890630165280245	0.9915330341083278	2292954	2267876	2287242	0.9836065573770492	0.759493670886076	61	60	79
marmgCAMI2_short_read_pooled_megahit_assembly	262	R2A29_S8_contigs	1.0	0.9915164795270077	3058868	3058868	3085040	1.0	0.65	39	39	60
marmgCAMI2_short_read_pooled_megahit_assembly	251	Halolamina_sediminis_strain_Hb3_genomic	1.0	0.9908851558413492	3512131	3512131	3544438	1.0	0.6447368421052632	49	49	76
marmgCAMI2_short_read_pooled_megahit_assembly	67	Colwellia_psychrerythraea_34H_genomic	1.0	0.9906691762818919	5297011	5297011	5346902	1.0	0.6832298136645962	110	110	161
marmgCAMI2_short_read_pooled_megahit_assembly	171	Thioflavicoccus_mobilis_8321_genomic	1.0	0.9903516994268802	4151177	4151177	4191619	1.0	0.6439393939393939	85	85	132
marmgCAMI2_short_read_pooled_megahit_assembly	236	Clostridium_botulinum_202F_genomic	0.998338133330567	0.9902237992417753	3855905	3849497	3887502	0.96	0.5517241379310345	50	48	87
marmgCAMI2_short_read_pooled_megahit_assembly	143	Wenyingzhuangia_fucanilytica_strain_CZ1127_genomic	0.9955979804540331	0.9901048344608955	3399576	3384611	3418437	0.9411764705882353	0.6233766233766234	51	48	77
marmgCAMI2_short_read_pooled_megahit_assembly	223	Kangiella_geojedonensis_strain_YCS_5_genomic	0.9987929677884357	0.9890377534854942	2482121	2479125	2506603	0.987012987012987	0.7524752475247525	77	76	101
marmgCAMI2_short_read_pooled_megahit_assembly	241	S13_S3_contigs	0.8901542446627129	0.988764109501978	2513215	2237149	2262571	0.86	0.5584415584415584	50	43	77
marmgCAMI2_short_read_pooled_megahit_assembly	213	Synechococcus_sp_WH_8103_genomic	0.916699081193009	0.9881835813785019	2416612	2215306	2241796	0.8780487804878049	0.5217391304347826	41	36	69
marmgCAMI2_short_read_pooled_megahit_assembly	60	Marinomonas_mediterranea_MMB_1_genomic	1.0	0.9878218846251186	4590108	4590108	4646696	1.0	0.6418918918918919	95	95	148
marmgCAMI2_short_read_pooled_megahit_assembly	178	Candidatus_Nitrosoarchaeum_limnia_SFB1_genomic	1.0	0.9874063146075477	1734159	1734159	1756277	1.0	0.7105263157894737	54	54	76
marmgCAMI2_short_read_pooled_megahit_assembly	5	Marinithermus_hydrothermalis_DSM_14884_genomic	1.0	0.9873446495194327	2197844	2197844	2226015	1.0	0.75	81	81	108
marmgCAMI2_short_read_pooled_megahit_assembly	214	Nonlabens_sp_MIC269_genomic	0.9979616779813927	0.9872543459967861	2812117	2806385	2842616	0.9545454545454546	0.5316455696202531	44	42	79
marmgCAMI2_short_read_pooled_megahit_assembly	184	Glaciecola_nitratireducens_FR1064_genomic	0.9875356781725837	0.9866865468575441	4150647	4098912	4154219	0.9543568464730291	0.8394160583941606	241	230	274
marmgCAMI2_short_read_pooled_megahit_assembly	245	Lacinutrix_sp_5H_3_7_4_genomic	0.8750664291230139	0.9862977178625851	3289220	2878286	2918273	0.8979591836734694	0.5641025641025641	49	44	78
marmgCAMI2_short_read_pooled_megahit_assembly	186	Desulfococcus_multivorans_strain_DSM_2059_genomic	0.997575062079695	0.9849645136981835	4360524	4349950	4416352	0.9565217391304348	0.584070796460177	69	66	113
marmgCAMI2_short_read_pooled_megahit_assembly	260	Corynebacterium_phocae_strain_M408_89_1_genomic	0.9985306806641191	0.9846256594524457	2710779	2706796	2749061	0.9807692307692307	0.5425531914893617	52	51	94
marmgCAMI2_short_read_pooled_megahit_assembly	170	Desulfobacterium_autotrophicum_HRM2_genomic	0.9877193832612711	0.98443419639782	5509821	5442157	5528208	0.9774436090225563	0.6878306878306878	133	130	189
marmgCAMI2_short_read_pooled_megahit_assembly	256	Desulfotalea_psychrophila_LSv54_genomic	0.9901847119823473	0.9831648587928824	3601932	3566578	3627650	0.875	0.3620689655172414	48	42	116
marmgCAMI2_short_read_pooled_megahit_assembly	43	Methanosarcina_siciliae_T4_M_genomic	0.9751076518267652	0.9829947410054168	4855468	4734604	4816510	0.9754601226993865	0.6943231441048034	163	159	229
marmgCAMI2_short_read_pooled_megahit_assembly	259	Sulfurovum_sp_NBC37_1_genomic	0.9839315960993229	0.9825077735164166	2407582	2368896	2411071	0.9310344827586207	0.32142857142857145	29	27	84
marmgCAMI2_short_read_pooled_megahit_assembly	53	Krokinobacter_sp_4H_3_7_5_genomic	0.9953932765268402	0.9818465843431176	3345979	3330565	3392144	0.9550561797752809	0.6204379562043796	89	85	137
marmgCAMI2_short_read_pooled_megahit_assembly	47	A_H_1309_4_4_S6_contigs	0.5368308422217966	0.9811888281501592	3586953	1925587	1962504	0.575984990619137	0.9359756097560976	533	307	328
marmgCAMI2_short_read_pooled_megahit_assembly	65	Hyphomonas_neptunium_ATCC_15444_genomic	0.995377680715887	0.9808067573818622	3685163	3668129	3739910	0.974025974025974	0.8571428571428571	154	150	175
marmgCAMI2_short_read_pooled_megahit_assembly	188	Novosphingobium_sp_PP1Y_genomic	0.995628731614343	0.9805593396272301	5224113	5201277	5304398	0.9823943661971831	0.7837078651685393	284	279	356
marmgCAMI2_short_read_pooled_megahit_assembly	16	Desulfovibrio_africanus_str_Walvis_Bay_genomic	1.0	0.980318267129383	4072545	4072545	4154309	1.0	0.7967741935483871	247	247	310
marmgCAMI2_short_read_pooled_megahit_assembly	24	Hyperthermus_butylicus_DSM_5456_genomic	0.41691104929892425	0.9801072169702559	4078304	1700290	1734800	0.16666666666666666	0.15254237288135594	54	9	59
marmgCAMI2_short_read_pooled_megahit_assembly	261	Ferrimonas_balearica_DSM_9799_genomic	0.9962984451948599	0.9783335192789853	4207151	4191578	4284406	0.9264705882352942	0.6774193548387096	68	63	93
marmgCAMI2_short_read_pooled_megahit_assembly	97	Draconibacterium_orientale_strain_FH5_genomic	1.0	0.9773510647265679	5020239	5020239	5136577	1.0	0.7892271662763466	337	337	427
marmgCAMI2_short_read_pooled_megahit_assembly	31	Erythrobacter_litoralis_strain_DSM_8509_genomic	0.9991146132500587	0.9766541051441506	3090175	3087439	3161241	0.975	0.65	40	39	60
marmgCAMI2_short_read_pooled_megahit_assembly	187	T_219_S4_contigs	0.6003891789131984	0.976359102486827	1338202	803442	822896	0.6454183266932271	0.9364161849710982	251	162	173
marmgCAMI2_short_read_pooled_megahit_assembly	46	Roseibacterium_elongatum_DSM_19469_genomic	1.0	0.9736943681628	3524056	3524056	3619263	1.0	0.7932098765432098	257	257	324
marmgCAMI2_short_read_pooled_megahit_assembly	220	Shewanella_halifaxensis_HAW_EB4_genomic	0.9407416429990095	0.9730431355354535	5180417	4873434	5008446	0.9358974358974359	0.6952380952380952	156	146	210
marmgCAMI2_short_read_pooled_megahit_assembly	145	TNX_S11_contigs	0.9918550358681303	0.9729327159476597	3684608	3654597	3756269	0.9873417721518988	0.8210526315789474	316	312	380
marmgCAMI2_short_read_pooled_megahit_assembly	217	Chlorobium_phaeobacteroides_BS1_genomic	0.9971163254734177	0.9721534264532908	2606050	2598535	2672968	0.9827586206896551	0.6826347305389222	116	114	167
marmgCAMI2_short_read_pooled_megahit_assembly	86	Streptococcus_iniae_strain_ISET0901_genomic	0.667996076353359	0.9714489391987966	1889059	1261884	1298971	0.6613756613756614	0.8278145695364238	189	125	151
marmgCAMI2_short_read_pooled_megahit_assembly	174	Magnetospira_sp_QH_2_genomic	0.9979677970036176	0.9713667431319924	3894296	3886382	4000942	0.9813084112149533	0.5614973262032086	107	105	187
marmgCAMI2_short_read_pooled_megahit_assembly	107	Nonlabens_dokdonensis_DSW_6_genomic	1.0	0.9674371386421355	3795639	3795639	3923396	1.0	0.7362924281984334	282	282	383
marmgCAMI2_short_read_pooled_megahit_assembly	192	Ilyobacter_polytropus_DSM_2926_genomic	1.0	0.9669709074556742	3014731	3014731	3117706	1.0	0.7723880597014925	207	207	268
marmgCAMI2_short_read_pooled_megahit_assembly	248	Methylomonas_methanica_MC09_genomic	1.0	0.9664365304245789	4857598	4857598	5026298	1.0	0.5769230769230769	90	90	156
marmgCAMI2_short_read_pooled_megahit_assembly	235	Mehyloceanibacter_caenitepidi_Gela4_genomic	0.9856292448081091	0.9613703355593688	3750464	3696567	3845102	0.9230769230769231	0.7272727272727273	26	24	33
marmgCAMI2_short_read_pooled_megahit_assembly	211	Planococcus_donghaensis_strain_DSM_22276_genomic	0.9979751852072982	0.9603404861639064	3098555	3092281	3219984	0.9915254237288136	0.72	236	234	325
marmgCAMI2_short_read_pooled_megahit_assembly	29	Vibrio_cholerae_strain_Env_390_genomic	0.9550199296890155	0.9586201600178729	3881897	3707289	3867318	0.983739837398374	0.5283842794759825	123	121	229
marmgCAMI2_short_read_pooled_megahit_assembly	116	Thiolapillus_brandeum_Hiromi_1_genomic	1.0	0.9578686454607944	3076858	3076858	3212192	1.0	0.76	76	76	100
marmgCAMI2_short_read_pooled_megahit_assembly	158	Streptomyces_sp_GBA_94_10_genomic	0.8968970342009757	0.9576291769441988	7341428	6584505	6875840	0.9083969465648855	0.5862068965517241	131	119	203
marmgCAMI2_short_read_pooled_megahit_assembly	180	Marinomonas_posidonica_IVIA_Po_181_genomic	0.8974308799719498	0.9574290355568978	3878760	3480919	3635694	0.8070175438596491	0.3865546218487395	57	46	119
marmgCAMI2_short_read_pooled_megahit_assembly	96	S17_S4_contigs	0.9513980043343064	0.9556702576063149	3438151	3271050	3422781	0.95	0.5523255813953488	200	190	344
marmgCAMI2_short_read_pooled_megahit_assembly	133	Thiocystis_violascens_DSM_198_genomic	0.9967048838306145	0.9536796765906861	4700593	4685104	4912660	0.9944598337950139	0.7281947261663286	361	359	493
marmgCAMI2_short_read_pooled_megahit_assembly	101	Vibrio_coralliilyticus_OCN014_genomic	0.7883424981778209	0.953116086361415	6209598	4895290	5136090	0.8440366972477065	0.5139664804469274	109	92	179
marmgCAMI2_short_read_pooled_megahit_assembly	20	19_S5_contigs	0.880131369466612	0.9526016221394727	499355	439498	461366	0.8571428571428571	0.8571428571428571	133	114	133
marmgCAMI2_short_read_pooled_megahit_assembly	222	Alteromonas_mediterranea_strain_CP49_genomic	0.9112409426464514	0.9489424783380311	249383	227248	239475	0.8611111111111112	0.7045454545454546	36	31	44
marmgCAMI2_short_read_pooled_megahit_assembly	205	Pelobacter_acetylenicus_strain_DSM_3247_genomic	0.9719835955217576	0.9483510975659003	3285932	3193872	3367816	0.9354838709677419	0.20350877192982456	62	58	285
marmgCAMI2_short_read_pooled_megahit_assembly	196	AW02J18_S11_contigs	0.9541040637453658	0.9462667409362815	3685664	3516507	3716190	0.963855421686747	0.6611570247933884	83	80	121
marmgCAMI2_short_read_pooled_megahit_assembly	173	Synechococcus_sp_CC9902_genomic	0.9935538462251773	0.9428923813974199	2156790	2142887	2272674	0.9811320754716981	0.7375886524822695	212	208	282
marmgCAMI2_short_read_pooled_megahit_assembly	80	Alteromonas_sp_RW2A1_genomic	0.9870895850744481	0.9418406840460469	3840930	3791342	4025460	0.9683544303797469	0.5186440677966102	158	153	295
marmgCAMI2_short_read_pooled_megahit_assembly	151	Shewanella_sp_ANA_3_genomic	0.8950412574408239	0.9413864927587968	5350550	4788963	5087138	0.9078014184397163	0.4555160142348754	141	128	281
marmgCAMI2_short_read_pooled_megahit_assembly	109	Desulfobacula_toluolica_Tol2_genomic	0.99845979097734	0.9412696940179662	4755848	4748523	5044806	0.9761904761904762	0.4205128205128205	84	82	195
marmgCAMI2_short_read_pooled_megahit_assembly	112	Francisella_noatunensis_subsp_orientalis_strain_FNO01_genomic	0.8918971771084526	0.9378530210434911	894898	798157	851047	0.8936170212765957	0.8433734939759037	235	210	249
marmgCAMI2_short_read_pooled_megahit_assembly	152	Pelobacter_carbinolicus_DSM_2380_genomic	1.0	0.9369360200642615	3433893	3433893	3665024	1.0	0.7119565217391305	131	131	184
marmgCAMI2_short_read_pooled_megahit_assembly	93	Owenweeksia_hongkongensis_DSM_17368_genomic	1.0	0.9358273052207956	3846166	3846166	4109910	1.0	0.705607476635514	453	453	642
marmgCAMI2_short_read_pooled_megahit_assembly	161	Vibrio_scophthalmi_strain_VS_05_genomic	0.9819683096427209	0.9263837983030295	4408849	4329350	4673387	0.974025974025974	0.5136986301369864	154	150	292
marmgCAMI2_short_read_pooled_megahit_assembly	79	Aeropyrum_camini_SY1_JCM_12091_genomic	0.9930722860287856	0.925609185834573	1540768	1530094	1653067	0.9947089947089947	0.6861313868613139	189	188	274
marmgCAMI2_short_read_pooled_megahit_assembly	30	2_S2_contigs	0.5048192352751304	0.9255314884978745	777613	392554	424139	0.5542168674698795	0.7863247863247863	166	92	117
marmgCAMI2_short_read_pooled_megahit_assembly	120	Roseobacter_denitrificans_OCh_114_genomic	0.9968390584727702	0.9231732374753755	4195269	4182008	4530036	0.9922330097087378	0.6750330250990753	515	511	757
marmgCAMI2_short_read_pooled_megahit_assembly	12	VO5_S12_contigs	0.7901436009639861	0.9198535772371563	1504586	1188839	1292422	0.7964912280701755	0.7467105263157895	285	227	304
marmgCAMI2_short_read_pooled_megahit_assembly	126	MvHd14_S5_contigs	0.65714119589588	0.9188750373640575	4626473	3040246	3308661	0.5730337078651685	0.7846153846153846	178	102	130
marmgCAMI2_short_read_pooled_megahit_assembly	48	Candidatus_Gloeomargarita_lithophora_D10_genomic	1.0	0.914301356649145	2805616	2805616	3068590	1.0	0.654510556621881	341	341	521
marmgCAMI2_short_read_pooled_megahit_assembly	94	Methanocaldococcus_vulcanius_M7_genomic	0.9984485697865908	0.9139352573521082	1656536	1653966	1809719	0.995049504950495	0.638095238095238	202	201	315
marmgCAMI2_short_read_pooled_megahit_assembly	206	Magnetococcus_marinus_MC_1_genomic	1.0	0.9137742780374258	4100743	4100743	4487698	1.0	0.40939597315436244	183	183	447
marmgCAMI2_short_read_pooled_megahit_assembly	90	Brucella_pinnipedialis_B2_94_genomic	0.579539457820842	0.9132905847548957	3189241	1848291	2023771	0.5688073394495413	0.6138613861386139	327	186	303
marmgCAMI2_short_read_pooled_megahit_assembly	14	Thermovirga_lienii_DSM_17291_genomic	0.9886752555793086	0.913273800136939	1850991	1830029	2003812	0.9741379310344828	0.6569767441860465	232	226	344
marmgCAMI2_short_read_pooled_megahit_assembly	244	Aeromonas_salmonicida_subsp_salmonicida_A449_genomic	0.8886648097921105	0.9127570160053748	4489982	3990089	4371469	0.8365384615384616	0.5058139534883721	104	87	172
marmgCAMI2_short_read_pooled_megahit_assembly	78	Salinispora_tropica_CNB_440_genomic	0.9929027897697907	0.90286907781575	4904885	4870074	5393998	0.9832317073170732	0.627431906614786	656	645	1028
marmgCAMI2_short_read_pooled_megahit_assembly	141	Streptomyces_pactum_strain_KLBMP_5084_genomic	0.9906827749568197	0.9019411902486635	7544521	7474227	8286823	0.9890909090909091	0.7351351351351352	275	272	370
marmgCAMI2_short_read_pooled_megahit_assembly	163	Synechococcus_sp_RCC307_genomic	1.0	0.8990247782407967	2079732	2079732	2313320	1.0	0.6127562642369021	269	269	439
marmgCAMI2_short_read_pooled_megahit_assembly	139	Titti30_S10_contigs	0.9887358180606636	0.8959867194403724	5456588	5395124	6021433	0.9941176470588236	0.597877358490566	510	507	848
marmgCAMI2_short_read_pooled_megahit_assembly	229	Synechococcus_sp_WH_7803_genomic	1.0	0.8946258036123276	2189356	2189356	2447231	1.0	0.6108870967741935	303	303	496
marmgCAMI2_short_read_pooled_megahit_assembly	89	Phaeobacter_gallaeciensis_DSM_26640_genomic	0.9951956716372993	0.8900911032399647	4253248	4232814	4755484	0.9928698752228164	0.6067538126361656	561	557	918
marmgCAMI2_short_read_pooled_megahit_assembly	38	Octadecabacter_antarcticus_307_genomic	0.996861624068966	0.8898637338360783	4189428	4176280	4693168	0.9981167608286252	0.5698924731182796	531	530	930
marmgCAMI2_short_read_pooled_megahit_assembly	99	Shewanella_baltica_OS223_genomic	0.9413128076352235	0.8806410029134745	4855182	4570245	5189680	0.921832884097035	0.5007320644216691	371	342	683
marmgCAMI2_short_read_pooled_megahit_assembly	209	Titti27_S7_contigs	0.9869826461157064	0.8772412453165949	3220547	3178624	3623432	0.9891304347826086	0.6546762589928058	92	91	139
marmgCAMI2_short_read_pooled_megahit_assembly	36	Rhodothermus_marinus_DSM_4252_genomic	0.9990968127337743	0.8710876641167213	3086846	3084058	3540468	0.9978118161925602	0.5685785536159601	457	456	802
marmgCAMI2_short_read_pooled_megahit_assembly	135	Bacillus_infantis_NRRL_B_14911_genomic	0.9988281396140366	0.8547700110494649	4383628	4378491	5122420	0.996996996996997	0.5814360770577933	666	664	1142
marmgCAMI2_short_read_pooled_megahit_assembly	123	Paraoerskovia_marina_strain_DSM_22126_genomic	0.9957965714874568	0.853636570900028	2639512	2628417	3079082	0.9973262032085561	0.5429403202328966	374	373	687
marmgCAMI2_short_read_pooled_megahit_assembly	155	Vibrio_tubiashii_ATCC_19109_genomic	0.9811816784988864	0.8520756346329317	4742559	4653312	5461149	0.9770114942528736	0.5279503105590062	174	170	322
marmgCAMI2_short_read_pooled_megahit_assembly	114	11_S11_contigs	0.831374853941126	0.8498145911336518	5682640	4724404	5559335	0.8495934959349594	0.32861635220125784	246	209	636
marmgCAMI2_short_read_pooled_megahit_assembly	165	Vibrio_natriegens_strain_CCUG_16374_genomic	0.9235906962452433	0.8485369581417798	4842604	4472584	5270936	0.9013157894736842	0.5343213728549142	760	685	1282
marmgCAMI2_short_read_pooled_megahit_assembly	125	Colwellia_sp_MT41_genomic	0.999252851739154	0.8229974370118238	3649878	3647151	4431546	0.99836867862969	0.5045342126957956	613	612	1213
marmgCAMI2_short_read_pooled_megahit_assembly	28	Marinobacter_similis_A3d10_genomic	1.0	0.821027415720234	3433191	3433191	4181579	1.0	0.531063829787234	624	624	1175
marmgCAMI2_short_read_pooled_megahit_assembly	34	Marinobacter_sp_BSs20148_genomic	0.9898579644032879	0.81060371603348	3524539	3488793	4303944	0.9856459330143541	0.515	627	618	1200
marmgCAMI2_short_read_pooled_megahit_assembly	44	Rhodococcus_sp_B7740_genomic	0.9930771516335823	0.8033317697864353	4516638	4485370	5583459	0.9963768115942029	0.49698795180722893	828	825	1660
marmgCAMI2_short_read_pooled_megahit_assembly	216	Nitrosococcus_oceani_ATCC_19707_genomic	0.5934870698913965	0.7993174994885468	4944042	2934225	3670913	0.8433734939759037	0.5737704918032787	83	70	122
marmgCAMI2_short_read_pooled_megahit_assembly	104	A3_S3_contigs	0.9582242084260806	0.7989775925332193	234059	224281	280710	0.75	0.375	12	9	24
marmgCAMI2_short_read_pooled_megahit_assembly	63	Candidatus_Endolissoclinum_patella_L2_genomic	1.0	0.7976404867430387	1472694	1472694	1846313	1.0	0.36363636363636365	4	4	11
marmgCAMI2_short_read_pooled_megahit_assembly	91	Thermotoga_sp_RQ2_genomic	0.8144407668129582	0.7963179655199314	1679523	1367872	1717746	0.7785977859778598	0.433264887063655	271	211	487
marmgCAMI2_short_read_pooled_megahit_assembly	243	Vw1_S1_contigs	0.5111687364119047	0.7679210208631122	202843	103687	135023	0.5087719298245614	0.5087719298245614	57	29	57
marmgCAMI2_short_read_pooled_megahit_assembly	147	Erythrobacter_litoralis_HTCC2594_genomic	0.9932375426447149	0.7638306625274778	2471291	2454579	3213512	0.989451476793249	0.4505283381364073	474	469	1041
marmgCAMI2_short_read_pooled_megahit_assembly	62	Thermococcus_sp_4557_genomic	0.9909436158157484	0.7491067757243035	1632550	1617765	2159592	0.9845679012345679	0.43519781718963163	324	319	733
marmgCAMI2_short_read_pooled_megahit_assembly	234	A_Hdes_20_1_S13_contigs	0.680720980813547	0.7336002818306435	308968	210321	286697	0.6896551724137931	0.5825242718446602	87	60	103
marmgCAMI2_short_read_pooled_megahit_assembly	7	Formosa_haliotis_strain_LMG_28520_genomic	1.0	0.7136932181149154	3222008	3222008	4514556	1.0	0.4104750304506699	674	674	1642
marmgCAMI2_short_read_pooled_megahit_assembly	175	Nitrosococcus_halophilus_Nc_4_genomic	1.0	0.7052377125787207	3229622	3229622	4579480	1.0	0.12800769971126083	133	133	1039
marmgCAMI2_short_read_pooled_megahit_assembly	113	Cycloclasticus_sp_P1_genomic	0.9046599287133302	0.6994447067093489	1795006	1623870	2321656	0.888235294117647	0.3145833333333333	170	151	480
marmgCAMI2_short_read_pooled_megahit_assembly	203	Prochlorococcus_marinus_bv_HNLC2_genomic	1.0	0.6542488107614277	1038391	1038391	1587150	1.0	0.3463338533541342	222	222	641
marmgCAMI2_short_read_pooled_megahit_assembly	137	Thalassolituus_oleivorans_R6_15_genomic	0.5951611543837223	0.6357137525314797	2847580	1694769	2665931	0.5833333333333334	0.23951434878587197	372	217	906
marmgCAMI2_short_read_pooled_megahit_assembly	103	Alteromonas_macleodii_str_Black_Sea_11_genomic	0.7962445557642382	0.623362202031767	3314974	2639530	4234344	0.817717206132879	0.27303754266211605	587	480	1758
marmgCAMI2_short_read_pooled_megahit_assembly	73	Luteimonas_sp_JM171_genomic	1.0	0.6123656307954206	1955439	1955439	3193254	1.0	0.34073506891271055	445	445	1306
marmgCAMI2_short_read_pooled_megahit_assembly	208	Alteromonas_macleodii_str_Ionian_Sea_UM4b_genomic	0.4698542764760597	0.6120183584160529	451540	212158	346653	0.5555555555555556	0.23809523809523808	36	20	84
marmgCAMI2_short_read_pooled_megahit_assembly	51	Maribacter_sp_MAR_2009_60_genomic	0.720725566462772	0.6088683985721455	3221924	2322123	3813834	0.6810477657935285	0.3008849557522124	649	442	1469
marmgCAMI2_short_read_pooled_megahit_assembly	33	Prochlorococcus_marinus_str_MIT_9515_genomic	0.9880457513966258	0.6024934226552326	1128971	1115475	1851431	0.9813432835820896	0.3180169286577993	268	263	827
marmgCAMI2_short_read_pooled_megahit_assembly	118	Prochlorococcus_marinus_bv_HNLC1_genomic	0.9966204673634135	0.6008369606055883	998067	994694	1655514	0.9957805907172996	0.3167785234899329	237	236	745
marmgCAMI2_short_read_pooled_megahit_assembly	215	Candidatus_Atelocyanobacterium_thalassa_isolate_ALOHA_genomic	0.993826949457481	0.5990640127923833	936004	930226	1552799	0.9911111111111112	0.3217893217893218	225	223	693
marmgCAMI2_short_read_pooled_megahit_assembly	179	Spirochaeta_thermophila_DSM_6578_genomic	1.0	0.594378184523157	1599672	1599672	2691337	1.0	0.3056255247691016	364	364	1191
marmgCAMI2_short_read_pooled_megahit_assembly	56	Psychromonas_sp_CNPT3_genomic	1.0	0.5912891949499108	1915790	1915790	3240022	1.0	0.30301003344481603	453	453	1495
marmgCAMI2_short_read_pooled_megahit_assembly	134	Shewanella_piezotolerans_WP3_genomic	0.9901314891217239	0.5902621881898088	3369100	3335852	5651475	0.9873577749683944	0.3036547433903577	791	781	2572
marmgCAMI2_short_read_pooled_megahit_assembly	92	Desulfovibrio_desulfuricans_ND132_genomic	0.9948754354474708	0.589429580851588	2455233	2442651	4144093	0.9932998324958124	0.30966057441253264	597	593	1915
marmgCAMI2_short_read_pooled_megahit_assembly	42	T_232_S7_contigs	0.6569321474371072	0.5866513764883723	2278558	1496858	2551529	0.6585858585858586	0.2515432098765432	495	326	1296
marmgCAMI2_short_read_pooled_megahit_assembly	105	Alteromonas_macleodii_str_Balearic_Sea_AD45_genomic	0.762285570683499	0.5750099509358427	3151563	2402391	4177999	0.7441077441077442	0.2326315789473684	594	442	1900
marmgCAMI2_short_read_pooled_megahit_assembly	111	Rhodoferax_ferrireducens_T118_genomic	0.9990921943547938	0.5694378714177578	3033689	3030935	5322679	0.9986263736263736	0.28918058870326174	728	727	2514
marmgCAMI2_short_read_pooled_megahit_assembly	88	Ruegeria_pomeroyi_DSS_3_genomic	0.9970469344993173	0.568550263796183	2816734	2808416	4939609	0.9970014992503748	0.2916666666666667	667	665	2280
marmgCAMI2_short_read_pooled_megahit_assembly	249	Spiribacter_salinus_M19_40_genomic	0.481885802849834	0.5477896574721978	1864670	898558	1640334	0.5	0.14634146341463414	24	12	82
marmgCAMI2_short_read_pooled_megahit_assembly	40	Synechococcus_sp_CC9311_genomic	1.0	0.5434667577572602	1524171	1524171	2804534	1.0	0.27700220426157235	377	377	1361
marmgCAMI2_short_read_pooled_megahit_assembly	232	Cycloclasticus_zancles_78_ME_genomic	1.0	0.5110007083344748	522302	522302	1022116	1.0	0.09453781512605042	45	45	476
marmgCAMI2_short_read_pooled_megahit_assembly	66	Cellulophaga_baltica_18_genomic	0.5887501744170043	0.5103515046461367	3160529	1860762	3646040	0.5787671232876712	0.22548365577051369	584	338	1499
marmgCAMI2_short_read_pooled_megahit_assembly	108	Hahella_chejuensis_KCTC_2396_genomic	0.997624507293306	0.5068174174018784	3809315	3800266	7498294	0.9966216216216216	0.3286908077994429	592	590	1795
marmgCAMI2_short_read_pooled_megahit_assembly	87	Zunongwangia_profunda_SM_A87_genomic	0.9953061059441973	0.5064941835038282	2782125	2769066	5467123	0.9943661971830986	0.25196288365453245	710	706	2802
marmgCAMI2_short_read_pooled_megahit_assembly	102	Desulfovibrio_salexigens_DSM_2638_genomic	1.0	0.49736166023106626	2295430	2295430	4615213	1.0	0.24107883817427386	581	581	2410
marmgCAMI2_short_read_pooled_megahit_assembly	218	Thermoplasma_volcanium_GSS1_genomic	0.9819584207156242	0.4890855477941413	851145	835789	1708881	0.9807692307692307	0.22691879866518352	208	204	899
marmgCAMI2_short_read_pooled_megahit_assembly	142	Hydrogenophaga_sp_LPB0072_genomic	0.9952906538126186	0.48088817115671506	2587408	2575223	5355139	0.9940476190476191	0.2303448275862069	672	668	2900
marmgCAMI2_short_read_pooled_megahit_assembly	76	Confluentimicrobium_sp_EMB200_NS6_genomic	0.9850466900491581	0.47844605445057276	2112977	2081381	4350294	0.9836363636363636	0.23070362473347547	550	541	2345
marmgCAMI2_short_read_pooled_megahit_assembly	50	Glaciecola_sp_4H_3_7_YE_5_genomic	0.9895242844161662	0.4734929275427617	2765539	2736568	5779533	0.9860917941585535	0.22422517394054395	719	709	3162
marmgCAMI2_short_read_pooled_megahit_assembly	124	Thermosipho_sp_1063_genomic	0.9844159409218806	0.46215817656137265	888857	875005	1893302	0.9824561403508771	0.21705426356589147	228	224	1032
marmgCAMI2_short_read_pooled_megahit_assembly	54	Oscillibacter_valericigenes_Sjm18_20_genomic	1.0	0.46184865568659006	2052394	2052394	4443867	1.0	0.28375527426160335	269	269	948
marmgCAMI2_short_read_pooled_megahit_assembly	58	Prochlorococcus_marinus_str_MIT_9301_genomic	0.9853387378310938	0.45475828353274295	853610	841095	1849543	0.9867256637168141	0.21862745098039216	226	223	1020
marmgCAMI2_short_read_pooled_megahit_assembly	148	Dinoroseobacter_shibae_DFL_12_genomic	0.9938133593378321	0.4534653807523247	2112455	2099386	4629650	0.9945750452079566	0.22106109324758844	553	550	2488
marmgCAMI2_short_read_pooled_megahit_assembly	136	Halomonas_sp_A3H3_genomic	0.5802362392588097	0.4468833146520951	3399181	1972328	4413519	0.5584988962472406	0.20256204963971178	453	253	1249
marmgCAMI2_short_read_pooled_megahit_assembly	26	Salmonella_enterica_subsp_enterica_serovar_Typhimurium_22495_genomic	0.8710165024516656	0.42853999328165593	2314141	2015655	4703540	0.8729903536977492	0.19963235294117648	622	543	2720
marmgCAMI2_short_read_pooled_megahit_assembly	0	Muricauda_lutaonensis_strain_CC_HSB_11_genomic	0.997887351934427	0.4236066089468153	1484393	1481257	3496775	0.9974683544303797	0.19447186574531095	395	394	2026
marmgCAMI2_short_read_pooled_megahit_assembly	6	Pseudomonas_balearica_DSM_6083_genomic	0.9817501005227182	0.4158659649872832	1989600	1953290	4696922	0.9866666666666667	0.18995232856618996	525	518	2727
marmgCAMI2_short_read_pooled_megahit_assembly	185	Nanohaloarchaea_archaeon_SG9_genomic	0.9950125375980208	0.41525969915639493	507673	505141	1216446	0.9921875	0.18091168091168092	128	127	702
marmgCAMI2_short_read_pooled_megahit_assembly	162	KCH3_S1_contigs	0.8333872622125995	0.41254508634298426	1090943	909178	2203827	0.8344370860927153	0.10650887573964497	151	126	1183
marmgCAMI2_short_read_pooled_megahit_assembly	71	Alteromonas_stellipolaris_strain_PQQ_44_genomic	0.9629400137732863	0.4122389919616041	1767189	1701697	4127938	0.9634146341463414	0.1984093763080787	492	474	2389
marmgCAMI2_short_read_pooled_megahit_assembly	121	Oscillibacter_valericigenes_Sjm18_20_genomic	1.0	0.40945824886298354	1819578	1819578	4443867	1.0	0.29852320675105487	283	283	948
marmgCAMI2_short_read_pooled_megahit_assembly	1	Haliangium_ochraceum_DSM_14365_genomic	0.9984242414028465	0.4067184623438091	4034882	4028524	9904945	0.999083409715857	0.18218285141233495	1091	1090	5983
marmgCAMI2_short_read_pooled_megahit_assembly	117	Celeribacter_indicus_P73_genomic	0.9986628174397274	0.39240710446861826	2037119	2034395	5184399	0.9981515711645101	0.1798800799467022	541	540	3002
marmgCAMI2_short_read_pooled_megahit_assembly	149	Halorhabdus_tiamatea_SARL4B_genomic	1.0	0.3905267564790835	1308736	1308736	3351207	1.0	0.17811579980372916	363	363	2038
marmgCAMI2_short_read_pooled_megahit_assembly	204	Titti21_S1_contigs	0.9591009639869161	0.38278745570430894	1537469	1474588	3852237	0.9502487562189055	0.1534136546184739	201	191	1245
marmgCAMI2_short_read_pooled_megahit_assembly	98	Acinetobacter_venetianus_VE_C3_genomic	0.982559969561232	0.38189216251446567	1445525	1420315	3719152	0.9798994974874372	0.17418490397498884	398	390	2239
marmgCAMI2_short_read_pooled_megahit_assembly	110	Tenacibaculum_sp_LPB0136_genomic	0.9950573378446239	0.3811950350785238	1214730	1208726	3170886	0.9939577039274925	0.17073170731707318	331	329	1927
marmgCAMI2_short_read_pooled_megahit_assembly	9	Oleispira_antarctica_RB_8_genomic	0.9909522688670749	0.3800836345865382	1809846	1793471	4718622	0.9880239520958084	0.1701615675489859	501	495	2909
marmgCAMI2_short_read_pooled_megahit_assembly	11	Prochlorococcus_marinus_str_MIT_9313_genomic	0.9170847180500777	0.36602345976873735	995691	913133	2494739	0.9071428571428571	0.16547231270358306	280	254	1535
marmgCAMI2_short_read_pooled_megahit_assembly	4	Vibrio_nigripulchritudo_str_SFn1_genomic	0.9224048013433559	0.3643383866505829	2634596	2430164	6670074	0.9214586255259467	0.15717703349282297	713	657	4180
marmgCAMI2_short_read_pooled_megahit_assembly	130	Bdellovibrio_bacteriovorus_strain_109J_genomic	0.9901690138414391	0.3605408044393529	1506563	1491752	4137540	0.9927536231884058	0.15723029839326702	414	411	2614
marmgCAMI2_short_read_pooled_megahit_assembly	225	Alteromonas_mediterranea_strain_CP48_genomic	0.9419316667023089	0.3566052268383506	1402830	1321370	3705414	0.8955223880597015	0.0507185122569738	134	120	2366
marmgCAMI2_short_read_pooled_megahit_assembly	84	Cellulophaga_lytica_strain_HI1_genomic	0.6804489416834838	0.35559755244190283	840911	572197	1609114	0.6796875	0.1583257506824386	256	174	1099
marmgCAMI2_short_read_pooled_megahit_assembly	115	Parvularcula_bermudensis_HTCC2503_genomic	0.9947581376682921	0.3495158477059506	1091406	1085685	3106254	0.9966887417218543	0.15102860010035124	302	301	1993
marmgCAMI2_short_read_pooled_megahit_assembly	72	Hahella_chejuensis_KCTC_2396_genomic	1.0	0.3455806080689821	2591265	2591265	7498294	1.0	0.23175487465181058	416	416	1795
marmgCAMI2_short_read_pooled_megahit_assembly	254	Pyrococcus_furiosus_DSM_3638_genomic	0.9963017040139189	0.3413288443451329	686262	683724	2003124	0.9948979591836735	0.151987529228371	196	195	1283
marmgCAMI2_short_read_pooled_megahit_assembly	127	Marinobacter_aquaeolei_VT8_genomic	0.9879338116154688	0.3388397084404606	1673768	1653572	4880101	0.9872881355932204	0.14940686117345303	472	466	3119
marmgCAMI2_short_read_pooled_megahit_assembly	19	Halomonas_sp_A3H3_genomic	0.966456506716262	0.33873831742879096	1546917	1495028	4413519	0.9714285714285714	0.13610888710968774	175	170	1249
marmgCAMI2_short_read_pooled_megahit_assembly	191	Pseudoalteromonas_haloplanktis_TAC125_genomic	0.9810209893268471	0.3331347254291738	1353021	1327342	3984400	0.9768637532133676	0.14780241151302995	389	380	2571
marmgCAMI2_short_read_pooled_megahit_assembly	8	Flavobacteriaceae_bacterium_UJ101_genomic	0.9972259298501507	0.33117822592069607	1090095	1087071	3282435	0.9968152866242038	0.14338066880439762	314	313	2183
marmgCAMI2_short_read_pooled_megahit_assembly	27	Titti20_S7_contigs	0.9960050836253819	0.3240702933813687	1564238	1557989	4807565	0.9955257270693513	0.13845675171126323	447	445	3214
marmgCAMI2_short_read_pooled_megahit_assembly	69	Alteromonas_macleodii_str_Ionian_Sea_U4_genomic	0.3116832027617397	0.3132315724645022	2242065	698814	2230982	0.30151843817787416	0.10404191616766467	461	139	1336
marmgCAMI2_short_read_pooled_megahit_assembly	100	9_S9_contigs	0.882251950645396	0.29759704955632854	442674	390550	1312345	0.8181818181818182	0.1518987341772152	44	36	237
marmgCAMI2_short_read_pooled_megahit_assembly	157	Methanohalophilus_halophilus_strain_Z_7982_genomic	0.9957958824149716	0.29611414542187986	644844	642133	2168532	0.9949238578680203	0.12637008381689233	197	196	1551
marmgCAMI2_short_read_pooled_megahit_assembly	129	Formosa_sp_Hel3_A1_48_genomic	0.9684446717541064	0.2903992773227276	641318	621081	2138714	0.9623655913978495	0.12387543252595155	186	179	1445
marmgCAMI2_short_read_pooled_megahit_assembly	32	Salinispora_arenicola_CNS_205_genomic	0.9860898656307432	0.28635340773329715	1726511	1702495	5945433	0.9875	0.11518833535844472	480	474	4115
marmgCAMI2_short_read_pooled_megahit_assembly	74	Marinomonas_sp_MWYL1_genomic	0.9871767040873287	0.28455676702273197	1547808	1527960	5369614	0.9863945578231292	0.11690405804891159	441	435	3721
marmgCAMI2_short_read_pooled_megahit_assembly	253	Thalassolituus_oleivorans_MIL_1_genomic	0.7447065612410841	0.28447549702829905	552807	411679	1447151	0.7083333333333334	0.08662420382165605	96	68	785
marmgCAMI2_short_read_pooled_megahit_assembly	153	Psychromonas_ingrahamii_37_genomic	0.9894935189332196	0.28339462778139907	1368679	1354299	4778845	0.98989898989899	0.11673615247170935	396	392	3358
marmgCAMI2_short_read_pooled_megahit_assembly	10	Dokdonia_donghaensis_DSW_1_genomic	0.9766294267524908	0.2806782656583927	992573	969376	3453691	0.9717314487632509	0.11377741001241208	283	275	2417
marmgCAMI2_short_read_pooled_megahit_assembly	160	Saprospira_grandis_str_Lewin_genomic	0.9955402679611014	0.2698515677577717	1219580	1214141	4499292	0.9945205479452055	0.11365059486537257	365	363	3194
marmgCAMI2_short_read_pooled_megahit_assembly	140	Shewanella_woodyi_ATCC_51908_genomic	0.9893802445536947	0.2645501758979613	1643729	1626273	6147314	0.987603305785124	0.1076819103401667	484	478	4439
marmgCAMI2_short_read_pooled_megahit_assembly	159	Edwardsiella_piscicida_strain_S11_285_genomic	0.9934439259764912	0.2594905589635805	1069390	1062379	4094095	0.9935064935064936	0.1067317753749564	308	306	2867
marmgCAMI2_short_read_pooled_megahit_assembly	83	Caldithrix_abyssi_DSM_13497_genomic	1.0	0.2558598848034524	1293908	1293908	5057096	1.0	0.10703191188929681	379	379	3541
marmgCAMI2_short_read_pooled_megahit_assembly	227	S06_S2_contigs	0.9782685290241869	0.25414767430232293	644273	630272	2479944	0.9661016949152542	0.05996843766438716	118	114	1901
marmgCAMI2_short_read_pooled_megahit_assembly	75	Spirochaeta_sp_L21_RPul_D2_genomic	0.9968981341693488	0.23612855055618692	933954	931057	3943009	0.9963768115942029	0.09615384615384616	276	275	2860
marmgCAMI2_short_read_pooled_megahit_assembly	212	alpha_proteobacterium_HIMB5_genomic	0.9416035836806441	0.23109171776323664	352710	332113	1437148	0.9272727272727272	0.0966824644549763	110	102	1055
marmgCAMI2_short_read_pooled_megahit_assembly	198	Yangia_sp_CCB_MM3_genomic	0.9908107232942793	0.22716982401958888	1321758	1309612	5764903	0.9921671018276762	0.09172097513878832	383	380	4143
marmgCAMI2_short_read_pooled_megahit_assembly	146	Paraglaciecola_psychrophila_170_genomic	0.9731392100959521	0.22547539716954543	1312843	1277579	5666157	0.969309462915601	0.08993830090175606	391	379	4214
marmgCAMI2_short_read_pooled_megahit_assembly	197	Ruminiclostridium_thermocellum_DSM_2360_strain_LQRI_genomic	0.9851832778808777	0.22371233186756337	842764	830277	3711360	0.9846743295019157	0.09400146305779078	261	257	2734
marmgCAMI2_short_read_pooled_megahit_assembly	35	15_S3_contigs	0.6440845063649085	0.21512936289557	415874	267858	1245102	0.5454545454545454	0.027180067950169876	44	24	883
marmgCAMI2_short_read_pooled_megahit_assembly	132	Psychrobacter_sp_P11F6_genomic	0.9899094306162518	0.21467754168716652	789450	781484	3640269	0.9872881355932204	0.0865849126718692	236	233	2691
marmgCAMI2_short_read_pooled_megahit_assembly	182	Persephonella_marina_EX_H1_genomic	0.9941000872378322	0.2090037360733115	440176	437579	2093642	0.9926470588235294	0.08282208588957055	136	135	1630
marmgCAMI2_short_read_pooled_megahit_assembly	70	Pusillimonas_sp_T7_7_genomic	0.9721299092795109	0.2073542916478033	877751	853288	4115121	0.9660377358490566	0.08160663053873127	265	256	3137
marmgCAMI2_short_read_pooled_megahit_assembly	250	Thermotoga_maritima_MSB8_1_genomic	0.9328817924058224	0.20106903283322214	226779	211558	1052166	0.9230769230769231	0.06896551724137931	52	48	696
marmgCAMI2_short_read_pooled_megahit_assembly	247	Haloquadratum_walsbyi_C23_genomic	0.9713618610594624	0.19863212674818675	679269	659816	3321799	0.9702970297029703	0.07638347622759158	202	196	2566
marmgCAMI2_short_read_pooled_megahit_assembly	144	Pyrobaculum_aerophilum_str_IM2_genomic	1.0	0.19040087940162453	438220	438220	2301565	1.0	0.07452725250278086	134	134	1798
marmgCAMI2_short_read_pooled_megahit_assembly	156	Gramella_sp_MAR_2010_102_genomic	0.991306121556943	0.18807379011347816	686345	680378	3617612	0.9903381642512077	0.07205623901581722	207	205	2845
marmgCAMI2_short_read_pooled_megahit_assembly	2	Muricauda_ruestringensis_DSM_13258_genomic	0.9960640339575637	0.1853976550753797	748228	745283	4019916	0.9956521739130435	0.07149547299406805	230	229	3203
marmgCAMI2_short_read_pooled_megahit_assembly	23	Nitrosococcus_oceani_ATCC_19707_genomic	0.5460857411060247	0.17986669801218388	1209105	660275	3670913	0.5384615384615384	0.11475409836065574	26	14	122
marmgCAMI2_short_read_pooled_megahit_assembly	13	V_H1309_2_2_S2_contigs	0.815313820334475	0.1707706673319049	849690	692764	4056692	0.8212765957446808	0.056848306332842415	235	193	3395
marmgCAMI2_short_read_pooled_megahit_assembly	167	Thalassolituus_oleivorans_strain_K188_genomic	0.9465333503309364	0.1681774244003852	290237	274719	1633507	0.9090909090909091	0.05333333333333334	44	40	750
marmgCAMI2_short_read_pooled_megahit_assembly	77	12_S1_contigs	0.9912265462126477	0.1621152827824919	633160	627605	3871350	0.9888888888888889	0.05043921790875602	180	178	3529
marmgCAMI2_short_read_pooled_megahit_assembly	131	Phaeobacter_gallaeciensis_strain_JL2886_genomic	0.9310546729010771	0.16154732941213204	722442	672633	4163690	0.9254385964912281	0.06246299585553582	228	211	3378
marmgCAMI2_short_read_pooled_megahit_assembly	221	Vibrio_alginolyticus_strain_ATCC_33787_genomic	0.9769321407530395	0.16020164699339653	933550	912015	5692919	0.9756944444444444	0.06234745950743288	288	281	4507
marmgCAMI2_short_read_pooled_megahit_assembly	18	Cellulophaga_baltica_18_genomic	0.7013098457785556	0.15959451898498098	829716	581888	3646040	0.7150537634408602	0.08872581721147432	186	133	1499
marmgCAMI2_short_read_pooled_megahit_assembly	200	Vibrio_anguillarum_strain_90_11_286_genomic	0.4209765214452283	0.15944476398903884	647953	272773	1710768	0.42424242424242425	0.048109965635738834	132	56	1164
marmgCAMI2_short_read_pooled_megahit_assembly	39	Alteromonas_macleodii_str_Aegean_Sea_MED64_genomic	0.9521591384485909	0.15110904384498042	408751	389196	2575597	0.8780487804878049	0.019179541822056473	41	36	1877
marmgCAMI2_short_read_pooled_megahit_assembly	82	26_S2_contigs	0.9881573508588162	0.14212181508322722	602399	595265	4188414	0.9893617021276596	0.05312767780634105	188	186	3501
marmgCAMI2_short_read_pooled_megahit_assembly	195	Cycloclasticus_sp_P1_genomic	0.6334497520301369	0.1391343075804512	509941	323022	2321656	0.8205128205128205	0.06666666666666667	39	32	480
marmgCAMI2_short_read_pooled_megahit_assembly	207	Alteromonas_macleodii_str_Ionian_Sea_U4_genomic	0.44169869694255154	0.13835476933475932	698818	308667	2230982	0.38666666666666666	0.021706586826347306	75	29	1336
marmgCAMI2_short_read_pooled_megahit_assembly	181	Photobacterium_gaetbulicola_Gung47_genomic	0.9728016254725959	0.12911007458642604	777620	756470	5859109	0.967479674796748	0.046822742474916385	246	238	5083
marmgCAMI2_short_read_pooled_megahit_assembly	201	Methanoculleus_marisnigri_JR1_genomic	0.981726758691108	0.1260096291356775	311439	305748	2426386	0.98	0.044404168554599006	100	98	2207
marmgCAMI2_short_read_pooled_megahit_assembly	177	Haloferax_mediterranei_ATCC_33500_genomic	0.9373374774968842	0.12445252538665734	519928	487348	3915935	0.9401197604790419	0.045362611961860734	167	157	3461
marmgCAMI2_short_read_pooled_megahit_assembly	119	Polaribacter_sp_LPB0003_genomic	0.8751033458445825	0.12439159591152453	546708	478426	3846128	0.8596491228070176	0.04445116419715754	171	147	3307
marmgCAMI2_short_read_pooled_megahit_assembly	85	Photobacterium_profundum_SS9_genomic	0.9264520011279634	0.12174652310660929	794352	735929	6044764	0.9282868525896414	0.04379699248120301	251	233	5320
marmgCAMI2_short_read_pooled_megahit_assembly	106	Saccharophagus_degradans_2_40_genomic	0.9677230450706164	0.12008925327224274	624997	604824	5036454	0.9639175257731959	0.042374801722184455	194	187	4413
marmgCAMI2_short_read_pooled_megahit_assembly	228	Altererythrobacter_namhicola_strain_JCM_16345_genomic	0.8711653347381163	0.11872643786317005	356876	310898	2618608	0.8717948717948718	0.044060475161987044	117	102	2315
marmgCAMI2_short_read_pooled_megahit_assembly	169	Cellulophaga_baltica_NN016038_genomic	0.9252092794756778	0.11374107202296103	358253	331459	2914154	0.9425287356321839	0.05544286680189317	87	82	1479
marmgCAMI2_short_read_pooled_megahit_assembly	202	Marinobacterium_sp_ST58_10_genomic	0.9815865229587873	0.11339333673154865	598529	587508	5181151	0.9788359788359788	0.040766857646540325	189	185	4538
marmgCAMI2_short_read_pooled_megahit_assembly	233	Marinitoga_piezophila_KA3_genomic	0.9399032473220241	0.1112475995628565	248882	233925	2102742	0.9397590361445783	0.040859088528025146	83	78	1909
marmgCAMI2_short_read_pooled_megahit_assembly	252	Thalassolituus_oleivorans_R6_15_genomic	0.9563054409381735	0.10736474424881964	299305	286227	2665931	0.9574468085106383	0.04966887417218543	47	45	906
marmgCAMI2_short_read_pooled_megahit_assembly	22	Alteromonas_macleodii_str_Aegean_Sea_MED64_genomic	0.2442244429602683	0.10676553824220171	1125952	274985	2575597	0.25925925925925924	0.02610548748002131	189	49	1877
marmgCAMI2_short_read_pooled_megahit_assembly	150	Verrucosispora_maris_AB_18_032_genomic	0.9358910360581554	0.10285430356358602	737198	689937	6707906	0.944206008583691	0.036685009171252295	233	220	5997
marmgCAMI2_short_read_pooled_megahit_assembly	231	Pelagibacterium_halotolerans_B2_genomic	0.9908136382726891	0.10070118506070176	392865	389256	3865456	0.9920634920634921	0.035241048773611505	126	125	3547
marmgCAMI2_short_read_pooled_megahit_assembly	154	Titti15_S2_contigs	0.9901603759739794	0.09624764370496831	292999	290116	3014266	0.989247311827957	0.03278688524590164	93	92	2806
marmgCAMI2_short_read_pooled_megahit_assembly	255	Vibrio_parahaemolyticus_UCM_V493_genomic	0.5171062424411573	0.09112500973404539	429960	222335	2439890	0.5138888888888888	0.03181427343078246	144	74	2326
marmgCAMI2_short_read_pooled_megahit_assembly	15	Maribacter_sp_MAR_2009_60_genomic	0.9378741308492249	0.08848811982902245	359834	337479	3813834	0.9390243902439024	0.05241660993873383	82	77	1469
marmgCAMI2_short_read_pooled_megahit_assembly	21	Nonlabens_sp_Hel1_33_55_genomic	0.659692128109725	0.08831860227978627	411210	271272	3071516	0.6666666666666666	0.031055900621118012	135	90	2898
marmgCAMI2_short_read_pooled_megahit_assembly	199	Leisingera_methylohalidivorans_DSM_14336_genomic	0.9862020913280091	0.08449111890191166	378898	373670	4422595	0.9838709677419355	0.02999754118514876	124	122	4067
marmgCAMI2_short_read_pooled_megahit_assembly	17	Clostridium_stercorarium_subsp_thermolacticum_DSM_2910_genomic	0.8423275880727524	0.08183636162275752	277214	233505	2853316	0.8369565217391305	0.028350515463917526	92	77	2716
marmgCAMI2_short_read_pooled_megahit_assembly	37	MvHd14_S5_contigs	0.6911944583928824	0.08112496263594246	388335	268415	3308661	0.7	0.2153846153846154	40	28	130
marmgCAMI2_short_read_pooled_megahit_assembly	64	Moorea_producens_JHB_genomic	0.9839841988295832	0.08109174354446994	736148	724358	8932574	0.9834710743801653	0.028520071899340922	242	238	8345
marmgCAMI2_short_read_pooled_megahit_assembly	230	Marinobacter_sp_CP1_genomic	0.9548422342640306	0.0798984414092181	338635	323343	4046925	0.963302752293578	0.027829313543599257	109	105	3773
marmgCAMI2_short_read_pooled_megahit_assembly	219	10_S9_contigs	0.9100519632713353	0.07699217204347038	285009	259373	3368823	0.9032258064516129	0.02667513496348047	93	84	3149
marmgCAMI2_short_read_pooled_megahit_assembly	3	Methanosarcina_sp_MTP4_genomic	0.9902273481156388	0.06945680937831585	274337	271656	3911150	0.9883720930232558	0.02235077570339206	86	85	3803
marmgCAMI2_short_read_pooled_megahit_assembly	183	Geobacillus_kaustophilus_HTA426_genomic	0.9231024344770714	0.06353692480296828	223128	205970	3241737	0.9166666666666666	0.021310946076848563	72	66	3097
marmgCAMI2_short_read_pooled_megahit_assembly	237	Aeromonas_salmonicida_subsp_salmonicida_A449_genomic	0.9066451038948583	0.06271232851016444	302373	274145	4371469	0.7948717948717948	0.18023255813953487	39	31	172
marmgCAMI2_short_read_pooled_megahit_assembly	55	Rhodobacter_sphaeroides_strain_MBTLJ_13_genomic	1.0	0.05289085181295942	219200	219200	4144384	1.0	0.017212526894573272	72	72	4183
marmgCAMI2_short_read_pooled_megahit_assembly	176	Actinoalloteichus_sp_ADI127_7_genomic	0.9402120629955173	0.052494814417777494	352914	331814	6320891	0.9411764705882353	0.017530129910784162	119	112	6389
marmgCAMI2_short_read_pooled_megahit_assembly	246	GB02J45_S9_contigs	0.5252252189483512	0.04650795491842723	430581	226152	4862652	0.5172413793103449	0.015302999387880024	145	75	4901
marmgCAMI2_short_read_pooled_megahit_assembly	52	Vibrio_vulnificus_strain_93U204_genomic	0.9477270040897379	0.0453908010084077	211505	200449	4416071	0.9428571428571428	0.014679715302491103	70	66	4496
marmgCAMI2_short_read_pooled_megahit_assembly	194	Vibrio_harveyi_strain_QT520_genomic	0.8820473170172182	0.04100633859647113	235391	207626	5063266	0.8831168831168831	0.01300937440214272	77	68	5227
marmgCAMI2_short_read_pooled_megahit_assembly	41	LF22_S6_contigs	0.5200673925376093	0.03880927327895885	292614	152179	3921202	0.5154639175257731	0.011834319526627219	97	50	4225
marmgCAMI2_short_read_pooled_megahit_assembly	257	Pseudoalteromonas_luteoviolacea_strain_S4054_genomic	0.7886637123037984	0.03422284914454592	231522	182593	5335412	0.7866666666666666	0.010522561084358837	75	59	5607
marmgCAMI2_short_read_pooled_megahit_assembly	25	11_S11_contigs	0.23143021325501212	0.03259976238165176	783100	181233	5559335	0.2564102564102564	0.015723270440251572	39	10	636
marmgCAMI2_short_read_pooled_megahit_assembly	45	Titti22_S2_contigs	0.3766492251458328	0.028967717587618465	239658	90267	3116124	0.36585365853658536	0.009107468123861567	82	30	3294
