{
    "version": "2.3.0",
    "command_line": "gtdbtk classify_wf --genome_dir /home1/wangzy/new_data/binning/comebin_paper_res/watergroup3/metabat2_bins/checkm2_quality_5005 --out_dir /home1/wangzy/new_data/binning/comebin_paper_res/watergroup3/metabat2_bins/checkm2_quality_5005_gtdbtk_output -x fna --cpus 30 --skip_ani_screen",
    "database_version": "r214",
    "database_path": "/home1/wangzy/binning_tool/gtdb_data/release214",
    "steps": [
        {
            "name": "identify",
            "output_dir": "/home1/wangzy/new_data/binning/comebin_paper_res/watergroup3/metabat2_bins/checkm2_quality_5005_gtdbtk_output",
            "starts_at": "2023-09-28T23:37:08.190132",
            "ends_at": "2023-09-28T23:40:34.429297",
            "duration": "0:03:26",
            "status": "completed",
            "genes": false,
            "extension": "fna",
            "write_single_copy_genes": false,
            "genome_dir": "/home1/wangzy/new_data/binning/comebin_paper_res/watergroup3/metabat2_bins/checkm2_quality_5005",
            "batchfile": null,
            "output_files": {
                "all": [
                    "/home1/wangzy/new_data/binning/comebin_paper_res/watergroup3/metabat2_bins/checkm2_quality_5005_gtdbtk_output/identify/gtdbtk.failed_genomes.tsv",
                    "/home1/wangzy/new_data/binning/comebin_paper_res/watergroup3/metabat2_bins/checkm2_quality_5005_gtdbtk_output/identify/gtdbtk.translation_table_summary.tsv"
                ],
                "ar53": [
                    "/home1/wangzy/new_data/binning/comebin_paper_res/watergroup3/metabat2_bins/checkm2_quality_5005_gtdbtk_output/identify/gtdbtk.ar53.markers_summary.tsv"
                ],
                "bac120": [
                    "/home1/wangzy/new_data/binning/comebin_paper_res/watergroup3/metabat2_bins/checkm2_quality_5005_gtdbtk_output/identify/gtdbtk.bac120.markers_summary.tsv"
                ]
            }
        },
        {
            "name": "align",
            "output_dir": "/home1/wangzy/new_data/binning/comebin_paper_res/watergroup3/metabat2_bins/checkm2_quality_5005_gtdbtk_output",
            "starts_at": "2023-09-28T23:40:34.429854",
            "ends_at": "2023-09-28T23:43:45.581168",
            "duration": "0:03:11",
            "status": "completed",
            "identify_dir": "/home1/wangzy/new_data/binning/comebin_paper_res/watergroup3/metabat2_bins/checkm2_quality_5005_gtdbtk_output",
            "skip_gtdb_refs": false,
            "taxa_filter": null,
            "min_perc_aa": 10,
            "custom_msa_filters": false,
            "skip_trimming": false,
            "rnd_seed": null,
            "cols_per_gene": null,
            "min_consensus": null,
            "max_consensus": null,
            "min_perc_taxa": null,
            "outgroup_taxon": null,
            "output_files": {
                "bac120": [
                    "/home1/wangzy/new_data/binning/comebin_paper_res/watergroup3/metabat2_bins/checkm2_quality_5005_gtdbtk_output/align/gtdbtk.bac120.filtered.tsv",
                    "/home1/wangzy/new_data/binning/comebin_paper_res/watergroup3/metabat2_bins/checkm2_quality_5005_gtdbtk_output/align/gtdbtk.bac120.msa.fasta",
                    "/home1/wangzy/new_data/binning/comebin_paper_res/watergroup3/metabat2_bins/checkm2_quality_5005_gtdbtk_output/align/gtdbtk.bac120.user_msa.fasta"
                ]
            }
        },
        {
            "name": "classify",
            "output_dir": "/home1/wangzy/new_data/binning/comebin_paper_res/watergroup3/metabat2_bins/checkm2_quality_5005_gtdbtk_output",
            "starts_at": "2023-09-28T23:43:45.581636",
            "ends_at": "2023-09-29T00:46:11.645994",
            "duration": "1:02:26",
            "status": "completed",
            "align_dir": "/home1/wangzy/new_data/binning/comebin_paper_res/watergroup3/metabat2_bins/checkm2_quality_5005_gtdbtk_output",
            "genome_dir": "/home1/wangzy/new_data/binning/comebin_paper_res/watergroup3/metabat2_bins/checkm2_quality_5005",
            "batchfile": null,
            "scratch_dir": null,
            "debug_option": false,
            "full_tree": false,
            "skip_ani_screen": true,
            "no_mash": false,
            "mash_k": 16,
            "mash_v": 1.0,
            "mash_s": 5000,
            "mash_db": null,
            "mash_max_dist": 0.15,
            "output_files": {
                "bac120": [
                    "/home1/wangzy/new_data/binning/comebin_paper_res/watergroup3/metabat2_bins/checkm2_quality_5005_gtdbtk_output/classify/gtdbtk.backbone.bac120.classify.tree",
                    "/home1/wangzy/new_data/binning/comebin_paper_res/watergroup3/metabat2_bins/checkm2_quality_5005_gtdbtk_output/classify/gtdbtk.bac120.classify.tree.5.tree",
                    "/home1/wangzy/new_data/binning/comebin_paper_res/watergroup3/metabat2_bins/checkm2_quality_5005_gtdbtk_output/classify/gtdbtk.bac120.classify.tree.3.tree",
                    "/home1/wangzy/new_data/binning/comebin_paper_res/watergroup3/metabat2_bins/checkm2_quality_5005_gtdbtk_output/classify/gtdbtk.bac120.classify.tree.1.tree",
                    "/home1/wangzy/new_data/binning/comebin_paper_res/watergroup3/metabat2_bins/checkm2_quality_5005_gtdbtk_output/classify/gtdbtk.bac120.classify.tree.8.tree",
                    "/home1/wangzy/new_data/binning/comebin_paper_res/watergroup3/metabat2_bins/checkm2_quality_5005_gtdbtk_output/classify/gtdbtk.bac120.classify.tree.4.tree",
                    "/home1/wangzy/new_data/binning/comebin_paper_res/watergroup3/metabat2_bins/checkm2_quality_5005_gtdbtk_output/classify/gtdbtk.bac120.classify.tree.6.tree",
                    "/home1/wangzy/new_data/binning/comebin_paper_res/watergroup3/metabat2_bins/checkm2_quality_5005_gtdbtk_output/classify/gtdbtk.bac120.classify.tree.7.tree",
                    "/home1/wangzy/new_data/binning/comebin_paper_res/watergroup3/metabat2_bins/checkm2_quality_5005_gtdbtk_output/classify/gtdbtk.bac120.tree.mapping.tsv",
                    "/home1/wangzy/new_data/binning/comebin_paper_res/watergroup3/metabat2_bins/checkm2_quality_5005_gtdbtk_output/classify/gtdbtk.bac120.summary.tsv"
                ]
            }
        }
    ],
    "output_dir": "/home1/wangzy/new_data/binning/comebin_paper_res/watergroup3/metabat2_bins/checkm2_quality_5005_gtdbtk_output",
    "path": "/home1/wangzy/new_data/binning/comebin_paper_res/watergroup3/metabat2_bins/checkm2_quality_5005_gtdbtk_output/gtdbtk.json"
}