Method	num_5010	num_7010	num_9010	num_505	num_605	num_705	num_805	num_905
concoct_bins_checkm2_quality_report.tsv	15	12	9	14	13	11	11	8
maxbin2_bins_checkm2_quality_report.tsv	19	16	9	11	10	9	8	6
metabat2_bins_checkm2_quality_report.tsv	20	16	8	18	17	14	13	7
vamb_m200000/bins_checkm2_output/quality_report.tsv	10	9	3	9	9	8	5	3
vamb_v413_m200000/bins_checkm2_output/quality_report.tsv	15	13	5	14	13	12	9	5
clmb_m200000/bins_checkm2_output/quality_report.tsv	14	11	7	13	12	10	9	6
metadecoder/samfiles_checkm2_output/quality_report.tsv	16	14	7	15	15	13	12	6
semibin_Easy_coassemly_mode_v1.0.0_default/output_recluster_bins_checkm2_output/quality_report.tsv	17	13	6	16	16	12	10	5
semibin2_Easy_coassemly_mode/output_bins_checkm2_output/quality_report.tsv	17	14	5	16	14	13	10	4
COMEBin_nocovloss_tau0.15_nepoch200_earlystop_addvars_nedge75_vars_sqrt_NokmerMetric/filter200000/test3_parallel_leiden_markerseed_RBERVertexPartition_nodesize_hnsw_l2mode_bandwidth_0.2_res_maxedges100respara_1_partgraph_ratio_50.tsv.filtersmallbins_200000.tsv_bins_checkm2_output/quality_report.tsv	23	19	13	20	17	16	16	11
