sample_id	Bin ID	Most abundant genome	Purity (bp)	Completeness (bp)	Bin size (bp)	True positives (bp)	True size of most abundant genome (bp)	Purity (seq)	Completeness (seq)	Bin size (seq)	True positives (seq)	True size of most abundant genome (seq)
marmgCAMI2_short_read_pooled_gold_standard_assembly	373	Otu331.0	1.0	1.0	3975877	3975877	3975877	1.0	1.0	1	1	1
marmgCAMI2_short_read_pooled_gold_standard_assembly	336	Otu219.0	0.23305158498138412	1.0	21527603	5017042	5017042	0.0196078431372549	1.0	51	1	1
marmgCAMI2_short_read_pooled_gold_standard_assembly	307	Otu800.0	0.9970684978127441	1.0	4419236	4406281	4406281	0.23076923076923078	1.0	13	3	3
marmgCAMI2_short_read_pooled_gold_standard_assembly	308	Otu312.0	0.3611407255587628	1.0	12628033	4560497	4560497	0.008849557522123894	1.0	113	1	1
marmgCAMI2_short_read_pooled_gold_standard_assembly	309	Otu648.0	0.48144990820365036	1.0	10651295	5128065	5128065	0.01951219512195122	1.0	205	4	4
marmgCAMI2_short_read_pooled_gold_standard_assembly	310	Otu2119.0	0.9890413988832932	1.0	3616885	3577249	3577249	0.6296296296296297	1.0	27	17	17
marmgCAMI2_short_read_pooled_gold_standard_assembly	60	Otu345.0	0.7693527271234566	1.0	12277882	9446022	9446022	0.05612244897959184	1.0	196	11	11
marmgCAMI2_short_read_pooled_gold_standard_assembly	311	Otu1448	0.5856484597912803	1.0	3453915	2022780	2022780	0.078125	1.0	64	5	5
marmgCAMI2_short_read_pooled_gold_standard_assembly	312	Otu119.1	0.5195196734250517	1.0	8624299	4480493	4480493	0.5	1.0	2	1	1
marmgCAMI2_short_read_pooled_gold_standard_assembly	314	Otu292.0	0.358881425546308	1.0	12068468	4331149	4331149	0.23809523809523808	1.0	21	5	5
marmgCAMI2_short_read_pooled_gold_standard_assembly	316	Otu26.0	1.0	1.0	3899934	3899934	3899934	1.0	1.0	1	1	1
marmgCAMI2_short_read_pooled_gold_standard_assembly	320	Otu393.0	0.4182683106042051	1.0	11881230	4969542	4969542	0.02857142857142857	1.0	70	2	2
marmgCAMI2_short_read_pooled_gold_standard_assembly	322	Otu80.0	0.6457268307463012	1.0	7254323	4684311	4684311	0.03125	1.0	32	1	1
marmgCAMI2_short_read_pooled_gold_standard_assembly	330	Otu301	0.5000137594188317	1.0	10792607	5396452	5396452	0.08333333333333333	1.0	12	1	1
marmgCAMI2_short_read_pooled_gold_standard_assembly	331	Otu525.0	0.49346768469928554	1.0	8790681	4337917	4337917	0.08333333333333333	1.0	12	1	1
marmgCAMI2_short_read_pooled_gold_standard_assembly	332	Otu302.0	0.608479503024023	1.0	5147613	3132217	3132217	0.125	1.0	24	3	3
marmgCAMI2_short_read_pooled_gold_standard_assembly	333	Otu42.0	0.21048420529501932	1.0	18978892	3994757	3994757	0.022727272727272728	1.0	44	1	1
marmgCAMI2_short_read_pooled_gold_standard_assembly	306	Otu1458.0	0.4845656935916221	1.0	10203050	4944048	4944048	0.2222222222222222	1.0	9	2	2
marmgCAMI2_short_read_pooled_gold_standard_assembly	67	Otu220.0	0.2774689734645627	1.0	19151107	5313838	5313838	0.06666666666666667	1.0	60	4	4
marmgCAMI2_short_read_pooled_gold_standard_assembly	303	Otu214.0	0.23063665336253375	1.0	22251732	5132065	5132065	0.0038022813688212928	1.0	263	1	1
marmgCAMI2_short_read_pooled_gold_standard_assembly	271	Otu327	0.6275022018721295	1.0	3205227	2011287	2011287	0.001402524544179523	1.0	713	1	1
marmgCAMI2_short_read_pooled_gold_standard_assembly	191	Otu105.0	0.6219505491188233	1.0	6294084	3914609	3914609	0.0009115770282588879	1.0	1097	1	1
marmgCAMI2_short_read_pooled_gold_standard_assembly	194	Otu99.0	0.5219389247292758	1.0	6315191	3296144	3296144	0.14285714285714285	1.0	7	1	1
marmgCAMI2_short_read_pooled_gold_standard_assembly	210	Otu613	0.9985421185845124	1.0	3150462	3145869	3145869	0.8888888888888888	1.0	9	8	8
marmgCAMI2_short_read_pooled_gold_standard_assembly	243	Otu133.0	0.4138288122003693	1.0	8191752	3389983	3389983	0.02	1.0	50	1	1
marmgCAMI2_short_read_pooled_gold_standard_assembly	256	Otu241.0	0.605001341444377	1.0	8058478	4875390	4875390	0.006666666666666667	1.0	300	2	2
marmgCAMI2_short_read_pooled_gold_standard_assembly	258	Otu235.0	0.43725353992300436	1.0	10557998	4616522	4616522	0.005434782608695652	1.0	184	1	1
marmgCAMI2_short_read_pooled_gold_standard_assembly	281	Otu398	0.37687558091903417	1.0	5063098	1908158	1908158	0.01048951048951049	1.0	286	3	3
marmgCAMI2_short_read_pooled_gold_standard_assembly	300	Otu1337	0.41367363993390677	1.0	9462996	3914592	3914592	0.006644518272425249	1.0	301	2	2
marmgCAMI2_short_read_pooled_gold_standard_assembly	284	Otu35.0	0.923226516372523	1.0	5471759	5051673	5051673	0.03225806451612903	1.0	31	1	1
marmgCAMI2_short_read_pooled_gold_standard_assembly	286	Otu37.0	0.9882354702352623	1.0	7414831	7327599	7327599	0.11764705882352941	1.0	34	4	4
marmgCAMI2_short_read_pooled_gold_standard_assembly	288	Otu230.1	0.311276033342019	1.0	14890520	4635062	4635062	0.00273224043715847	1.0	366	1	1
marmgCAMI2_short_read_pooled_gold_standard_assembly	294	Otu205.1	0.41652734544847225	1.0	13891160	5786048	5786048	0.02443280977312391	1.0	573	14	14
marmgCAMI2_short_read_pooled_gold_standard_assembly	295	Otu40.1	0.29144944414797513	1.0	22346325	6512824	6512824	0.04854368932038835	1.0	103	5	5
marmgCAMI2_short_read_pooled_gold_standard_assembly	296	Otu13.0	0.9492176008092984	1.0	2797485	2655422	2655422	0.038461538461538464	1.0	52	2	2
marmgCAMI2_short_read_pooled_gold_standard_assembly	335	Otu293.0	1.0	1.0	2560157	2560157	2560157	1.0	1.0	2	2	2
marmgCAMI2_short_read_pooled_gold_standard_assembly	321	Otu438	1.0	1.0	6321918	6321918	6321918	1.0	1.0	8	8	8
marmgCAMI2_short_read_pooled_gold_standard_assembly	338	Otu852.0	1.0	1.0	4399929	4399929	4399929	1.0	1.0	9	9	9
marmgCAMI2_short_read_pooled_gold_standard_assembly	364	Otu69.0	1.0	1.0	4719539	4719539	4719539	1.0	1.0	1	1	1
marmgCAMI2_short_read_pooled_gold_standard_assembly	22	Otu583	0.9515708604301313	1.0	1790802	1704075	1704075	0.022727272727272728	1.0	44	1	1
marmgCAMI2_short_read_pooled_gold_standard_assembly	356	Otu2.0	0.5406366304578051	1.0	7667368	4145260	4145260	0.5	1.0	4	2	2
marmgCAMI2_short_read_pooled_gold_standard_assembly	357	Otu1000	0.640947315672561	1.0	7621071	4884705	4884705	0.5	1.0	2	1	1
marmgCAMI2_short_read_pooled_gold_standard_assembly	359	Otu130.0	1.0	1.0	4289702	4289702	4289702	1.0	1.0	2	2	2
marmgCAMI2_short_read_pooled_gold_standard_assembly	360	Otu168.0	1.0	1.0	3274117	3274117	3274117	1.0	1.0	3	3	3
marmgCAMI2_short_read_pooled_gold_standard_assembly	362	Otu70.0	0.9939503526861292	1.0	3730796	3708226	3708226	0.23076923076923078	1.0	13	3	3
marmgCAMI2_short_read_pooled_gold_standard_assembly	363	Otu60.0	1.0	1.0	5197896	5197896	5197896	1.0	1.0	1	1	1
marmgCAMI2_short_read_pooled_gold_standard_assembly	366	Otu3.0	0.5357777633897599	1.0	6842113	3665852	3665852	0.5	1.0	2	1	1
marmgCAMI2_short_read_pooled_gold_standard_assembly	354	Otu315.0	1.0	1.0	3830131	3830131	3830131	1.0	1.0	9	9	9
marmgCAMI2_short_read_pooled_gold_standard_assembly	367	Otu255	0.5050767648083107	1.0	10610005	5358867	5358867	0.6666666666666666	1.0	6	4	4
marmgCAMI2_short_read_pooled_gold_standard_assembly	368	Otu549	1.0	1.0	3511658	3511658	3511658	1.0	1.0	9	9	9
marmgCAMI2_short_read_pooled_gold_standard_assembly	7	Otu298	0.43630115355939003	1.0	18749013	8180216	8180216	0.007042253521126761	1.0	142	1	1
marmgCAMI2_short_read_pooled_gold_standard_assembly	370	Otu9	1.0	1.0	2562275	2562275	2562275	1.0	1.0	1	1	1
marmgCAMI2_short_read_pooled_gold_standard_assembly	371	Otu75.0	1.0	1.0	4279149	4279149	4279149	1.0	1.0	1	1	1
marmgCAMI2_short_read_pooled_gold_standard_assembly	372	Otu256	1.0	1.0	3293431	3293431	3293431	1.0	1.0	1	1	1
marmgCAMI2_short_read_pooled_gold_standard_assembly	2	Otu183.0	0.6735325154902473	1.0	8036831	5413067	5413067	0.056451612903225805	1.0	372	21	21
marmgCAMI2_short_read_pooled_gold_standard_assembly	355	Otu82	0.9795592150375693	1.0	4144606	4059887	4059887	0.047619047619047616	1.0	21	1	1
marmgCAMI2_short_read_pooled_gold_standard_assembly	358	Otu250	1.0	1.0	4050905	4050905	4050905	1.0	1.0	2	2	2
marmgCAMI2_short_read_pooled_gold_standard_assembly	353	Otu11	0.5109079052127125	1.0	3263138	1667163	1667163	0.5	1.0	2	1	1
marmgCAMI2_short_read_pooled_gold_standard_assembly	347	Otu415.0	1.0	1.0	4978230	4978230	4978230	1.0	1.0	11	11	11
marmgCAMI2_short_read_pooled_gold_standard_assembly	340	Otu597.0	1.0	1.0	3782562	3782562	3782562	1.0	1.0	12	12	12
marmgCAMI2_short_read_pooled_gold_standard_assembly	34	Otu85.1	0.7785333819911773	1.0	4230904	3293900	3293900	0.006379585326953748	1.0	627	4	4
marmgCAMI2_short_read_pooled_gold_standard_assembly	351	Otu454.0	1.0	1.0	4968968	4968968	4968968	1.0	1.0	10	10	10
marmgCAMI2_short_read_pooled_gold_standard_assembly	344	Otu1204	1.0	1.0	1118416	1118416	1118416	1.0	1.0	3	3	3
marmgCAMI2_short_read_pooled_gold_standard_assembly	345	Otu179	0.5583626176035497	1.0	9361112	5226895	5226895	0.5	1.0	2	1	1
marmgCAMI2_short_read_pooled_gold_standard_assembly	341	Otu36.0	0.19440342077858178	1.0	21283108	4137509	4137509	0.06896551724137931	1.0	29	2	2
marmgCAMI2_short_read_pooled_gold_standard_assembly	346	Otu382.0	0.2776391328883846	1.0	16047392	4455384	4455384	0.2	1.0	5	1	1
marmgCAMI2_short_read_pooled_gold_standard_assembly	342	Otu318.0	0.6385970965265447	1.0	8445884	5393517	5393517	0.6	1.0	5	3	3
marmgCAMI2_short_read_pooled_gold_standard_assembly	350	Otu365.0	0.9949159539763528	1.0	7252098	7215228	7215228	0.047619047619047616	1.0	21	1	1
marmgCAMI2_short_read_pooled_gold_standard_assembly	349	Otu64.0	0.298249513097629	1.0	18969922	5657770	5657770	0.2	1.0	10	2	2
marmgCAMI2_short_read_pooled_gold_standard_assembly	348	Otu683.0	0.6973034023169263	1.0	7918163	5521362	5521362	0.725	1.0	40	29	29
marmgCAMI2_short_read_pooled_gold_standard_assembly	317	Otu323.0	0.9663318731332825	0.9999576773916858	3667534	3544055	3544205	0.38461538461538464	0.9615384615384616	65	25	26
marmgCAMI2_short_read_pooled_gold_standard_assembly	319	Otu1322	0.5973109877842367	0.9997647722123865	9933313	5933277	5934673	0.96875	0.96875	32	31	32
marmgCAMI2_short_read_pooled_gold_standard_assembly	304	Otu499	1.0	0.9997547274594535	2221473	2221473	2222018	1.0	0.9090909090909091	10	10	11
marmgCAMI2_short_read_pooled_gold_standard_assembly	233	Otu222.0	0.564790689332753	0.9997367873882665	11909952	6726630	6728401	0.9919354838709677	0.9919354838709677	124	123	124
marmgCAMI2_short_read_pooled_gold_standard_assembly	178	Otu1475	0.8423739629865986	0.9996550685137331	2938125	2475000	2475854	0.7560975609756098	0.9841269841269841	82	62	63
marmgCAMI2_short_read_pooled_gold_standard_assembly	186	Otu1191	0.5616663751702746	0.9993280036494142	6380868	3583919	3586329	0.11356209150326797	0.9652777777777778	1224	139	144
marmgCAMI2_short_read_pooled_gold_standard_assembly	327	Otu457.0	1.0	0.9993228875967378	3838711	3838711	3841312	1.0	0.9487179487179487	37	37	39
marmgCAMI2_short_read_pooled_gold_standard_assembly	185	Otu590	0.9961033714837478	0.9991987432545185	3938533	3923186	3926332	0.8	0.9411764705882353	20	16	17
marmgCAMI2_short_read_pooled_gold_standard_assembly	293	Otu22	1.0	0.9991870135482929	3597379	3597379	3600306	1.0	0.9764705882352941	83	83	85
marmgCAMI2_short_read_pooled_gold_standard_assembly	334	Otu1664	1.0	0.999000320410125	3897350	3897350	3901250	1.0	0.9433962264150944	100	100	106
marmgCAMI2_short_read_pooled_gold_standard_assembly	301	Otu1129	1.0	0.9989248073357616	5049473	5049473	5054908	1.0	0.9375	75	75	80
marmgCAMI2_short_read_pooled_gold_standard_assembly	290	Otu352.0	0.9222884824443437	0.9988486741923371	5618588	5181959	5187932	0.515	0.944954128440367	200	103	109
marmgCAMI2_short_read_pooled_gold_standard_assembly	252	Otu1913	1.0	0.998265976123217	1389148	1389148	1391561	1.0	0.9411764705882353	80	80	85
marmgCAMI2_short_read_pooled_gold_standard_assembly	326	Otu483	0.989341121371425	0.9981497707107416	5958882	5895367	5906295	0.8260869565217391	0.9134615384615384	115	95	104
marmgCAMI2_short_read_pooled_gold_standard_assembly	5	Otu1362.0	0.8572777839881093	0.9979276197085776	1932264	1656487	1659927	0.44559585492227977	0.9247311827956989	193	86	93
marmgCAMI2_short_read_pooled_gold_standard_assembly	302	Otu1544	1.0	0.9975555745291722	4194391	4194391	4204669	1.0	0.9497206703910615	170	170	179
marmgCAMI2_short_read_pooled_gold_standard_assembly	276	Otu1334	0.6430941403712642	0.9972555505942218	9922045	6380809	6398369	0.8608695652173913	0.9252336448598131	115	99	107
marmgCAMI2_short_read_pooled_gold_standard_assembly	182	Otu1428.0	0.567783801250252	0.9970082127240611	8157716	4631819	4645718	0.19732937685459942	0.9300699300699301	674	133	143
marmgCAMI2_short_read_pooled_gold_standard_assembly	99	Otu150.0	0.4303069218027832	0.9968154069271095	7665503	3298519	3309057	0.10669693530079455	0.9494949494949495	881	94	99
marmgCAMI2_short_read_pooled_gold_standard_assembly	96	Otu921.0	1.0	0.996316605136255	4491194	4491194	4507798	1.0	0.8658536585365854	71	71	82
marmgCAMI2_short_read_pooled_gold_standard_assembly	239	Otu413	1.0	0.9958882911503474	4738555	4738555	4758119	1.0	0.914179104477612	245	245	268
marmgCAMI2_short_read_pooled_gold_standard_assembly	244	Otu592.0	1.0	0.9954655945082692	3931013	3931013	3948919	1.0	0.9161073825503355	273	273	298
marmgCAMI2_short_read_pooled_gold_standard_assembly	272	Otu1119.0	1.0	0.9943259524876025	2501741	2501741	2516017	1.0	0.9260869565217391	213	213	230
marmgCAMI2_short_read_pooled_gold_standard_assembly	183	Otu1079.0	1.0	0.9939049002500646	4124434	4124434	4149727	1.0	0.9077490774907749	246	246	271
marmgCAMI2_short_read_pooled_gold_standard_assembly	280	Otu445	0.9964919364766712	0.9927365739941288	2030750	2023626	2038432	0.98	0.9130434782608695	150	147	161
marmgCAMI2_short_read_pooled_gold_standard_assembly	234	Otu924	1.0	0.9924225956653228	4602070	4602070	4637208	1.0	0.918918918918919	136	136	148
marmgCAMI2_short_read_pooled_gold_standard_assembly	151	Otu254	0.7441105979745276	0.9923826589640944	7781987	5790659	5835107	0.854066985645933	0.9272727272727272	418	357	385
marmgCAMI2_short_read_pooled_gold_standard_assembly	46	Otu391	0.541582470764466	0.9922535005031636	5693072	3083268	3107339	0.09478260869565218	0.8790322580645161	1150	109	124
marmgCAMI2_short_read_pooled_gold_standard_assembly	219	Otu496.0	1.0	0.9913848870016894	3005301	3005301	3031417	1.0	0.928	116	116	125
marmgCAMI2_short_read_pooled_gold_standard_assembly	109	Otu297.0	0.5781374790879015	0.9911610006131586	9333114	5395823	5443942	0.7690288713910761	0.8798798798798799	381	293	333
marmgCAMI2_short_read_pooled_gold_standard_assembly	221	Otu638.0	1.0	0.9908684531547614	3611337	3611337	3644618	1.0	0.8940568475452196	346	346	387
marmgCAMI2_short_read_pooled_gold_standard_assembly	246	Otu771	0.8564709822020636	0.9905913978494624	1809648	1549911	1564632	0.20394736842105263	0.8611111111111112	152	31	36
marmgCAMI2_short_read_pooled_gold_standard_assembly	225	Otu783	0.9994211143558916	0.9901336194014745	4869701	4866882	4915379	0.9983766233766234	0.9165424739195231	616	615	671
marmgCAMI2_short_read_pooled_gold_standard_assembly	242	Otu451	0.998078081439274	0.9899872180359599	2037027	2033112	2053675	0.9946524064171123	0.8732394366197183	187	186	213
marmgCAMI2_short_read_pooled_gold_standard_assembly	164	Otu987	1.0	0.9899750595749023	9235905	9235905	9329432	1.0	0.8738049713193117	457	457	523
marmgCAMI2_short_read_pooled_gold_standard_assembly	214	Otu719.0	1.0	0.9890686436011642	4337971	4337971	4385915	1.0	0.8689655172413793	378	378	435
marmgCAMI2_short_read_pooled_gold_standard_assembly	206	Otu829.0	1.0	0.9887973582100329	3382390	3382390	3420711	1.0	0.8603491271820449	345	345	401
marmgCAMI2_short_read_pooled_gold_standard_assembly	116	Otu726	1.0	0.9887025954137508	5298563	5298563	5359107	1.0	0.8677884615384616	361	361	416
marmgCAMI2_short_read_pooled_gold_standard_assembly	222	Otu1381	0.9875529297626157	0.9871098634102382	2069724	2043962	2070653	0.9590443686006825	0.886435331230284	293	281	317
marmgCAMI2_short_read_pooled_gold_standard_assembly	204	Otu1763.0	0.9949924336705955	0.9867812252489367	5120052	5094413	5162657	0.9837925445705025	0.8683834048640916	617	607	699
marmgCAMI2_short_read_pooled_gold_standard_assembly	25	Otu1093	0.5601915599050825	0.9867097929821109	4869495	2727850	2764592	0.3470319634703196	0.8857808857808858	1095	380	429
marmgCAMI2_short_read_pooled_gold_standard_assembly	292	Otu2338	0.998461364330131	0.98654059915955	1457785	1455542	1475400	0.9896907216494846	0.8495575221238938	194	192	226
marmgCAMI2_short_read_pooled_gold_standard_assembly	100	Otu1515	0.4981528393628722	0.986057715015949	12111291	6033274	6118581	0.38872832369942195	0.890728476821192	692	269	302
marmgCAMI2_short_read_pooled_gold_standard_assembly	29	Otu1358	1.0	0.9854934223199414	8799455	8799455	8928984	1.0	0.8561103810775296	1303	1303	1522
marmgCAMI2_short_read_pooled_gold_standard_assembly	230	Otu489.0	1.0	0.9850293565459388	3709394	3709394	3765770	1.0	0.8651162790697674	558	558	645
marmgCAMI2_short_read_pooled_gold_standard_assembly	177	Otu1656	1.0	0.9844587658263945	1726150	1726150	1753400	1.0	0.869281045751634	266	266	306
marmgCAMI2_short_read_pooled_gold_standard_assembly	113	Otu1147	0.9957581159464122	0.9840629706157052	5058837	5037378	5118959	0.9528301886792453	0.8416666666666667	212	202	240
marmgCAMI2_short_read_pooled_gold_standard_assembly	279	Otu2438	1.0	0.9839891245767505	1995588	1995588	2028059	1.0	0.8371428571428572	293	293	350
marmgCAMI2_short_read_pooled_gold_standard_assembly	81	Otu453	1.0	0.9828450271784595	2943097	2943097	2994467	1.0	0.7701149425287356	67	67	87
marmgCAMI2_short_read_pooled_gold_standard_assembly	192	Otu520.0	0.9833619179120103	0.9815875166918685	3930441	3865046	3937546	0.9428571428571428	0.8394276629570747	560	528	629
marmgCAMI2_short_read_pooled_gold_standard_assembly	27	Otu689.0	0.41211748461697195	0.9806452607676658	10957043	4515589	4604712	0.3541147132169576	0.8385826771653543	1203	426	508
marmgCAMI2_short_read_pooled_gold_standard_assembly	128	Otu684	0.5315383119680386	0.9805236317574865	4654355	2473968	2523109	0.34011090573012936	0.8251121076233184	541	184	223
marmgCAMI2_short_read_pooled_gold_standard_assembly	44	Otu722	0.7474581969457003	0.9799143599519369	6213601	4644407	4739605	0.9007832898172323	0.8414634146341463	383	345	410
marmgCAMI2_short_read_pooled_gold_standard_assembly	207	Otu931	1.0	0.9793362825274885	2040454	2040454	2083507	1.0	0.8226299694189603	269	269	327
marmgCAMI2_short_read_pooled_gold_standard_assembly	184	Otu447.1	1.0	0.9785516069095217	3982570	3982570	4069862	1.0	0.8809523809523809	333	333	378
marmgCAMI2_short_read_pooled_gold_standard_assembly	249	Otu2407.0	0.5317913751839242	0.9780195152668993	10011599	5324082	5443738	0.6284584980237155	0.8412698412698413	1012	636	756
marmgCAMI2_short_read_pooled_gold_standard_assembly	248	Otu73	0.9974514435743863	0.9778344777719357	5431310	5417468	5540271	0.5	0.8333333333333334	10	5	6
marmgCAMI2_short_read_pooled_gold_standard_assembly	323	Otu554	1.0	0.9769048991672944	2121560	2121560	2171716	1.0	0.8618421052631579	131	131	152
marmgCAMI2_short_read_pooled_gold_standard_assembly	84	Otu2128	0.43264406281851037	0.976233876345125	3888217	1682214	1723167	0.5696969696969697	0.844311377245509	495	282	334
marmgCAMI2_short_read_pooled_gold_standard_assembly	188	Otu2016.0	0.9956686435791071	0.9754294335094885	3331289	3316860	3400410	0.99079754601227	0.847769028871391	652	646	762
marmgCAMI2_short_read_pooled_gold_standard_assembly	83	Otu1225	1.0	0.9742076845230698	4868146	4868146	4997031	1.0	0.8697318007662835	227	227	261
marmgCAMI2_short_read_pooled_gold_standard_assembly	41	Otu1267.0	0.999594950162668	0.9672227138793367	3703248	3701748	3827193	0.9984375	0.7888888888888889	640	639	810
marmgCAMI2_short_read_pooled_gold_standard_assembly	250	Otu1139	0.5914940402618333	0.9652121227294919	3258868	1927601	1997075	0.39738562091503266	0.8172043010752689	765	304	372
marmgCAMI2_short_read_pooled_gold_standard_assembly	73	Otu1723	0.5968387437130961	0.9643523398752568	4333214	2586230	2681831	0.36095054592164416	0.7816411682892906	1557	562	719
marmgCAMI2_short_read_pooled_gold_standard_assembly	150	Otu570.0	1.0	0.9631817044620323	4219491	4219491	4380784	1.0	0.7962697274031564	555	555	697
marmgCAMI2_short_read_pooled_gold_standard_assembly	101	Otu805	0.9799839490046358	0.963088776477249	5828922	5712250	5931177	0.9826238053866203	0.7810773480662984	1151	1131	1448
marmgCAMI2_short_read_pooled_gold_standard_assembly	53	Otu677	0.473031146638327	0.9603267794495857	9868866	4668281	4861138	0.5563808237677245	0.7715355805243446	1481	824	1068
marmgCAMI2_short_read_pooled_gold_standard_assembly	287	Otu1316	0.997833802200451	0.9582607203646444	1891794	1887696	1969919	0.9946091644204852	0.7817796610169492	371	369	472
marmgCAMI2_short_read_pooled_gold_standard_assembly	146	Otu954	0.9371778919292073	0.958097859743662	1891834	1772985	1850526	0.9030023094688222	0.763671875	433	391	512
marmgCAMI2_short_read_pooled_gold_standard_assembly	141	Otu1446.0	0.9987790852744957	0.9580917922088179	5830055	5822937	6077640	0.9963235294117647	0.7575122292103424	1088	1084	1431
marmgCAMI2_short_read_pooled_gold_standard_assembly	11	Otu1676.0	0.37613960858343837	0.9579443268108349	6401211	2407749	2513454	0.3546099290780142	0.7494646680942184	987	350	467
marmgCAMI2_short_read_pooled_gold_standard_assembly	21	Otu1607	0.9983580373146429	0.957233544886089	6148739	6138643	6412900	0.9946140035906643	0.768910478834143	1114	1108	1441
marmgCAMI2_short_read_pooled_gold_standard_assembly	195	Otu1427	0.9800154947790982	0.9556217043594991	2766093	2710814	2836702	0.9227799227799228	0.7264437689969605	259	239	329
marmgCAMI2_short_read_pooled_gold_standard_assembly	232	Otu1065	0.5422755114426991	0.9551972968362425	6112806	3314825	3470304	0.7669172932330827	0.7472527472527473	266	204	273
marmgCAMI2_short_read_pooled_gold_standard_assembly	266	Otu1123	0.9996264348371533	0.9535218626990941	4655145	4653406	4880230	0.9983193277310924	0.8170563961485557	595	594	727
marmgCAMI2_short_read_pooled_gold_standard_assembly	299	Otu501	0.5158147803815882	0.9529152132931469	3273109	1688318	1771740	0.9922480620155039	0.7231638418079096	129	128	177
marmgCAMI2_short_read_pooled_gold_standard_assembly	241	Otu2044	1.0	0.9521277410939457	1677412	1677412	1761751	1.0	0.7634408602150538	355	355	465
marmgCAMI2_short_read_pooled_gold_standard_assembly	163	Otu1004	0.9642860974327615	0.9506948588291185	1118556	1078608	1134547	0.9329073482428115	0.7664041994750657	313	292	381
marmgCAMI2_short_read_pooled_gold_standard_assembly	65	Otu1168.0	0.9993406364385504	0.9502011508161342	3339584	3337382	3512290	0.9986376021798365	0.7595854922279792	734	733	965
marmgCAMI2_short_read_pooled_gold_standard_assembly	30	Otu1279	0.6183486341690195	0.9486267774901351	12095091	7478983	7884010	0.8132780082987552	0.7324364723467862	1205	980	1338
marmgCAMI2_short_read_pooled_gold_standard_assembly	212	Otu618.0	0.992174650488053	0.9470223564511356	4787390	4749927	5015644	0.9901719901719902	0.7256902761104442	1221	1209	1666
marmgCAMI2_short_read_pooled_gold_standard_assembly	268	Otu1541	0.9515116559951731	0.9466185540052626	3758924	3576660	3778354	0.9448183041722745	0.7444326617179216	743	702	943
marmgCAMI2_short_read_pooled_gold_standard_assembly	261	Otu856.0	0.9785359523733377	0.9466087751581709	2939194	2876107	3038327	0.9862637362637363	0.7326530612244898	728	718	980
marmgCAMI2_short_read_pooled_gold_standard_assembly	55	Otu2468.0	0.40595712231473824	0.9446291954483726	10774229	4373875	4630256	0.37439507259128907	0.7968164794007491	2273	851	1068
marmgCAMI2_short_read_pooled_gold_standard_assembly	125	Otu1287	0.9991874123100852	0.9438294630945836	4528742	4525062	4794364	0.9981735159817352	0.7167213114754099	1095	1093	1525
marmgCAMI2_short_read_pooled_gold_standard_assembly	117	Otu767	0.9970515785003067	0.941614895759985	1589325	1584639	1682895	0.9918918918918919	0.7238658777120316	370	367	507
marmgCAMI2_short_read_pooled_gold_standard_assembly	265	Otu1719	0.9908569781521477	0.9414594027657776	2262053	2241371	2380741	0.9792027729636048	0.7234314980793854	577	565	781
marmgCAMI2_short_read_pooled_gold_standard_assembly	52	Otu972	0.9941596753226644	0.9405502592795199	2647798	2632334	2798717	0.9918433931484503	0.7325301204819277	613	608	830
marmgCAMI2_short_read_pooled_gold_standard_assembly	143	Otu806.0	0.9997704845789004	0.9386674878862256	4579213	4578162	4877299	0.99909338168631	0.7450980392156863	1103	1102	1479
marmgCAMI2_short_read_pooled_gold_standard_assembly	197	Otu631.0	0.9997038609666639	0.9351036144692901	3933963	3932798	4205735	0.9990421455938697	0.6981258366800536	1044	1043	1494
marmgCAMI2_short_read_pooled_gold_standard_assembly	153	Otu1462.0	0.9995648261541802	0.9331997423071187	3017185	3015872	3231754	0.9986206896551724	0.7203980099502487	725	724	1005
marmgCAMI2_short_read_pooled_gold_standard_assembly	121	Otu2403	0.665752160636849	0.9321667297549079	2470915	1645017	1764724	0.4676180021953897	0.6882067851373183	911	426	619
marmgCAMI2_short_read_pooled_gold_standard_assembly	76	Otu960.0	0.994122526953823	0.929843111005631	3948976	3925766	4221966	0.9846846846846847	0.7001921844971173	1110	1093	1561
marmgCAMI2_short_read_pooled_gold_standard_assembly	37	Otu1834.0	0.5469463161557686	0.9274003452771403	6322200	3457904	3728599	0.4122170012815036	0.7121771217712177	2341	965	1355
marmgCAMI2_short_read_pooled_gold_standard_assembly	235	Otu1257	0.8260456273764258	0.923498838801959	3445300	2845975	3081731	0.5988023952095808	0.72840790842872	1169	700	961
marmgCAMI2_short_read_pooled_gold_standard_assembly	187	Otu1133	0.9917000620573583	0.9199085051864277	4813289	4773339	5188928	0.9932019034670292	0.66078697421981	1471	1461	2211
marmgCAMI2_short_read_pooled_gold_standard_assembly	24	Otu136	0.9889067940089845	0.9197348976758766	3946109	3902334	4242890	0.8975409836065574	0.8111111111111111	244	219	270
marmgCAMI2_short_read_pooled_gold_standard_assembly	138	Otu1016.0	0.4572484688805392	0.9163367205296269	7549215	3451867	3767029	0.43202764976958524	0.6602112676056338	2604	1125	1704
marmgCAMI2_short_read_pooled_gold_standard_assembly	107	Otu169.0	0.6725038678169252	0.9162462775287306	6518535	4383740	4784456	0.49370386452453324	0.6878402903811253	2303	1137	1653
marmgCAMI2_short_read_pooled_gold_standard_assembly	48	Otu687	0.9991187349591784	0.9154179578837475	1386643	1385421	1513430	0.9978165938864629	0.6594516594516594	458	457	693
marmgCAMI2_short_read_pooled_gold_standard_assembly	297	Otu974	0.9774187771866635	0.911965983240126	1764652	1724804	1891303	0.9681818181818181	0.6604651162790698	440	426	645
marmgCAMI2_short_read_pooled_gold_standard_assembly	218	Otu895.0	0.9953321971555447	0.9094887955735194	2892153	2878653	3165133	0.9906976744186047	0.6320474777448071	860	852	1348
marmgCAMI2_short_read_pooled_gold_standard_assembly	94	Otu839	0.9995669988530328	0.9048366439997262	3808304	3806655	4207008	0.9991896272285251	0.6555023923444976	1234	1233	1881
marmgCAMI2_short_read_pooled_gold_standard_assembly	69	Otu1389.0	0.9866492128848201	0.8921671524648758	6047209	5966474	6687619	0.9714434060228453	0.6211819389110226	1926	1871	3012
marmgCAMI2_short_read_pooled_gold_standard_assembly	202	Otu1853	0.5178831332565154	0.8905344571524689	4314093	2234196	2508826	0.47690014903129657	0.6537282941777324	1342	640	979
marmgCAMI2_short_read_pooled_gold_standard_assembly	86	Otu2073	0.4080456027349862	0.8897448878790872	3531718	1441102	1619680	0.38390092879256965	0.6207759699624531	1292	496	799
marmgCAMI2_short_read_pooled_gold_standard_assembly	157	Otu1398	1.0	0.8863546197427052	1465598	1465598	1653512	1.0	0.6236686390532544	527	527	845
marmgCAMI2_short_read_pooled_gold_standard_assembly	57	Otu2433.0	0.998689703775461	0.8854557313861131	3750297	3745383	4229893	0.9969418960244648	0.6102012166588676	1308	1304	2137
marmgCAMI2_short_read_pooled_gold_standard_assembly	152	Otu936	0.5001721467505996	0.8849754149255735	3162999	1582044	1787670	0.6539792387543253	0.607066381156317	867	567	934
marmgCAMI2_short_read_pooled_gold_standard_assembly	126	Otu2268	0.9993019770137759	0.8792559431701226	3667501	3664941	4168230	0.9991617770326907	0.602020202020202	1193	1192	1980
marmgCAMI2_short_read_pooled_gold_standard_assembly	240	Otu1569	0.9938002548307843	0.8789714862692682	2286223	2272049	2584895	0.9908376963350786	0.5900233826968043	764	757	1283
marmgCAMI2_short_read_pooled_gold_standard_assembly	106	Otu1236	0.355941826732129	0.8741299691939468	4038556	1437491	1644482	0.32510288065843623	0.6056955093099672	1701	553	913
marmgCAMI2_short_read_pooled_gold_standard_assembly	104	Otu799.0	0.9970102891551714	0.873470000381385	2848436	2839920	3251308	0.9931906614785992	0.5811041548093341	1028	1021	1757
marmgCAMI2_short_read_pooled_gold_standard_assembly	208	Otu797	0.9996035058430718	0.8687749440805428	2779360	2778258	3197903	0.9987745098039216	0.6174242424242424	816	815	1320
marmgCAMI2_short_read_pooled_gold_standard_assembly	77	Otu812	0.39836126755148465	0.8615727201560796	8531472	3398608	3944656	0.46509204584925323	0.5744315744315744	2879	1339	2331
marmgCAMI2_short_read_pooled_gold_standard_assembly	93	Otu205.0	0.9259476241058694	0.857599864657734	6284876	5819466	6785759	0.9196428571428571	0.5666753995284255	2352	2163	3817
marmgCAMI2_short_read_pooled_gold_standard_assembly	217	Otu532	0.9984195714277504	0.8535938706648765	4002079	3995754	4681095	0.9972164231036882	0.5575875486381323	1437	1433	2570
marmgCAMI2_short_read_pooled_gold_standard_assembly	97	Otu472.1	0.5996662804749443	0.847510175028981	6576181	3943514	4653058	0.5879284649776453	0.5674217907227616	2684	1578	2781
marmgCAMI2_short_read_pooled_gold_standard_assembly	229	Otu2206	0.6222072637601528	0.8460035608277596	6245443	3885960	4593314	0.47652284263959394	0.553019145802651	3152	1502	2716
marmgCAMI2_short_read_pooled_gold_standard_assembly	226	Otu612.0	1.0	0.8387156166597691	3088530	3088530	3682452	1.0	0.5382882882882883	717	717	1332
marmgCAMI2_short_read_pooled_gold_standard_assembly	42	Otu1483.1	0.9815560494524098	0.8370037947065527	4811171	4722434	5642070	0.9728205128205129	0.5463709677419355	1950	1897	3472
marmgCAMI2_short_read_pooled_gold_standard_assembly	31	Otu1548.0	0.9697138139790864	0.8363146469888363	2725500	2642955	3160240	0.9623389494549058	0.5603000577034045	1009	971	1733
marmgCAMI2_short_read_pooled_gold_standard_assembly	70	Otu1786	0.8437232276518152	0.8358924938748237	3335998	2814659	3367250	0.8858746492048644	0.5461361014994233	1069	947	1734
marmgCAMI2_short_read_pooled_gold_standard_assembly	32	Otu664.0	0.995536041285663	0.8343744728170759	3358454	3343462	4007148	0.9925428784489188	0.5434871376071866	1341	1331	2449
marmgCAMI2_short_read_pooled_gold_standard_assembly	91	Otu873.0	0.9665118334668618	0.827864660384189	2900756	2803615	3386562	0.9715596330275229	0.5284431137724551	1090	1059	2004
marmgCAMI2_short_read_pooled_gold_standard_assembly	28	Otu751.0	0.9916640082613372	0.8278471115074346	3040670	3015323	3642367	0.9861900893582454	0.5235015092712376	1231	1214	2319
marmgCAMI2_short_read_pooled_gold_standard_assembly	161	Otu1525.0	0.997317242815373	0.8211498633482099	2766184	2758763	3359634	0.9964973730297724	0.5232183908045978	1142	1138	2175
marmgCAMI2_short_read_pooled_gold_standard_assembly	231	Otu1468.0	0.9808244696635976	0.8178946101338973	3352919	3288625	4020842	0.9807098765432098	0.5217569786535303	1296	1271	2436
marmgCAMI2_short_read_pooled_gold_standard_assembly	108	Otu1445	0.7975914499003592	0.8169338853889395	3435843	2740399	3354493	0.6921296296296297	0.5067796610169492	1728	1196	2360
marmgCAMI2_short_read_pooled_gold_standard_assembly	130	Otu873.1	0.6528677145049855	0.814972417910152	4031538	2632061	3229632	0.5159301130524152	0.5424095083738519	1946	1004	1851
marmgCAMI2_short_read_pooled_gold_standard_assembly	158	Otu750	0.6039265769133368	0.81480674183019	2475897	1495260	1835110	0.5225	0.5143560295324036	1200	627	1219
marmgCAMI2_short_read_pooled_gold_standard_assembly	171	Otu1505.0	0.9966418676857923	0.8137935586772496	4849124	4832840	5938656	0.9946025515210991	0.5431404072883173	2038	2027	3732
marmgCAMI2_short_read_pooled_gold_standard_assembly	58	Otu941	0.9978790411000624	0.8136037571757008	4202816	4193902	5154723	0.9967602591792657	0.5047853431774678	1852	1846	3657
marmgCAMI2_short_read_pooled_gold_standard_assembly	136	Otu2027	0.9812893885164249	0.8015341181623762	2491367	2444752	3050091	0.9815668202764977	0.492371705963939	1085	1065	2163
marmgCAMI2_short_read_pooled_gold_standard_assembly	23	Otu1546	0.7277104277824957	0.7949654747492597	3733977	2717254	3418078	0.6670287887017925	0.48904818797291916	1841	1228	2511
marmgCAMI2_short_read_pooled_gold_standard_assembly	196	Otu1632	0.9837255148246945	0.7874286727008901	1878892	1848314	2347278	0.9740871613663133	0.47665706051873197	849	827	1735
marmgCAMI2_short_read_pooled_gold_standard_assembly	38	Otu594	1.0	0.7781487323926012	1986981	1986981	2553472	1.0	0.487369985141159	328	328	673
marmgCAMI2_short_read_pooled_gold_standard_assembly	273	Otu927	0.9997249903628088	0.7570299340051958	4218034	4216874	5570287	0.9995042141794744	0.4345764173313214	2017	2016	4639
marmgCAMI2_short_read_pooled_gold_standard_assembly	68	Otu770	0.9961950139891419	0.7565490702461516	1980822	1973285	2608271	0.9946977730646872	0.4456057007125891	943	938	2105
marmgCAMI2_short_read_pooled_gold_standard_assembly	155	Otu1237.0	0.376673579057685	0.7552499201949538	6727050	2533902	3355051	0.3695920889987639	0.43825577134481497	3236	1196	2729
marmgCAMI2_short_read_pooled_gold_standard_assembly	112	Otu2052	0.9868807102433489	0.7506979579732616	3863014	3812334	5078386	0.9767072525145579	0.4366863905325444	1889	1845	4225
marmgCAMI2_short_read_pooled_gold_standard_assembly	190	Otu61.1	0.9952650761625922	0.7404089489367988	4034067	4014966	5422633	0.9927159209157128	0.4384191176470588	1922	1908	4352
marmgCAMI2_short_read_pooled_gold_standard_assembly	102	Otu2169.0	0.9919401016436945	0.7342784902616719	1150883	1141607	1554733	0.9892086330935251	0.4211332312404288	556	550	1306
marmgCAMI2_short_read_pooled_gold_standard_assembly	236	Otu1900	0.9908475096726648	0.7266375722855754	1628300	1613397	2220360	0.9864197530864197	0.40848670756646216	810	799	1956
marmgCAMI2_short_read_pooled_gold_standard_assembly	137	Otu1929	0.9990521096097925	0.723445395042114	1354587	1353303	1870636	0.998587570621469	0.418590882178804	708	707	1689
marmgCAMI2_short_read_pooled_gold_standard_assembly	85	Otu2121	0.997634039305476	0.7216226641906863	2096400	2091440	2898246	0.996993987975952	0.41014014839241547	998	995	2426
marmgCAMI2_short_read_pooled_gold_standard_assembly	167	Otu717	0.9991249413441318	0.7178606525954849	1150780	1149773	1601666	0.9982876712328768	0.40655509065550904	584	583	1434
marmgCAMI2_short_read_pooled_gold_standard_assembly	209	Otu2080.0	0.9979520850794475	0.707869399938648	1940022	1936049	2735037	0.9969635627530364	0.3983016579053781	988	985	2473
marmgCAMI2_short_read_pooled_gold_standard_assembly	3	Otu2415.1	0.8436033526282868	0.69619494859193	2241346	1890807	2715916	0.8146911519198664	0.39228295819935693	1198	976	2488
marmgCAMI2_short_read_pooled_gold_standard_assembly	16	Otu108.0	0.7398778629833369	0.6948014926623006	4093108	3028400	4358655	0.7463002114164905	0.3955920806873366	1419	1059	2677
marmgCAMI2_short_read_pooled_gold_standard_assembly	82	Otu1832	0.9979287965482335	0.6847633052289852	1114328	1112020	1623948	0.9964912280701754	0.38430311231393777	570	568	1478
marmgCAMI2_short_read_pooled_gold_standard_assembly	89	Otu1242	0.9977167281530459	0.6824513906699126	1874941	1870660	2741089	0.9958246346555324	0.3735317149569303	958	954	2554
marmgCAMI2_short_read_pooled_gold_standard_assembly	90	Otu837.0	0.9935082201379732	0.6756235937352248	3113938	3093723	4579063	0.9882583170254403	0.3987891550408002	1533	1515	3799
marmgCAMI2_short_read_pooled_gold_standard_assembly	199	Otu1015	0.9148800384038619	0.6500049406642165	1783154	1631372	2509784	0.8805394990366089	0.34938837920489296	1038	914	2616
marmgCAMI2_short_read_pooled_gold_standard_assembly	169	Otu971.0	0.9973333955281898	0.6364395147055059	3215700	3207125	5039167	0.996100278551532	0.33154088633413686	1795	1788	5393
marmgCAMI2_short_read_pooled_gold_standard_assembly	283	Otu2411	0.9950621657222503	0.6318523336997653	2376953	2365216	3743305	0.9940564635958395	0.3339156476166708	1346	1338	4007
marmgCAMI2_short_read_pooled_gold_standard_assembly	180	Otu774	0.48532697601132785	0.6210642915206646	4384236	2127788	3426035	0.4178885630498534	0.33033903216459	2728	1140	3451
marmgCAMI2_short_read_pooled_gold_standard_assembly	87	Otu1788.0	0.8205052400464647	0.6189061237443277	1958475	1606939	2596418	0.7782534246575342	0.32086127779738793	1168	909	2833
marmgCAMI2_short_read_pooled_gold_standard_assembly	19	Otu865	0.9497619621858259	0.6125607856128602	3420675	3248827	5303681	0.9304652326163082	0.3207449560269012	1999	1860	5799
marmgCAMI2_short_read_pooled_gold_standard_assembly	9	Otu589	0.9693925230449566	0.6097468660403765	2193647	2126505	3487521	0.9578783151326054	0.31246819338422394	1282	1228	3930
marmgCAMI2_short_read_pooled_gold_standard_assembly	269	Otu2352	1.0	0.6057149921074152	955473	955473	1577430	1.0	0.3080459770114943	536	536	1740
marmgCAMI2_short_read_pooled_gold_standard_assembly	119	Otu498	0.9643963361982232	0.6025740227862866	1416343	1365916	2266802	0.9593094944512947	0.30763147489126136	811	778	2529
marmgCAMI2_short_read_pooled_gold_standard_assembly	223	Otu2042	0.9950572288183808	0.5982458197439381	805014	801035	1338973	0.9935760171306209	0.30346631785480704	467	464	1529
marmgCAMI2_short_read_pooled_gold_standard_assembly	110	Otu2217	0.996739536141047	0.5931471335214222	3381114	3370090	5681710	0.995729537366548	0.31955230698949294	1405	1399	4378
marmgCAMI2_short_read_pooled_gold_standard_assembly	172	Otu1038	0.9855178319564779	0.5873031656719806	1270528	1252128	2131996	0.9808743169398907	0.291514413317093	732	718	2463
marmgCAMI2_short_read_pooled_gold_standard_assembly	74	Otu1920	0.8730189654656771	0.5861162949326415	1170285	1021681	1743137	0.9371069182389937	0.29636996519144704	636	596	2011
marmgCAMI2_short_read_pooled_gold_standard_assembly	43	Otu961	0.6158381496777059	0.5775458303724889	6429842	3959742	6856152	0.6920353982300885	0.28739434031606026	3390	2346	8163
marmgCAMI2_short_read_pooled_gold_standard_assembly	144	Otu1160	0.6293005919374085	0.5348889993617384	3228044	2031410	3797816	0.6552440290758048	0.26302626094205916	1926	1262	4798
marmgCAMI2_short_read_pooled_gold_standard_assembly	98	Otu133.1	0.9547224956628526	0.5269329354475609	1641632	1567303	2974388	0.9606936416184971	0.26239343227028733	865	831	3167
marmgCAMI2_short_read_pooled_gold_standard_assembly	145	Otu1146.0	0.9773248602754198	0.5187663404838265	1397213	1365531	2632266	0.9692832764505119	0.2537224538415724	879	852	3358
marmgCAMI2_short_read_pooled_gold_standard_assembly	203	Otu1326	1.0	0.5179225340940938	1567101	1567101	3025744	1.0	0.25220411434678064	944	944	3743
marmgCAMI2_short_read_pooled_gold_standard_assembly	142	Otu1977.0	0.7749723646065543	0.4977680531005708	2502226	1939156	3895702	0.7535031847133759	0.23593936976465896	1570	1183	5014
marmgCAMI2_short_read_pooled_gold_standard_assembly	147	Otu1233.0	0.5190045018313042	0.4973034276437222	3336420	1731617	3482013	0.6962915601023018	0.23289136013686912	1564	1089	4676
marmgCAMI2_short_read_pooled_gold_standard_assembly	211	Otu801.0	0.9630797140244727	0.488380733942346	1783789	1717931	3517606	0.9530434782608695	0.22828577379712559	1150	1096	4801
marmgCAMI2_short_read_pooled_gold_standard_assembly	263	Otu1784	1.0	0.47448778440524486	522319	522319	1100806	1.0	0.21266968325791855	329	329	1547
marmgCAMI2_short_read_pooled_gold_standard_assembly	0	Otu775.0	0.3354919632226485	0.46279070881477324	6047200	2028787	4383811	0.3290422245108136	0.22973215890706453	3884	1278	5563
marmgCAMI2_short_read_pooled_gold_standard_assembly	115	Otu610	0.9947628885257725	0.46172314311753315	1796792	1787382	3871112	0.9931448157669237	0.2113806310414007	1167	1159	5483
marmgCAMI2_short_read_pooled_gold_standard_assembly	170	Otu2314	0.9060946004917908	0.44611211695379016	1530732	1386988	3109057	0.8875855327468231	0.2025429399955387	1023	908	4483
marmgCAMI2_short_read_pooled_gold_standard_assembly	18	Otu1186	0.8084078472213003	0.43387694586880443	2335247	1887832	4351077	0.7913209955328654	0.1952755905511811	1567	1240	6350
marmgCAMI2_short_read_pooled_gold_standard_assembly	17	Otu1224	0.7703671429685163	0.4248518039665309	1808587	1393276	3279440	0.7433628318584071	0.18674211802748586	1243	924	4948
marmgCAMI2_short_read_pooled_gold_standard_assembly	289	Otu997	0.9215763687768118	0.42319478590032106	754798	695604	1643697	0.9011857707509882	0.18469015795868773	506	456	2469
marmgCAMI2_short_read_pooled_gold_standard_assembly	238	Otu2232	0.9967008369933794	0.41908604445962483	1122709	1119005	2670108	0.9959785522788204	0.17981606969990319	746	743	4132
marmgCAMI2_short_read_pooled_gold_standard_assembly	1	Otu1405	0.7352920569809505	0.41017540929183727	2397854	1763123	4298461	0.6985815602836879	0.17892824704813806	1692	1182	6606
marmgCAMI2_short_read_pooled_gold_standard_assembly	260	Otu1376	0.9897947378062302	0.40779138240931073	622326	615975	1510515	0.9881796690307328	0.1758519141775347	423	418	2377
marmgCAMI2_short_read_pooled_gold_standard_assembly	133	Otu953.0	0.9924570515495337	0.36973404901579515	1404358	1393765	3769642	0.9872408293460925	0.45182481751824816	627	619	1370
marmgCAMI2_short_read_pooled_gold_standard_assembly	247	Otu1907	0.8927512483822695	0.3501650770254057	682283	609109	1739491	0.8770161290322581	0.14750762970498474	496	435	2949
marmgCAMI2_short_read_pooled_gold_standard_assembly	168	Otu1069	0.39836427051267864	0.34112106154802213	1328337	529162	1551244	0.4803767660910518	0.2679509632224168	637	306	1142
marmgCAMI2_short_read_pooled_gold_standard_assembly	205	Otu1336	0.5593552517060003	0.32371214920865216	1268464	709522	2191830	0.5413943355119826	0.13560709413369715	918	497	3665
marmgCAMI2_short_read_pooled_gold_standard_assembly	254	Otu1975.0	0.9945186212094701	0.32330008729000626	594376	591118	1828388	0.9929906542056075	0.13244001246494236	428	425	3209
marmgCAMI2_short_read_pooled_gold_standard_assembly	64	Otu1031	0.988617391574865	0.31184515031660665	578602	572016	1834295	0.9870466321243523	0.12192	386	381	3125
marmgCAMI2_short_read_pooled_gold_standard_assembly	49	Otu1431	0.45786417808702196	0.3097104514159419	1020984	467472	1509384	0.417312661498708	0.12370739180390655	774	323	2611
marmgCAMI2_short_read_pooled_gold_standard_assembly	131	Otu608	0.21589616954492039	0.2886462673597296	2100116	453407	1570805	0.2187910643889619	0.1495956873315364	1522	333	2226
marmgCAMI2_short_read_pooled_gold_standard_assembly	134	Otu1631	0.8769375575330951	0.2672892159348872	1400281	1227959	4594121	0.9032620922384702	0.11529073941134242	889	803	6965
marmgCAMI2_short_read_pooled_gold_standard_assembly	123	Otu1876	0.8525101404952405	0.2598078355474841	1409941	1201989	4626454	0.8315789473684211	0.1004740432419933	1045	869	8649
marmgCAMI2_short_read_pooled_gold_standard_assembly	148	Otu1501	0.9637298072433153	0.25758869084562785	1025801	988595	3837882	0.9595141700404858	0.09850374064837905	741	711	7218
marmgCAMI2_short_read_pooled_gold_standard_assembly	259	Otu1581	0.9905043975251783	0.24911352569641584	865032	856818	3439468	0.9889937106918238	0.09514445620934806	636	629	6611
marmgCAMI2_short_read_pooled_gold_standard_assembly	40	Otu1455	0.7691759624162269	0.24348665331896757	673695	518190	2128207	0.84375	0.0911062906724512	448	378	4149
marmgCAMI2_short_read_pooled_gold_standard_assembly	50	Otu1272	0.7214977154279599	0.22693884333455916	1767946	1275569	5620761	0.7013274336283186	0.08858872845831392	1356	951	10735
marmgCAMI2_short_read_pooled_gold_standard_assembly	255	Otu2036	0.7168329439828537	0.22559761167003317	1115105	799344	3543229	0.7044917257683215	0.08471926083866382	846	596	7035
marmgCAMI2_short_read_pooled_gold_standard_assembly	4	Otu1153	0.9232019284587595	0.21934454817738636	314448	290299	1323484	0.9325153374233128	0.3140495867768595	163	152	484
marmgCAMI2_short_read_pooled_gold_standard_assembly	35	Otu2335	0.25333087503425994	0.21338156545300388	2218336	561973	2633653	0.27347715736040606	0.08009663631295298	1576	431	5381
marmgCAMI2_short_read_pooled_gold_standard_assembly	166	Otu2225.0	0.4974178779867608	0.21080499083630144	1348116	670577	3181030	0.4934409687184662	0.07656176608736497	991	489	6387
marmgCAMI2_short_read_pooled_gold_standard_assembly	274	Otu1930	0.9844538127034113	0.20868211276062695	255947	251968	1207425	0.9893617021276596	0.0753646677471637	188	186	2468
marmgCAMI2_short_read_pooled_gold_standard_assembly	264	Otu1560	0.988217004926066	0.2054251178989647	465077	459597	2237297	0.9855072463768116	0.07326007326007326	345	340	4641
marmgCAMI2_short_read_pooled_gold_standard_assembly	285	Otu1958.0	0.9353593759120453	0.19121847332670236	291241	272415	1424627	0.9441860465116279	0.06851164360445494	215	203	2963
marmgCAMI2_short_read_pooled_gold_standard_assembly	129	Otu2058	0.3399355301575374	0.18947967833234713	2501945	850500	4488608	0.3482045701849837	0.06800552544894273	1838	640	9411
marmgCAMI2_short_read_pooled_gold_standard_assembly	124	Otu867	0.6438761425335445	0.18396932757113593	980934	631600	3433181	0.633423180592992	0.06729667812142039	742	470	6984
marmgCAMI2_short_read_pooled_gold_standard_assembly	6	Otu1621	0.7512922081734089	0.1751407790305227	357721	268753	1534497	0.788	0.06100960049550944	250	197	3229
marmgCAMI2_short_read_pooled_gold_standard_assembly	181	Otu340	0.6339298554684691	0.16623102668049403	445024	282114	1697120	0.6570247933884298	0.24921630094043887	242	159	638
marmgCAMI2_short_read_pooled_gold_standard_assembly	51	Otu1777	0.45456596139497424	0.14754705579107932	979717	445346	3018332	0.4501940491591203	0.05138048132289975	773	348	6773
marmgCAMI2_short_read_pooled_gold_standard_assembly	318	Otu1247	0.9604718491542718	0.1472168448356427	241094	231564	1572945	0.956989247311828	0.051046745053054204	186	178	3487
marmgCAMI2_short_read_pooled_gold_standard_assembly	122	Otu662	0.2668556440388151	0.13858271296560057	1119358	298707	2155442	0.3071786310517529	0.16681776971894832	599	184	1103
marmgCAMI2_short_read_pooled_gold_standard_assembly	277	Otu2389	0.7018689370237304	0.11709329676207292	374919	263144	2247302	0.8366533864541833	0.03936269915651359	251	210	5335
marmgCAMI2_short_read_pooled_gold_standard_assembly	227	Otu1254	0.5815032366998312	0.11626387945798981	727284	422918	3637570	0.5756521739130435	0.038881710325384705	575	331	8513
marmgCAMI2_short_read_pooled_gold_standard_assembly	33	Otu108.0	0.3337116262604703	0.10294941902949419	1344637	448721	4358655	0.3249727371864776	0.11131864026895778	917	298	2677
marmgCAMI2_short_read_pooled_gold_standard_assembly	103	Otu2006	0.5790009109624499	0.10232737426324283	498374	288559	2819959	0.7006578947368421	0.038419913419913417	304	213	5544
marmgCAMI2_short_read_pooled_gold_standard_assembly	174	Otu1677.0	0.3233469324212329	0.1019036404670788	436794	141236	1385976	0.42528735632183906	0.03356516480193529	261	111	3307
marmgCAMI2_short_read_pooled_gold_standard_assembly	79	Otu1631	0.49263835714943893	0.059350635301072825	553477	272664	4594121	0.6486486486486487	0.024120603015075376	259	168	6965
marmgCAMI2_short_read_pooled_gold_standard_assembly	92	Otu136	0.4005467366126175	0.055426607807414284	587120	235169	4242890	0.06181818181818182	0.06296296296296296	275	17	270
marmgCAMI2_short_read_pooled_gold_standard_assembly	189	Otu837.0	0.6542781151742257	0.053077671130534784	371472	243046	4579063	0.746031746031746	0.024743353514082654	126	94	3799
marmgCAMI2_short_read_pooled_gold_standard_assembly	20	Otu2425	0.8178036433047015	0.051708554052174914	96396	78833	1524564	0.8170731707317073	0.016250303177298083	82	67	4123
marmgCAMI2_short_read_pooled_gold_standard_assembly	165	Otu1279	0.11261074436341433	0.03719363623333811	2603970	293235	7884010	0.10307414104882459	0.12780269058295965	1659	171	1338
marmgCAMI2_short_read_pooled_gold_standard_assembly	127	Otu1631	0.6584891881001947	0.03414994946802664	238256	156889	4594121	0.7094594594594594	0.01507537688442211	148	105	6965
marmgCAMI2_short_read_pooled_gold_standard_assembly	278	Otu1505.0	0.7432694517581881	0.031040524994207442	248011	184339	5938656	0.6162790697674418	0.01420150053590568	86	53	3732
marmgCAMI2_short_read_pooled_gold_standard_assembly	105	Otu1427	0.3701545087851234	0.030538280016723644	234032	86628	2836702	0.34959349593495936	0.13069908814589665	123	43	329
marmgCAMI2_short_read_pooled_gold_standard_assembly	63	Otu1631	0.4066544892318638	0.025877202624832913	292344	118883	4594121	0.4305555555555556	0.013352476669059584	216	93	6965
marmgCAMI2_short_read_pooled_gold_standard_assembly	267	Otu797	0.9409543738343266	0.025873205034674284	87932	82740	3197903	0.9420289855072463	0.04924242424242424	69	65	1320
marmgCAMI2_short_read_pooled_gold_standard_assembly	291	Otu1123	0.7595315444310116	0.02304338115211783	148061	112457	4880230	0.5517241379310345	0.02200825309491059	29	16	727
marmgCAMI2_short_read_pooled_gold_standard_assembly	228	Otu1326	0.604001976284585	0.022625840123949678	113344	68460	3025744	0.515625	0.008816457387122629	64	33	3743
marmgCAMI2_short_read_pooled_gold_standard_assembly	47	Otu806.0	0.057590742466402806	0.01818342488332169	1539935	88686	4877299	0.0249609984399376	0.010818120351588911	641	16	1479
marmgCAMI2_short_read_pooled_gold_standard_assembly	200	Otu1147	0.8661696664475235	0.013641054753515314	80617	69828	5118959	0.75	0.075	24	18	240
marmgCAMI2_short_read_pooled_gold_standard_assembly	80	Otu1525.0	0.2419451037672692	0.011832836553029288	164310	39754	3359634	0.19672131147540983	0.011034482758620689	122	24	2175
marmgCAMI2_short_read_pooled_gold_standard_assembly	71	Otu108.0	0.3870568605762922	0.009473564666164218	106682	41292	4358655	0.36538461538461536	0.007097497198356369	52	19	2677
marmgCAMI2_short_read_pooled_gold_standard_assembly	61	Otu1862	0.3220950264856945	0.007408425125467355	62109	20005	2700304	0.3404255319148936	0.002330323332362365	47	16	6866
marmgCAMI2_short_read_pooled_gold_standard_assembly	114	Otu1255	0.4386411889596603	0.00696640569433417	35325	15495	2224246	0.6470588235294118	0.002203525641025641	17	11	4992
marmgCAMI2_short_read_pooled_gold_standard_assembly	251	Otu2217	0.2412531244379113	0.006846002347884704	161229	38897	5681710	0.19047619047619047	0.0045682960255824575	105	20	4378
marmgCAMI2_short_read_pooled_gold_standard_assembly	324	Otu961	0.47293250899377437	0.006404175403345784	92842	43908	6856152	0.47368421052631576	0.0033076074972436605	57	27	8163
marmgCAMI2_short_read_pooled_gold_standard_assembly	135	Otu1326	0.2390978007956166	0.006316793489469037	79938	19113	3025744	0.25	0.004007480630510286	60	15	3743
marmgCAMI2_short_read_pooled_gold_standard_assembly	154	Otu2217	0.08089710372591821	0.006281207594192593	441153	35688	5681710	0.08771929824561403	0.003426222019186843	171	15	4378
marmgCAMI2_short_read_pooled_gold_standard_assembly	95	Otu1078	0.8732076212924769	0.006178123979403937	10182	8891	1439110	0.875	0.0022194039315155357	8	7	3154
marmgCAMI2_short_read_pooled_gold_standard_assembly	173	Otu1515	0.3401733035824287	0.004061399203508133	73051	24850	6118581	0.3	0.04966887417218543	50	15	302
marmgCAMI2_short_read_pooled_gold_standard_assembly	329	Otu2299.0	0.4526985587243177	0.004053936231342797	26088	11810	2913218	0.5	0.017543859649122806	8	4	228
marmgCAMI2_short_read_pooled_gold_standard_assembly	339	Otu961	1.0	0.003893291747324155	26693	26693	6856152	1.0	0.0017150557393115276	14	14	8163
marmgCAMI2_short_read_pooled_gold_standard_assembly	39	Otu1631	0.2880893052925346	0.003145759547909165	50165	14452	4594121	0.3055555555555556	0.0015793251974156497	36	11	6965
marmgCAMI2_short_read_pooled_gold_standard_assembly	111	Otu1031	0.13116187058634093	0.0031085512417577325	43473	5702	1834295	0.12903225806451613	0.00128	31	4	3125
marmgCAMI2_short_read_pooled_gold_standard_assembly	237	Otu2268	0.6035148706064117	0.002998874822166723	20712	12500	4168230	0.3333333333333333	0.0015151515151515152	9	3	1980
marmgCAMI2_short_read_pooled_gold_standard_assembly	160	Otu108.0	1.0	0.0022344048794869058	9739	9739	4358655	1.0	0.00037355248412401944	1	1	2677
marmgCAMI2_short_read_pooled_gold_standard_assembly	59	Otu1548.0	0.13244842607051863	0.0020397185023922236	48668	6446	3160240	0.10810810810810811	0.002308136180034622	37	4	1733
marmgCAMI2_short_read_pooled_gold_standard_assembly	149	Otu1186	0.7449772301098312	0.001917456298750861	11199	8343	4351077	0.7777777777777778	0.0011023622047244095	9	7	6350
marmgCAMI2_short_read_pooled_gold_standard_assembly	8	Otu413	0.4731604991394148	0.0018488398461661004	18592	8797	4758119	0.3076923076923077	0.014925373134328358	13	4	268
marmgCAMI2_short_read_pooled_gold_standard_assembly	257	Otu2225.0	1.0	0.0015051728528181123	4788	4788	3181030	1.0	0.0003131360576170346	2	2	6387
marmgCAMI2_short_read_pooled_gold_standard_assembly	26	Otu1398	0.31185002736726875	0.0013782784763582	7308	2279	1653512	0.2	0.001183431952662722	5	1	845
marmgCAMI2_short_read_pooled_gold_standard_assembly	45	Otu794.0	0.5618915159944368	0.001367619425119759	7909	4444	3249442	0.5	0.005649717514124294	4	2	354
marmgCAMI2_short_read_pooled_gold_standard_assembly	140	Otu108.0	1.0	0.001320361441775043	5755	5755	4358655	1.0	0.0007471049682480389	2	2	2677
marmgCAMI2_short_read_pooled_gold_standard_assembly	175	Otu839	0.6909038238702202	0.0011338224220158364	6904	4770	4207008	0.6666666666666666	0.002126528442317916	6	4	1881
marmgCAMI2_short_read_pooled_gold_standard_assembly	162	Otu2107	0.5776359143327842	0.0009863105025014662	4856	2805	2843932	0.5	0.0008120178643930166	4	2	2463
marmgCAMI2_short_read_pooled_gold_standard_assembly	176	Otu108.0	1.0	0.0007699622934139086	3356	3356	4358655	1.0	0.00037355248412401944	1	1	2677
marmgCAMI2_short_read_pooled_gold_standard_assembly	66	Otu1631	0.5877278964908842	0.0006525731472897644	5101	2998	4594121	0.5	0.00014357501794687725	2	1	6965
marmgCAMI2_short_read_pooled_gold_standard_assembly	12	Otu1389.0	0.19634858812074002	0.0006030546895688884	20540	4033	6687619	0.21428571428571427	0.00099601593625498	14	3	3012
marmgCAMI2_short_read_pooled_gold_standard_assembly	156	Otu2415.1	1.0	0.0005213710586041689	1416	1416	2715916	1.0	0.00040192926045016077	1	1	2488
marmgCAMI2_short_read_pooled_gold_standard_assembly	213	Otu965	0.38624441422187683	0.0004790622332686069	5147	1988	4149774	0.3333333333333333	0.0009057971014492754	3	1	1104
marmgCAMI2_short_read_pooled_gold_standard_assembly	14	Otu1326	0.5578427336352408	0.0004478237418631583	2429	1355	3025744	0.5	0.0002671653753673524	2	1	3743
marmgCAMI2_short_read_pooled_gold_standard_assembly	245	Otu1780	0.5362673186634067	0.00041799606461151933	2454	1316	3148355	0.5	0.00012743723716069835	2	1	7847
marmgCAMI2_short_read_pooled_gold_standard_assembly	118	Otu1224	0.5382841328413284	0.0003558534383919206	2168	1167	3279440	0.5	0.0002021018593371059	2	1	4948
marmgCAMI2_short_read_pooled_gold_standard_assembly	201	Otu1147	1.0	0.0003410849745036051	1746	1746	5118959	1.0	0.004166666666666667	1	1	240
marmgCAMI2_short_read_pooled_gold_standard_assembly	216	Otu1483.1	1.0	0.0003355151566712217	1893	1893	5642070	1.0	0.0002880184331797235	1	1	3472
marmgCAMI2_short_read_pooled_gold_standard_assembly	72	Otu2268	1.0	0.00024038980574488453	1002	1002	4168230	1.0	0.000505050505050505	1	1	1980
