Method	num_5010	num_7010	num_9010	num_505	num_605	num_705	num_805	num_905
concoct_bins_checkm2_quality_report.tsv	9	4	2	5	2	2	2	1
maxbin2_bins_checkm2_quality_report.tsv	8	5	1	4	4	3	2	1
metabat2_bins_checkm2_quality_report.tsv	10	4	2	7	4	2	1	1
vamb_m200000/bins_checkm2_output/quality_report.tsv	2	2	1	2	2	2	2	1
vamb_v413_m200000/bins_checkm2_output/quality_report.tsv	5	3	2	4	3	2	2	2
clmb_m200000/bins_checkm2_output/quality_report.tsv	4	4	2	3	3	3	2	1
metadecoder/samfiles_checkm2_output/quality_report.tsv	9	5	1	6	5	4	3	0
semibin_Easy_coassemly_mode_v1.0.0_default/output_recluster_bins_checkm2_output/quality_report.tsv	9	4	2	7	5	4	3	2
semibin2_Easy_coassemly_mode/output_bins_checkm2_output/quality_report.tsv	9	6	2	6	6	6	3	2
COMEBin_nocovloss_tau0.15_nepoch200_earlystop_addvars_nedge75_vars_sqrt_NokmerMetric/comebin_res_bins_checkm2_output/quality_report.tsv	24	12	2	10	10	4	2	1
