Method	num_5010	num_7010	num_9010	num_505	num_605	num_705	num_805	num_905
concoct_bins_checkm2_quality_report.tsv	16	12	5	5	3	3	3	3
maxbin2_bins_checkm2_quality_report.tsv	15	7	3	6	2	2	1	1
metabat2_bins_checkm2_quality_report.tsv	13	8	3	11	9	6	4	3
VAMB/S4_checkm2_output/quality_report.tsv	8	5	2	8	6	5	3	2
CLMB/S4_checkm2_output/quality_report.tsv	8	5	2	8	6	5	4	2
metadecoder/samfiles_checkm2_output/quality_report.tsv	7	5	3	7	5	5	3	3
semibin_Easy_coassemly_mode_v1.0.0_default/output_recluster_bins_checkm2_output/quality_report.tsv	11	4	2	11	5	4	2	2
semibin2_Easy_coassemly_mode/output_bins_checkm2_output/quality_report.tsv	9	3	2	9	4	3	2	2
COMEBin_nocovloss_tau0.15_nepoch200_earlystop_addvars_nedge75_vars_sqrt_NokmerMetric/comebin_res_bins_checkm2_output/quality_report.tsv	24	12	4	13	8	5	4	3
