Method	num_5010	num_7010	num_9010	num_505	num_605	num_705	num_805	num_905
combine_novars/cluster_res/res/test3_parallel_leiden_markerseed_RBERVertexPartition_nodesize_hnsw_l2mode_bandwidth_0.3_res_maxedges100respara_5_partgraph_ratio_50.tsv.filtersmallbins_200000.tsv_bins_checkm2_output/quality_report.tsv	105	73	27	79	68	55	37	20
covMat/cluster_res/res/test3_parallel_leiden_markerseed_RBERVertexPartition_nodesize_hnsw_l2mode_bandwidth_0.1_res_maxedges100respara_10_partgraph_ratio_100.tsv.filtersmallbins_200000.tsv_bins_checkm2_output/quality_report.tsv	136	103	32	83	72	57	45	16
compositMat/cluster_res/res/test3_parallel_leiden_markerseed_RBERVertexPartition_nodesize_hnsw_l2mode_bandwidth_0.05_res_maxedges100respara_70_partgraph_ratio_50.tsv.filtersmallbins_200000.tsv_bins_checkm2_output/quality_report.tsv	40	15	1	19	10	8	3	0
COMEBIN_with_VAMB_embeddings_l2normaize/cluster_res/res/Leiden_markerseed_nodesize_bandwidth_0.05_res_maxedges100respara_5_partgraph_ratio_80.tsv.filtersmallbins_200000.tsv_bins_checkm2_output/quality_report.tsv	169	122	36	130	113	90	59	28
COMEBIN_with_CLMB_embeddings_l2normaize/cluster_res/res/test3_parallel_leiden_markerseed_RBERVertexPartition_nodesize_hnsw_l2mode_bandwidth_0.1_res_maxedges100respara_10_partgraph_ratio_100.tsv.filtersmallbins_200000.tsv_bins_checkm2_output/quality_report.tsv	174	120	42	130	108	84	62	31
COMEBIN_with_semibin_embeddings_l2normaize/cluster_res/res/Leiden_markerseed_nodesize_bandwidth_0.05_res_maxedges100respara_5_partgraph_ratio_80.tsv.filtersmallbins_200000.tsv_bins_checkm2_output/quality_report.tsv	76	41	7	70	54	36	22	6
semibin2_Easy_coassemly_mode_no_recluster/output_bins_checkm2_output/quality_report.tsv	82	42	10	78	60	39	25	9
cluster_infomap/res/Infomap_nodesize_bandwidth_0.3_res_maxedges100_partgraph_ratio_80.tsv.filtersmallbins_200000.tsv_bins_checkm2_output/quality_report.tsv	182	105	30	152	119	79	51	22
COMEBIN_with_semibin1_embeddings_l2normaize/cluster_res/res/test3_parallel_leiden_markerseed_RBERVertexPartition_nodesize_hnsw_l2mode_bandwidth_0.05_res_maxedges100respara_5_partgraph_ratio_80.tsv.filtersmallbins_200000.tsv_bins_checkm2_output/quality_report.tsv	88	50	10	84	69	47	28	9
kmeans	110	87	30	79	70	62	45	22
weight_kmeans	129	107	45	95	88	79	62	32
COMEBin_nocovloss_tau0.15_nepoch200_earlystop_addvars_nedge75_vars_sqrt_NokmerMetric/test3_parallel_leiden_markerseed_RBERVertexPartition_nodesize_hnsw_l2mode_bandwidth_0.05_res_maxedges100respara_5_partgraph_ratio_80.tsv.filtersmallbins_200000.tsv_bins_checkm2_output/quality_report.tsv	194	138	44	163	141	110	74	37
