Method	num_5010	num_7010	num_9010	num_505	num_605	num_705	num_805	num_905
concoct_bins_checkm2_quality_report.tsv	31	24	12	21	17	16	12	8
maxbin2_bins_checkm2_quality_report.tsv	22	15	5	7	5	5	3	3
metabat2_bins_checkm2_quality_report.tsv	25	19	7	22	20	16	11	7
VAMB/S3_checkm2_output/quality_report.tsv	16	11	4	16	15	11	6	4
CLMB/S3_checkm2_output/quality_report.tsv	12	9	3	12	11	9	7	3
metadecoder/samfiles_checkm2_output/quality_report.tsv	23	13	5	22	20	13	11	5
semibin_Easy_coassemly_mode_v1.0.0_default/output_recluster_bins_checkm2_output/quality_report.tsv	21	13	4	19	17	11	10	4
semibin2_Easy_coassemly_mode/output_bins_checkm2_output/quality_report.tsv	23	12	4	20	18	11	10	4
COMEBin_nocovloss_tau0.15_nepoch200_earlystop_addvars_nedge75_vars_sqrt_NokmerMetric/comebin_res_bins_checkm2_output/quality_report.tsv	39	26	16	25	20	17	15	11
