Method	num_5010	num_7010	num_9010	num_505	num_605	num_705	num_805	num_905
concoct_bins_checkm2_output/quality_report.tsv	11	7	6	9	7	6	6	5
maxbin2_bins_checkm2_output/quality_report.tsv	13	8	5	8	7	5	5	5
metabat2_bins_checkm2_output/quality_report.tsv	14	9	4	14	11	9	8	4
vamb_m200000/bins_checkm2_output/quality_report.tsv	7	6	3	7	7	6	5	3
vamb_v413_m200000/bins_checkm2_output/quality_report.tsv	8	5	4	8	7	5	5	4
clmb_m200000/bins_checkm2_output/quality_report.tsv	6	5	3	6	5	5	5	3
metadecoder/samfiles_checkm2_output/quality_report.tsv	12	10	6	12	10	10	8	6
semibin_Easy_coassemly_mode_v1.0.0_default/output_recluster_bins_checkm2_output/quality_report.tsv	12	9	5	12	11	9	9	5
semibin2_Easy_coassemly_mode/output_bins_checkm2_output/quality_report.tsv	12	7	5	12	9	7	7	5
COMEBin_nocovloss_tau0.15_nepoch200_earlystop_addvars_nedge75_vars_sqrt_NokmerMetric/filter200000/*filtersmallbins_200000.tsv_bins_checkm2_output/quality_report.tsv	20	15	9	17	16	13	10	9
