Method	num_5010	num_7010	num_9010	num_505	num_605	num_705	num_805	num_905
concoct_bins_checkm2_quality_report.tsv	13	6	4	9	7	5	4	3
maxbin2_bins_checkm2_quality_report.tsv	4	3	1	2	2	2	2	1
metabat2_bins_checkm2_quality_report.tsv	17	5	1	14	8	4	2	1
VAMB/S4_checkm2_output/quality_report.tsv	8	3	1	7	3	3	2	1
CLMB/S4_checkm2_output/quality_report.tsv	2	1	1	2	1	1	1	1
metadecoder/samfiles_checkm2_output/quality_report.tsv	9	5	1	7	7	4	2	1
semibin_Easy_coassemly_mode_v1.0.0_default/output_recluster_bins_checkm2_output/quality_report.tsv	8	6	3	8	6	6	3	3
semibin2_Easy_coassemly_mode/output_bins_checkm2_output/quality_report.tsv	9	5	2	8	7	5	4	2
COMEBin_nocovloss_tau0.15_nepoch200_earlystop_addvars_nedge75_vars_sqrt_NokmerMetric/comebin_res_bins_checkm2_output/quality_report.tsv	22	17	6	13	10	9	6	3
