sample_id	Bin ID	Most abundant genome	Purity (bp)	Completeness (bp)	Bin size (bp)	True positives (bp)	True size of most abundant genome (bp)	Purity (seq)	Completeness (seq)	Bin size (seq)	True positives (seq)	True size of most abundant genome (seq)
marmgCAMI2_short_read_pooled_gold_standard_assembly	0	Otu53.0	1.0	1.0	3424954	3424954	3424954	1.0	1.0	1	1	1
marmgCAMI2_short_read_pooled_gold_standard_assembly	238	Otu40.1	1.0	1.0	6512824	6512824	6512824	1.0	1.0	5	5	5
marmgCAMI2_short_read_pooled_gold_standard_assembly	226	Otu1204	1.0	1.0	1118416	1118416	1118416	1.0	1.0	3	3	3
marmgCAMI2_short_read_pooled_gold_standard_assembly	120	Otu230.1	0.363458675105382	1.0	12752652	4635062	4635062	0.0009337068160597573	1.0	1071	1	1
marmgCAMI2_short_read_pooled_gold_standard_assembly	227	Otu2119.0	0.998653293777095	1.0	3582073	3577249	3577249	0.85	1.0	20	17	17
marmgCAMI2_short_read_pooled_gold_standard_assembly	117	Otu119.0	0.08109976217331505	1.0	57384225	4653847	4653847	0.001076426264800861	1.0	929	1	1
marmgCAMI2_short_read_pooled_gold_standard_assembly	116	Otu219.0	0.25150684777681737	1.0	19947934	5017042	5017042	0.002178649237472767	1.0	459	1	1
marmgCAMI2_short_read_pooled_gold_standard_assembly	229	Otu122.0	0.9800202284229466	1.0	3627569	3555091	3555091	0.03125	1.0	32	1	1
marmgCAMI2_short_read_pooled_gold_standard_assembly	114	Otu312.0	0.6890076726845029	1.0	6618935	4560497	4560497	0.001430615164520744	1.0	699	1	1
marmgCAMI2_short_read_pooled_gold_standard_assembly	230	Otu382.0	1.0	1.0	4455384	4455384	4455384	1.0	1.0	1	1	1
marmgCAMI2_short_read_pooled_gold_standard_assembly	111	Otu85.0	0.6210801096942233	1.0	5517884	3427048	3427048	0.004347826086956522	1.0	230	1	1
marmgCAMI2_short_read_pooled_gold_standard_assembly	234	Otu1000	0.9992796977881138	1.0	4888226	4884705	4884705	0.3333333333333333	1.0	3	1	1
marmgCAMI2_short_read_pooled_gold_standard_assembly	236	Otu293.0	1.0	1.0	2560157	2560157	2560157	1.0	1.0	2	2	2
marmgCAMI2_short_read_pooled_gold_standard_assembly	105	Otu318.0	0.5632265348775379	1.0	9576106	5393517	5393517	0.005893909626719057	1.0	509	3	3
marmgCAMI2_short_read_pooled_gold_standard_assembly	237	Otu180	0.9982926914630984	1.0	2228654	2224849	2224849	0.5	1.0	4	2	2
marmgCAMI2_short_read_pooled_gold_standard_assembly	243	Otu47.0	0.5062418849162365	1.0	2999815	1518632	1518632	0.5	1.0	2	1	1
marmgCAMI2_short_read_pooled_gold_standard_assembly	123	Otu597.0	0.999547601468604	1.0	3784274	3782562	3782562	0.9230769230769231	1.0	13	12	12
marmgCAMI2_short_read_pooled_gold_standard_assembly	246	Otu245.0	0.7145624787474694	1.0	6025753	4305777	4305777	0.0018450184501845018	1.0	542	1	1
marmgCAMI2_short_read_pooled_gold_standard_assembly	249	Otu386.0	0.9996314584520528	1.0	4401132	4399510	4399510	0.75	1.0	4	3	3
marmgCAMI2_short_read_pooled_gold_standard_assembly	250	Otu189	0.9979464489577706	1.0	5027876	5017551	5017551	0.14285714285714285	1.0	7	1	1
marmgCAMI2_short_read_pooled_gold_standard_assembly	95	Otu450.0	0.9408363313006689	1.0	3174651	2986827	2986827	0.011904761904761904	1.0	84	1	1
marmgCAMI2_short_read_pooled_gold_standard_assembly	253	Otu274.0	1.0	1.0	2269117	2269117	2269117	1.0	1.0	1	1	1
marmgCAMI2_short_read_pooled_gold_standard_assembly	90	Otu583	0.47503407188030783	1.0	3587269	1704075	1704075	0.005376344086021506	1.0	186	1	1
marmgCAMI2_short_read_pooled_gold_standard_assembly	256	Otu235.0	0.515546273198355	1.0	8954622	4616522	4616522	0.007936507936507936	1.0	126	1	1
marmgCAMI2_short_read_pooled_gold_standard_assembly	84	Otu852.0	1.0	1.0	4399929	4399929	4399929	1.0	1.0	9	9	9
marmgCAMI2_short_read_pooled_gold_standard_assembly	264	Otu303.0	0.9992319416335607	1.0	2001150	1999613	1999613	0.6666666666666666	1.0	3	2	2
marmgCAMI2_short_read_pooled_gold_standard_assembly	74	Otu1089	0.9276996456826488	1.0	4149952	3849909	3849909	0.08280254777070063	1.0	157	13	13
marmgCAMI2_short_read_pooled_gold_standard_assembly	73	Otu104	0.2973916846892117	1.0	18509687	5504627	5504627	0.0018115942028985507	1.0	1104	2	2
marmgCAMI2_short_read_pooled_gold_standard_assembly	71	Otu60.0	1.0	1.0	5197896	5197896	5197896	1.0	1.0	1	1	1
marmgCAMI2_short_read_pooled_gold_standard_assembly	267	Otu24.0	1.0	1.0	4830178	4830178	4830178	1.0	1.0	1	1	1
marmgCAMI2_short_read_pooled_gold_standard_assembly	225	Otu315.0	1.0	1.0	3830131	3830131	3830131	1.0	1.0	9	9	9
marmgCAMI2_short_read_pooled_gold_standard_assembly	125	Otu3.1	1.0	1.0	3176261	3176261	3176261	1.0	1.0	1	1	1
marmgCAMI2_short_read_pooled_gold_standard_assembly	65	Otu523	0.5724704764984188	1.0	5331854	3052329	3052329	0.003367003367003367	1.0	297	1	1
marmgCAMI2_short_read_pooled_gold_standard_assembly	150	Otu365.0	0.22841702977970088	1.0	31587960	7215228	7215228	0.000591016548463357	1.0	1692	1	1
marmgCAMI2_short_read_pooled_gold_standard_assembly	181	Otu256	1.0	1.0	3293431	3293431	3293431	1.0	1.0	1	1	1
marmgCAMI2_short_read_pooled_gold_standard_assembly	176	Otu80.0	0.9682385511945915	1.0	4837972	4684311	4684311	0.1111111111111111	1.0	9	1	1
marmgCAMI2_short_read_pooled_gold_standard_assembly	192	Otu42.0	0.5133312987300863	1.0	7782025	3994757	3994757	0.0038910505836575876	1.0	257	1	1
marmgCAMI2_short_read_pooled_gold_standard_assembly	174	Otu72.0	1.0	1.0	3653830	3653830	3653830	1.0	1.0	2	2	2
marmgCAMI2_short_read_pooled_gold_standard_assembly	171	Otu492	0.6388293884024441	1.0	2570007	1641796	1641796	0.003205128205128205	1.0	312	1	1
marmgCAMI2_short_read_pooled_gold_standard_assembly	170	Otu265.0	0.5379622319459327	1.0	8211543	4417500	4417500	0.01238390092879257	1.0	646	8	8
marmgCAMI2_short_read_pooled_gold_standard_assembly	195	Otu82	0.9690513153208891	1.0	4189548	4059887	4059887	0.015384615384615385	1.0	65	1	1
marmgCAMI2_short_read_pooled_gold_standard_assembly	161	Otu132	0.9992235228914582	1.0	2497176	2495237	2495237	0.5	1.0	2	1	1
marmgCAMI2_short_read_pooled_gold_standard_assembly	159	Otu345.0	0.9893480372914005	1.0	9547724	9446022	9446022	0.18333333333333332	1.0	60	11	11
marmgCAMI2_short_read_pooled_gold_standard_assembly	201	Otu89	1.0	1.0	1861292	1861292	1861292	1.0	1.0	1	1	1
marmgCAMI2_short_read_pooled_gold_standard_assembly	157	Otu48.0	1.0	1.0	1739487	1739487	1739487	1.0	1.0	1	1	1
marmgCAMI2_short_read_pooled_gold_standard_assembly	203	Otu1179.1	0.941956716148102	1.0	5011846	4720942	4720942	0.18633540372670807	1.0	161	30	30
marmgCAMI2_short_read_pooled_gold_standard_assembly	207	Otu196	0.524230141703763	1.0	4418443	2316281	2316281	0.007692307692307693	1.0	130	1	1
marmgCAMI2_short_read_pooled_gold_standard_assembly	211	Otu211	0.6866115737978896	1.0	3538631	2429665	2429665	0.002688172043010753	1.0	372	1	1
marmgCAMI2_short_read_pooled_gold_standard_assembly	126	Otu549	0.8342900965680301	1.0	4209157	3511658	3511658	0.03829787234042553	1.0	235	9	9
marmgCAMI2_short_read_pooled_gold_standard_assembly	147	Otu39.0	1.0	1.0	3644088	3644088	3644088	1.0	1.0	2	2	2
marmgCAMI2_short_read_pooled_gold_standard_assembly	213	Otu183.0	0.5548130693605123	1.0	9756560	5413067	5413067	0.12352941176470589	1.0	170	21	21
marmgCAMI2_short_read_pooled_gold_standard_assembly	143	Otu327	0.4959594076559682	1.0	4055346	2011287	2011287	0.0035714285714285713	1.0	280	1	1
marmgCAMI2_short_read_pooled_gold_standard_assembly	216	Otu870	0.9969062151849021	1.0	2744858	2736366	2736366	0.16666666666666666	1.0	6	1	1
marmgCAMI2_short_read_pooled_gold_standard_assembly	218	Otu1027	0.9922147277658021	1.0	3954775	3923986	3923986	0.6444444444444445	1.0	45	29	29
marmgCAMI2_short_read_pooled_gold_standard_assembly	139	Otu214.0	0.17957565536411094	1.0	28578846	5132065	5132065	0.0003869969040247678	1.0	2584	1	1
marmgCAMI2_short_read_pooled_gold_standard_assembly	138	Otu252	0.6900341590521797	1.0	3238673	2234795	2234795	0.002717391304347826	1.0	368	1	1
marmgCAMI2_short_read_pooled_gold_standard_assembly	137	Otu470	1.0	1.0	1595975	1595975	1595975	1.0	1.0	1	1	1
marmgCAMI2_short_read_pooled_gold_standard_assembly	136	Otu248.0	0.7592018537003296	1.0	5352753	4063820	4063820	0.0035587188612099642	1.0	281	1	1
marmgCAMI2_short_read_pooled_gold_standard_assembly	132	Otu261	0.07934887824460886	1.0	54720887	4342041	4342041	0.00024015369836695484	1.0	8328	2	2
marmgCAMI2_short_read_pooled_gold_standard_assembly	220	Otu4.0	1.0	1.0	1926630	1926630	1926630	1.0	1.0	1	1	1
marmgCAMI2_short_read_pooled_gold_standard_assembly	221	Otu332	0.992753850926922	1.0	1240935	1231943	1231943	0.6428571428571429	1.0	14	9	9
marmgCAMI2_short_read_pooled_gold_standard_assembly	127	Otu648.0	0.9984478304965482	1.0	5136037	5128065	5128065	0.4444444444444444	1.0	9	4	4
marmgCAMI2_short_read_pooled_gold_standard_assembly	268	Otu854	0.5291438092026404	1.0	2995010	1584791	1584791	0.0035714285714285713	1.0	280	1	1
marmgCAMI2_short_read_pooled_gold_standard_assembly	251	Otu3.0	0.9995323875473849	1.0	3667567	3665852	3665852	0.5	1.0	2	1	1
marmgCAMI2_short_read_pooled_gold_standard_assembly	31	Otu351	0.5177025466905177	1.0	5035123	2606696	2606696	0.14285714285714285	1.0	14	2	2
marmgCAMI2_short_read_pooled_gold_standard_assembly	272	Otu1458.0	0.9996534406629353	1.0	4945762	4944048	4944048	0.6666666666666666	1.0	3	2	2
marmgCAMI2_short_read_pooled_gold_standard_assembly	278	Otu846.0	1.0	1.0	3858490	3858490	3858490	1.0	1.0	3	3	3
marmgCAMI2_short_read_pooled_gold_standard_assembly	47	Otu85.1	0.9925920970515745	1.0	3318483	3293900	3293900	0.23529411764705882	1.0	17	4	4
marmgCAMI2_short_read_pooled_gold_standard_assembly	41	Otu1337	0.9990654000480826	1.0	3918254	3914592	3914592	0.6666666666666666	1.0	3	2	2
marmgCAMI2_short_read_pooled_gold_standard_assembly	39	Otu35.0	1.0	1.0	5051673	5051673	5051673	1.0	1.0	1	1	1
marmgCAMI2_short_read_pooled_gold_standard_assembly	38	Otu168.0	1.0	1.0	3274117	3274117	3274117	1.0	1.0	3	3	3
marmgCAMI2_short_read_pooled_gold_standard_assembly	35	Otu205.1	0.9858415517351247	1.0	5869146	5786048	5786048	0.25925925925925924	1.0	54	14	14
marmgCAMI2_short_read_pooled_gold_standard_assembly	34	Otu506.0	1.0	1.0	2989885	2989885	2989885	1.0	1.0	6	6	6
marmgCAMI2_short_read_pooled_gold_standard_assembly	30	Otu99.0	0.44067716393316597	1.0	7479725	3296144	3296144	0.002150537634408602	1.0	465	1	1
marmgCAMI2_short_read_pooled_gold_standard_assembly	28	Otu301	0.5872519541685847	1.0	9189330	5396452	5396452	0.0009372071227741331	1.0	1067	1	1
marmgCAMI2_short_read_pooled_gold_standard_assembly	27	Otu69.0	1.0	1.0	4719539	4719539	4719539	1.0	1.0	1	1	1
marmgCAMI2_short_read_pooled_gold_standard_assembly	26	Otu106	0.6823043377303798	1.0	2751923	1877649	1877649	0.0027548209366391185	1.0	363	1	1
marmgCAMI2_short_read_pooled_gold_standard_assembly	24	Otu302.0	0.9990071220573273	1.0	3135330	3132217	3132217	0.6	1.0	5	3	3
marmgCAMI2_short_read_pooled_gold_standard_assembly	23	Otu130.0	1.0	1.0	4289702	4289702	4289702	1.0	1.0	2	2	2
marmgCAMI2_short_read_pooled_gold_standard_assembly	22	Otu218	1.0	1.0	1878554	1878554	1878554	1.0	1.0	2	2	2
marmgCAMI2_short_read_pooled_gold_standard_assembly	18	Otu215.0	0.9983174731115576	1.0	3079297	3074116	3074116	0.5714285714285714	1.0	7	4	4
marmgCAMI2_short_read_pooled_gold_standard_assembly	288	Otu298	0.40533897608429403	1.0	20181173	8180216	8180216	0.006896551724137931	1.0	145	1	1
marmgCAMI2_short_read_pooled_gold_standard_assembly	291	Otu9	1.0	1.0	2562275	2562275	2562275	1.0	1.0	1	1	1
marmgCAMI2_short_read_pooled_gold_standard_assembly	15	Otu11	1.0	1.0	1667163	1667163	1667163	1.0	1.0	1	1	1
marmgCAMI2_short_read_pooled_gold_standard_assembly	13	Otu438	0.9948505352229968	1.0	6354641	6321918	6321918	0.42105263157894735	1.0	19	8	8
marmgCAMI2_short_read_pooled_gold_standard_assembly	12	Otu833	0.5448259595689129	1.0	3103503	1690869	1690869	0.0031545741324921135	1.0	317	1	1
marmgCAMI2_short_read_pooled_gold_standard_assembly	11	Otu220.0	0.9993086995163529	1.0	5317514	5313838	5313838	0.6666666666666666	1.0	6	4	4
marmgCAMI2_short_read_pooled_gold_standard_assembly	10	Otu800.0	0.9945578179086636	1.0	4430392	4406281	4406281	0.17647058823529413	1.0	17	3	3
marmgCAMI2_short_read_pooled_gold_standard_assembly	8	Otu26.0	0.9910509129258097	1.0	3935150	3899934	3899934	0.3333333333333333	1.0	3	1	1
marmgCAMI2_short_read_pooled_gold_standard_assembly	293	Otu398	0.994507728165379	1.0	1918696	1908158	1908158	0.3333333333333333	1.0	9	3	3
marmgCAMI2_short_read_pooled_gold_standard_assembly	5	Otu212.0	0.999281099921464	1.0	4604256	4600946	4600946	0.6	1.0	5	3	3
marmgCAMI2_short_read_pooled_gold_standard_assembly	297	Otu160	1.0	1.0	1859369	1859369	1859369	1.0	1.0	1	1	1
marmgCAMI2_short_read_pooled_gold_standard_assembly	2	Otu203	0.9981232750103434	1.0	4391693	4383451	4383451	0.375	1.0	8	3	3
marmgCAMI2_short_read_pooled_gold_standard_assembly	274	Otu93	1.0	1.0	3251347	3251347	3251347	1.0	1.0	1	1	1
marmgCAMI2_short_read_pooled_gold_standard_assembly	187	Otu234.0	0.9616525748703941	1.0	5554532	5341530	5341530	0.02564102564102564	1.0	39	1	1
marmgCAMI2_short_read_pooled_gold_standard_assembly	53	Otu525.0	0.5234974352600008	1.0	8286415	4337917	4337917	0.0033333333333333335	1.0	300	1	1
marmgCAMI2_short_read_pooled_gold_standard_assembly	60	Otu465	0.48016175239073333	1.0	3006818	1443759	1443759	0.0031746031746031746	1.0	315	1	1
marmgCAMI2_short_read_pooled_gold_standard_assembly	271	Otu239.0	0.5004842960294109	1.0	7833019	3920303	3920303	0.25	1.0	4	1	1
marmgCAMI2_short_read_pooled_gold_standard_assembly	61	Otu176.0	0.9994191492796174	1.0	3054141	3052367	3052367	0.6666666666666666	1.0	3	2	2
marmgCAMI2_short_read_pooled_gold_standard_assembly	58	Otu185.0	0.9965883758840426	1.0	5391567	5373173	5373173	0.2	1.0	5	1	1
marmgCAMI2_short_read_pooled_gold_standard_assembly	55	Otu75.0	1.0	1.0	4279149	4279149	4279149	1.0	1.0	1	1	1
marmgCAMI2_short_read_pooled_gold_standard_assembly	92	Otu499	1.0	0.9997547274594535	2221473	2221473	2222018	1.0	0.9090909090909091	10	10	11
marmgCAMI2_short_read_pooled_gold_standard_assembly	258	Otu163	0.5026958738293581	0.9995607653207327	14359537	7218480	7221652	0.02178496134926212	0.9117647058823529	1423	31	34
marmgCAMI2_short_read_pooled_gold_standard_assembly	103	Otu590	1.0	0.9991987432545185	3923186	3923186	3926332	1.0	0.9411764705882353	16	16	17
marmgCAMI2_short_read_pooled_gold_standard_assembly	223	Otu249.0	0.9438788703469849	0.9989126456586531	4779804	4511556	4516467	0.045454545454545456	0.5	22	1	2
marmgCAMI2_short_read_pooled_gold_standard_assembly	50	Otu404.0	0.9863808665882444	0.9988701866133235	4616887	4554009	4559160	0.2926829268292683	0.8571428571428571	41	12	14
marmgCAMI2_short_read_pooled_gold_standard_assembly	3	Otu70.0	1.0	0.9985680484414919	3702916	3702916	3708226	1.0	0.6666666666666666	2	2	3
marmgCAMI2_short_read_pooled_gold_standard_assembly	76	Otu1184	0.9237535392442905	0.9976884975233902	3826735	3534960	3543150	0.10948905109489052	0.8823529411764706	137	15	17
marmgCAMI2_short_read_pooled_gold_standard_assembly	83	Otu174	0.9713299268056899	0.9974756069888814	1520610	1477014	1480752	0.78125	0.8928571428571429	32	25	28
marmgCAMI2_short_read_pooled_gold_standard_assembly	88	Otu1664	0.9996041112824945	0.9973641781480295	3892508	3890967	3901250	0.99	0.9339622641509434	100	99	106
marmgCAMI2_short_read_pooled_gold_standard_assembly	168	Otu279	0.9963039646823292	0.9971570961278279	1344143	1339175	1342993	0.7777777777777778	0.875	9	7	8
marmgCAMI2_short_read_pooled_gold_standard_assembly	231	Otu139	0.31498819217230173	0.9967804314991567	15950436	5024199	5040427	0.003293084522502744	0.5	911	3	6
marmgCAMI2_short_read_pooled_gold_standard_assembly	56	Otu83	0.5595498576376363	0.9958074714738744	5907109	3305322	3319238	0.006578947368421052	0.5	152	1	2
marmgCAMI2_short_read_pooled_gold_standard_assembly	285	Otu71	1.0	0.9956111601824451	2779601	2779601	2791854	1.0	0.5	1	1	2
marmgCAMI2_short_read_pooled_gold_standard_assembly	259	RNODE_407_length_46658_cov_49.66972	1.0	0.9954592678472713	462792	462792	464903	1.0	0.9047619047619048	19	19	21
marmgCAMI2_short_read_pooled_gold_standard_assembly	70	Otu980	0.9802996490242277	0.9945570346649276	3758664	3684617	3704782	0.25	0.7222222222222222	52	13	18
marmgCAMI2_short_read_pooled_gold_standard_assembly	255	Otu1498	0.179189562896912	0.9943677680821678	29374741	5263647	5293461	0.04095004095004095	0.8333333333333334	1221	50	60
marmgCAMI2_short_read_pooled_gold_standard_assembly	87	Otu921.0	0.9853002187378459	0.9941676623486678	4548367	4481507	4507798	0.6804123711340206	0.8048780487804879	97	66	82
marmgCAMI2_short_read_pooled_gold_standard_assembly	113	Otu76.0	1.0	0.9930386933384937	3063577	3063577	3085053	1.0	0.7407407407407407	20	20	27
marmgCAMI2_short_read_pooled_gold_standard_assembly	266	Otu123.0	1.0	0.9924038663384892	3129623	3129623	3153578	1.0	0.3333333333333333	1	1	3
marmgCAMI2_short_read_pooled_gold_standard_assembly	77	Otu46	1.0	0.9911894045484376	1726308	1726308	1741653	1.0	0.6376811594202898	44	44	69
marmgCAMI2_short_read_pooled_gold_standard_assembly	283	Otu595.0	0.9707645244330743	0.9910416351566791	5642802	5477832	5527348	0.7560975609756098	0.7560975609756098	82	62	82
marmgCAMI2_short_read_pooled_gold_standard_assembly	189	Otu1448	0.8901796633743035	0.9910005042565183	2251878	2004576	2022780	0.03305785123966942	0.8	121	4	5
marmgCAMI2_short_read_pooled_gold_standard_assembly	62	Otu304.0	1.0	0.990866888762299	3986745	3986745	4023492	1.0	0.5	1	1	2
marmgCAMI2_short_read_pooled_gold_standard_assembly	85	Otu2299.0	1.0	0.9908609654341007	2886594	2886594	2913218	1.0	0.881578947368421	201	201	228
marmgCAMI2_short_read_pooled_gold_standard_assembly	198	Otu716.0	0.99547294691298	0.9898440345648057	3922861	3905102	3945169	0.9247311827956989	0.8775510204081632	93	86	98
marmgCAMI2_short_read_pooled_gold_standard_assembly	148	Otu1200.0	0.9345899254521004	0.989746998511756	5400957	5047680	5099970	0.08536585365853659	0.875	164	14	16
marmgCAMI2_short_read_pooled_gold_standard_assembly	9	Otu37.0	0.9997591919336888	0.9886853797539958	7246435	7244690	7327599	0.75	0.75	4	3	4
marmgCAMI2_short_read_pooled_gold_standard_assembly	269	Otu67.0	1.0	0.9885242019835848	3481689	3481689	3522108	1.0	0.5	1	1	2
marmgCAMI2_short_read_pooled_gold_standard_assembly	222	Otu1136.0	0.983609214689143	0.9880827066879295	3824893	3762200	3807576	0.68	0.9272727272727272	75	51	55
marmgCAMI2_short_read_pooled_gold_standard_assembly	219	Otu64.0	1.0	0.9878574067167807	5589070	5589070	5657770	1.0	0.5	1	1	2
marmgCAMI2_short_read_pooled_gold_standard_assembly	194	Otu159	0.9890135972671974	0.9875587312583739	3341039	3304333	3345961	0.775	0.8157894736842105	80	62	76
marmgCAMI2_short_read_pooled_gold_standard_assembly	210	Otu241.0	0.5879349996548773	0.9871085184980073	8185495	4812539	4875390	0.0013175230566534915	0.5	759	1	2
marmgCAMI2_short_read_pooled_gold_standard_assembly	51	Otu271	1.0	0.9864569751443162	4410022	4410022	4470567	1.0	0.5	1	1	2
marmgCAMI2_short_read_pooled_gold_standard_assembly	191	Otu2290.0	0.2644207191350264	0.9856815760989175	9942500	2629003	2667193	0.11975435005117707	0.9069767441860465	977	117	129
marmgCAMI2_short_read_pooled_gold_standard_assembly	185	Otu6	1.0	0.984508601152226	2428320	2428320	2466530	1.0	0.8936170212765957	42	42	47
marmgCAMI2_short_read_pooled_gold_standard_assembly	94	Otu634.0	1.0	0.9844534324796538	2857255	2857255	2902377	1.0	0.7777777777777778	7	7	9
marmgCAMI2_short_read_pooled_gold_standard_assembly	134	Otu150.0	1.0	0.9842583551749033	3256967	3256967	3309057	1.0	0.797979797979798	79	79	99
marmgCAMI2_short_read_pooled_gold_standard_assembly	292	Otu2.0	1.0	0.984118487139528	4079427	4079427	4145260	1.0	0.5	1	1	2
marmgCAMI2_short_read_pooled_gold_standard_assembly	79	Otu13.0	0.5251058721303398	0.9840533820989659	4976286	2613077	2655422	0.5	0.5	2	1	2
marmgCAMI2_short_read_pooled_gold_standard_assembly	133	Otu415.0	1.0	0.9809416198126644	4883353	4883353	4978230	1.0	0.9090909090909091	10	10	11
marmgCAMI2_short_read_pooled_gold_standard_assembly	160	Otu447.1	0.9990923908553058	0.9804718194376124	3994010	3990385	4069862	0.9937888198757764	0.8465608465608465	322	320	378
marmgCAMI2_short_read_pooled_gold_standard_assembly	104	Otu282.1	0.6384218588519343	0.9789052737223007	7528959	4806652	4910232	0.05971769815418024	0.9016393442622951	921	55	61
marmgCAMI2_short_read_pooled_gold_standard_assembly	296	Otu36.0	1.0	0.9785875994469135	4048915	4048915	4137509	1.0	0.5	1	1	2
marmgCAMI2_short_read_pooled_gold_standard_assembly	280	Otu453	1.0	0.9768045531976142	2925009	2925009	2994467	1.0	0.7126436781609196	62	62	87
marmgCAMI2_short_read_pooled_gold_standard_assembly	265	Otu491.0	0.976470413242406	0.9761814392739933	4101007	4004512	4102221	0.8125	0.7692307692307693	160	130	169
marmgCAMI2_short_read_pooled_gold_standard_assembly	196	Otu254	0.5185392839815973	0.9755634301136209	10977986	5692517	5835107	0.921875	0.7662337662337663	320	295	385
marmgCAMI2_short_read_pooled_gold_standard_assembly	199	Otu413	0.9829408683446799	0.9749075212284518	4719232	4638726	4758119	0.9471544715447154	0.8694029850746269	246	233	268
marmgCAMI2_short_read_pooled_gold_standard_assembly	197	Otu1763.0	0.9881217758144558	0.9742611217440942	5090239	5029776	5162657	0.9580536912751678	0.8168812589413448	596	571	699
marmgCAMI2_short_read_pooled_gold_standard_assembly	242	Otu771	0.9772016595081551	0.9730920753250605	1558052	1522531	1564632	0.625	0.6944444444444444	40	25	36
marmgCAMI2_short_read_pooled_gold_standard_assembly	29	Otu625	1.0	0.9729560652002409	1930087	1930087	1983735	1.0	0.9090909090909091	10	10	11
marmgCAMI2_short_read_pooled_gold_standard_assembly	287	Otu78	0.8737574960248672	0.9717312640946515	5341331	4667028	4802797	0.006944444444444444	0.5	288	2	4
marmgCAMI2_short_read_pooled_gold_standard_assembly	260	Otu172.0	0.4928090434788055	0.9705725831640558	8941161	4406285	4539882	0.027777777777777776	0.875	252	7	8
marmgCAMI2_short_read_pooled_gold_standard_assembly	164	Otu496.0	0.998875913235235	0.9661692865085866	2932158	2928862	3031417	0.9809523809523809	0.824	105	103	125
marmgCAMI2_short_read_pooled_gold_standard_assembly	142	Otu44.0	0.9519569695582513	0.9657205748709713	2839850	2703415	2799376	0.8421052631578947	0.8057553956834532	133	112	139
marmgCAMI2_short_read_pooled_gold_standard_assembly	131	Otu754	0.98178352375191	0.965364583296609	6972534	6845519	7091123	0.9141914191419142	0.8064046579330422	606	554	687
marmgCAMI2_short_read_pooled_gold_standard_assembly	42	Otu928.0	0.9982759146545198	0.9648866016328994	2918069	2913038	3019047	0.625	0.8333333333333334	8	5	6
marmgCAMI2_short_read_pooled_gold_standard_assembly	182	Otu1544	0.9947347481602524	0.9645115941349961	4076918	4055452	4204669	0.9341317365269461	0.8715083798882681	167	156	179
marmgCAMI2_short_read_pooled_gold_standard_assembly	36	Otu364	1.0	0.9635343432744987	1382164	1382164	1434473	1.0	0.828125	53	53	64
marmgCAMI2_short_read_pooled_gold_standard_assembly	279	Otu12.0	1.0	0.9627726172513087	3523380	3523380	3659618	1.0	0.3333333333333333	1	1	3
marmgCAMI2_short_read_pooled_gold_standard_assembly	32	Otu255	0.5080608057488383	0.9602593234726668	10128516	5145902	5358867	0.14285714285714285	0.25	7	1	4
marmgCAMI2_short_read_pooled_gold_standard_assembly	146	Otu1515	0.2882074494522349	0.9597570090189212	20375431	5872351	6118581	0.11022632020117351	0.8708609271523179	2386	263	302
marmgCAMI2_short_read_pooled_gold_standard_assembly	59	Otu116.0	0.9996480264725632	0.9570641845442356	5392451	5390553	5632384	0.9880952380952381	0.83	84	83	100
marmgCAMI2_short_read_pooled_gold_standard_assembly	180	Otu1428.0	0.9830997557834752	0.9554053862072558	4514846	4438544	4645718	0.8695652173913043	0.8391608391608392	138	120	143
marmgCAMI2_short_read_pooled_gold_standard_assembly	63	Otu292.0	0.5012762688462811	0.9542703333457242	8245128	4133087	4331149	0.0024330900243309003	0.2	411	1	5
marmgCAMI2_short_read_pooled_gold_standard_assembly	67	Otu1119.0	0.9208625323251673	0.9522181288918159	2601688	2395797	2516017	0.8433179723502304	0.7956521739130434	217	183	230
marmgCAMI2_short_read_pooled_gold_standard_assembly	19	Otu1322	0.9943712199995131	0.9496321027291647	5667658	5635756	5934673	0.6170212765957447	0.90625	47	29	32
marmgCAMI2_short_read_pooled_gold_standard_assembly	154	Otu1475	1.0	0.9458417176457093	2341766	2341766	2475854	1.0	0.8571428571428571	54	54	63
marmgCAMI2_short_read_pooled_gold_standard_assembly	177	Otu1187	0.8746060274038038	0.9452408416915787	6699070	5859047	6198470	0.6308623298033282	0.7973231357552581	661	417	523
marmgCAMI2_short_read_pooled_gold_standard_assembly	75	Otu368	0.9512724884675224	0.9434414407497937	5503154	5234999	5548833	0.05732484076433121	0.6923076923076923	157	9	13
marmgCAMI2_short_read_pooled_gold_standard_assembly	118	Otu454.0	0.9825490220756664	0.9426599245557629	4767240	4684047	4968968	0.125	0.6	48	6	10
marmgCAMI2_short_read_pooled_gold_standard_assembly	106	Otu10	0.9995647071549728	0.9414187422703693	5380286	5377944	5712595	0.9861111111111112	0.6016949152542372	72	71	118
marmgCAMI2_short_read_pooled_gold_standard_assembly	155	Otu1191	0.9833433866955861	0.9377600326127358	3420083	3363116	3586329	0.8561643835616438	0.8680555555555556	146	125	144
marmgCAMI2_short_read_pooled_gold_standard_assembly	214	Otu226	0.9711062554014919	0.9372566935944422	4351807	4226067	4508975	0.31958762886597936	0.43661971830985913	97	31	71
marmgCAMI2_short_read_pooled_gold_standard_assembly	163	Otu1093	0.9931730910899113	0.9363085041119992	2606304	2588511	2764592	0.9708454810495627	0.7762237762237763	343	333	429
marmgCAMI2_short_read_pooled_gold_standard_assembly	64	Otu483	0.9629041370340725	0.9361171428111871	5741988	5528984	5906295	0.4827586206896552	0.8076923076923077	174	84	104
marmgCAMI2_short_read_pooled_gold_standard_assembly	193	Otu73	0.9607356366830149	0.9356668653934076	5395707	5183848	5540271	0.0297029702970297	0.5	101	3	6
marmgCAMI2_short_read_pooled_gold_standard_assembly	20	Otu23	1.0	0.9335803109594606	5352004	5352004	5732773	1.0	0.6666666666666666	2	2	3
marmgCAMI2_short_read_pooled_gold_standard_assembly	44	Otu683.0	0.9993593995505708	0.9329649097450955	5154539	5151237	5521362	0.9285714285714286	0.896551724137931	28	26	29
marmgCAMI2_short_read_pooled_gold_standard_assembly	232	Otu22	1.0	0.9231007031069026	3323445	3323445	3600306	1.0	0.4	34	34	85
marmgCAMI2_short_read_pooled_gold_standard_assembly	37	Otu289	0.132126369221568	0.9195953299779706	31872033	4211136	4579336	0.008729192042224929	0.4387755102040816	4926	43	98
marmgCAMI2_short_read_pooled_gold_standard_assembly	156	Otu987	0.9970253740496348	0.9176784824628124	8586962	8561419	9329432	0.9705093833780161	0.6921606118546845	373	362	523
marmgCAMI2_short_read_pooled_gold_standard_assembly	151	Otu383	0.9859633299599392	0.91501581230319	3024649	2982193	3259171	0.5818181818181818	0.8421052631578947	55	32	38
marmgCAMI2_short_read_pooled_gold_standard_assembly	190	Otu88.0	1.0	0.9140893693557778	3102178	3102178	3393736	1.0	0.5324675324675324	41	41	77
marmgCAMI2_short_read_pooled_gold_standard_assembly	121	Otu1540	0.9793744952107077	0.9112448204017971	1278999	1252619	1374624	0.9459459459459459	0.6840390879478827	222	210	307
marmgCAMI2_short_read_pooled_gold_standard_assembly	81	Otu1548.1	0.9984252586248046	0.9106205826956869	4231806	4225142	4639849	0.9893617021276596	0.7560975609756098	188	186	246
marmgCAMI2_short_read_pooled_gold_standard_assembly	102	Otu1065	0.9813765750936984	0.9098874334928583	3217507	3157586	3470304	0.9013452914798207	0.7362637362637363	223	201	273
marmgCAMI2_short_read_pooled_gold_standard_assembly	128	Otu696	0.9947532924320143	0.906376888686247	3597113	3578240	3947850	0.985200845665962	0.7092846270928462	473	466	657
marmgCAMI2_short_read_pooled_gold_standard_assembly	254	Otu183.1	0.9826921692298013	0.9052476197350926	4402747	4326545	4779405	0.11428571428571428	0.6666666666666666	35	4	6
marmgCAMI2_short_read_pooled_gold_standard_assembly	200	Otu564	0.9269794139604404	0.9026698608786007	5060614	4691085	5196900	0.3399014778325123	0.8214285714285714	203	69	84
marmgCAMI2_short_read_pooled_gold_standard_assembly	158	Otu128	0.20989336546481188	0.8999304384318065	22109160	4640566	5156583	0.0453857791225416	0.5714285714285714	1322	60	105
marmgCAMI2_short_read_pooled_gold_standard_assembly	175	Otu613	0.9987974365177734	0.8950112035815859	2818978	2815588	3145869	0.7142857142857143	0.625	7	5	8
marmgCAMI2_short_read_pooled_gold_standard_assembly	57	Otu2338	1.0	0.8949532330215535	1320414	1320414	1475400	1.0	0.6592920353982301	149	149	226
marmgCAMI2_short_read_pooled_gold_standard_assembly	109	Otu1139	0.4156237608356002	0.8854054054054054	4254379	1768221	1997075	0.7025495750708215	0.6666666666666666	353	248	372
marmgCAMI2_short_read_pooled_gold_standard_assembly	152	Otu1004	0.8856454933195799	0.8808837359756801	1128447	999404	1134547	0.8109965635738832	0.6194225721784777	291	236	381
marmgCAMI2_short_read_pooled_gold_standard_assembly	178	Otu384.0	1.0	0.8799090774500599	3649217	3649217	4147266	1.0	0.4	2	2	5
marmgCAMI2_short_read_pooled_gold_standard_assembly	108	Otu338	0.8898960960534261	0.8753864972278428	5630200	5010293	5723521	0.17587939698492464	0.7608695652173914	199	35	46
marmgCAMI2_short_read_pooled_gold_standard_assembly	235	Otu169.1	0.9788776648125582	0.8638106646231223	1779112	1741533	2016105	0.28	0.7777777777777778	25	7	9
marmgCAMI2_short_read_pooled_gold_standard_assembly	45	Otu592.0	0.9955990813950977	0.8635578496292277	3425194	3410120	3948919	0.9674418604651163	0.697986577181208	215	208	298
marmgCAMI2_short_read_pooled_gold_standard_assembly	149	Otu1257	0.9808494568456332	0.863034443953739	2711568	2659640	3081731	0.9675213675213675	0.5889698231009365	585	566	961
marmgCAMI2_short_read_pooled_gold_standard_assembly	261	Otu479	0.7103353485527024	0.859641356658608	4070690	2891555	3363676	0.309375	0.6246056782334385	640	198	317
marmgCAMI2_short_read_pooled_gold_standard_assembly	162	Otu1108.1	0.9334896439796198	0.8243876922072461	1136199	1060630	1286567	0.908675799086758	0.5407608695652174	219	199	368
marmgCAMI2_short_read_pooled_gold_standard_assembly	217	Otu851.0	0.9904602632526072	0.82181045330667	2728482	2702453	3288414	0.9798165137614679	0.5250737463126843	545	534	1017
marmgCAMI2_short_read_pooled_gold_standard_assembly	72	Otu1225	0.6261235946040253	0.819798196168885	6542729	4096557	4997031	0.2310704960835509	0.6781609195402298	766	177	261
marmgCAMI2_short_read_pooled_gold_standard_assembly	98	Otu810.0	0.8719147285882225	0.8190023601545129	3300520	2877772	3513753	0.4532710280373832	0.610062893081761	214	97	159
marmgCAMI2_short_read_pooled_gold_standard_assembly	184	Otu1362.0	0.9950459919892322	0.8101175533622864	1351431	1344736	1659927	0.9523809523809523	0.6451612903225806	63	60	93
marmgCAMI2_short_read_pooled_gold_standard_assembly	115	Otu806.0	0.9970616171986411	0.7984773949679935	3905890	3894413	4877299	0.992	0.5030425963488844	750	744	1479
marmgCAMI2_short_read_pooled_gold_standard_assembly	167	Otu945	0.9936184700388832	0.7835182767012573	2104511	2091081	2668835	0.9846491228070176	0.5143184421534936	456	449	873
marmgCAMI2_short_read_pooled_gold_standard_assembly	112	Otu451	0.9688347686148484	0.7645231110083144	1620588	1570082	2053675	0.863013698630137	0.5915492957746479	146	126	213
marmgCAMI2_short_read_pooled_gold_standard_assembly	239	Otu1676.0	0.5142729740725029	0.7539031945681123	3684621	1894901	2513454	0.8897058823529411	0.5182012847965739	272	242	467
marmgCAMI2_short_read_pooled_gold_standard_assembly	68	Otu881.0	0.993057059899697	0.722795195153815	1098670	1091042	1509476	0.9902597402597403	0.40558510638297873	308	305	752
marmgCAMI2_short_read_pooled_gold_standard_assembly	284	Otu1913	1.0	0.684432087418374	952429	952429	1391561	1.0	0.5411764705882353	46	46	85
marmgCAMI2_short_read_pooled_gold_standard_assembly	172	Otu391	0.9681051078131712	0.6795708482402467	2181227	2111657	3107339	0.7333333333333333	0.532258064516129	90	66	124
marmgCAMI2_short_read_pooled_gold_standard_assembly	252	Otu954	0.9985565559576826	0.6403757634315865	1186745	1185032	1850526	0.9953917050691244	0.421875	217	216	512
marmgCAMI2_short_read_pooled_gold_standard_assembly	130	Otu445	0.9026802835916736	0.6054903965400857	1367318	1234251	2038432	0.6283185840707964	0.4409937888198758	113	71	161
marmgCAMI2_short_read_pooled_gold_standard_assembly	257	Otu960.0	0.7832153439211719	0.589465192282458	3177545	2488702	4221966	0.7254641909814323	0.350416399743754	754	547	1561
marmgCAMI2_short_read_pooled_gold_standard_assembly	129	Otu799.0	0.9680531519672222	0.5851337369452541	1965233	1902450	3251308	0.9517241379310345	0.31417188389299944	580	552	1757
marmgCAMI2_short_read_pooled_gold_standard_assembly	166	Otu1446.0	0.847970676648541	0.5829606557808623	4178240	3543025	6077640	0.7506561679790026	0.3997204751921733	762	572	1431
marmgCAMI2_short_read_pooled_gold_standard_assembly	82	Otu783	0.9198412590504937	0.5780720062481448	3089058	2841443	4915379	0.8917525773195877	0.5156482861400894	388	346	671
marmgCAMI2_short_read_pooled_gold_standard_assembly	17	Otu1445	1.0	0.5715024595371044	1917101	1917101	3354493	1.0	0.2690677966101695	635	635	2360
marmgCAMI2_short_read_pooled_gold_standard_assembly	244	Otu1133	0.7305022411868374	0.571399911503879	4058787	2964953	5188928	0.8419161676646707	0.3179556761646314	835	703	2211
marmgCAMI2_short_read_pooled_gold_standard_assembly	209	Otu1123	0.9851066564324092	0.5654104417209844	2801050	2759333	4880230	0.9580838323353293	0.4401650618982118	334	320	727
marmgCAMI2_short_read_pooled_gold_standard_assembly	206	Otu570.0	0.9205276140901469	0.5318865298996709	2531244	2330080	4380784	0.8147058823529412	0.39741750358680056	340	277	697
marmgCAMI2_short_read_pooled_gold_standard_assembly	247	Otu457.0	0.9948381530040752	0.5276665889154539	2037449	2026932	3841312	0.782608695652174	0.46153846153846156	23	18	39
marmgCAMI2_short_read_pooled_gold_standard_assembly	14	Otu1270	0.8640177721528851	0.5229057769888853	2977242	2572390	4919414	0.38202247191011235	0.3269230769230769	178	68	208
marmgCAMI2_short_read_pooled_gold_standard_assembly	294	Otu2433.0	0.9784219200837075	0.4823665752301536	2085357	2040359	4229893	0.9857397504456328	0.2587739822180627	561	553	2137
marmgCAMI2_short_read_pooled_gold_standard_assembly	273	Otu107	0.9928349973078453	0.4743875166047317	2273272	2256984	4757680	0.7878787878787878	0.3023255813953488	33	26	86
marmgCAMI2_short_read_pooled_gold_standard_assembly	93	Otu924	0.9466507648903123	0.46677914814258925	2286537	2164552	4637208	0.6296296296296297	0.4594594594594595	108	68	148
marmgCAMI2_short_read_pooled_gold_standard_assembly	1	Otu895.0	0.9725907912747183	0.42204671967971014	1373480	1335834	3165133	0.9523809523809523	0.2522255192878338	357	340	1348
marmgCAMI2_short_read_pooled_gold_standard_assembly	289	Otu837.0	0.997217779771604	0.4184570074707424	1921487	1916141	4579063	0.9971223021582734	0.18241642537509872	695	693	3799
marmgCAMI2_short_read_pooled_gold_standard_assembly	228	Otu909	0.5275062314691586	0.4068481724586341	2193303	1156981	2843766	0.6530612244897959	0.3035230352303523	343	224	738
marmgCAMI2_short_read_pooled_gold_standard_assembly	169	Otu1546	0.7424323121194296	0.38253983671525343	1761172	1307551	3418078	0.7553017944535073	0.18438868976503386	613	463	2511
marmgCAMI2_short_read_pooled_gold_standard_assembly	91	Otu1193	0.9881777754994809	0.3402681246717944	468186	462651	1359666	0.9852216748768473	0.12634238787113075	203	200	1583
marmgCAMI2_short_read_pooled_gold_standard_assembly	78	Otu1580	0.6904401252542758	0.3339576929991574	893223	616717	1846692	0.6992753623188406	0.17371737173717372	276	193	1111
marmgCAMI2_short_read_pooled_gold_standard_assembly	277	Otu1656	0.9305443010038966	0.315021672179765	593587	552359	1753400	0.8878504672897196	0.3104575163398693	107	95	306
marmgCAMI2_short_read_pooled_gold_standard_assembly	299	Otu837.0	0.016000239435073903	0.2980594501538852	85300786	1364833	4579063	0.01617473012229674	0.2374309028691761	55766	902	3799
marmgCAMI2_short_read_pooled_gold_standard_assembly	224	Otu498	0.3633341884095148	0.294922979598571	1839992	668532	2266802	0.4251497005988024	0.11229735073151444	668	284	2529
marmgCAMI2_short_read_pooled_gold_standard_assembly	107	Otu1913	1.0	0.2924262752405392	406929	406929	1391561	1.0	0.2823529411764706	24	24	85
marmgCAMI2_short_read_pooled_gold_standard_assembly	204	Otu753	0.4369107572709055	0.2768980654050803	1240045	541789	1956637	0.47668393782383417	0.14186584425597532	386	184	1297
marmgCAMI2_short_read_pooled_gold_standard_assembly	275	Otu2297	0.824624640450903	0.2690030461335639	721042	594589	2210343	0.9700374531835206	0.08863791923340178	267	259	2922
marmgCAMI2_short_read_pooled_gold_standard_assembly	140	Otu1505.0	0.9668290282596373	0.2613747959134188	1605470	1552215	5938656	0.9682539682539683	0.14710610932475884	567	549	3732
marmgCAMI2_short_read_pooled_gold_standard_assembly	89	Otu1900	0.9664233035615016	0.2583788214523771	593626	573694	2220360	0.9897959183673469	0.09918200408997956	196	194	1956
marmgCAMI2_short_read_pooled_gold_standard_assembly	101	Otu2479	0.9714471061192214	0.2029981150464807	633561	615471	3031905	0.9067796610169492	0.19349005424954793	118	107	553
marmgCAMI2_short_read_pooled_gold_standard_assembly	43	Otu429.0	0.8507925594419582	0.18877731597773892	799940	680583	3605216	0.8489583333333334	0.12936507936507938	192	163	1260
marmgCAMI2_short_read_pooled_gold_standard_assembly	153	Otu1374	0.8237287372729055	0.18500627470348596	311049	256220	1384926	0.8257575757575758	0.07064160725858717	132	109	1543
marmgCAMI2_short_read_pooled_gold_standard_assembly	80	Otu2154	0.8209341117597998	0.18187767496040733	287760	236232	1298851	0.8297872340425532	0.05772076961026147	141	117	2027
marmgCAMI2_short_read_pooled_gold_standard_assembly	122	Otu489.0	0.9564580097546438	0.1772638796315229	697924	667535	3765770	0.9291338582677166	0.18294573643410852	127	118	645
marmgCAMI2_short_read_pooled_gold_standard_assembly	7	Otu2448	0.9567482782244979	0.17672011306464053	277330	265335	1501442	0.9661016949152542	0.06329816768461966	118	114	1801
marmgCAMI2_short_read_pooled_gold_standard_assembly	135	Otu961	0.8580793305311515	0.17043510703963388	1361796	1168529	6856152	0.8735632183908046	0.06517211809383805	609	532	8163
marmgCAMI2_short_read_pooled_gold_standard_assembly	99	Otu2099	0.9797575019476856	0.16648926254921728	446684	437642	2628650	0.9795918367346939	0.06510681586978637	196	192	2949
marmgCAMI2_short_read_pooled_gold_standard_assembly	25	Otu839	0.7584093747210101	0.16355994569061907	907291	688098	4207008	0.6806451612903226	0.11217437533227007	310	211	1881
marmgCAMI2_short_read_pooled_gold_standard_assembly	245	Otu472.1	0.9850922229087413	0.15281928572564538	721838	711077	4653058	0.9789915966386554	0.08378281193815175	238	233	2781
marmgCAMI2_short_read_pooled_gold_standard_assembly	233	Otu2174	0.9925228800829298	0.15017721857247734	416738	413622	2754226	0.992	0.08288770053475936	125	124	1496
marmgCAMI2_short_read_pooled_gold_standard_assembly	215	Otu889.0	0.9461961415250552	0.14518567112818734	489779	463427	3191961	0.8958333333333334	0.13374805598755832	96	86	643
marmgCAMI2_short_read_pooled_gold_standard_assembly	212	Otu2052	0.8499789671524337	0.1428396738648854	853427	725395	5078386	0.9793103448275862	0.0672189349112426	290	284	4225
marmgCAMI2_short_read_pooled_gold_standard_assembly	100	Otu1334	0.7273084900365085	0.14216435469726738	1250666	909620	6398369	0.1069182389937107	0.1588785046728972	159	17	107
marmgCAMI2_short_read_pooled_gold_standard_assembly	240	Otu775.0	0.9236526249243554	0.1403117059563015	665943	615100	4383811	0.9266666666666666	0.04997303613158368	300	278	5563
marmgCAMI2_short_read_pooled_gold_standard_assembly	298	Otu520.0	0.9321229333603813	0.14003341167315886	591540	551388	3937546	0.8518518518518519	0.14626391096979333	108	92	629
marmgCAMI2_short_read_pooled_gold_standard_assembly	205	Otu750	0.6940446781136155	0.13610137811902284	359863	249761	1835110	0.9404761904761905	0.06480721903199343	84	79	1219
marmgCAMI2_short_read_pooled_gold_standard_assembly	96	Otu1853	0.9280282492187053	0.13576230475927784	367019	340604	2508826	0.8813559322033898	0.1062308478038815	118	104	979
marmgCAMI2_short_read_pooled_gold_standard_assembly	97	Otu626.0	0.7308786659248716	0.13395911984833228	692015	505779	3775622	0.5944444444444444	0.11875693673695893	180	107	901
marmgCAMI2_short_read_pooled_gold_standard_assembly	16	Otu87.0	0.5026484451661859	0.12272093358670877	1213731	610080	4971279	0.5	0.5	2	1	2
marmgCAMI2_short_read_pooled_gold_standard_assembly	208	Otu1016.0	0.9750740327147921	0.11983741033052839	462971	451431	3767029	0.963855421686747	0.09389671361502347	166	160	1704
marmgCAMI2_short_read_pooled_gold_standard_assembly	248	Otu1704	0.8514613539557783	0.11843575418994413	213877	182108	1537610	0.8369565217391305	0.05009759271307743	92	77	1537
marmgCAMI2_short_read_pooled_gold_standard_assembly	179	Otu751.0	0.88473343210812	0.10771017857343865	443433	392320	3642367	0.8544303797468354	0.05821474773609314	158	135	2319
marmgCAMI2_short_read_pooled_gold_standard_assembly	173	Otu643.0	0.9892661157221763	0.10705421105860073	335666	332063	3101821	0.9848484848484849	0.05446166736489317	132	130	2387
marmgCAMI2_short_read_pooled_gold_standard_assembly	52	Otu613	0.9954759450482545	0.10498879641841412	331782	330281	3145869	0.75	0.375	4	3	8
marmgCAMI2_short_read_pooled_gold_standard_assembly	119	Otu677	0.8083700263482372	0.10344265067150943	622053	502849	4861138	0.7329545454545454	0.12078651685393259	176	129	1068
marmgCAMI2_short_read_pooled_gold_standard_assembly	141	Otu2189	0.49931158434534556	0.10342707608128256	363879	181689	1756687	0.3103448275862069	0.12162162162162163	116	36	296
marmgCAMI2_short_read_pooled_gold_standard_assembly	4	Otu927	0.958256508215393	0.1010457809445007	587373	562854	5570287	0.9529411764705882	0.05238197887475749	255	243	4639
marmgCAMI2_short_read_pooled_gold_standard_assembly	66	Otu2080.0	0.9023794701528671	0.09539688128533544	289140	260914	2735037	0.9090909090909091	0.04448038819247877	121	110	2473
marmgCAMI2_short_read_pooled_gold_standard_assembly	186	Otu712	0.8008403696562728	0.09504151533169973	376025	301136	3168468	0.8076923076923077	0.06871727748691099	130	105	1528
marmgCAMI2_short_read_pooled_gold_standard_assembly	262	Otu183.1	0.6438633507168571	0.09475238026490745	703348	452860	4779405	0.018518518518518517	0.3333333333333333	108	2	6
marmgCAMI2_short_read_pooled_gold_standard_assembly	33	Otu719.0	0.9865105087526959	0.09375922698000304	416843	411220	4385915	0.9705882352941176	0.15172413793103448	68	66	435
marmgCAMI2_short_read_pooled_gold_standard_assembly	49	Otu1399	1.0	0.09188983026518985	201656	201656	2194541	1.0	0.15300546448087432	28	28	183
marmgCAMI2_short_read_pooled_gold_standard_assembly	145	Otu1541	0.8656187488507636	0.0822315749133088	358934	310700	3778354	0.7857142857142857	0.0816542948038176	98	77	943
marmgCAMI2_short_read_pooled_gold_standard_assembly	165	Otu829.0	0.8499557217966422	0.08024647507491864	322958	274500	3420711	0.7777777777777778	0.12219451371571072	63	49	401
marmgCAMI2_short_read_pooled_gold_standard_assembly	263	Otu941	0.9924525192806549	0.07711529795102472	400531	397508	5154723	0.993103448275862	0.03937653814602133	145	144	3657
marmgCAMI2_short_read_pooled_gold_standard_assembly	282	Otu88.0	0.9870045380978071	0.07331507223897203	252088	248812	3393736	0.9545454545454546	0.2727272727272727	22	21	77
marmgCAMI2_short_read_pooled_gold_standard_assembly	183	Otu1227	0.9922978552682169	0.07196584061682322	239284	237441	3299357	0.9879518072289156	0.0425974025974026	83	82	1925
marmgCAMI2_short_read_pooled_gold_standard_assembly	241	Otu683.0	0.9915505560184206	0.06703509025490449	373279	370125	5521362	0.6	0.10344827586206896	5	3	29
marmgCAMI2_short_read_pooled_gold_standard_assembly	290	Otu23	1.0	0.06641968904053937	380769	380769	5732773	1.0	0.3333333333333333	1	1	3
marmgCAMI2_short_read_pooled_gold_standard_assembly	144	Otu454.0	0.9943949435829782	0.05734007544423712	286527	284921	4968968	0.8	0.4	5	4	10
marmgCAMI2_short_read_pooled_gold_standard_assembly	21	Otu20	1.0	0.053120104632557744	278941	278941	5251138	1.0	0.5	1	1	2
marmgCAMI2_short_read_pooled_gold_standard_assembly	124	Otu2107	0.7199552903250566	0.05277165558107578	208456	150079	2843932	0.6836734693877551	0.027202598457166056	98	67	2463
marmgCAMI2_short_read_pooled_gold_standard_assembly	54	Otu393.0	0.742065528955124	0.051781834221342735	346778	257332	4969542	0.045454545454545456	0.5	22	1	2
marmgCAMI2_short_read_pooled_gold_standard_assembly	295	Otu2439	0.7321651095996148	0.0517260330736037	413277	302587	5849801	0.7601809954751131	0.013963926523148533	221	168	12031
marmgCAMI2_short_read_pooled_gold_standard_assembly	188	Otu1358	0.987729389208436	0.04846508852518943	438120	432744	8928984	0.9769230769230769	0.08344283837056504	130	127	1522
marmgCAMI2_short_read_pooled_gold_standard_assembly	276	Otu73	0.9938603739123215	0.045375758694836406	252947	251394	5540271	0.5	0.16666666666666666	2	1	6
marmgCAMI2_short_read_pooled_gold_standard_assembly	69	Otu198.0	0.9621274693667343	0.043233277225064023	205822	198027	4580430	0.5	0.05	6	3	60
marmgCAMI2_short_read_pooled_gold_standard_assembly	281	Otu1389.0	0.7581365248429143	0.039764077469126156	350764	265927	6687619	0.7481481481481481	0.03353253652058433	135	101	3012
marmgCAMI2_short_read_pooled_gold_standard_assembly	286	Otu255	0.9671566824252829	0.03974067652733311	220197	212965	5358867	0.75	0.75	4	3	4
marmgCAMI2_short_read_pooled_gold_standard_assembly	86	Otu703	0.2873249229214435	0.032522033128605354	526411	151251	4650724	0.24242424242424243	0.12213740458015267	132	32	262
marmgCAMI2_short_read_pooled_gold_standard_assembly	202	Otu68	0.41831312528986947	0.02802833642793644	301860	126272	4505155	0.4117647058823529	0.059154929577464786	51	21	355
marmgCAMI2_short_read_pooled_gold_standard_assembly	110	Otu1156	0.2988763921984904	0.024081446407787536	365519	109245	4536480	0.30927835051546393	0.0379746835443038	97	30	790
marmgCAMI2_short_read_pooled_gold_standard_assembly	48	Otu703	0.29417892740830326	0.01924775583328531	304291	89516	4650724	0.24096385542168675	0.07633587786259542	83	20	262
marmgCAMI2_short_read_pooled_gold_standard_assembly	270	Otu1519	0.2644671806709552	0.014634546777412466	300646	79511	5433103	0.16842105263157894	0.01008827238335435	95	16	1586
marmgCAMI2_short_read_pooled_gold_standard_assembly	6	Otu1123	0.12243193314068469	0.010782483612452692	429798	52621	4880230	0.05309734513274336	0.008253094910591471	113	6	727
