sample_id	Bin ID	Most abundant genome	Purity (bp)	Completeness (bp)	Bin size (bp)	True positives (bp)	True size of most abundant genome (bp)	Purity (seq)	Completeness (seq)	Bin size (seq)	True positives (seq)	True size of most abundant genome (seq)
marmgCAMI2_short_read_pooled_gold_standard_assembly	200	Otu211	0.7225122747376369	1.0	3362801	2429665	2429665	0.004048582995951417	1.0	247	1	1
marmgCAMI2_short_read_pooled_gold_standard_assembly	272	Otu248.0	0.8225928327210508	1.0	4940257	4063820	4063820	0.004464285714285714	1.0	224	1	1
marmgCAMI2_short_read_pooled_gold_standard_assembly	319	Otu50.0	0.9941816827000465	1.0	4423272	4397536	4397536	0.2	1.0	5	1	1
marmgCAMI2_short_read_pooled_gold_standard_assembly	453	Otu196	1.0	1.0	2316281	2316281	2316281	1.0	1.0	1	1	1
marmgCAMI2_short_read_pooled_gold_standard_assembly	528	Otu30.0	1.0	1.0	2363209	2363209	2363209	1.0	1.0	1	1	1
marmgCAMI2_short_read_pooled_gold_standard_assembly	315	Otu137.0	0.5028808569558264	1.0	8739587	4394971	4394971	0.38095238095238093	1.0	21	8	8
marmgCAMI2_short_read_pooled_gold_standard_assembly	503	Otu660	1.0	1.0	2410811	2410811	2410811	1.0	1.0	2	2	2
marmgCAMI2_short_read_pooled_gold_standard_assembly	452	Otu368	0.9986075942532894	1.0	5556570	5548833	5548833	0.8666666666666667	1.0	15	13	13
marmgCAMI2_short_read_pooled_gold_standard_assembly	473	Otu186.0	0.8833073876606145	1.0	5578965	4927941	4927941	0.5	1.0	4	2	2
marmgCAMI2_short_read_pooled_gold_standard_assembly	141	Otu459	0.4637914035072787	1.0	4464658	2070670	2070670	0.0449438202247191	1.0	178	8	8
marmgCAMI2_short_read_pooled_gold_standard_assembly	449	Otu1179.1	0.9465075327567606	1.0	4987749	4720942	4720942	0.2564102564102564	1.0	117	30	30
marmgCAMI2_short_read_pooled_gold_standard_assembly	93	Otu106	0.9948953071690891	1.0	1887283	1877649	1877649	0.25	1.0	4	1	1
marmgCAMI2_short_read_pooled_gold_standard_assembly	521	Otu183.1	0.9994255724201154	1.0	4782152	4779405	4779405	0.8571428571428571	1.0	7	6	6
marmgCAMI2_short_read_pooled_gold_standard_assembly	289	Otu386.0	0.9979919979348338	1.0	4408362	4399510	4399510	0.6	1.0	5	3	3
marmgCAMI2_short_read_pooled_gold_standard_assembly	518	Otu352.1	0.9833817853098704	1.0	3975758	3909688	3909688	0.1111111111111111	1.0	9	1	1
marmgCAMI2_short_read_pooled_gold_standard_assembly	448	Otu86.0	0.9991667511683799	1.0	3767182	3764043	3764043	0.5	1.0	2	1	1
marmgCAMI2_short_read_pooled_gold_standard_assembly	119	Otu576	0.8952667712559885	1.0	3796436	3398823	3398823	0.17391304347826086	1.0	46	8	8
marmgCAMI2_short_read_pooled_gold_standard_assembly	514	Otu104	0.9868824485092135	1.0	5577794	5504627	5504627	0.10526315789473684	1.0	19	2	2
marmgCAMI2_short_read_pooled_gold_standard_assembly	510	Otu435.1	1.0	1.0	3386699	3386699	3386699	1.0	1.0	2	2	2
marmgCAMI2_short_read_pooled_gold_standard_assembly	507	Otu261	0.9843273086360644	1.0	4411176	4342041	4342041	0.11764705882352941	1.0	17	2	2
marmgCAMI2_short_read_pooled_gold_standard_assembly	435	Otu189	0.9995010015824525	1.0	5020056	5017551	5017551	0.5	1.0	2	1	1
marmgCAMI2_short_read_pooled_gold_standard_assembly	537	Otu239.0	1.0	1.0	3920303	3920303	3920303	1.0	1.0	1	1	1
marmgCAMI2_short_read_pooled_gold_standard_assembly	44	Otu238.0	0.8389161401316935	1.0	5370805	4505655	4505655	0.005050505050505051	1.0	198	1	1
marmgCAMI2_short_read_pooled_gold_standard_assembly	447	Otu1180.0	0.9936314423912602	1.0	4704833	4674870	4674870	0.2	1.0	10	2	2
marmgCAMI2_short_read_pooled_gold_standard_assembly	104	Otu497.1	0.39830672686085566	1.0	6739964	2684573	2684573	0.004784688995215311	1.0	209	1	1
marmgCAMI2_short_read_pooled_gold_standard_assembly	390	Otu149	0.5000109037589877	1.0	2705489	1352774	1352774	0.5	1.0	2	1	1
marmgCAMI2_short_read_pooled_gold_standard_assembly	321	Otu119.0	1.0	1.0	4653847	4653847	4653847	1.0	1.0	1	1	1
marmgCAMI2_short_read_pooled_gold_standard_assembly	542	Otu23	1.0	1.0	5732773	5732773	5732773	1.0	1.0	3	3	3
marmgCAMI2_short_read_pooled_gold_standard_assembly	348	Otu78	0.9648582293550686	1.0	4977723	4802797	4802797	0.07547169811320754	1.0	53	4	4
marmgCAMI2_short_read_pooled_gold_standard_assembly	460	Otu1089	0.9609917969298956	1.0	4006183	3849909	3849909	0.20634920634920634	1.0	63	13	13
marmgCAMI2_short_read_pooled_gold_standard_assembly	295	Otu338	0.9852734657219976	0.9997726923689106	5807748	5722220	5723521	0.7142857142857143	0.9782608695652174	63	45	46
marmgCAMI2_short_read_pooled_gold_standard_assembly	170	Otu383	0.9991399311208746	0.9994566102852536	3260204	3257400	3259171	0.9736842105263158	0.9736842105263158	38	37	38
marmgCAMI2_short_read_pooled_gold_standard_assembly	58	Otu116.0	1.0	0.9989910133968138	5626701	5626701	5632384	1.0	0.95	95	95	100
marmgCAMI2_short_read_pooled_gold_standard_assembly	371	Otu163	0.8827280103776991	0.9989093908152872	8172139	7213776	7221652	0.09698996655518395	0.8529411764705882	299	29	34
marmgCAMI2_short_read_pooled_gold_standard_assembly	545	Otu980	1.0	0.9986395960680008	3699742	3699742	3704782	1.0	0.8333333333333334	15	15	18
marmgCAMI2_short_read_pooled_gold_standard_assembly	374	Otu1111	0.9804372828008827	0.9980090296701327	5617829	5507929	5518917	0.6410256410256411	0.8771929824561403	78	50	57
marmgCAMI2_short_read_pooled_gold_standard_assembly	160	Otu139	0.9557544153422192	0.9978531580756947	5262446	5029606	5040427	0.10810810810810811	0.6666666666666666	37	4	6
marmgCAMI2_short_read_pooled_gold_standard_assembly	400	Otu76.0	1.0	0.9962548455407411	3073499	3073499	3085053	1.0	0.8518518518518519	23	23	27
marmgCAMI2_short_read_pooled_gold_standard_assembly	338	Otu6	1.0	0.9954961018110463	2455421	2455421	2466530	1.0	0.8936170212765957	42	42	47
marmgCAMI2_short_read_pooled_gold_standard_assembly	190	Otu1030	1.0	0.9953926903483513	2230031	2230031	2240353	1.0	0.9035087719298246	103	103	114
marmgCAMI2_short_read_pooled_gold_standard_assembly	367	Otu2019	1.0	0.9949745028827536	2664882	2664882	2678342	1.0	0.8947368421052632	102	102	114
marmgCAMI2_short_read_pooled_gold_standard_assembly	231	Otu282.1	0.8636127679165355	0.9944185936631915	5653953	4882826	4910232	0.2217741935483871	0.9016393442622951	248	55	61
marmgCAMI2_short_read_pooled_gold_standard_assembly	309	Otu79.0	0.5872943052905369	0.9941608056186757	7513623	4412708	4438626	0.013651877133105802	0.8	293	4	5
marmgCAMI2_short_read_pooled_gold_standard_assembly	442	Otu595.0	1.0	0.9940946363427814	5494707	5494707	5527348	1.0	0.7804878048780488	64	64	82
marmgCAMI2_short_read_pooled_gold_standard_assembly	174	Otu10	1.0	0.9934954254590077	5675437	5675437	5712595	1.0	0.847457627118644	100	100	118
marmgCAMI2_short_read_pooled_gold_standard_assembly	332	Otu88.0	1.0	0.9934234719494975	3371417	3371417	3393736	1.0	0.8441558441558441	65	65	77
marmgCAMI2_short_read_pooled_gold_standard_assembly	440	Otu226	0.9777949349090714	0.9928923979396648	4578595	4476927	4508975	0.6891891891891891	0.7183098591549296	74	51	71
marmgCAMI2_short_read_pooled_gold_standard_assembly	298	Otu152	0.45748270597466667	0.9913002262501547	13920559	6368415	6424305	0.10263929618768329	0.8333333333333334	341	35	42
marmgCAMI2_short_read_pooled_gold_standard_assembly	378	Otu107	0.9825622414573992	0.9908493215180508	4797807	4714144	4757680	0.8289473684210527	0.7325581395348837	76	63	86
marmgCAMI2_short_read_pooled_gold_standard_assembly	220	Otu159	0.9949861316618036	0.9899918140109822	3329166	3312474	3345961	0.9242424242424242	0.8026315789473685	66	61	76
marmgCAMI2_short_read_pooled_gold_standard_assembly	210	Otu1080	0.9824315599764584	0.9840402437623409	1857137	1824510	1854101	0.9166666666666666	0.8461538461538461	132	121	143
marmgCAMI2_short_read_pooled_gold_standard_assembly	89	Otu681	0.515986635144861	0.9812660177288748	3551404	1832477	1867462	0.14149139579349904	0.8604651162790697	523	74	86
marmgCAMI2_short_read_pooled_gold_standard_assembly	398	Otu44.0	0.9926402740818526	0.9799380290464732	2763554	2743215	2799376	0.9541284403669725	0.7482014388489209	109	104	139
marmgCAMI2_short_read_pooled_gold_standard_assembly	441	Otu564	0.9871675861436808	0.9781265754584464	5149304	5083226	5196900	0.8172043010752689	0.9047619047619048	93	76	84
marmgCAMI2_short_read_pooled_gold_standard_assembly	2	Otu754	1.0	0.9730925552976588	6900319	6900319	7091123	1.0	0.7802037845705968	536	536	687
marmgCAMI2_short_read_pooled_gold_standard_assembly	45	Otu54	0.5116430405998632	0.9729776663413767	6592436	3372974	3466651	0.44021739130434784	0.8140703517587939	368	162	199
marmgCAMI2_short_read_pooled_gold_standard_assembly	381	Otu1270	1.0	0.9728888440777702	4786043	4786043	4919414	1.0	0.8557692307692307	178	178	208
marmgCAMI2_short_read_pooled_gold_standard_assembly	159	Otu1529	0.648943600744398	0.9705680931593449	6492763	4213437	4341207	0.391304347826087	0.7727272727272727	391	153	198
marmgCAMI2_short_read_pooled_gold_standard_assembly	188	Otu479	0.8615324856845848	0.9653510028908848	3769014	3247128	3363676	0.6041131105398457	0.7413249211356467	389	235	317
marmgCAMI2_short_read_pooled_gold_standard_assembly	61	Otu1498	0.9934782147539749	0.9643607462112217	5138317	5104806	5293461	0.8823529411764706	0.75	51	45	60
marmgCAMI2_short_read_pooled_gold_standard_assembly	214	Otu536	0.8720816939533507	0.96157706294755	5882051	5129629	5334600	0.43043478260869567	0.7734375	230	99	128
marmgCAMI2_short_read_pooled_gold_standard_assembly	59	Otu371	0.9611926323343472	0.9596279039934713	5852600	5625476	5862143	0.9209486166007905	0.7792642140468228	253	233	299
marmgCAMI2_short_read_pooled_gold_standard_assembly	98	Otu692	0.5208481848628728	0.9570325774398479	7434700	3872350	4046205	0.14547677261613692	0.8040540540540541	818	119	148
marmgCAMI2_short_read_pooled_gold_standard_assembly	155	Otu2290.0	0.4405114159199018	0.9474946132507096	5736857	2527151	2667193	0.27245508982035926	0.7054263565891473	334	91	129
marmgCAMI2_short_read_pooled_gold_standard_assembly	393	Otu1278.0	0.9615802416011955	0.9352732847625178	2565633	2467062	2637798	0.7551020408163265	0.592	98	74	125
marmgCAMI2_short_read_pooled_gold_standard_assembly	262	Otu230.0	0.8792317462373483	0.9310436436449612	3057219	2688004	2887087	0.36220472440944884	0.48936170212765956	127	46	94
marmgCAMI2_short_read_pooled_gold_standard_assembly	115	Otu336	0.761240051395766	0.9216156425740187	3967642	3020328	3277210	0.09615384615384616	0.7692307692307693	208	20	26
marmgCAMI2_short_read_pooled_gold_standard_assembly	282	Otu696	0.9990066187776316	0.9188358220297124	3631033	3627426	3947850	0.9976744186046511	0.6529680365296804	430	429	657
marmgCAMI2_short_read_pooled_gold_standard_assembly	268	Otu198.0	0.9507039430004713	0.916291483550671	4414633	4197009	4580430	0.6438356164383562	0.7833333333333333	73	47	60
marmgCAMI2_short_read_pooled_gold_standard_assembly	121	Otu128	0.429050554910871	0.9155531870620526	11003659	4721126	5156583	0.15211970074812967	0.580952380952381	401	61	105
marmgCAMI2_short_read_pooled_gold_standard_assembly	110	Otu316.0	0.9346626316349567	0.9091614031649529	2640541	2468015	2714606	0.43037974683544306	0.7906976744186046	79	34	43
marmgCAMI2_short_read_pooled_gold_standard_assembly	165	Otu405.0	0.32429126029693506	0.9068260187597321	9830231	3187858	3515402	0.004651162790697674	0.2	215	1	5
marmgCAMI2_short_read_pooled_gold_standard_assembly	279	Otu467	0.8974872573051632	0.9050410122023185	4497675	4036606	4460136	0.7877428998505231	0.6288782816229117	669	527	838
marmgCAMI2_short_read_pooled_gold_standard_assembly	376	Otu1156	0.9891280553838498	0.9044078228053469	4147924	4102828	4536480	0.970703125	0.6291139240506329	512	497	790
marmgCAMI2_short_read_pooled_gold_standard_assembly	167	Otu395	0.7073991143728704	0.9018095910571872	6187254	4376858	4853417	0.6745098039215687	0.6378244746600742	765	516	809
marmgCAMI2_short_read_pooled_gold_standard_assembly	247	Otu555.0	1.0	0.8995366490098157	3977483	3977483	4421702	1.0	0.6419400855920114	450	450	701
marmgCAMI2_short_read_pooled_gold_standard_assembly	270	Otu1474.0	0.946992962471319	0.8958389083497482	4231457	4007160	4473081	0.7068965517241379	0.40594059405940597	58	41	101
marmgCAMI2_short_read_pooled_gold_standard_assembly	266	Otu394.0	0.9845748483965787	0.8957558989586409	4229456	4164216	4648829	0.9213483146067416	0.8118811881188119	89	82	101
marmgCAMI2_short_read_pooled_gold_standard_assembly	433	Otu1540	0.9953835516314603	0.8807412063226017	1216303	1210688	1374624	0.9891891891891892	0.5960912052117264	185	183	307
marmgCAMI2_short_read_pooled_gold_standard_assembly	443	Otu87.0	0.9990921299140788	0.8772790664132912	4365162	4361199	4971279	0.5	0.5	2	1	2
marmgCAMI2_short_read_pooled_gold_standard_assembly	126	Otu923	0.9829446527486446	0.870923377541906	4583841	4505662	5173431	0.9649390243902439	0.5646743978590544	656	633	1121
marmgCAMI2_short_read_pooled_gold_standard_assembly	68	Otu703	0.709868970435917	0.851774261383819	5580420	3961367	4650724	0.30277777777777776	0.41603053435114506	360	109	262
marmgCAMI2_short_read_pooled_gold_standard_assembly	286	Otu862.0	0.9972189187563338	0.818632107969338	2377133	2370522	2895711	0.9917695473251029	0.5205183585313174	243	241	463
marmgCAMI2_short_read_pooled_gold_standard_assembly	94	Otu851.0	1.0	0.8030089885276003	2640626	2640626	3288414	1.0	0.4670599803343166	475	475	1017
marmgCAMI2_short_read_pooled_gold_standard_assembly	185	Otu626.0	0.9765049119725073	0.8012070593931279	3097839	3025055	3775622	0.9496981891348089	0.5238623751387348	497	472	901
marmgCAMI2_short_read_pooled_gold_standard_assembly	51	Otu659	0.3051171831079526	0.7979336107718962	13420919	4094953	5131947	0.12	0.41379310344827586	300	36	87
marmgCAMI2_short_read_pooled_gold_standard_assembly	33	Otu1914.0	1.0	0.7920720926137237	3112536	3112536	3929612	1.0	0.43967611336032386	543	543	1235
marmgCAMI2_short_read_pooled_gold_standard_assembly	54	Otu1106	0.665187350327534	0.7843091106801204	5435619	3615705	4610051	0.41032608695652173	0.578544061302682	736	302	522
marmgCAMI2_short_read_pooled_gold_standard_assembly	303	Otu429.0	0.9952639635388493	0.7675590033995189	2780384	2767216	3605216	0.9906367041198502	0.41984126984126985	534	529	1260
marmgCAMI2_short_read_pooled_gold_standard_assembly	116	Otu1283	0.9452655108589505	0.7188496446697016	3316757	3135216	4361435	0.9157212317666127	0.387251542152159	617	565	1459
marmgCAMI2_short_read_pooled_gold_standard_assembly	222	Otu999	0.9855104250236848	0.7131326193302696	3638409	3585690	5028083	0.9786184210526315	0.4311594202898551	608	595	1380
marmgCAMI2_short_read_pooled_gold_standard_assembly	221	Otu289	0.4377922994702085	0.7080196779620451	7405932	3242260	4579336	0.07957559681697612	0.30612244897959184	377	30	98
marmgCAMI2_short_read_pooled_gold_standard_assembly	39	Otu433	0.5934912529493083	0.7037214649257946	2128889	1263477	1795422	0.5436105476673428	0.3582887700534759	493	268	748
marmgCAMI2_short_read_pooled_gold_standard_assembly	127	Otu1028	1.0	0.6782731662640532	4693788	4693788	6920203	1.0	0.33670268386197283	966	966	2869
marmgCAMI2_short_read_pooled_gold_standard_assembly	97	Otu2333	0.9947326336290502	0.6677630242881764	3140279	3123738	4677914	0.9905362776025236	0.3416757344940152	634	628	1838
marmgCAMI2_short_read_pooled_gold_standard_assembly	26	Otu1519	0.6236236727085499	0.6647821695999505	5791682	3611830	5433103	0.5377019748653501	0.3776796973518285	1114	599	1586
marmgCAMI2_short_read_pooled_gold_standard_assembly	124	Otu903	0.9955966995708514	0.6509214203987285	3103354	3089689	4746639	0.9956709956709957	0.3115124153498871	693	690	2215
marmgCAMI2_short_read_pooled_gold_standard_assembly	180	Otu1344	0.9711938091293486	0.6494321342712872	3074721	2986150	4598094	0.9384236453201971	0.450887573964497	406	381	845
marmgCAMI2_short_read_pooled_gold_standard_assembly	28	Otu930	0.5086046409067553	0.6449245220778813	4036194	2052827	3183050	0.4956616052060738	0.3125854993160055	922	457	1462
marmgCAMI2_short_read_pooled_gold_standard_assembly	109	Otu958	0.9986565060929091	0.6307761049831118	2649063	2645504	4194046	0.998330550918197	0.3043256997455471	599	598	1965
marmgCAMI2_short_read_pooled_gold_standard_assembly	120	Otu2362.0	0.9379887296151571	0.6183117299476035	2442685	2291211	3705592	0.9100346020761245	0.2922222222222222	578	526	1800
marmgCAMI2_short_read_pooled_gold_standard_assembly	74	Otu473	0.42330439222785227	0.5839293883697911	6157217	2606377	4463514	0.0835117773019272	0.2727272727272727	467	39	143
marmgCAMI2_short_read_pooled_gold_standard_assembly	380	Otu522	0.9796899453422295	0.5636348469485272	2841499	2783788	4938992	0.9702194357366771	0.2607413647851727	638	619	2374
marmgCAMI2_short_read_pooled_gold_standard_assembly	7	Otu1536	1.0	0.4942206061751903	878317	878317	1777176	1.0	0.20089686098654708	224	224	1115
marmgCAMI2_short_read_pooled_gold_standard_assembly	22	Otu1010	0.9970418533249383	0.4834793004044177	2595206	2587529	5351892	0.9943714821763602	0.2606984751598623	533	530	2033
marmgCAMI2_short_read_pooled_gold_standard_assembly	275	Otu1769	0.9824907275739229	0.45634360442772587	1705325	1675466	3671501	0.9773755656108597	0.18250950570342206	442	432	2367
marmgCAMI2_short_read_pooled_gold_standard_assembly	211	Otu2106	0.9967904575599144	0.44721930936021254	1823936	1818082	4065303	0.9957081545064378	0.1752927842840952	466	464	2647
marmgCAMI2_short_read_pooled_gold_standard_assembly	260	Otu2227.0	0.8898771613159271	0.42199398333400895	1310255	1165966	2762992	0.935374149659864	0.1886145404663923	294	275	1458
marmgCAMI2_short_read_pooled_gold_standard_assembly	38	Otu115	0.3478736354924959	0.3822010318057484	4476890	1557392	4074798	0.22284122562674094	0.17937219730941703	359	80	446
marmgCAMI2_short_read_pooled_gold_standard_assembly	125	Otu937	0.9673209973920514	0.3817975231516209	1820588	1761093	4612636	0.9482758620689655	0.24293286219081273	290	275	1132
marmgCAMI2_short_read_pooled_gold_standard_assembly	225	Otu68	0.4094419714319126	0.3792590931943518	4173048	1708621	4505155	0.363013698630137	0.29859154929577464	292	106	355
marmgCAMI2_short_read_pooled_gold_standard_assembly	158	Otu761	0.9597043264304476	0.3380639960284295	1546841	1484510	4391210	0.9496124031007752	0.3013530135301353	258	245	813
marmgCAMI2_short_read_pooled_gold_standard_assembly	72	Otu473	0.3728751031695363	0.3378557791013986	4044314	1508024	4463514	0.05970149253731343	0.1958041958041958	469	28	143
marmgCAMI2_short_read_pooled_gold_standard_assembly	162	Otu2202	0.4722886307498487	0.33015279361723093	2419368	1142640	3460943	0.4022140221402214	0.19499105545617174	271	109	559
marmgCAMI2_short_read_pooled_gold_standard_assembly	385	Otu1847	0.7565935063279895	0.32054313963331094	776787	587712	1833488	0.7321428571428571	0.10933333333333334	224	164	1500
marmgCAMI2_short_read_pooled_gold_standard_assembly	233	Otu282.0	0.9859658734611704	0.32023896430221505	1514950	1493689	4664295	0.9973614775725593	0.12740141557128412	379	378	2967
marmgCAMI2_short_read_pooled_gold_standard_assembly	86	Otu1263	0.9667344801943877	0.30766311341227387	1608332	1554830	5053677	0.955607476635514	0.110840108401084	428	409	3690
marmgCAMI2_short_read_pooled_gold_standard_assembly	145	Otu747	0.684498569998961	0.30226449284111556	914335	625861	2070574	0.7279411764705882	0.28125	136	99	352
marmgCAMI2_short_read_pooled_gold_standard_assembly	106	Otu232.0	0.28869476803280336	0.30209021827162114	2936773	847831	2806549	0.008670520231213872	0.42857142857142855	346	3	7
marmgCAMI2_short_read_pooled_gold_standard_assembly	70	Otu1209	0.812156880282635	0.30025467841807074	1677075	1362048	4536309	0.8551532033426184	0.179427235534775	359	307	1711
marmgCAMI2_short_read_pooled_gold_standard_assembly	53	Otu766	0.3148734807923807	0.2851655105247003	4641153	1461376	5124659	0.44054054054054054	0.2004920049200492	370	163	813
marmgCAMI2_short_read_pooled_gold_standard_assembly	32	Otu1860	0.2626982520805666	0.28493363663285576	5010414	1316227	4619416	0.19011815252416756	0.18670886075949367	931	177	948
marmgCAMI2_short_read_pooled_gold_standard_assembly	342	Otu1127	0.8604738883380296	0.2698450932331476	1606581	1382421	5123017	0.844789356984479	0.09832258064516129	451	381	3875
marmgCAMI2_short_read_pooled_gold_standard_assembly	117	Otu712	0.9966125446989466	0.2603643148676269	827760	824956	3168468	0.9951923076923077	0.1354712041884817	208	207	1528
marmgCAMI2_short_read_pooled_gold_standard_assembly	299	Otu2014	0.7229980393575325	0.2526088838798779	2156436	1559099	6171988	0.7101694915254237	0.12219305920093322	590	419	3429
marmgCAMI2_short_read_pooled_gold_standard_assembly	47	Otu1734	0.7436692646585835	0.24751677860703097	1069544	795387	3213467	0.8492647058823529	0.08495770503861713	272	231	2719
marmgCAMI2_short_read_pooled_gold_standard_assembly	40	Otu115	0.37053290225896107	0.24368324515718326	2679816	992960	4074798	0.2568493150684932	0.1681614349775785	292	75	446
marmgCAMI2_short_read_pooled_gold_standard_assembly	156	Otu1062.0	0.7394310384118704	0.227806277274096	789860	584047	2563788	0.7889447236180904	0.10411140583554376	199	157	1508
marmgCAMI2_short_read_pooled_gold_standard_assembly	181	Otu644	0.9606217512944818	0.22578620602520444	399967	384217	1701685	0.9583333333333334	0.07246376811594203	120	115	1587
marmgCAMI2_short_read_pooled_gold_standard_assembly	12	Otu937	0.7010981574333262	0.21741321014708292	1430396	1002848	4612636	0.5515873015873016	0.12279151943462897	252	139	1132
marmgCAMI2_short_read_pooled_gold_standard_assembly	144	Otu1896	1.0	0.21307305595177303	686401	686401	3221435	1.0	0.0718978102189781	197	197	2740
marmgCAMI2_short_read_pooled_gold_standard_assembly	96	Otu1620	0.24996299429968225	0.20920588720181482	3472438	867981	4148932	0.24746450304259635	0.08723632463353594	986	244	2797
marmgCAMI2_short_read_pooled_gold_standard_assembly	91	Otu598	0.3304619951933458	0.19314941281855313	995703	329042	1703562	0.32441471571906355	0.06475300400534045	299	97	1498
marmgCAMI2_short_read_pooled_gold_standard_assembly	143	Otu1182	0.6326252564177479	0.19211614013737657	650306	411400	2141413	0.40476190476190477	0.17708333333333334	84	34	192
marmgCAMI2_short_read_pooled_gold_standard_assembly	379	Otu2202	0.19324611111005432	0.17612107451639625	3154242	609545	3460943	0.17229129662522202	0.1735241502683363	563	97	559
marmgCAMI2_short_read_pooled_gold_standard_assembly	62	Otu2078	0.9566405075255267	0.16920168945232109	279316	267205	1579210	0.9555555555555556	0.05318491032776747	90	86	1617
marmgCAMI2_short_read_pooled_gold_standard_assembly	294	Otu1374	0.9884960243613602	0.16875991930254758	236440	233720	1384926	0.9863013698630136	0.046662346079066754	73	72	1543
marmgCAMI2_short_read_pooled_gold_standard_assembly	256	Otu1791	0.9267255850885244	0.16243086925789993	783343	725944	4469249	0.9201680672268907	0.04912516823687752	238	219	4458
marmgCAMI2_short_read_pooled_gold_standard_assembly	108	Otu1142.0	0.4313676181322821	0.15750126390293226	982204	423691	2690080	0.22321428571428573	0.12755102040816327	112	25	196
marmgCAMI2_short_read_pooled_gold_standard_assembly	102	Otu1361.0	0.34065937405505775	0.157053193922596	1316218	448382	2854969	0.3159722222222222	0.11389236545682102	288	91	799
marmgCAMI2_short_read_pooled_gold_standard_assembly	1	Otu1950	1.0	0.1553196003078748	1025728	1025728	6603983	1.0	0.051125112511251125	284	284	5555
marmgCAMI2_short_read_pooled_gold_standard_assembly	311	Otu968.0	0.8707741915971235	0.153076068930119	859658	748568	4890170	0.8775510204081632	0.15886699507389163	147	129	812
marmgCAMI2_short_read_pooled_gold_standard_assembly	36	Otu778	0.1983078012895953	0.14702485353068145	3005439	596002	4053750	0.1478494623655914	0.09090909090909091	372	55	605
marmgCAMI2_short_read_pooled_gold_standard_assembly	107	Otu843	0.900005851717479	0.12706960481701554	683560	615208	4841504	0.8816568047337278	0.06778889899909009	169	149	2198
marmgCAMI2_short_read_pooled_gold_standard_assembly	356	Otu766	0.3658562231479129	0.12560640620185656	1759407	643690	5124659	0.38461538461538464	0.0984009840098401	208	80	813
marmgCAMI2_short_read_pooled_gold_standard_assembly	204	Otu1986.0	1.0	0.12206755150074006	503077	503077	4121300	1.0	0.032989690721649485	160	160	4850
marmgCAMI2_short_read_pooled_gold_standard_assembly	223	Otu769	0.44859824104223556	0.11802332022992275	1187294	532618	4512820	0.5568862275449101	0.11907810499359796	167	93	781
marmgCAMI2_short_read_pooled_gold_standard_assembly	479	Otu1057	0.8968357494998509	0.10304556387202232	580327	520458	5050756	0.7752808988764045	0.0785876993166287	89	69	878
marmgCAMI2_short_read_pooled_gold_standard_assembly	314	Otu1519	0.6203518098806815	0.09939679037927314	870527	540033	5433103	0.5602094240837696	0.06746532156368222	191	107	1586
marmgCAMI2_short_read_pooled_gold_standard_assembly	150	Otu2170	1.0	0.09580973133767032	405567	405567	4233046	1.0	0.023616096731532213	125	125	5293
marmgCAMI2_short_read_pooled_gold_standard_assembly	78	Otu707	0.42091611725725225	0.08832665462478165	917197	386063	4370855	0.4271356783919598	0.05697050938337802	199	85	1492
marmgCAMI2_short_read_pooled_gold_standard_assembly	34	Otu778	0.1764734475876053	0.08776712920135676	2016088	355786	4053750	0.13368983957219252	0.08264462809917356	374	50	605
marmgCAMI2_short_read_pooled_gold_standard_assembly	419	Otu1361.0	0.3372641047658739	0.08446956867132357	715042	241158	2854969	0.2987012987012987	0.057571964956195244	154	46	799
marmgCAMI2_short_read_pooled_gold_standard_assembly	57	Otu108.1	0.30612840603767216	0.08412644935877103	1421740	435235	5173581	0.0967741935483871	0.07228915662650602	62	6	83
marmgCAMI2_short_read_pooled_gold_standard_assembly	333	Otu394.0	0.9365150778504236	0.08328441420409312	413421	387175	4648829	0.5555555555555556	0.09900990099009901	18	10	101
marmgCAMI2_short_read_pooled_gold_standard_assembly	9	Otu581	0.1985851211192922	0.07976926367600587	1611304	319981	4011332	0.18181818181818182	0.05758582502768549	286	52	903
marmgCAMI2_short_read_pooled_gold_standard_assembly	216	Otu1010	0.871960993994426	0.07815890156228862	479721	418298	5351892	0.9292929292929293	0.04525332021642892	99	92	2033
marmgCAMI2_short_read_pooled_gold_standard_assembly	139	Otu1264	0.9786565410587169	0.07698841785278536	245977	240727	3126795	0.975609756097561	0.0196078431372549	82	80	4080
marmgCAMI2_short_read_pooled_gold_standard_assembly	123	Otu128	0.5721068695447245	0.07673608666824523	691647	395696	5156583	0.2987012987012987	0.21904761904761905	77	23	105
marmgCAMI2_short_read_pooled_gold_standard_assembly	313	Otu968.0	0.9343582210515652	0.07544154906680135	394840	368922	4890170	0.9824561403508771	0.06896551724137931	57	56	812
marmgCAMI2_short_read_pooled_gold_standard_assembly	413	Otu2423	0.9903207796778852	0.07514949564861804	329572	326382	4343103	0.9906542056074766	0.018817681519616547	107	106	5633
marmgCAMI2_short_read_pooled_gold_standard_assembly	446	Otu1127	0.5050691692717204	0.07496461557711012	760381	384045	5123017	0.7202797202797203	0.02658064516129032	143	103	3875
marmgCAMI2_short_read_pooled_gold_standard_assembly	352	Otu521.0	0.9550242177289152	0.07077639229561764	234126	223596	3159189	0.9605263157894737	0.016863016863016864	76	73	4329
marmgCAMI2_short_read_pooled_gold_standard_assembly	55	Otu1057	0.3575073246870728	0.07010950439894542	990486	354106	5050756	0.23076923076923078	0.04783599088838269	182	42	878
marmgCAMI2_short_read_pooled_gold_standard_assembly	164	Otu1101.0	0.3279862275466442	0.06764496672473837	690654	226525	3348734	0.35260115606936415	0.029901960784313727	173	61	2040
marmgCAMI2_short_read_pooled_gold_standard_assembly	410	Otu862.0	0.9360220563119114	0.06624245306247757	204930	191819	2895711	0.8787878787878788	0.06263498920086392	33	29	463
marmgCAMI2_short_read_pooled_gold_standard_assembly	505	Otu281.0	0.552400450255181	0.06558311515904576	549022	303280	4624361	0.03333333333333333	0.14285714285714285	30	1	7
marmgCAMI2_short_read_pooled_gold_standard_assembly	310	Otu999	0.9266019657611289	0.06258588014557437	339614	314687	5028083	0.8939393939393939	0.042753623188405795	66	59	1380
marmgCAMI2_short_read_pooled_gold_standard_assembly	375	Otu703	0.5635579975981707	0.05892759922971133	486296	274056	4650724	0.45535714285714285	0.1946564885496183	112	51	262
marmgCAMI2_short_read_pooled_gold_standard_assembly	466	Otu473	0.9086857918761195	0.05637396902978237	276912	251626	4463514	0.7714285714285715	0.1888111888111888	35	27	143
marmgCAMI2_short_read_pooled_gold_standard_assembly	291	Otu2446	0.169894858980753	0.05522092228512019	1473735	250380	4534151	0.17847025495750707	0.03333333333333333	353	63	1890
marmgCAMI2_short_read_pooled_gold_standard_assembly	484	Otu626.0	0.9875382597289025	0.05503252179376007	210404	207782	3775622	0.9743589743589743	0.042175360710321866	39	38	901
marmgCAMI2_short_read_pooled_gold_standard_assembly	163	Otu1553	0.29459464261772883	0.054502496431001704	619071	182375	3346177	0.3161290322580645	0.02298311444652908	155	49	2132
marmgCAMI2_short_read_pooled_gold_standard_assembly	486	Otu1472	1.0	0.049909350646885176	115676	115676	2317722	1.0	0.019502353732347006	29	29	1487
marmgCAMI2_short_read_pooled_gold_standard_assembly	230	Otu1132	0.8293535382320155	0.046885053887653266	238622	197902	4221004	0.7636363636363637	0.025240384615384616	55	42	1664
marmgCAMI2_short_read_pooled_gold_standard_assembly	557	Otu198.0	0.9616455234096924	0.04600768923441686	219140	210735	4580430	0.625	0.08333333333333333	8	5	60
marmgCAMI2_short_read_pooled_gold_standard_assembly	471	Otu635	0.9161822484663281	0.045210775754552256	261138	239250	5291880	0.6956521739130435	0.0730593607305936	23	16	219
marmgCAMI2_short_read_pooled_gold_standard_assembly	11	Otu2446	0.17395280091531143	0.04308833120026219	1123115	195369	4534151	0.1872146118721461	0.021693121693121695	219	41	1890
marmgCAMI2_short_read_pooled_gold_standard_assembly	439	Otu2446	0.3189206181975751	0.04139253412601389	588485	187680	4534151	0.3700787401574803	0.02486772486772487	127	47	1890
marmgCAMI2_short_read_pooled_gold_standard_assembly	259	Otu316.0	0.861380279022789	0.04021246545539205	126728	109161	2714606	0.16666666666666666	0.023255813953488372	6	1	43
marmgCAMI2_short_read_pooled_gold_standard_assembly	421	Otu1057	0.9287161377259421	0.03957209574170679	215210	199869	5050756	0.8571428571428571	0.03416856492027335	35	30	878
marmgCAMI2_short_read_pooled_gold_standard_assembly	384	Otu1620	0.40843242622214565	0.037701027637955985	382974	156419	4148932	0.3867924528301887	0.01465856274579907	106	41	2797
marmgCAMI2_short_read_pooled_gold_standard_assembly	85	Otu1032	0.904533518213375	0.03671833329767193	210587	190483	5187681	0.9242424242424242	0.009519350811485644	66	61	6408
marmgCAMI2_short_read_pooled_gold_standard_assembly	431	Otu522	0.8844529037649134	0.03471720545406836	193869	171468	4938992	0.8372093023255814	0.015164279696714406	43	36	2374
marmgCAMI2_short_read_pooled_gold_standard_assembly	234	Otu1101.0	0.2629386778836241	0.034272056245733463	436482	114768	3348734	0.27522935779816515	0.014705882352941176	109	30	2040
marmgCAMI2_short_read_pooled_gold_standard_assembly	366	Otu2446	0.18273484839322215	0.03332200449433643	826810	151087	4534151	0.19411764705882353	0.01746031746031746	170	33	1890
marmgCAMI2_short_read_pooled_gold_standard_assembly	472	Otu1896	1.0	0.03281301655939046	105705	105705	3221435	1.0	0.010583941605839416	29	29	2740
marmgCAMI2_short_read_pooled_gold_standard_assembly	425	Otu1519	0.41371248820981654	0.032050193048061115	420901	174132	5433103	0.38372093023255816	0.02080706179066835	86	33	1586
marmgCAMI2_short_read_pooled_gold_standard_assembly	360	Otu1277	0.5101017070523602	0.03158104739997257	268123	136770	4330762	0.5172413793103449	0.007061038757257178	87	45	6373
marmgCAMI2_short_read_pooled_gold_standard_assembly	13	Otu2446	0.20506209111000884	0.030817897330724098	681418	139733	4534151	0.21678321678321677	0.0164021164021164	143	31	1890
marmgCAMI2_short_read_pooled_gold_standard_assembly	436	Otu2120	0.6473136507039601	0.03032936207766011	148659	96229	3172800	0.6415094339622641	0.006645817044566067	53	34	5116
marmgCAMI2_short_read_pooled_gold_standard_assembly	133	Otu1593	1.0	0.02948610863312524	99656	99656	3379761	1.0	0.006060606060606061	33	33	5445
marmgCAMI2_short_read_pooled_gold_standard_assembly	264	Otu2227.0	1.0	0.029099975678539787	80403	80403	2762992	1.0	0.01646090534979424	24	24	1458
marmgCAMI2_short_read_pooled_gold_standard_assembly	359	Otu1132	0.19032592305553916	0.0267630639535049	593545	112967	4221004	0.19863013698630136	0.017427884615384616	146	29	1664
marmgCAMI2_short_read_pooled_gold_standard_assembly	423	Otu707	0.2452441846303739	0.0230355388133443	410550	100685	4370855	0.2558139534883721	0.014745308310991957	86	22	1492
marmgCAMI2_short_read_pooled_gold_standard_assembly	464	Otu1101.0	0.31758138411230274	0.02198323306658576	231802	73616	3348734	0.36923076923076925	0.011764705882352941	65	24	2040
marmgCAMI2_short_read_pooled_gold_standard_assembly	468	Otu1113	1.0	0.02106617894312087	80189	80189	3806528	1.0	0.018763796909492272	17	17	906
marmgCAMI2_short_read_pooled_gold_standard_assembly	406	Otu1361.0	0.5996983830535221	0.021032102275015944	100127	60046	2854969	0.43478260869565216	0.012515644555694618	23	10	799
marmgCAMI2_short_read_pooled_gold_standard_assembly	187	Otu626.0	0.5806610350200935	0.02062706489155959	134123	77880	3775622	0.45714285714285713	0.017758046614872364	35	16	901
marmgCAMI2_short_read_pooled_gold_standard_assembly	427	Otu1263	0.26403104214137774	0.01813649744532545	347141	91656	5053677	0.32857142857142857	0.006233062330623307	70	23	3690
marmgCAMI2_short_read_pooled_gold_standard_assembly	476	Otu2333	0.41395948088799867	0.0169650404004862	191712	79361	4677914	0.3488372093023256	0.008161044613710556	43	15	1838
marmgCAMI2_short_read_pooled_gold_standard_assembly	527	Otu766	0.3105244232900731	0.016346063220986997	269763	83768	5124659	0.3793103448275862	0.013530135301353014	29	11	813
marmgCAMI2_short_read_pooled_gold_standard_assembly	251	Otu1896	1.0	0.014151457347424363	45588	45588	3221435	1.0	0.005474452554744526	15	15	2740
marmgCAMI2_short_read_pooled_gold_standard_assembly	415	Otu2446	0.17865333673100514	0.013297528026746353	337486	60293	4534151	0.21739130434782608	0.007936507936507936	69	15	1890
marmgCAMI2_short_read_pooled_gold_standard_assembly	349	Otu778	0.28401928887464994	0.012684057971014493	181037	51418	4053750	0.22580645161290322	0.011570247933884297	31	7	605
marmgCAMI2_short_read_pooled_gold_standard_assembly	297	Otu2487	0.17737144509088282	0.012534785152444326	276730	49084	3915823	0.22950819672131148	0.00667302192564347	61	14	2098
marmgCAMI2_short_read_pooled_gold_standard_assembly	463	Otu616	0.16093725027968675	0.012382994945120315	400448	64447	5204476	0.04918032786885246	0.01744186046511628	61	3	172
marmgCAMI2_short_read_pooled_gold_standard_assembly	261	Otu1113	0.18390477008487613	0.012374794038031508	256138	47105	3806528	0.22413793103448276	0.01434878587196468	58	13	906
marmgCAMI2_short_read_pooled_gold_standard_assembly	131	Otu1620	0.19900834996657085	0.009828794494583184	204911	40779	4148932	0.19607843137254902	0.003575259206292456	51	10	2797
marmgCAMI2_short_read_pooled_gold_standard_assembly	565	Otu1028	1.0	0.009789452708251477	67745	67745	6920203	1.0	0.006971070059254096	20	20	2869
marmgCAMI2_short_read_pooled_gold_standard_assembly	369	Otu2446	0.15392278694556485	0.009779780161710539	288086	44343	4534151	0.12162162162162163	0.004761904761904762	74	9	1890
marmgCAMI2_short_read_pooled_gold_standard_assembly	502	Otu862.0	1.0	0.008871051013032724	25688	25688	2895711	1.0	0.008639308855291577	4	4	463
marmgCAMI2_short_read_pooled_gold_standard_assembly	95	Otu1028	1.0	0.008054821513183935	55741	55741	6920203	1.0	0.0059254095503659815	17	17	2869
marmgCAMI2_short_read_pooled_gold_standard_assembly	522	Otu1062.0	0.48075241628659876	0.007935133482175593	42317	20344	2563788	0.46153846153846156	0.003978779840848806	13	6	1508
marmgCAMI2_short_read_pooled_gold_standard_assembly	290	Otu862.0	1.0	0.007284221388115043	21093	21093	2895711	1.0	0.004319654427645789	2	2	463
marmgCAMI2_short_read_pooled_gold_standard_assembly	478	Otu1209	0.2692361470953521	0.0072159987337723245	121581	32734	4536309	0.32142857142857145	0.005260081823495032	28	9	1711
marmgCAMI2_short_read_pooled_gold_standard_assembly	524	Otu712	1.0	0.006810862536721217	21580	21580	3168468	1.0	0.004581151832460733	7	7	1528
marmgCAMI2_short_read_pooled_gold_standard_assembly	403	Otu555.0	0.6236476204373476	0.006765946687497258	47971	29917	4421702	0.3333333333333333	0.0042796005706134095	9	3	701
marmgCAMI2_short_read_pooled_gold_standard_assembly	337	Otu923	0.42094720802202124	0.006621331182343013	81376	34255	5173431	0.35	0.006244424620874219	20	7	1121
marmgCAMI2_short_read_pooled_gold_standard_assembly	128	Otu696	1.0	0.006103828666236053	24097	24097	3947850	1.0	0.0060882800608828	4	4	657
marmgCAMI2_short_read_pooled_gold_standard_assembly	249	Otu555.0	1.0	0.004866451877580172	21518	21518	4421702	1.0	0.009985734664764621	7	7	701
marmgCAMI2_short_read_pooled_gold_standard_assembly	462	Otu1472	0.7411181492701735	0.004644215311413535	14524	10764	2317722	0.6666666666666666	0.0013449899125756557	3	2	1487
marmgCAMI2_short_read_pooled_gold_standard_assembly	531	Otu1860	0.5464939880885493	0.004211138377665055	35596	19453	4619416	0.5555555555555556	0.005274261603375527	9	5	948
marmgCAMI2_short_read_pooled_gold_standard_assembly	142	Otu2276	0.8043307367969699	0.003901810953359232	13993	11255	2884558	0.8	0.0007810974419058778	5	4	5121
marmgCAMI2_short_read_pooled_gold_standard_assembly	71	Otu712	1.0	0.003679380697548468	11658	11658	3168468	1.0	0.001963350785340314	3	3	1528
marmgCAMI2_short_read_pooled_gold_standard_assembly	555	Otu564	1.0	0.0031940195116319345	16599	16599	5196900	1.0	0.011904761904761904	1	1	84
marmgCAMI2_short_read_pooled_gold_standard_assembly	101	Otu1263	1.0	0.0031440473936106324	15889	15889	5053677	1.0	0.0008130081300813008	3	3	3690
marmgCAMI2_short_read_pooled_gold_standard_assembly	283	Otu1057	0.27698213753571616	0.0031284425539463796	57047	15801	5050756	0.23076923076923078	0.003416856492027335	13	3	878
marmgCAMI2_short_read_pooled_gold_standard_assembly	242	Otu1950	1.0	0.0029797169374906024	19678	19678	6603983	1.0	0.00108010801080108	6	6	5555
marmgCAMI2_short_read_pooled_gold_standard_assembly	23	Otu395	1.0	0.0029517348292965556	14326	14326	4853417	1.0	0.004944375772558714	4	4	809
marmgCAMI2_short_read_pooled_gold_standard_assembly	340	Otu10	0.7870161785787426	0.0026908961689039745	19532	15372	5712595	0.6666666666666666	0.01694915254237288	3	2	118
marmgCAMI2_short_read_pooled_gold_standard_assembly	77	Otu923	0.7102363833859204	0.0026541380372136015	19333	13731	5173431	0.6	0.0026761819803746653	5	3	1121
marmgCAMI2_short_read_pooled_gold_standard_assembly	157	Otu1062.0	0.5173953925716972	0.0025754859606176485	12762	6603	2563788	0.5	0.001326259946949602	4	2	1508
marmgCAMI2_short_read_pooled_gold_standard_assembly	202	Otu282.0	1.0	0.0025697345472359702	11986	11986	4664295	1.0	0.0013481631277384564	4	4	2967
marmgCAMI2_short_read_pooled_gold_standard_assembly	87	Otu958	0.5123630842641795	0.002252955737729152	18442	9449	4194046	0.4	0.0010178117048346056	5	2	1965
marmgCAMI2_short_read_pooled_gold_standard_assembly	351	Otu1950	0.499609282098325	0.00222668653144625	29433	14705	6603983	0.5555555555555556	0.0009000900090009	9	5	5555
marmgCAMI2_short_read_pooled_gold_standard_assembly	0	Otu937	0.27919059338255403	0.0022134848706899914	36570	10210	4612636	0.2727272727272727	0.00265017667844523	11	3	1132
marmgCAMI2_short_read_pooled_gold_standard_assembly	24	Otu1597	1.0	0.0019650306541853543	2684	2684	1365882	1.0	0.00035161744022503517	1	1	2844
marmgCAMI2_short_read_pooled_gold_standard_assembly	541	Otu1950	1.0	0.0019610892396300836	12951	12951	6603983	1.0	0.00072007200720072	4	4	5555
marmgCAMI2_short_read_pooled_gold_standard_assembly	350	Otu626.0	0.5800862406899255	0.0019596771075070544	12755	7399	3775622	0.3333333333333333	0.0011098779134295228	3	1	901
marmgCAMI2_short_read_pooled_gold_standard_assembly	149	Otu433	1.0	0.0019432757312765466	3489	3489	1795422	1.0	0.001336898395721925	1	1	748
marmgCAMI2_short_read_pooled_gold_standard_assembly	252	Otu2098	1.0	0.0018949863774691802	3068	3068	1619009	1.0	0.0002740476842970677	1	1	3649
marmgCAMI2_short_read_pooled_gold_standard_assembly	357	Otu968.0	0.44926386754572945	0.0018533098031356782	20173	9063	4890170	0.5	0.0024630541871921183	4	2	812
marmgCAMI2_short_read_pooled_gold_standard_assembly	103	Otu1543	1.0	0.001828554561806972	2701	2701	1477123	1.0	0.00039761431411530816	1	1	2515
marmgCAMI2_short_read_pooled_gold_standard_assembly	269	Otu999	1.0	0.001807647168911094	9089	9089	5028083	1.0	0.002173913043478261	3	3	1380
marmgCAMI2_short_read_pooled_gold_standard_assembly	111	Otu521.0	1.0	0.0017805202537739908	5625	5625	3159189	1.0	0.000462000462000462	2	2	4329
marmgCAMI2_short_read_pooled_gold_standard_assembly	312	Otu862.0	0.628021769396279	0.0017135687919132814	7901	4962	2895711	0.5	0.0021598272138228943	2	1	463
marmgCAMI2_short_read_pooled_gold_standard_assembly	265	Otu1753	0.646657477601654	0.0017104237778618335	14510	9383	5485775	0.6	0.0004023605150214592	5	3	7456
marmgCAMI2_short_read_pooled_gold_standard_assembly	177	Otu1769	0.658820892176642	0.0016009800896145746	8922	5878	3671501	0.6666666666666666	0.0008449514152936206	3	2	2367
marmgCAMI2_short_read_pooled_gold_standard_assembly	197	Otu1057	1.0	0.0015886730620128947	8024	8024	5050756	1.0	0.0011389521640091116	1	1	878
marmgCAMI2_short_read_pooled_gold_standard_assembly	69	Otu1974.0	0.7023470839260313	0.0014604164294260231	8436	5925	4057062	0.6666666666666666	0.00036231884057971015	3	2	5520
marmgCAMI2_short_read_pooled_gold_standard_assembly	137	Otu1536	1.0	0.0014444264383493813	2567	2567	1777176	1.0	0.0008968609865470852	1	1	1115
marmgCAMI2_short_read_pooled_gold_standard_assembly	235	Otu2333	1.0	0.0013602216714544131	6363	6363	4677914	1.0	0.000544069640914037	1	1	1838
marmgCAMI2_short_read_pooled_gold_standard_assembly	450	Otu1974.0	0.3878887070376432	0.0012851664578949003	13442	5214	4057062	0.5	0.00036231884057971015	4	2	5520
marmgCAMI2_short_read_pooled_gold_standard_assembly	189	Otu1791	0.5054634857038791	0.0012420431262612577	10982	5551	4469249	0.5	0.00044863167339614175	4	2	4458
marmgCAMI2_short_read_pooled_gold_standard_assembly	52	Otu1264	1.0	0.001228414398769347	3841	3841	3126795	1.0	0.00024509803921568627	1	1	4080
marmgCAMI2_short_read_pooled_gold_standard_assembly	444	Otu595.0	1.0	0.0012123354635894103	6701	6701	5527348	1.0	0.024390243902439025	2	2	82
marmgCAMI2_short_read_pooled_gold_standard_assembly	409	Otu761	1.0	0.0009641989337790723	4234	4234	4391210	1.0	0.0012300123001230013	1	1	813
marmgCAMI2_short_read_pooled_gold_standard_assembly	451	Otu1585	1.0	0.0009609589991915793	2942	2942	3061525	1.0	0.00031969309462915604	1	1	3128
marmgCAMI2_short_read_pooled_gold_standard_assembly	538	Otu1950	1.0	0.000927167741043549	6123	6123	6603983	1.0	0.00036003600360036	2	2	5555
marmgCAMI2_short_read_pooled_gold_standard_assembly	377	Otu1068.0	1.0	0.0008945409493674557	2930	2930	3275423	1.0	0.0002013693113169553	1	1	4966
marmgCAMI2_short_read_pooled_gold_standard_assembly	358	Otu1196	1.0	0.000865943708169169	2997	2997	3460964	1.0	0.00024993751562109475	1	1	4001
marmgCAMI2_short_read_pooled_gold_standard_assembly	327	Otu1950	1.0	0.0008494873472569508	5610	5610	6603983	1.0	0.00036003600360036	2	2	5555
marmgCAMI2_short_read_pooled_gold_standard_assembly	183	Otu2170	1.0	0.0008242291720902632	3489	3489	4233046	1.0	0.0001889287738522577	1	1	5293
marmgCAMI2_short_read_pooled_gold_standard_assembly	411	Otu2215	1.0	0.0008194691583534089	2707	2707	3303358	1.0	0.00016778523489932885	1	1	5960
marmgCAMI2_short_read_pooled_gold_standard_assembly	512	Otu712	1.0	0.0008114331594953776	2571	2571	3168468	1.0	0.0006544502617801048	1	1	1528
marmgCAMI2_short_read_pooled_gold_standard_assembly	426	Otu860	1.0	0.0007793453748561357	3121	3121	4004643	1.0	0.0007132667617689016	1	1	1402
marmgCAMI2_short_read_pooled_gold_standard_assembly	424	Otu2177	1.0	0.0007545437329588779	2554	2554	3384827	1.0	0.00016471750947125678	1	1	6071
marmgCAMI2_short_read_pooled_gold_standard_assembly	46	Otu596	0.5221709826179496	0.0007468756294786534	5638	2944	3941754	0.5	0.00031645569620253165	2	1	3160
marmgCAMI2_short_read_pooled_gold_standard_assembly	203	Otu1519	0.5641703786191536	0.0007459825444133859	7184	4053	5433103	0.5	0.0006305170239596469	2	1	1586
marmgCAMI2_short_read_pooled_gold_standard_assembly	481	Otu2170	1.0	0.000734695536027721	3110	3110	4233046	1.0	0.0001889287738522577	1	1	5293
marmgCAMI2_short_read_pooled_gold_standard_assembly	16	Otu2170	1.0	0.0007311519884263011	3095	3095	4233046	1.0	0.0001889287738522577	1	1	5293
marmgCAMI2_short_read_pooled_gold_standard_assembly	353	Otu1769	1.0	0.0007266782713663976	2668	2668	3671501	1.0	0.0004224757076468103	1	1	2367
marmgCAMI2_short_read_pooled_gold_standard_assembly	317	Otu968.0	1.0	0.0007198113767006055	3520	3520	4890170	1.0	0.0012315270935960591	1	1	812
marmgCAMI2_short_read_pooled_gold_standard_assembly	148	Otu1773	1.0	0.0007048461639688274	3203	3203	4544254	1.0	0.00014729709824716454	1	1	6789
marmgCAMI2_short_read_pooled_gold_standard_assembly	201	Otu761	1.0	0.0006927475570514733	3042	3042	4391210	1.0	0.0012300123001230013	1	1	813
marmgCAMI2_short_read_pooled_gold_standard_assembly	193	Otu596	1.0	0.0006814225342322225	2686	2686	3941754	1.0	0.00031645569620253165	1	1	3160
marmgCAMI2_short_read_pooled_gold_standard_assembly	370	Otu903	1.0	0.0006577285527717612	3122	3122	4746639	1.0	0.0004514672686230248	1	1	2215
marmgCAMI2_short_read_pooled_gold_standard_assembly	414	Otu2423	1.0	0.0006389440913558808	2775	2775	4343103	1.0	0.00017752529735487306	1	1	5633
marmgCAMI2_short_read_pooled_gold_standard_assembly	63	Otu1529	1.0	0.0006350768346222606	2757	2757	4341207	1.0	0.005050505050505051	1	1	198
marmgCAMI2_short_read_pooled_gold_standard_assembly	75	Otu1028	1.0	0.0006192014887424545	4285	4285	6920203	1.0	0.0003485535029627048	1	1	2869
marmgCAMI2_short_read_pooled_gold_standard_assembly	241	Otu2170	1.0	0.0006146873905929678	2602	2602	4233046	1.0	0.0001889287738522577	1	1	5293
marmgCAMI2_short_read_pooled_gold_standard_assembly	277	Otu2333	1.0	0.000604115424097151	2826	2826	4677914	1.0	0.000544069640914037	1	1	1838
marmgCAMI2_short_read_pooled_gold_standard_assembly	465	Otu2322	1.0	0.0005547152335153975	2701	2701	4869165	1.0	0.00012484394506866417	1	1	8010
marmgCAMI2_short_read_pooled_gold_standard_assembly	391	Otu1950	0.5294844087681383	0.0005193835296062997	6478	3430	6603983	0.5	0.00018001800180018	2	1	5555
marmgCAMI2_short_read_pooled_gold_standard_assembly	456	Otu1498	1.0	0.0005074184923625582	2686	2686	5293461	1.0	0.016666666666666666	1	1	60
marmgCAMI2_short_read_pooled_gold_standard_assembly	488	Otu1111	0.501822821728035	0.0004988297522865446	5486	2753	5518917	0.5	0.017543859649122806	2	1	57
marmgCAMI2_short_read_pooled_gold_standard_assembly	280	Otu1028	1.0	0.00041299366507022985	2858	2858	6920203	1.0	0.0003485535029627048	1	1	2869
marmgCAMI2_short_read_pooled_gold_standard_assembly	271	Otu1950	1.0	0.00039597315741121686	2615	2615	6603983	1.0	0.00018001800180018	1	1	5555
