Method	num_5010	num_7010	num_9010	num_505	num_605	num_705	num_805	num_905
concoct_bins_checkm2_quality_report.tsv	14	9	4	11	9	7	7	3
maxbin2_bins_checkm2_quality_report.tsv	7	6	3	5	5	5	5	3
metabat2_bins_checkm2_quality_report.tsv	10	8	3	9	8	8	8	3
VAMB/S10_checkm2_output/quality_report.tsv	7	6	2	7	6	6	3	2
CLMB/S10_checkm2_output/quality_report.tsv	5	3	1	5	4	3	1	1
metadecoder/samfiles_checkm2_output/quality_report.tsv	8	6	0	8	7	6	3	0
semibin_Easy_coassemly_mode_v1.0.0_default/output_recluster_bins_checkm2_output/quality_report.tsv	8	6	0	8	8	6	3	0
semibin2_Easy_coassemly_mode/output_bins_checkm2_output/quality_report.tsv	8	6	1	8	8	6	4	1
COMEBin_nocovloss_tau0.15_nepoch200_earlystop_addvars_nedge75_vars_sqrt_NokmerMetric/filter200000/*filtersmallbins_200000.tsv_bins_checkm2_output/quality_report.tsv	13	9	3	12	10	8	8	3
