Method	num_5010	num_7010	num_9010	num_505	num_605	num_705	num_805	num_905
concoct_bins_checkm2_quality_report.tsv	28	19	12	19	14	12	9	7
maxbin2_bins_checkm2_quality_report.tsv	20	12	8	7	5	3	3	3
metabat2_bins_checkm2_quality_report.tsv	29	19	8	20	19	15	11	7
VAMB/S1_checkm2_output/quality_report.tsv	17	10	3	17	15	10	8	3
CLMB/S1_checkm2_output/quality_report.tsv	18	9	2	17	12	8	7	2
metadecoder/samfiles_checkm2_output/quality_report.tsv	24	15	5	24	18	15	8	5
semibin_Easy_coassemly_mode_v1.0.0_default/output_recluster_bins_checkm2_output/quality_report.tsv	26	16	5	25	20	16	10	5
semibin2_Easy_coassemly_mode/output_bins_checkm2_output/quality_report.tsv	26	16	6	24	19	16	11	6
COMEBin_nocovloss_tau0.15_nepoch200_earlystop_addvars_nedge75_vars_sqrt_NokmerMetric/comebin_res_bins_checkm2_output/quality_report.tsv	52	31	18	33	23	16	14	10
