sample_id	Bin ID	Most abundant genome	Purity (bp)	Completeness (bp)	Bin size (bp)	True positives (bp)	True size of most abundant genome (bp)	Purity (seq)	Completeness (seq)	Bin size (seq)	True positives (seq)	True size of most abundant genome (seq)
marmgCAMI2_short_read_pooled_gold_standard_assembly	Otu2335	Otu2335	1.0	1.0	2633653	2633653	2633653	1.0	1.0	5381	5381	5381
marmgCAMI2_short_read_pooled_gold_standard_assembly	Otu345.0	Otu345.0	1.0	1.0	9446022	9446022	9446022	1.0	1.0	11	11	11
marmgCAMI2_short_read_pooled_gold_standard_assembly	Otu1126	Otu1126	1.0	1.0	2593475	2593475	2593475	1.0	1.0	103	103	103
marmgCAMI2_short_read_pooled_gold_standard_assembly	Otu1664	Otu1664	1.0	1.0	3901250	3901250	3901250	1.0	1.0	106	106	106
marmgCAMI2_short_read_pooled_gold_standard_assembly	Otu491.0	Otu491.0	1.0	1.0	4102221	4102221	4102221	1.0	1.0	169	169	169
marmgCAMI2_short_read_pooled_gold_standard_assembly	Otu1913	Otu1913	1.0	1.0	1391561	1391561	1391561	1.0	1.0	85	85	85
marmgCAMI2_short_read_pooled_gold_standard_assembly	Otu2438	Otu2438	1.0	1.0	2028059	2028059	2028059	1.0	1.0	350	350	350
marmgCAMI2_short_read_pooled_gold_standard_assembly	Otu1428.0	Otu1428.0	1.0	1.0	4645718	4645718	4645718	1.0	1.0	143	143	143
marmgCAMI2_short_read_pooled_gold_standard_assembly	Otu1515	Otu1515	1.0	1.0	6118581	6118581	6118581	1.0	1.0	302	302	302
marmgCAMI2_short_read_pooled_gold_standard_assembly	Otu1191	Otu1191	1.0	1.0	3586329	3586329	3586329	1.0	1.0	144	144	144
marmgCAMI2_short_read_pooled_gold_standard_assembly	Otu496.0	Otu496.0	1.0	1.0	3031417	3031417	3031417	1.0	1.0	125	125	125
marmgCAMI2_short_read_pooled_gold_standard_assembly	Otu1957.0	Otu1957.0	1.0	1.0	3249600	3249600	3249600	1.0	1.0	115	115	115
marmgCAMI2_short_read_pooled_gold_standard_assembly	Otu1469.1	Otu1469.1	1.0	1.0	4060355	4060355	4060355	1.0	1.0	38	38	38
marmgCAMI2_short_read_pooled_gold_standard_assembly	Otu716.0	Otu716.0	1.0	1.0	3945169	3945169	3945169	1.0	1.0	98	98	98
marmgCAMI2_short_read_pooled_gold_standard_assembly	Otu684	Otu684	1.0	1.0	2523109	2523109	2523109	1.0	1.0	223	223	223
marmgCAMI2_short_read_pooled_gold_standard_assembly	Otu921.0	Otu921.0	1.0	1.0	4507798	4507798	4507798	1.0	1.0	82	82	82
marmgCAMI2_short_read_pooled_gold_standard_assembly	Otu89	Otu89	1.0	1.0	1861292	1861292	1861292	1.0	1.0	1	1	1
marmgCAMI2_short_read_pooled_gold_standard_assembly	Otu2117	Otu2117	1.0	1.0	3908322	3908322	3908322	1.0	1.0	1149	1149	1149
marmgCAMI2_short_read_pooled_gold_standard_assembly	Otu1002.0	Otu1002.0	1.0	1.0	1747582	1747582	1747582	1.0	1.0	303	303	303
marmgCAMI2_short_read_pooled_gold_standard_assembly	Otu1763.0	Otu1763.0	1.0	1.0	5162657	5162657	5162657	1.0	1.0	699	699	699
marmgCAMI2_short_read_pooled_gold_standard_assembly	Otu150.0	Otu150.0	1.0	1.0	3309057	3309057	3309057	1.0	1.0	99	99	99
marmgCAMI2_short_read_pooled_gold_standard_assembly	Otu1548.1	Otu1548.1	1.0	1.0	4639849	4639849	4639849	1.0	1.0	246	246	246
marmgCAMI2_short_read_pooled_gold_standard_assembly	Otu511	Otu511	1.0	1.0	1745369	1745369	1745369	1.0	1.0	153	153	153
marmgCAMI2_short_read_pooled_gold_standard_assembly	Otu554	Otu554	1.0	1.0	2171716	2171716	2171716	1.0	1.0	152	152	152
marmgCAMI2_short_read_pooled_gold_standard_assembly	RNODE_531_length_9868_cov_8.44904	RNODE_531_length_9868_cov_8.44904	1.0	1.0	98207	98207	98207	1.0	1.0	10	10	10
marmgCAMI2_short_read_pooled_gold_standard_assembly	Otu2338	Otu2338	1.0	1.0	1475400	1475400	1475400	1.0	1.0	226	226	226
marmgCAMI2_short_read_pooled_gold_standard_assembly	Otu1297	Otu1297	1.0	1.0	2589900	2589900	2589900	1.0	1.0	42	42	42
marmgCAMI2_short_read_pooled_gold_standard_assembly	Otu453	Otu453	1.0	1.0	2994467	2994467	2994467	1.0	1.0	87	87	87
marmgCAMI2_short_read_pooled_gold_standard_assembly	Otu1322	Otu1322	1.0	1.0	5934673	5934673	5934673	1.0	1.0	32	32	32
marmgCAMI2_short_read_pooled_gold_standard_assembly	Otu889.0	Otu889.0	1.0	1.0	3191961	3191961	3191961	1.0	1.0	643	643	643
marmgCAMI2_short_read_pooled_gold_standard_assembly	Otu638.0	Otu638.0	1.0	1.0	3644618	3644618	3644618	1.0	1.0	387	387	387
marmgCAMI2_short_read_pooled_gold_standard_assembly	Otu2189	Otu2189	1.0	1.0	1756687	1756687	1756687	1.0	1.0	296	296	296
marmgCAMI2_short_read_pooled_gold_standard_assembly	Otu323.0	Otu323.0	1.0	1.0	3544205	3544205	3544205	1.0	1.0	26	26	26
marmgCAMI2_short_read_pooled_gold_standard_assembly	Otu2119.0	Otu2119.0	1.0	1.0	3577249	3577249	3577249	1.0	1.0	17	17	17
marmgCAMI2_short_read_pooled_gold_standard_assembly	Otu771	Otu771	1.0	1.0	1564632	1564632	1564632	1.0	1.0	36	36	36
marmgCAMI2_short_read_pooled_gold_standard_assembly	Otu549	Otu549	1.0	1.0	3511658	3511658	3511658	1.0	1.0	9	9	9
marmgCAMI2_short_read_pooled_gold_standard_assembly	Otu53.0	Otu53.0	1.0	1.0	3424954	3424954	3424954	1.0	1.0	1	1	1
marmgCAMI2_short_read_pooled_gold_standard_assembly	Otu384.0	Otu384.0	1.0	1.0	4147266	4147266	4147266	1.0	1.0	5	5	5
marmgCAMI2_short_read_pooled_gold_standard_assembly	Otu364	Otu364	1.0	1.0	1434473	1434473	1434473	1.0	1.0	64	64	64
marmgCAMI2_short_read_pooled_gold_standard_assembly	Otu454.0	Otu454.0	1.0	1.0	4968968	4968968	4968968	1.0	1.0	10	10	10
marmgCAMI2_short_read_pooled_gold_standard_assembly	Otu46	Otu46	1.0	1.0	1741653	1741653	1741653	1.0	1.0	69	69	69
marmgCAMI2_short_read_pooled_gold_standard_assembly	Otu1136.0	Otu1136.0	1.0	1.0	3807576	3807576	3807576	1.0	1.0	55	55	55
marmgCAMI2_short_read_pooled_gold_standard_assembly	Otu315.0	Otu315.0	1.0	1.0	3830131	3830131	3830131	1.0	1.0	9	9	9
marmgCAMI2_short_read_pooled_gold_standard_assembly	Otu713	Otu713	1.0	1.0	1569194	1569194	1569194	1.0	1.0	38	38	38
marmgCAMI2_short_read_pooled_gold_standard_assembly	Otu279	Otu279	1.0	1.0	1342993	1342993	1342993	1.0	1.0	8	8	8
marmgCAMI2_short_read_pooled_gold_standard_assembly	Otu352.0	Otu352.0	1.0	1.0	5187932	5187932	5187932	1.0	1.0	109	109	109
marmgCAMI2_short_read_pooled_gold_standard_assembly	Otu303.0	Otu303.0	1.0	1.0	1999613	1999613	1999613	1.0	1.0	2	2	2
marmgCAMI2_short_read_pooled_gold_standard_assembly	Otu438	Otu438	1.0	1.0	6321918	6321918	6321918	1.0	1.0	8	8	8
marmgCAMI2_short_read_pooled_gold_standard_assembly	Otu457.0	Otu457.0	1.0	1.0	3841312	3841312	3841312	1.0	1.0	39	39	39
marmgCAMI2_short_read_pooled_gold_standard_assembly	Otu1475	Otu1475	1.0	1.0	2475854	2475854	2475854	1.0	1.0	63	63	63
marmgCAMI2_short_read_pooled_gold_standard_assembly	Otu85.1	Otu85.1	1.0	1.0	3293900	3293900	3293900	1.0	1.0	4	4	4
marmgCAMI2_short_read_pooled_gold_standard_assembly	Otu852.0	Otu852.0	1.0	1.0	4399929	4399929	4399929	1.0	1.0	9	9	9
marmgCAMI2_short_read_pooled_gold_standard_assembly	Otu391	Otu391	1.0	1.0	3107339	3107339	3107339	1.0	1.0	124	124	124
marmgCAMI2_short_read_pooled_gold_standard_assembly	Otu382.0	Otu382.0	1.0	1.0	4455384	4455384	4455384	1.0	1.0	1	1	1
marmgCAMI2_short_read_pooled_gold_standard_assembly	Otu590	Otu590	1.0	1.0	3926332	3926332	3926332	1.0	1.0	17	17	17
marmgCAMI2_short_read_pooled_gold_standard_assembly	Otu174	Otu174	1.0	1.0	1480752	1480752	1480752	1.0	1.0	28	28	28
marmgCAMI2_short_read_pooled_gold_standard_assembly	Otu265.0	Otu265.0	1.0	1.0	4417500	4417500	4417500	1.0	1.0	8	8	8
marmgCAMI2_short_read_pooled_gold_standard_assembly	Otu625	Otu625	1.0	1.0	1983735	1983735	1983735	1.0	1.0	11	11	11
marmgCAMI2_short_read_pooled_gold_standard_assembly	Otu22	Otu22	1.0	1.0	3600306	3600306	3600306	1.0	1.0	85	85	85
marmgCAMI2_short_read_pooled_gold_standard_assembly	Otu1129	Otu1129	1.0	1.0	5054908	5054908	5054908	1.0	1.0	80	80	80
marmgCAMI2_short_read_pooled_gold_standard_assembly	Otu1334	Otu1334	1.0	1.0	6398369	6398369	6398369	1.0	1.0	107	107	107
marmgCAMI2_short_read_pooled_gold_standard_assembly	RNODE_407_length_46658_cov_49.66972	RNODE_407_length_46658_cov_49.66972	1.0	1.0	464903	464903	464903	1.0	1.0	21	21	21
marmgCAMI2_short_read_pooled_gold_standard_assembly	Otu1362.0	Otu1362.0	1.0	1.0	1659927	1659927	1659927	1.0	1.0	93	93	93
marmgCAMI2_short_read_pooled_gold_standard_assembly	Otu2299.0	Otu2299.0	1.0	1.0	2913218	2913218	2913218	1.0	1.0	228	228	228
marmgCAMI2_short_read_pooled_gold_standard_assembly	Otu1427	Otu1427	1.0	1.0	2836702	2836702	2836702	1.0	1.0	329	329	329
marmgCAMI2_short_read_pooled_gold_standard_assembly	Otu2482.0	Otu2482.0	1.0	1.0	2828766	2828766	2828766	1.0	1.0	1749	1749	1749
marmgCAMI2_short_read_pooled_gold_standard_assembly	Otu894.0	Otu894.0	1.0	1.0	4306329	4306329	4306329	1.0	1.0	383	383	383
marmgCAMI2_short_read_pooled_gold_standard_assembly	Otu501	Otu501	1.0	1.0	1771740	1771740	1771740	1.0	1.0	177	177	177
marmgCAMI2_short_read_pooled_gold_standard_assembly	Otu254	Otu254	1.0	1.0	5835107	5835107	5835107	1.0	1.0	385	385	385
marmgCAMI2_short_read_pooled_gold_standard_assembly	Otu1108.0	Otu1108.0	1.0	1.0	167791	167791	167791	1.0	1.0	661	661	661
marmgCAMI2_short_read_pooled_gold_standard_assembly	Otu1817	Otu1817	1.0	1.0	463166	463166	463166	1.0	1.0	834	834	834
marmgCAMI2_short_read_pooled_gold_standard_assembly	Otu2468.0	Otu2468.0	1.0	1.0	4630256	4630256	4630256	1.0	1.0	1068	1068	1068
marmgCAMI2_short_read_pooled_gold_standard_assembly	Otu810.0	Otu810.0	1.0	1.0	3513753	3513753	3513753	1.0	1.0	159	159	159
marmgCAMI2_short_read_pooled_gold_standard_assembly	Otu571.0	Otu571.0	1.0	1.0	4728463	4728463	4728463	1.0	1.0	424	424	424
marmgCAMI2_short_read_pooled_gold_standard_assembly	Otu931	Otu931	1.0	1.0	2083507	2083507	2083507	1.0	1.0	327	327	327
marmgCAMI2_short_read_pooled_gold_standard_assembly	Otu2066	Otu2066	1.0	1.0	2048965	2048965	2048965	1.0	1.0	913	913	913
marmgCAMI2_short_read_pooled_gold_standard_assembly	Otu1108.1	Otu1108.1	1.0	1.0	1286567	1286567	1286567	1.0	1.0	368	368	368
marmgCAMI2_short_read_pooled_gold_standard_assembly	Otu1267.0	Otu1267.0	1.0	1.0	3827193	3827193	3827193	1.0	1.0	810	810	810
marmgCAMI2_short_read_pooled_gold_standard_assembly	Otu1665	Otu1665	1.0	1.0	1903922	1903922	1903922	1.0	1.0	2127	2127	2127
marmgCAMI2_short_read_pooled_gold_standard_assembly	Otu683.0	Otu683.0	1.0	1.0	5521362	5521362	5521362	1.0	1.0	29	29	29
marmgCAMI2_short_read_pooled_gold_standard_assembly	Otu445	Otu445	1.0	1.0	2038432	2038432	2038432	1.0	1.0	161	161	161
marmgCAMI2_short_read_pooled_gold_standard_assembly	Otu1358	Otu1358	1.0	1.0	8928984	8928984	8928984	1.0	1.0	1522	1522	1522
marmgCAMI2_short_read_pooled_gold_standard_assembly	Otu2016.0	Otu2016.0	1.0	1.0	3400410	3400410	3400410	1.0	1.0	762	762	762
marmgCAMI2_short_read_pooled_gold_standard_assembly	Otu169.0	Otu169.0	1.0	1.0	4784456	4784456	4784456	1.0	1.0	1653	1653	1653
marmgCAMI2_short_read_pooled_gold_standard_assembly	Otu570.0	Otu570.0	1.0	1.0	4380784	4380784	4380784	1.0	1.0	697	697	697
marmgCAMI2_short_read_pooled_gold_standard_assembly	Otu2073	Otu2073	1.0	1.0	1619680	1619680	1619680	1.0	1.0	799	799	799
marmgCAMI2_short_read_pooled_gold_standard_assembly	Otu1918	Otu1918	1.0	1.0	2383079	2383079	2383079	1.0	1.0	1116	1116	1116
marmgCAMI2_short_read_pooled_gold_standard_assembly	Otu2352	Otu2352	1.0	1.0	1577430	1577430	1577430	1.0	1.0	1740	1740	1740
marmgCAMI2_short_read_pooled_gold_standard_assembly	Otu719.0	Otu719.0	1.0	1.0	4385915	4385915	4385915	1.0	1.0	435	435	435
marmgCAMI2_short_read_pooled_gold_standard_assembly	Otu1247	Otu1247	1.0	1.0	1572945	1572945	1572945	1.0	1.0	3487	3487	3487
marmgCAMI2_short_read_pooled_gold_standard_assembly	Otu520.0	Otu520.0	1.0	1.0	3937546	3937546	3937546	1.0	1.0	629	629	629
marmgCAMI2_short_read_pooled_gold_standard_assembly	Otu909	Otu909	1.0	1.0	2843766	2843766	2843766	1.0	1.0	738	738	738
marmgCAMI2_short_read_pooled_gold_standard_assembly	Otu1468.0	Otu1468.0	1.0	1.0	4020842	4020842	4020842	1.0	1.0	2436	2436	2436
marmgCAMI2_short_read_pooled_gold_standard_assembly	Otu873.1	Otu873.1	1.0	1.0	3229632	3229632	3229632	1.0	1.0	1851	1851	1851
marmgCAMI2_short_read_pooled_gold_standard_assembly	Otu1381	Otu1381	1.0	1.0	2070653	2070653	2070653	1.0	1.0	317	317	317
marmgCAMI2_short_read_pooled_gold_standard_assembly	Otu1656	Otu1656	1.0	1.0	1753400	1753400	1753400	1.0	1.0	306	306	306
marmgCAMI2_short_read_pooled_gold_standard_assembly	Otu1580	Otu1580	1.0	1.0	1846692	1846692	1846692	1.0	1.0	1111	1111	1111
marmgCAMI2_short_read_pooled_gold_standard_assembly	Otu1376	Otu1376	1.0	1.0	1510515	1510515	1510515	1.0	1.0	2377	2377	2377
marmgCAMI2_short_read_pooled_gold_standard_assembly	Otu726	Otu726	1.0	1.0	5359107	5359107	5359107	1.0	1.0	416	416	416
marmgCAMI2_short_read_pooled_gold_standard_assembly	Otu1147	Otu1147	1.0	1.0	5118959	5118959	5118959	1.0	1.0	240	240	240
marmgCAMI2_short_read_pooled_gold_standard_assembly	Otu1544	Otu1544	1.0	1.0	4204669	4204669	4204669	1.0	1.0	179	179	179
marmgCAMI2_short_read_pooled_gold_standard_assembly	Otu2128	Otu2128	1.0	1.0	1723167	1723167	1723167	1.0	1.0	334	334	334
marmgCAMI2_short_read_pooled_gold_standard_assembly	Otu1221	Otu1221	1.0	1.0	2546028	2546028	2546028	1.0	1.0	675	675	675
marmgCAMI2_short_read_pooled_gold_standard_assembly	Otu222.0	Otu222.0	1.0	1.0	6728401	6728401	6728401	1.0	1.0	124	124	124
marmgCAMI2_short_read_pooled_gold_standard_assembly	Otu2156	Otu2156	1.0	1.0	1636469	1636469	1636469	1.0	1.0	387	387	387
marmgCAMI2_short_read_pooled_gold_standard_assembly	Otu1153	Otu1153	1.0	1.0	1323484	1323484	1323484	1.0	1.0	484	484	484
marmgCAMI2_short_read_pooled_gold_standard_assembly	RNODE_207_length_2195_cov_3.75886	RNODE_207_length_2195_cov_3.75886	1.0	1.0	21459	21459	21459	1.0	1.0	10	10	10
marmgCAMI2_short_read_pooled_gold_standard_assembly	Otu881.0	Otu881.0	1.0	1.0	1509476	1509476	1509476	1.0	1.0	752	752	752
marmgCAMI2_short_read_pooled_gold_standard_assembly	Otu806.0	Otu806.0	1.0	1.0	4877299	4877299	4877299	1.0	1.0	1479	1479	1479
marmgCAMI2_short_read_pooled_gold_standard_assembly	Otu447.1	Otu447.1	1.0	1.0	4069862	4069862	4069862	1.0	1.0	378	378	378
marmgCAMI2_short_read_pooled_gold_standard_assembly	Otu722	Otu722	1.0	1.0	4739605	4739605	4739605	1.0	1.0	410	410	410
marmgCAMI2_short_read_pooled_gold_standard_assembly	Otu987	Otu987	1.0	1.0	9329432	9329432	9329432	1.0	1.0	523	523	523
marmgCAMI2_short_read_pooled_gold_standard_assembly	Otu704	Otu704	1.0	1.0	1702411	1702411	1702411	1.0	1.0	223	223	223
marmgCAMI2_short_read_pooled_gold_standard_assembly	Otu1240.0	Otu1240.0	1.0	1.0	4668093	4668093	4668093	1.0	1.0	372	372	372
marmgCAMI2_short_read_pooled_gold_standard_assembly	Otu2479	Otu2479	1.0	1.0	3031905	3031905	3031905	1.0	1.0	553	553	553
marmgCAMI2_short_read_pooled_gold_standard_assembly	Otu972	Otu972	1.0	1.0	2798717	2798717	2798717	1.0	1.0	830	830	830
marmgCAMI2_short_read_pooled_gold_standard_assembly	Otu297.0	Otu297.0	1.0	1.0	5443942	5443942	5443942	1.0	1.0	333	333	333
marmgCAMI2_short_read_pooled_gold_standard_assembly	Otu1139	Otu1139	1.0	1.0	1997075	1997075	1997075	1.0	1.0	372	372	372
marmgCAMI2_short_read_pooled_gold_standard_assembly	Otu954	Otu954	1.0	1.0	1850526	1850526	1850526	1.0	1.0	512	512	512
marmgCAMI2_short_read_pooled_gold_standard_assembly	Otu1187	Otu1187	1.0	1.0	6198470	6198470	6198470	1.0	1.0	523	523	523
marmgCAMI2_short_read_pooled_gold_standard_assembly	Otu1676.0	Otu1676.0	1.0	1.0	2513454	2513454	2513454	1.0	1.0	467	467	467
marmgCAMI2_short_read_pooled_gold_standard_assembly	Otu1657	Otu1657	1.0	1.0	756993	756993	756993	1.0	1.0	1012	1012	1012
marmgCAMI2_short_read_pooled_gold_standard_assembly	Otu1079.0	Otu1079.0	1.0	1.0	4149727	4149727	4149727	1.0	1.0	271	271	271
marmgCAMI2_short_read_pooled_gold_standard_assembly	Otu1093	Otu1093	1.0	1.0	2764592	2764592	2764592	1.0	1.0	429	429	429
marmgCAMI2_short_read_pooled_gold_standard_assembly	Otu1119.0	Otu1119.0	1.0	1.0	2516017	2516017	2516017	1.0	1.0	230	230	230
marmgCAMI2_short_read_pooled_gold_standard_assembly	Otu1200.0	Otu1200.0	1.0	1.0	5099970	5099970	5099970	1.0	1.0	16	16	16
marmgCAMI2_short_read_pooled_gold_standard_assembly	Otu61.0	Otu61.0	1.0	1.0	4052363	4052363	4052363	1.0	1.0	2	2	2
marmgCAMI2_short_read_pooled_gold_standard_assembly	Otu867	Otu867	1.0	1.0	3433181	3433181	3433181	1.0	1.0	6984	6984	6984
marmgCAMI2_short_read_pooled_gold_standard_assembly	Otu35.0	Otu35.0	1.0	1.0	5051673	5051673	5051673	1.0	1.0	1	1	1
marmgCAMI2_short_read_pooled_gold_standard_assembly	Otu293.0	Otu293.0	1.0	1.0	2560157	2560157	2560157	1.0	1.0	2	2	2
marmgCAMI2_short_read_pooled_gold_standard_assembly	Otu215.0	Otu215.0	1.0	1.0	3074116	3074116	3074116	1.0	1.0	4	4	4
marmgCAMI2_short_read_pooled_gold_standard_assembly	Otu122.0	Otu122.0	1.0	1.0	3555091	3555091	3555091	1.0	1.0	1	1	1
marmgCAMI2_short_read_pooled_gold_standard_assembly	Otu93	Otu93	1.0	1.0	3251347	3251347	3251347	1.0	1.0	1	1	1
marmgCAMI2_short_read_pooled_gold_standard_assembly	Otu75.0	Otu75.0	1.0	1.0	4279149	4279149	4279149	1.0	1.0	1	1	1
marmgCAMI2_short_read_pooled_gold_standard_assembly	Otu365.0	Otu365.0	1.0	1.0	7215228	7215228	7215228	1.0	1.0	1	1	1
marmgCAMI2_short_read_pooled_gold_standard_assembly	Otu222.1	Otu222.1	1.0	1.0	5183322	5183322	5183322	1.0	1.0	1	1	1
marmgCAMI2_short_read_pooled_gold_standard_assembly	Otu160	Otu160	1.0	1.0	1859369	1859369	1859369	1.0	1.0	1	1	1
marmgCAMI2_short_read_pooled_gold_standard_assembly	Otu250	Otu250	1.0	1.0	4050905	4050905	4050905	1.0	1.0	2	2	2
marmgCAMI2_short_read_pooled_gold_standard_assembly	Otu90.0	Otu90.0	1.0	1.0	3705011	3705011	3705011	1.0	1.0	1	1	1
marmgCAMI2_short_read_pooled_gold_standard_assembly	Otu846.0	Otu846.0	1.0	1.0	3858490	3858490	3858490	1.0	1.0	3	3	3
marmgCAMI2_short_read_pooled_gold_standard_assembly	Otu40.0	Otu40.0	1.0	1.0	1481183	1481183	1481183	1.0	1.0	1	1	1
marmgCAMI2_short_read_pooled_gold_standard_assembly	Otu176.0	Otu176.0	1.0	1.0	3052367	3052367	3052367	1.0	1.0	2	2	2
marmgCAMI2_short_read_pooled_gold_standard_assembly	Otu69.0	Otu69.0	1.0	1.0	4719539	4719539	4719539	1.0	1.0	1	1	1
marmgCAMI2_short_read_pooled_gold_standard_assembly	Otu249.0	Otu249.0	1.0	1.0	4516467	4516467	4516467	1.0	1.0	2	2	2
marmgCAMI2_short_read_pooled_gold_standard_assembly	Otu304.0	Otu304.0	1.0	1.0	4023492	4023492	4023492	1.0	1.0	2	2	2
marmgCAMI2_short_read_pooled_gold_standard_assembly	Otu218	Otu218	1.0	1.0	1878554	1878554	1878554	1.0	1.0	2	2	2
marmgCAMI2_short_read_pooled_gold_standard_assembly	Otu241.0	Otu241.0	1.0	1.0	4875390	4875390	4875390	1.0	1.0	2	2	2
marmgCAMI2_short_read_pooled_gold_standard_assembly	Otu37.0	Otu37.0	1.0	1.0	7327599	7327599	7327599	1.0	1.0	4	4	4
marmgCAMI2_short_read_pooled_gold_standard_assembly	Otu110.0	Otu110.0	1.0	1.0	2884284	2884284	2884284	1.0	1.0	1	1	1
marmgCAMI2_short_read_pooled_gold_standard_assembly	Otu450.0	Otu450.0	1.0	1.0	2986827	2986827	2986827	1.0	1.0	1	1	1
marmgCAMI2_short_read_pooled_gold_standard_assembly	Otu312.0	Otu312.0	1.0	1.0	4560497	4560497	4560497	1.0	1.0	1	1	1
marmgCAMI2_short_read_pooled_gold_standard_assembly	Otu292.0	Otu292.0	1.0	1.0	4331149	4331149	4331149	1.0	1.0	5	5	5
marmgCAMI2_short_read_pooled_gold_standard_assembly	Otu870	Otu870	1.0	1.0	2736366	2736366	2736366	1.0	1.0	1	1	1
marmgCAMI2_short_read_pooled_gold_standard_assembly	Otu800.0	Otu800.0	1.0	1.0	4406281	4406281	4406281	1.0	1.0	3	3	3
marmgCAMI2_short_read_pooled_gold_standard_assembly	Otu393.0	Otu393.0	1.0	1.0	4969542	4969542	4969542	1.0	1.0	2	2	2
marmgCAMI2_short_read_pooled_gold_standard_assembly	Otu229.0	Otu229.0	1.0	1.0	4134217	4134217	4134217	1.0	1.0	1	1	1
marmgCAMI2_short_read_pooled_gold_standard_assembly	Otu2.0	Otu2.0	1.0	1.0	4145260	4145260	4145260	1.0	1.0	2	2	2
marmgCAMI2_short_read_pooled_gold_standard_assembly	Otu833	Otu833	1.0	1.0	1690869	1690869	1690869	1.0	1.0	1	1	1
marmgCAMI2_short_read_pooled_gold_standard_assembly	Otu64.0	Otu64.0	1.0	1.0	5657770	5657770	5657770	1.0	1.0	2	2	2
marmgCAMI2_short_read_pooled_gold_standard_assembly	Otu398	Otu398	1.0	1.0	1908158	1908158	1908158	1.0	1.0	3	3	3
marmgCAMI2_short_read_pooled_gold_standard_assembly	Otu3.0	Otu3.0	1.0	1.0	3665852	3665852	3665852	1.0	1.0	1	1	1
marmgCAMI2_short_read_pooled_gold_standard_assembly	Otu133.0	Otu133.0	1.0	1.0	3389983	3389983	3389983	1.0	1.0	1	1	1
marmgCAMI2_short_read_pooled_gold_standard_assembly	Otu80.0	Otu80.0	1.0	1.0	4684311	4684311	4684311	1.0	1.0	1	1	1
marmgCAMI2_short_read_pooled_gold_standard_assembly	Otu525.0	Otu525.0	1.0	1.0	4337917	4337917	4337917	1.0	1.0	1	1	1
marmgCAMI2_short_read_pooled_gold_standard_assembly	Otu132	Otu132	1.0	1.0	2495237	2495237	2495237	1.0	1.0	1	1	1
marmgCAMI2_short_read_pooled_gold_standard_assembly	Otu179	Otu179	1.0	1.0	5226895	5226895	5226895	1.0	1.0	1	1	1
marmgCAMI2_short_read_pooled_gold_standard_assembly	Otu230.1	Otu230.1	1.0	1.0	4635062	4635062	4635062	1.0	1.0	1	1	1
marmgCAMI2_short_read_pooled_gold_standard_assembly	Otu11	Otu11	1.0	1.0	1667163	1667163	1667163	1.0	1.0	1	1	1
marmgCAMI2_short_read_pooled_gold_standard_assembly	Otu60.0	Otu60.0	1.0	1.0	5197896	5197896	5197896	1.0	1.0	1	1	1
marmgCAMI2_short_read_pooled_gold_standard_assembly	Otu465	Otu465	1.0	1.0	1443759	1443759	1443759	1.0	1.0	1	1	1
marmgCAMI2_short_read_pooled_gold_standard_assembly	Otu105.0	Otu105.0	1.0	1.0	3914609	3914609	3914609	1.0	1.0	1	1	1
marmgCAMI2_short_read_pooled_gold_standard_assembly	Otu3.1	Otu3.1	1.0	1.0	3176261	3176261	3176261	1.0	1.0	1	1	1
marmgCAMI2_short_read_pooled_gold_standard_assembly	Otu854	Otu854	1.0	1.0	1584791	1584791	1584791	1.0	1.0	1	1	1
marmgCAMI2_short_read_pooled_gold_standard_assembly	Otu36.0	Otu36.0	1.0	1.0	4137509	4137509	4137509	1.0	1.0	2	2	2
marmgCAMI2_short_read_pooled_gold_standard_assembly	Otu1000	Otu1000	1.0	1.0	4884705	4884705	4884705	1.0	1.0	1	1	1
marmgCAMI2_short_read_pooled_gold_standard_assembly	Otu351	Otu351	1.0	1.0	2606696	2606696	2606696	1.0	1.0	2	2	2
marmgCAMI2_short_read_pooled_gold_standard_assembly	Otu388	Otu388	1.0	1.0	1761644	1761644	1761644	1.0	1.0	3	3	3
marmgCAMI2_short_read_pooled_gold_standard_assembly	Otu9	Otu9	1.0	1.0	2562275	2562275	2562275	1.0	1.0	1	1	1
marmgCAMI2_short_read_pooled_gold_standard_assembly	Otu85.0	Otu85.0	1.0	1.0	3427048	3427048	3427048	1.0	1.0	1	1	1
marmgCAMI2_short_read_pooled_gold_standard_assembly	Otu157.0	Otu157.0	1.0	1.0	3543876	3543876	3543876	1.0	1.0	1	1	1
marmgCAMI2_short_read_pooled_gold_standard_assembly	Otu492	Otu492	1.0	1.0	1641796	1641796	1641796	1.0	1.0	1	1	1
marmgCAMI2_short_read_pooled_gold_standard_assembly	Otu82	Otu82	1.0	1.0	4059887	4059887	4059887	1.0	1.0	1	1	1
marmgCAMI2_short_read_pooled_gold_standard_assembly	Otu724	Otu724	1.0	1.0	1766600	1766600	1766600	1.0	1.0	2	2	2
marmgCAMI2_short_read_pooled_gold_standard_assembly	Otu168.0	Otu168.0	1.0	1.0	3274117	3274117	3274117	1.0	1.0	3	3	3
marmgCAMI2_short_read_pooled_gold_standard_assembly	Otu583	Otu583	1.0	1.0	1704075	1704075	1704075	1.0	1.0	1	1	1
marmgCAMI2_short_read_pooled_gold_standard_assembly	Otu523	Otu523	1.0	1.0	3052329	3052329	3052329	1.0	1.0	1	1	1
marmgCAMI2_short_read_pooled_gold_standard_assembly	Otu20	Otu20	1.0	1.0	5251138	5251138	5251138	1.0	1.0	2	2	2
marmgCAMI2_short_read_pooled_gold_standard_assembly	Otu119.1	Otu119.1	1.0	1.0	4480493	4480493	4480493	1.0	1.0	1	1	1
marmgCAMI2_short_read_pooled_gold_standard_assembly	Otu298	Otu298	1.0	1.0	8180216	8180216	8180216	1.0	1.0	1	1	1
marmgCAMI2_short_read_pooled_gold_standard_assembly	Otu40.1	Otu40.1	1.0	1.0	6512824	6512824	6512824	1.0	1.0	5	5	5
marmgCAMI2_short_read_pooled_gold_standard_assembly	Otu1337	Otu1337	1.0	1.0	3914592	3914592	3914592	1.0	1.0	2	2	2
marmgCAMI2_short_read_pooled_gold_standard_assembly	Otu47.0	Otu47.0	1.0	1.0	1518632	1518632	1518632	1.0	1.0	1	1	1
marmgCAMI2_short_read_pooled_gold_standard_assembly	Otu83	Otu83	1.0	1.0	3319238	3319238	3319238	1.0	1.0	2	2	2
marmgCAMI2_short_read_pooled_gold_standard_assembly	Otu172.0	Otu172.0	1.0	1.0	4539882	4539882	4539882	1.0	1.0	8	8	8
marmgCAMI2_short_read_pooled_gold_standard_assembly	Otu67.0	Otu67.0	1.0	1.0	3522108	3522108	3522108	1.0	1.0	2	2	2
marmgCAMI2_short_read_pooled_gold_standard_assembly	Otu327	Otu327	1.0	1.0	2011287	2011287	2011287	1.0	1.0	1	1	1
marmgCAMI2_short_read_pooled_gold_standard_assembly	Otu597.0	Otu597.0	1.0	1.0	3782562	3782562	3782562	1.0	1.0	12	12	12
marmgCAMI2_short_read_pooled_gold_standard_assembly	Otu26.0	Otu26.0	1.0	1.0	3899934	3899934	3899934	1.0	1.0	1	1	1
marmgCAMI2_short_read_pooled_gold_standard_assembly	Otu503	Otu503	1.0	1.0	2366978	2366978	2366978	1.0	1.0	1	1	1
marmgCAMI2_short_read_pooled_gold_standard_assembly	Otu169.1	Otu169.1	1.0	1.0	2016105	2016105	2016105	1.0	1.0	9	9	9
marmgCAMI2_short_read_pooled_gold_standard_assembly	Otu404.0	Otu404.0	1.0	1.0	4559160	4559160	4559160	1.0	1.0	14	14	14
marmgCAMI2_short_read_pooled_gold_standard_assembly	Otu332	Otu332	1.0	1.0	1231943	1231943	1231943	1.0	1.0	9	9	9
marmgCAMI2_short_read_pooled_gold_standard_assembly	Otu42.0	Otu42.0	1.0	1.0	3994757	3994757	3994757	1.0	1.0	1	1	1
marmgCAMI2_short_read_pooled_gold_standard_assembly	Otu1448	Otu1448	1.0	1.0	2022780	2022780	2022780	1.0	1.0	5	5	5
marmgCAMI2_short_read_pooled_gold_standard_assembly	Otu301	Otu301	1.0	1.0	5396452	5396452	5396452	1.0	1.0	1	1	1
marmgCAMI2_short_read_pooled_gold_standard_assembly	Otu634.0	Otu634.0	1.0	1.0	2902377	2902377	2902377	1.0	1.0	9	9	9
marmgCAMI2_short_read_pooled_gold_standard_assembly	Otu214.0	Otu214.0	1.0	1.0	5132065	5132065	5132065	1.0	1.0	1	1	1
marmgCAMI2_short_read_pooled_gold_standard_assembly	Otu185.0	Otu185.0	1.0	1.0	5373173	5373173	5373173	1.0	1.0	1	1	1
marmgCAMI2_short_read_pooled_gold_standard_assembly	Otu648.0	Otu648.0	1.0	1.0	5128065	5128065	5128065	1.0	1.0	4	4	4
marmgCAMI2_short_read_pooled_gold_standard_assembly	Otu99.0	Otu99.0	1.0	1.0	3296144	3296144	3296144	1.0	1.0	1	1	1
marmgCAMI2_short_read_pooled_gold_standard_assembly	Otu252	Otu252	1.0	1.0	2234795	2234795	2234795	1.0	1.0	1	1	1
marmgCAMI2_short_read_pooled_gold_standard_assembly	Otu180	Otu180	1.0	1.0	2224849	2224849	2224849	1.0	1.0	2	2	2
marmgCAMI2_short_read_pooled_gold_standard_assembly	Otu13.0	Otu13.0	1.0	1.0	2655422	2655422	2655422	1.0	1.0	2	2	2
marmgCAMI2_short_read_pooled_gold_standard_assembly	Otu613	Otu613	1.0	1.0	3145869	3145869	3145869	1.0	1.0	8	8	8
marmgCAMI2_short_read_pooled_gold_standard_assembly	Otu415.0	Otu415.0	1.0	1.0	4978230	4978230	4978230	1.0	1.0	11	11	11
marmgCAMI2_short_read_pooled_gold_standard_assembly	Otu199.0	Otu199.0	1.0	1.0	4000036	4000036	4000036	1.0	1.0	1	1	1
marmgCAMI2_short_read_pooled_gold_standard_assembly	Otu506.0	Otu506.0	1.0	1.0	2989885	2989885	2989885	1.0	1.0	6	6	6
marmgCAMI2_short_read_pooled_gold_standard_assembly	Otu1184	Otu1184	1.0	1.0	3543150	3543150	3543150	1.0	1.0	17	17	17
marmgCAMI2_short_read_pooled_gold_standard_assembly	Otu183.0	Otu183.0	1.0	1.0	5413067	5413067	5413067	1.0	1.0	21	21	21
marmgCAMI2_short_read_pooled_gold_standard_assembly	Otu928.0	Otu928.0	1.0	1.0	3019047	3019047	3019047	1.0	1.0	6	6	6
marmgCAMI2_short_read_pooled_gold_standard_assembly	Otu39.0	Otu39.0	1.0	1.0	3644088	3644088	3644088	1.0	1.0	2	2	2
marmgCAMI2_short_read_pooled_gold_standard_assembly	Otu79.1	Otu79.1	1.0	1.0	4143806	4143806	4143806	1.0	1.0	1	1	1
marmgCAMI2_short_read_pooled_gold_standard_assembly	Otu499	Otu499	1.0	1.0	2222018	2222018	2222018	1.0	1.0	11	11	11
marmgCAMI2_short_read_pooled_gold_standard_assembly	Otu24.0	Otu24.0	1.0	1.0	4830178	4830178	4830178	1.0	1.0	1	1	1
marmgCAMI2_short_read_pooled_gold_standard_assembly	Otu331.0	Otu331.0	1.0	1.0	3975877	3975877	3975877	1.0	1.0	1	1	1
marmgCAMI2_short_read_pooled_gold_standard_assembly	Otu212.0	Otu212.0	1.0	1.0	4600946	4600946	4600946	1.0	1.0	3	3	3
marmgCAMI2_short_read_pooled_gold_standard_assembly	Otu271	Otu271	1.0	1.0	4470567	4470567	4470567	1.0	1.0	2	2	2
marmgCAMI2_short_read_pooled_gold_standard_assembly	Otu123.0	Otu123.0	1.0	1.0	3153578	3153578	3153578	1.0	1.0	3	3	3
marmgCAMI2_short_read_pooled_gold_standard_assembly	Otu318.0	Otu318.0	1.0	1.0	5393517	5393517	5393517	1.0	1.0	3	3	3
marmgCAMI2_short_read_pooled_gold_standard_assembly	Otu203	Otu203	1.0	1.0	4383451	4383451	4383451	1.0	1.0	3	3	3
marmgCAMI2_short_read_pooled_gold_standard_assembly	Otu73	Otu73	1.0	1.0	5540271	5540271	5540271	1.0	1.0	6	6	6
marmgCAMI2_short_read_pooled_gold_standard_assembly	Otu48.0	Otu48.0	1.0	1.0	1739487	1739487	1739487	1.0	1.0	1	1	1
marmgCAMI2_short_read_pooled_gold_standard_assembly	Otu235.0	Otu235.0	1.0	1.0	4616522	4616522	4616522	1.0	1.0	1	1	1
marmgCAMI2_short_read_pooled_gold_standard_assembly	Otu205.1	Otu205.1	1.0	1.0	5786048	5786048	5786048	1.0	1.0	14	14	14
marmgCAMI2_short_read_pooled_gold_standard_assembly	Otu1204	Otu1204	1.0	1.0	1118416	1118416	1118416	1.0	1.0	3	3	3
marmgCAMI2_short_read_pooled_gold_standard_assembly	Otu130.0	Otu130.0	1.0	1.0	4289702	4289702	4289702	1.0	1.0	2	2	2
marmgCAMI2_short_read_pooled_gold_standard_assembly	Otu376	Otu376	1.0	1.0	490866	490866	490866	1.0	1.0	1	1	1
marmgCAMI2_short_read_pooled_gold_standard_assembly	Otu220.0	Otu220.0	1.0	1.0	5313838	5313838	5313838	1.0	1.0	4	4	4
marmgCAMI2_short_read_pooled_gold_standard_assembly	Otu470	Otu470	1.0	1.0	1595975	1595975	1595975	1.0	1.0	1	1	1
marmgCAMI2_short_read_pooled_gold_standard_assembly	Otu1458.0	Otu1458.0	1.0	1.0	4944048	4944048	4944048	1.0	1.0	2	2	2
marmgCAMI2_short_read_pooled_gold_standard_assembly	RNODE_451_length_4052_cov_6.62773	RNODE_451_length_4052_cov_6.62773	1.0	1.0	39184	39184	39184	1.0	1.0	10	10	10
marmgCAMI2_short_read_pooled_gold_standard_assembly	Otu72.0	Otu72.0	1.0	1.0	3653830	3653830	3653830	1.0	1.0	2	2	2
marmgCAMI2_short_read_pooled_gold_standard_assembly	Otu283.0	Otu283.0	1.0	1.0	4200513	4200513	4200513	1.0	1.0	1	1	1
marmgCAMI2_short_read_pooled_gold_standard_assembly	Otu302.0	Otu302.0	1.0	1.0	3132217	3132217	3132217	1.0	1.0	3	3	3
marmgCAMI2_short_read_pooled_gold_standard_assembly	Otu70.0	Otu70.0	1.0	1.0	3708226	3708226	3708226	1.0	1.0	3	3	3
marmgCAMI2_short_read_pooled_gold_standard_assembly	Otu255	Otu255	1.0	1.0	5358867	5358867	5358867	1.0	1.0	4	4	4
marmgCAMI2_short_read_pooled_gold_standard_assembly	Otu12.0	Otu12.0	1.0	1.0	3659618	3659618	3659618	1.0	1.0	3	3	3
marmgCAMI2_short_read_pooled_gold_standard_assembly	Otu234.0	Otu234.0	1.0	1.0	5341530	5341530	5341530	1.0	1.0	1	1	1
marmgCAMI2_short_read_pooled_gold_standard_assembly	Otu71	Otu71	1.0	1.0	2791854	2791854	2791854	1.0	1.0	2	2	2
marmgCAMI2_short_read_pooled_gold_standard_assembly	Otu4.0	Otu4.0	1.0	1.0	1926630	1926630	1926630	1.0	1.0	1	1	1
marmgCAMI2_short_read_pooled_gold_standard_assembly	Otu256	Otu256	1.0	1.0	3293431	3293431	3293431	1.0	1.0	1	1	1
marmgCAMI2_short_read_pooled_gold_standard_assembly	Otu245.0	Otu245.0	1.0	1.0	4305777	4305777	4305777	1.0	1.0	1	1	1
marmgCAMI2_short_read_pooled_gold_standard_assembly	Otu1316	Otu1316	1.0	1.0	1969919	1969919	1969919	1.0	1.0	472	472	472
marmgCAMI2_short_read_pooled_gold_standard_assembly	Otu1004	Otu1004	1.0	1.0	1134547	1134547	1134547	1.0	1.0	381	381	381
marmgCAMI2_short_read_pooled_gold_standard_assembly	Otu594	Otu594	1.0	1.0	2553472	2553472	2553472	1.0	1.0	673	673	673
marmgCAMI2_short_read_pooled_gold_standard_assembly	Otu1146.0	Otu1146.0	1.0	1.0	2632266	2632266	2632266	1.0	1.0	3358	3358	3358
marmgCAMI2_short_read_pooled_gold_standard_assembly	Otu783	Otu783	1.0	1.0	4915379	4915379	4915379	1.0	1.0	671	671	671
marmgCAMI2_short_read_pooled_gold_standard_assembly	Otu941	Otu941	1.0	1.0	5154723	5154723	5154723	1.0	1.0	3657	3657	3657
marmgCAMI2_short_read_pooled_gold_standard_assembly	Otu1975.0	Otu1975.0	1.0	1.0	1828388	1828388	1828388	1.0	1.0	3209	3209	3209
marmgCAMI2_short_read_pooled_gold_standard_assembly	Otu1892	Otu1892	1.0	1.0	1914516	1914516	1914516	1.0	1.0	3828	3828	3828
marmgCAMI2_short_read_pooled_gold_standard_assembly	Otu1038	Otu1038	1.0	1.0	2131996	2131996	2131996	1.0	1.0	2463	2463	2463
marmgCAMI2_short_read_pooled_gold_standard_assembly	Otu1070.0	Otu1070.0	1.0	1.0	2199574	2199574	2199574	1.0	1.0	4750	4750	4750
marmgCAMI2_short_read_pooled_gold_standard_assembly	Otu1460	Otu1460	1.0	1.0	2043136	2043136	2043136	1.0	1.0	4239	4239	4239
marmgCAMI2_short_read_pooled_gold_standard_assembly	Otu1462.0	Otu1462.0	1.0	1.0	3231754	3231754	3231754	1.0	1.0	1005	1005	1005
marmgCAMI2_short_read_pooled_gold_standard_assembly	Otu1414.0	Otu1414.0	1.0	1.0	3172290	3172290	3172290	1.0	1.0	3120	3120	3120
marmgCAMI2_short_read_pooled_gold_standard_assembly	Otu794.0	Otu794.0	1.0	1.0	3249442	3249442	3249442	1.0	1.0	354	354	354
marmgCAMI2_short_read_pooled_gold_standard_assembly	Otu2154	Otu2154	1.0	1.0	1298851	1298851	1298851	1.0	1.0	2027	2027	2027
marmgCAMI2_short_read_pooled_gold_standard_assembly	Otu1739	Otu1739	1.0	1.0	3187242	3187242	3187242	1.0	1.0	4951	4951	4951
marmgCAMI2_short_read_pooled_gold_standard_assembly	Otu1832	Otu1832	1.0	1.0	1623948	1623948	1623948	1.0	1.0	1478	1478	1478
marmgCAMI2_short_read_pooled_gold_standard_assembly	Otu2052	Otu2052	1.0	1.0	5078386	5078386	5078386	1.0	1.0	4225	4225	4225
marmgCAMI2_short_read_pooled_gold_standard_assembly	Otu618.0	Otu618.0	1.0	1.0	5015644	5015644	5015644	1.0	1.0	1666	1666	1666
marmgCAMI2_short_read_pooled_gold_standard_assembly	Otu1391	Otu1391	1.0	1.0	3249199	3249199	3249199	1.0	1.0	7712	7712	7712
marmgCAMI2_short_read_pooled_gold_standard_assembly	Otu799.0	Otu799.0	1.0	1.0	3251308	3251308	3251308	1.0	1.0	1757	1757	1757
marmgCAMI2_short_read_pooled_gold_standard_assembly	Otu1929	Otu1929	1.0	1.0	1870636	1870636	1870636	1.0	1.0	1689	1689	1689
marmgCAMI2_short_read_pooled_gold_standard_assembly	Otu1560	Otu1560	1.0	1.0	2237297	2237297	2237297	1.0	1.0	4641	4641	4641
marmgCAMI2_short_read_pooled_gold_standard_assembly	Otu639	Otu639	1.0	1.0	2225376	2225376	2225376	1.0	1.0	2646	2646	2646
marmgCAMI2_short_read_pooled_gold_standard_assembly	Otu413	Otu413	1.0	1.0	4758119	4758119	4758119	1.0	1.0	268	268	268
marmgCAMI2_short_read_pooled_gold_standard_assembly	Otu1227	Otu1227	1.0	1.0	3299357	3299357	3299357	1.0	1.0	1925	1925	1925
marmgCAMI2_short_read_pooled_gold_standard_assembly	Otu1767	Otu1767	1.0	1.0	3679233	3679233	3679233	1.0	1.0	12057	12057	12057
marmgCAMI2_short_read_pooled_gold_standard_assembly	Otu1015	Otu1015	1.0	1.0	2509784	2509784	2509784	1.0	1.0	2616	2616	2616
marmgCAMI2_short_read_pooled_gold_standard_assembly	Otu1786	Otu1786	1.0	1.0	3367250	3367250	3367250	1.0	1.0	1734	1734	1734
marmgCAMI2_short_read_pooled_gold_standard_assembly	Otu920	Otu920	1.0	1.0	789621	789621	789621	1.0	1.0	2314	2314	2314
marmgCAMI2_short_read_pooled_gold_standard_assembly	Otu1876	Otu1876	1.0	1.0	4626454	4626454	4626454	1.0	1.0	8649	8649	8649
marmgCAMI2_short_read_pooled_gold_standard_assembly	Otu1255	Otu1255	1.0	1.0	2224246	2224246	2224246	1.0	1.0	4992	4992	4992
marmgCAMI2_short_read_pooled_gold_standard_assembly	Otu2448	Otu2448	1.0	1.0	1501442	1501442	1501442	1.0	1.0	1801	1801	1801
marmgCAMI2_short_read_pooled_gold_standard_assembly	Otu767	Otu767	1.0	1.0	1682895	1682895	1682895	1.0	1.0	507	507	507
marmgCAMI2_short_read_pooled_gold_standard_assembly	Otu1541	Otu1541	1.0	1.0	3778354	3778354	3778354	1.0	1.0	943	943	943
marmgCAMI2_short_read_pooled_gold_standard_assembly	Otu2206	Otu2206	1.0	1.0	4593314	4593314	4593314	1.0	1.0	2716	2716	2716
marmgCAMI2_short_read_pooled_gold_standard_assembly	Otu2300	Otu2300	1.0	1.0	536117	536117	536117	1.0	1.0	1874	1874	1874
marmgCAMI2_short_read_pooled_gold_standard_assembly	Otu451	Otu451	1.0	1.0	2053675	2053675	2053675	1.0	1.0	213	213	213
marmgCAMI2_short_read_pooled_gold_standard_assembly	Otu631.0	Otu631.0	1.0	1.0	4205735	4205735	4205735	1.0	1.0	1494	1494	1494
marmgCAMI2_short_read_pooled_gold_standard_assembly	Otu971.0	Otu971.0	1.0	1.0	5039167	5039167	5039167	1.0	1.0	5393	5393	5393
marmgCAMI2_short_read_pooled_gold_standard_assembly	Otu1777	Otu1777	1.0	1.0	3018332	3018332	3018332	1.0	1.0	6773	6773	6773
marmgCAMI2_short_read_pooled_gold_standard_assembly	Otu2036	Otu2036	1.0	1.0	3543229	3543229	3543229	1.0	1.0	7035	7035	7035
marmgCAMI2_short_read_pooled_gold_standard_assembly	Otu1186	Otu1186	1.0	1.0	4351077	4351077	4351077	1.0	1.0	6350	6350	6350
marmgCAMI2_short_read_pooled_gold_standard_assembly	Otu2464.0	Otu2464.0	1.0	1.0	4850263	4850263	4850263	1.0	1.0	12763	12763	12763
marmgCAMI2_short_read_pooled_gold_standard_assembly	Otu1027	Otu1027	1.0	1.0	3923986	3923986	3923986	1.0	1.0	29	29	29
marmgCAMI2_short_read_pooled_gold_standard_assembly	Otu643.0	Otu643.0	1.0	1.0	3101821	3101821	3101821	1.0	1.0	2387	2387	2387
marmgCAMI2_short_read_pooled_gold_standard_assembly	Otu592.0	Otu592.0	1.0	1.0	3948919	3948919	3948919	1.0	1.0	298	298	298
marmgCAMI2_short_read_pooled_gold_standard_assembly	Otu974	Otu974	1.0	1.0	1891303	1891303	1891303	1.0	1.0	645	645	645
marmgCAMI2_short_read_pooled_gold_standard_assembly	Otu774	Otu774	1.0	1.0	3426035	3426035	3426035	1.0	1.0	3451	3451	3451
marmgCAMI2_short_read_pooled_gold_standard_assembly	Otu953.0	Otu953.0	1.0	1.0	3769642	3769642	3769642	1.0	1.0	1370	1370	1370
marmgCAMI2_short_read_pooled_gold_standard_assembly	Otu805	Otu805	1.0	1.0	5931177	5931177	5931177	1.0	1.0	1448	1448	1448
marmgCAMI2_short_read_pooled_gold_standard_assembly	Otu1308	Otu1308	1.0	1.0	1945165	1945165	1945165	1.0	1.0	3958	3958	3958
marmgCAMI2_short_read_pooled_gold_standard_assembly	Otu394.1	Otu394.1	1.0	1.0	2137333	2137333	2137333	1.0	1.0	6514	6514	6514
marmgCAMI2_short_read_pooled_gold_standard_assembly	Otu1160	Otu1160	1.0	1.0	3797816	3797816	3797816	1.0	1.0	4798	4798	4798
marmgCAMI2_short_read_pooled_gold_standard_assembly	Otu1287	Otu1287	1.0	1.0	4794364	4794364	4794364	1.0	1.0	1525	1525	1525
marmgCAMI2_short_read_pooled_gold_standard_assembly	Otu1123	Otu1123	1.0	1.0	4880230	4880230	4880230	1.0	1.0	727	727	727
marmgCAMI2_short_read_pooled_gold_standard_assembly	Otu2346.0	Otu2346.0	1.0	1.0	1699928	1699928	1699928	1.0	1.0	5209	5209	5209
marmgCAMI2_short_read_pooled_gold_standard_assembly	Otu1193	Otu1193	1.0	1.0	1359666	1359666	1359666	1.0	1.0	1583	1583	1583
marmgCAMI2_short_read_pooled_gold_standard_assembly	Otu489.0	Otu489.0	1.0	1.0	3765770	3765770	3765770	1.0	1.0	645	645	645
marmgCAMI2_short_read_pooled_gold_standard_assembly	Otu1420.0	Otu1420.0	1.0	1.0	5263456	5263456	5263456	1.0	1.0	1127	1127	1127
marmgCAMI2_short_read_pooled_gold_standard_assembly	Otu873.0	Otu873.0	1.0	1.0	3386562	3386562	3386562	1.0	1.0	2004	2004	2004
marmgCAMI2_short_read_pooled_gold_standard_assembly	Otu2385	Otu2385	1.0	1.0	1135559	1135559	1135559	1.0	1.0	3274	3274	3274
marmgCAMI2_short_read_pooled_gold_standard_assembly	Otu2433.0	Otu2433.0	1.0	1.0	4229893	4229893	4229893	1.0	1.0	2137	2137	2137
marmgCAMI2_short_read_pooled_gold_standard_assembly	Otu61.1	Otu61.1	1.0	1.0	5422633	5422633	5422633	1.0	1.0	4352	4352	4352
marmgCAMI2_short_read_pooled_gold_standard_assembly	Otu447.0	Otu447.0	1.0	1.0	878451	878451	878451	1.0	1.0	3061	3061	3061
marmgCAMI2_short_read_pooled_gold_standard_assembly	Otu1254	Otu1254	1.0	1.0	3637570	3637570	3637570	1.0	1.0	8513	8513	8513
marmgCAMI2_short_read_pooled_gold_standard_assembly	Otu1505.0	Otu1505.0	1.0	1.0	5938656	5938656	5938656	1.0	1.0	3732	3732	3732
marmgCAMI2_short_read_pooled_gold_standard_assembly	Otu1977.0	Otu1977.0	1.0	1.0	3895702	3895702	3895702	1.0	1.0	5014	5014	5014
marmgCAMI2_short_read_pooled_gold_standard_assembly	Otu1382	Otu1382	1.0	1.0	4424721	4424721	4424721	1.0	1.0	12775	12775	12775
marmgCAMI2_short_read_pooled_gold_standard_assembly	Otu1233.0	Otu1233.0	1.0	1.0	3482013	3482013	3482013	1.0	1.0	4676	4676	4676
marmgCAMI2_short_read_pooled_gold_standard_assembly	Otu2389	Otu2389	1.0	1.0	2247302	2247302	2247302	1.0	1.0	5335	5335	5335
marmgCAMI2_short_read_pooled_gold_standard_assembly	Otu1631	Otu1631	1.0	1.0	4594121	4594121	4594121	1.0	1.0	6965	6965	6965
marmgCAMI2_short_read_pooled_gold_standard_assembly	Otu2217	Otu2217	1.0	1.0	5681710	5681710	5681710	1.0	1.0	4378	4378	4378
marmgCAMI2_short_read_pooled_gold_standard_assembly	Otu2253	Otu2253	1.0	1.0	2232327	2232327	2232327	1.0	1.0	6064	6064	6064
marmgCAMI2_short_read_pooled_gold_standard_assembly	Otu1780	Otu1780	1.0	1.0	3148355	3148355	3148355	1.0	1.0	7847	7847	7847
marmgCAMI2_short_read_pooled_gold_standard_assembly	Otu927	Otu927	1.0	1.0	5570287	5570287	5570287	1.0	1.0	4639	4639	4639
marmgCAMI2_short_read_pooled_gold_standard_assembly	Otu1379	Otu1379	1.0	1.0	1226375	1226375	1226375	1.0	1.0	3143	3143	3143
marmgCAMI2_short_read_pooled_gold_standard_assembly	Otu1501	Otu1501	1.0	1.0	3837882	3837882	3837882	1.0	1.0	7218	7218	7218
marmgCAMI2_short_read_pooled_gold_standard_assembly	Otu1377	Otu1377	1.0	1.0	1754933	1754933	1754933	1.0	1.0	4403	4403	4403
marmgCAMI2_short_read_pooled_gold_standard_assembly	Otu775.0	Otu775.0	1.0	1.0	4383811	4383811	4383811	1.0	1.0	5563	5563	5563
marmgCAMI2_short_read_pooled_gold_standard_assembly	Otu1405	Otu1405	1.0	1.0	4298461	4298461	4298461	1.0	1.0	6606	6606	6606
marmgCAMI2_short_read_pooled_gold_standard_assembly	Otu1326	Otu1326	1.0	1.0	3025744	3025744	3025744	1.0	1.0	3743	3743	3743
marmgCAMI2_short_read_pooled_gold_standard_assembly	Otu1871	Otu1871	1.0	1.0	1051732	1051732	1051732	1.0	1.0	3413	3413	3413
marmgCAMI2_short_read_pooled_gold_standard_assembly	Otu1862	Otu1862	1.0	1.0	2700304	2700304	2700304	1.0	1.0	6866	6866	6866
marmgCAMI2_short_read_pooled_gold_standard_assembly	Otu2153	Otu2153	1.0	1.0	2373837	2373837	2373837	1.0	1.0	5544	5544	5544
marmgCAMI2_short_read_pooled_gold_standard_assembly	Otu2225.0	Otu2225.0	1.0	1.0	3181030	3181030	3181030	1.0	1.0	6387	6387	6387
marmgCAMI2_short_read_pooled_gold_standard_assembly	Otu1836	Otu1836	1.0	1.0	2935824	2935824	2935824	1.0	1.0	7146	7146	7146
marmgCAMI2_short_read_pooled_gold_standard_assembly	Otu595.1	Otu595.1	1.0	1.0	2215397	2215397	2215397	1.0	1.0	6044	6044	6044
marmgCAMI2_short_read_pooled_gold_standard_assembly	Otu1433	Otu1433	1.0	1.0	5344500	5344500	5344500	1.0	1.0	8643	8643	8643
marmgCAMI2_short_read_pooled_gold_standard_assembly	Otu1662	Otu1662	1.0	1.0	914170	914170	914170	1.0	1.0	2537	2537	2537
marmgCAMI2_short_read_pooled_gold_standard_assembly	Otu2268	Otu2268	1.0	1.0	4168230	4168230	4168230	1.0	1.0	1980	1980	1980
marmgCAMI2_short_read_pooled_gold_standard_assembly	Otu1300	Otu1300	1.0	1.0	3071188	3071188	3071188	1.0	1.0	6460	6460	6460
marmgCAMI2_short_read_pooled_gold_standard_assembly	Otu1999	Otu1999	1.0	1.0	2123729	2123729	2123729	1.0	1.0	7169	7169	7169
marmgCAMI2_short_read_pooled_gold_standard_assembly	Otu1577	Otu1577	1.0	1.0	2674644	2674644	2674644	1.0	1.0	6034	6034	6034
marmgCAMI2_short_read_pooled_gold_standard_assembly	Otu1321	Otu1321	1.0	1.0	2093421	2093421	2093421	1.0	1.0	5581	5581	5581
marmgCAMI2_short_read_pooled_gold_standard_assembly	Otu1621	Otu1621	1.0	1.0	1534497	1534497	1534497	1.0	1.0	3229	3229	3229
marmgCAMI2_short_read_pooled_gold_standard_assembly	Otu1961	Otu1961	1.0	1.0	1694701	1694701	1694701	1.0	1.0	4824	4824	4824
marmgCAMI2_short_read_pooled_gold_standard_assembly	Otu1919	Otu1919	1.0	1.0	3083723	3083723	3083723	1.0	1.0	6996	6996	6996
marmgCAMI2_short_read_pooled_gold_standard_assembly	Otu1525.0	Otu1525.0	1.0	1.0	3359634	3359634	3359634	1.0	1.0	2175	2175	2175
marmgCAMI2_short_read_pooled_gold_standard_assembly	Otu612.0	Otu612.0	1.0	1.0	3682452	3682452	3682452	1.0	1.0	1332	1332	1332
marmgCAMI2_short_read_pooled_gold_standard_assembly	Otu2489	Otu2489	1.0	1.0	3896572	3896572	3896572	1.0	1.0	9680	9680	9680
marmgCAMI2_short_read_pooled_gold_standard_assembly	Otu2058	Otu2058	1.0	1.0	4488608	4488608	4488608	1.0	1.0	9411	9411	9411
marmgCAMI2_short_read_pooled_gold_standard_assembly	Otu610	Otu610	1.0	1.0	3871112	3871112	3871112	1.0	1.0	5483	5483	5483
marmgCAMI2_short_read_pooled_gold_standard_assembly	Otu677	Otu677	1.0	1.0	4861138	4861138	4861138	1.0	1.0	1068	1068	1068
marmgCAMI2_short_read_pooled_gold_standard_assembly	Otu1900	Otu1900	1.0	1.0	2220360	2220360	2220360	1.0	1.0	1956	1956	1956
marmgCAMI2_short_read_pooled_gold_standard_assembly	Otu1952	Otu1952	1.0	1.0	1927762	1927762	1927762	1.0	1.0	5219	5219	5219
marmgCAMI2_short_read_pooled_gold_standard_assembly	Otu340	Otu340	1.0	1.0	1697120	1697120	1697120	1.0	1.0	638	638	638
marmgCAMI2_short_read_pooled_gold_standard_assembly	Otu924	Otu924	1.0	1.0	4637208	4637208	4637208	1.0	1.0	148	148	148
marmgCAMI2_short_read_pooled_gold_standard_assembly	Otu2395	Otu2395	1.0	1.0	2304803	2304803	2304803	1.0	1.0	6660	6660	6660
marmgCAMI2_short_read_pooled_gold_standard_assembly	Otu1804	Otu1804	1.0	1.0	3343034	3343034	3343034	1.0	1.0	8774	8774	8774
marmgCAMI2_short_read_pooled_gold_standard_assembly	Otu1806	Otu1806	1.0	1.0	1288668	1288668	1288668	1.0	1.0	4539	4539	4539
marmgCAMI2_short_read_pooled_gold_standard_assembly	Otu2441.0	Otu2441.0	1.0	1.0	2698724	2698724	2698724	1.0	1.0	4335	4335	4335
marmgCAMI2_short_read_pooled_gold_standard_assembly	Otu1737	Otu1737	1.0	1.0	4020615	4020615	4020615	1.0	1.0	9299	9299	9299
marmgCAMI2_short_read_pooled_gold_standard_assembly	Otu1336	Otu1336	1.0	1.0	2191830	2191830	2191830	1.0	1.0	3665	3665	3665
marmgCAMI2_short_read_pooled_gold_standard_assembly	Otu2326	Otu2326	1.0	1.0	2489538	2489538	2489538	1.0	1.0	3808	3808	3808
marmgCAMI2_short_read_pooled_gold_standard_assembly	Otu2003	Otu2003	1.0	1.0	2134802	2134802	2134802	1.0	1.0	6539	6539	6539
marmgCAMI2_short_read_pooled_gold_standard_assembly	Otu1242	Otu1242	1.0	1.0	2741089	2741089	2741089	1.0	1.0	2554	2554	2554
marmgCAMI2_short_read_pooled_gold_standard_assembly	Otu472.0	Otu472.0	1.0	1.0	2588728	2588728	2588728	1.0	1.0	6440	6440	6440
marmgCAMI2_short_read_pooled_gold_standard_assembly	Otu664.0	Otu664.0	1.0	1.0	4007148	4007148	4007148	1.0	1.0	2449	2449	2449
marmgCAMI2_short_read_pooled_gold_standard_assembly	Otu2314	Otu2314	1.0	1.0	3109057	3109057	3109057	1.0	1.0	4483	4483	4483
marmgCAMI2_short_read_pooled_gold_standard_assembly	Otu2439	Otu2439	1.0	1.0	5849801	5849801	5849801	1.0	1.0	12031	12031	12031
marmgCAMI2_short_read_pooled_gold_standard_assembly	Otu2297	Otu2297	1.0	1.0	2210343	2210343	2210343	1.0	1.0	2922	2922	2922
marmgCAMI2_short_read_pooled_gold_standard_assembly	Otu133.1	Otu133.1	1.0	1.0	2974388	2974388	2974388	1.0	1.0	3167	3167	3167
marmgCAMI2_short_read_pooled_gold_standard_assembly	Otu801.0	Otu801.0	1.0	1.0	3517606	3517606	3517606	1.0	1.0	4801	4801	4801
marmgCAMI2_short_read_pooled_gold_standard_assembly	Otu1673	Otu1673	1.0	1.0	3732236	3732236	3732236	1.0	1.0	6759	6759	6759
marmgCAMI2_short_read_pooled_gold_standard_assembly	Otu1272	Otu1272	1.0	1.0	5620761	5620761	5620761	1.0	1.0	10735	10735	10735
marmgCAMI2_short_read_pooled_gold_standard_assembly	Otu2278	Otu2278	1.0	1.0	1314717	1314717	1314717	1.0	1.0	3611	3611	3611
marmgCAMI2_short_read_pooled_gold_standard_assembly	Otu1133	Otu1133	1.0	1.0	5188928	5188928	5188928	1.0	1.0	2211	2211	2211
marmgCAMI2_short_read_pooled_gold_standard_assembly	Otu1483.0	Otu1483.0	1.0	1.0	3723796	3723796	3723796	1.0	1.0	7904	7904	7904
marmgCAMI2_short_read_pooled_gold_standard_assembly	Otu1469.0	Otu1469.0	1.0	1.0	2730231	2730231	2730231	1.0	1.0	5636	5636	5636
marmgCAMI2_short_read_pooled_gold_standard_assembly	Otu1907	Otu1907	1.0	1.0	1739491	1739491	1739491	1.0	1.0	2949	2949	2949
marmgCAMI2_short_read_pooled_gold_standard_assembly	Otu2232	Otu2232	1.0	1.0	2670108	2670108	2670108	1.0	1.0	4132	4132	4132
marmgCAMI2_short_read_pooled_gold_standard_assembly	Otu1431	Otu1431	1.0	1.0	1509384	1509384	1509384	1.0	1.0	2611	2611	2611
marmgCAMI2_short_read_pooled_gold_standard_assembly	Otu2407.0	Otu2407.0	1.0	1.0	5443738	5443738	5443738	1.0	1.0	756	756	756
marmgCAMI2_short_read_pooled_gold_standard_assembly	Otu2006	Otu2006	1.0	1.0	2819959	2819959	2819959	1.0	1.0	5544	5544	5544
marmgCAMI2_short_read_pooled_gold_standard_assembly	Otu1332.0	Otu1332.0	1.0	1.0	3592407	3592407	3592407	1.0	1.0	726	726	726
marmgCAMI2_short_read_pooled_gold_standard_assembly	Otu966	Otu966	1.0	1.0	1343956	1343956	1343956	1.0	1.0	822	822	822
marmgCAMI2_short_read_pooled_gold_standard_assembly	Otu1632	Otu1632	1.0	1.0	2347278	2347278	2347278	1.0	1.0	1735	1735	1735
marmgCAMI2_short_read_pooled_gold_standard_assembly	Otu2459	Otu2459	1.0	1.0	691445	691445	691445	1.0	1.0	1971	1971	1971
marmgCAMI2_short_read_pooled_gold_standard_assembly	Otu2247	Otu2247	1.0	1.0	1553877	1553877	1553877	1.0	1.0	1877	1877	1877
marmgCAMI2_short_read_pooled_gold_standard_assembly	Otu1279	Otu1279	1.0	1.0	7884010	7884010	7884010	1.0	1.0	1338	1338	1338
marmgCAMI2_short_read_pooled_gold_standard_assembly	Otu1446.0	Otu1446.0	1.0	1.0	6077640	6077640	6077640	1.0	1.0	1431	1431	1431
marmgCAMI2_short_read_pooled_gold_standard_assembly	Otu108.0	Otu108.0	1.0	1.0	4358655	4358655	4358655	1.0	1.0	2677	2677	2677
marmgCAMI2_short_read_pooled_gold_standard_assembly	Otu1257	Otu1257	1.0	1.0	3081731	3081731	3081731	1.0	1.0	961	961	961
marmgCAMI2_short_read_pooled_gold_standard_assembly	Otu960.0	Otu960.0	1.0	1.0	4221966	4221966	4221966	1.0	1.0	1561	1561	1561
marmgCAMI2_short_read_pooled_gold_standard_assembly	Otu1750	Otu1750	1.0	1.0	1008483	1008483	1008483	1.0	1.0	2889	2889	2889
marmgCAMI2_short_read_pooled_gold_standard_assembly	Otu2472	Otu2472	1.0	1.0	820365	820365	820365	1.0	1.0	2366	2366	2366
marmgCAMI2_short_read_pooled_gold_standard_assembly	Otu2099	Otu2099	1.0	1.0	2628650	2628650	2628650	1.0	1.0	2949	2949	2949
marmgCAMI2_short_read_pooled_gold_standard_assembly	Otu662	Otu662	1.0	1.0	2155442	2155442	2155442	1.0	1.0	1103	1103	1103
marmgCAMI2_short_read_pooled_gold_standard_assembly	Otu997	Otu997	1.0	1.0	1643697	1643697	1643697	1.0	1.0	2469	2469	2469
marmgCAMI2_short_read_pooled_gold_standard_assembly	Otu1853	Otu1853	1.0	1.0	2508826	2508826	2508826	1.0	1.0	979	979	979
marmgCAMI2_short_read_pooled_gold_standard_assembly	Otu2042	Otu2042	1.0	1.0	1338973	1338973	1338973	1.0	1.0	1529	1529	1529
marmgCAMI2_short_read_pooled_gold_standard_assembly	Otu2415.1	Otu2415.1	1.0	1.0	2715916	2715916	2715916	1.0	1.0	2488	2488	2488
marmgCAMI2_short_read_pooled_gold_standard_assembly	Otu1581	Otu1581	1.0	1.0	3439468	3439468	3439468	1.0	1.0	6611	6611	6611
marmgCAMI2_short_read_pooled_gold_standard_assembly	Otu1548.0	Otu1548.0	1.0	1.0	3160240	3160240	3160240	1.0	1.0	1733	1733	1733
marmgCAMI2_short_read_pooled_gold_standard_assembly	Otu1224	Otu1224	1.0	1.0	3279440	3279440	3279440	1.0	1.0	4948	4948	4948
marmgCAMI2_short_read_pooled_gold_standard_assembly	Otu1901	Otu1901	1.0	1.0	1375080	1375080	1375080	1.0	1.0	2897	2897	2897
marmgCAMI2_short_read_pooled_gold_standard_assembly	Otu1607	Otu1607	1.0	1.0	6412900	6412900	6412900	1.0	1.0	1441	1441	1441
marmgCAMI2_short_read_pooled_gold_standard_assembly	Otu1065	Otu1065	1.0	1.0	3470304	3470304	3470304	1.0	1.0	273	273	273
marmgCAMI2_short_read_pooled_gold_standard_assembly	Otu975	Otu975	1.0	1.0	707112	707112	707112	1.0	1.0	1514	1514	1514
marmgCAMI2_short_read_pooled_gold_standard_assembly	Otu750	Otu750	1.0	1.0	1835110	1835110	1835110	1.0	1.0	1219	1219	1219
marmgCAMI2_short_read_pooled_gold_standard_assembly	Otu2279	Otu2279	1.0	1.0	1725934	1725934	1725934	1.0	1.0	4741	4741	4741
marmgCAMI2_short_read_pooled_gold_standard_assembly	Otu2121	Otu2121	1.0	1.0	2898246	2898246	2898246	1.0	1.0	2426	2426	2426
marmgCAMI2_short_read_pooled_gold_standard_assembly	Otu1330	Otu1330	1.0	1.0	1645144	1645144	1645144	1.0	1.0	1904	1904	1904
marmgCAMI2_short_read_pooled_gold_standard_assembly	Otu1399	Otu1399	1.0	1.0	2194541	2194541	2194541	1.0	1.0	183	183	183
marmgCAMI2_short_read_pooled_gold_standard_assembly	Otu687	Otu687	1.0	1.0	1513430	1513430	1513430	1.0	1.0	693	693	693
marmgCAMI2_short_read_pooled_gold_standard_assembly	Otu837.0	Otu837.0	1.0	1.0	4579063	4579063	4579063	1.0	1.0	3799	3799	3799
marmgCAMI2_short_read_pooled_gold_standard_assembly	Otu2080.0	Otu2080.0	1.0	1.0	2735037	2735037	2735037	1.0	1.0	2473	2473	2473
marmgCAMI2_short_read_pooled_gold_standard_assembly	Otu1719	Otu1719	1.0	1.0	2380741	2380741	2380741	1.0	1.0	781	781	781
marmgCAMI2_short_read_pooled_gold_standard_assembly	Otu605	Otu605	1.0	1.0	2836879	2836879	2836879	1.0	1.0	176	176	176
marmgCAMI2_short_read_pooled_gold_standard_assembly	Otu1889	Otu1889	1.0	1.0	979437	979437	979437	1.0	1.0	3032	3032	3032
marmgCAMI2_short_read_pooled_gold_standard_assembly	Otu812	Otu812	1.0	1.0	3944656	3944656	3944656	1.0	1.0	2331	2331	2331
marmgCAMI2_short_read_pooled_gold_standard_assembly	Otu770	Otu770	1.0	1.0	2608271	2608271	2608271	1.0	1.0	2105	2105	2105
marmgCAMI2_short_read_pooled_gold_standard_assembly	Otu945	Otu945	1.0	1.0	2668835	2668835	2668835	1.0	1.0	873	873	873
marmgCAMI2_short_read_pooled_gold_standard_assembly	Otu2403	Otu2403	1.0	1.0	1764724	1764724	1764724	1.0	1.0	619	619	619
marmgCAMI2_short_read_pooled_gold_standard_assembly	Otu689.0	Otu689.0	1.0	1.0	4604712	4604712	4604712	1.0	1.0	508	508	508
marmgCAMI2_short_read_pooled_gold_standard_assembly	Otu1082	Otu1082	1.0	1.0	1643905	1643905	1643905	1.0	1.0	1137	1137	1137
marmgCAMI2_short_read_pooled_gold_standard_assembly	Otu1710	Otu1710	1.0	1.0	1109935	1109935	1109935	1.0	1.0	2437	2437	2437
marmgCAMI2_short_read_pooled_gold_standard_assembly	Otu829.0	Otu829.0	1.0	1.0	3420711	3420711	3420711	1.0	1.0	401	401	401
marmgCAMI2_short_read_pooled_gold_standard_assembly	Otu136	Otu136	1.0	1.0	4242890	4242890	4242890	1.0	1.0	270	270	270
marmgCAMI2_short_read_pooled_gold_standard_assembly	Otu1569	Otu1569	1.0	1.0	2584895	2584895	2584895	1.0	1.0	1283	1283	1283
marmgCAMI2_short_read_pooled_gold_standard_assembly	Otu472.1	Otu472.1	1.0	1.0	4653058	4653058	4653058	1.0	1.0	2781	2781	2781
marmgCAMI2_short_read_pooled_gold_standard_assembly	Otu2027	Otu2027	1.0	1.0	3050091	3050091	3050091	1.0	1.0	2163	2163	2163
marmgCAMI2_short_read_pooled_gold_standard_assembly	Otu2351	Otu2351	1.0	1.0	1354106	1354106	1354106	1.0	1.0	3443	3443	3443
marmgCAMI2_short_read_pooled_gold_standard_assembly	Otu965	Otu965	1.0	1.0	4149774	4149774	4149774	1.0	1.0	1104	1104	1104
marmgCAMI2_short_read_pooled_gold_standard_assembly	Otu1723	Otu1723	1.0	1.0	2681831	2681831	2681831	1.0	1.0	719	719	719
marmgCAMI2_short_read_pooled_gold_standard_assembly	Otu2044	Otu2044	1.0	1.0	1761751	1761751	1761751	1.0	1.0	465	465	465
marmgCAMI2_short_read_pooled_gold_standard_assembly	Otu985.0	Otu985.0	1.0	1.0	2244379	2244379	2244379	1.0	1.0	2116	2116	2116
marmgCAMI2_short_read_pooled_gold_standard_assembly	Otu1168.0	Otu1168.0	1.0	1.0	3512290	3512290	3512290	1.0	1.0	965	965	965
marmgCAMI2_short_read_pooled_gold_standard_assembly	Otu1225	Otu1225	1.0	1.0	4997031	4997031	4997031	1.0	1.0	261	261	261
marmgCAMI2_short_read_pooled_gold_standard_assembly	Otu1958.0	Otu1958.0	1.0	1.0	1424627	1424627	1424627	1.0	1.0	2963	2963	2963
marmgCAMI2_short_read_pooled_gold_standard_assembly	Otu1430	Otu1430	1.0	1.0	2012004	2012004	2012004	1.0	1.0	6189	6189	6189
marmgCAMI2_short_read_pooled_gold_standard_assembly	Otu2469	Otu2469	1.0	1.0	847172	847172	847172	1.0	1.0	2608	2608	2608
marmgCAMI2_short_read_pooled_gold_standard_assembly	Otu1787	Otu1787	1.0	1.0	1232816	1232816	1232816	1.0	1.0	2504	2504	2504
marmgCAMI2_short_read_pooled_gold_standard_assembly	Otu2025.0	Otu2025.0	1.0	1.0	2679186	2679186	2679186	1.0	1.0	8719	8719	8719
marmgCAMI2_short_read_pooled_gold_standard_assembly	Otu1677.0	Otu1677.0	1.0	1.0	1385976	1385976	1385976	1.0	1.0	3307	3307	3307
marmgCAMI2_short_read_pooled_gold_standard_assembly	Otu2425	Otu2425	1.0	1.0	1524564	1524564	1524564	1.0	1.0	4123	4123	4123
marmgCAMI2_short_read_pooled_gold_standard_assembly	Otu2174	Otu2174	1.0	1.0	2754226	2754226	2754226	1.0	1.0	1496	1496	1496
marmgCAMI2_short_read_pooled_gold_standard_assembly	Otu1966	Otu1966	1.0	1.0	756316	756316	756316	1.0	1.0	2481	2481	2481
marmgCAMI2_short_read_pooled_gold_standard_assembly	Otu498	Otu498	1.0	1.0	2266802	2266802	2266802	1.0	1.0	2529	2529	2529
marmgCAMI2_short_read_pooled_gold_standard_assembly	Otu483	Otu483	1.0	1.0	5906295	5906295	5906295	1.0	1.0	104	104	104
marmgCAMI2_short_read_pooled_gold_standard_assembly	Otu895.0	Otu895.0	1.0	1.0	3165133	3165133	3165133	1.0	1.0	1348	1348	1348
marmgCAMI2_short_read_pooled_gold_standard_assembly	Otu2316	Otu2316	1.0	1.0	3175387	3175387	3175387	1.0	1.0	7068	7068	7068
marmgCAMI2_short_read_pooled_gold_standard_assembly	Otu219.0	Otu219.0	1.0	1.0	5017042	5017042	5017042	1.0	1.0	1	1	1
marmgCAMI2_short_read_pooled_gold_standard_assembly	Otu1389.0	Otu1389.0	1.0	1.0	6687619	6687619	6687619	1.0	1.0	3012	3012	3012
marmgCAMI2_short_read_pooled_gold_standard_assembly	Otu1483.1	Otu1483.1	1.0	1.0	5642070	5642070	5642070	1.0	1.0	3472	3472	3472
marmgCAMI2_short_read_pooled_gold_standard_assembly	Otu2169.0	Otu2169.0	1.0	1.0	1554733	1554733	1554733	1.0	1.0	1306	1306	1306
marmgCAMI2_short_read_pooled_gold_standard_assembly	Otu2254	Otu2254	1.0	1.0	1952063	1952063	1952063	1.0	1.0	4338	4338	4338
marmgCAMI2_short_read_pooled_gold_standard_assembly	Otu1078	Otu1078	1.0	1.0	1439110	1439110	1439110	1.0	1.0	3154	3154	3154
marmgCAMI2_short_read_pooled_gold_standard_assembly	Otu797	Otu797	1.0	1.0	3197903	3197903	3197903	1.0	1.0	1320	1320	1320
marmgCAMI2_short_read_pooled_gold_standard_assembly	Otu1022	Otu1022	1.0	1.0	1065689	1065689	1065689	1.0	1.0	2654	2654	2654
marmgCAMI2_short_read_pooled_gold_standard_assembly	Otu2234	Otu2234	1.0	1.0	2490281	2490281	2490281	1.0	1.0	7321	7321	7321
marmgCAMI2_short_read_pooled_gold_standard_assembly	Otu205.0	Otu205.0	1.0	1.0	6785759	6785759	6785759	1.0	1.0	3817	3817	3817
marmgCAMI2_short_read_pooled_gold_standard_assembly	Otu589	Otu589	1.0	1.0	3487521	3487521	3487521	1.0	1.0	3930	3930	3930
marmgCAMI2_short_read_pooled_gold_standard_assembly	Otu1445	Otu1445	1.0	1.0	3354493	3354493	3354493	1.0	1.0	2360	2360	2360
marmgCAMI2_short_read_pooled_gold_standard_assembly	Otu2165.0	Otu2165.0	1.0	1.0	1713977	1713977	1713977	1.0	1.0	5622	5622	5622
marmgCAMI2_short_read_pooled_gold_standard_assembly	Otu2115	Otu2115	1.0	1.0	3100267	3100267	3100267	1.0	1.0	1919	1919	1919
marmgCAMI2_short_read_pooled_gold_standard_assembly	Otu1069	Otu1069	1.0	1.0	1551244	1551244	1551244	1.0	1.0	1142	1142	1142
marmgCAMI2_short_read_pooled_gold_standard_assembly	Otu1466	Otu1466	1.0	1.0	1418656	1418656	1418656	1.0	1.0	4989	4989	4989
marmgCAMI2_short_read_pooled_gold_standard_assembly	Otu1545	Otu1545	1.0	1.0	3034622	3034622	3034622	1.0	1.0	1961	1961	1961
marmgCAMI2_short_read_pooled_gold_standard_assembly	Otu865	Otu865	1.0	1.0	5303681	5303681	5303681	1.0	1.0	5799	5799	5799
marmgCAMI2_short_read_pooled_gold_standard_assembly	Otu2107	Otu2107	1.0	1.0	2843932	2843932	2843932	1.0	1.0	2463	2463	2463
marmgCAMI2_short_read_pooled_gold_standard_assembly	Otu1658	Otu1658	1.0	1.0	920318	920318	920318	1.0	1.0	2420	2420	2420
marmgCAMI2_short_read_pooled_gold_standard_assembly	Otu751.0	Otu751.0	1.0	1.0	3642367	3642367	3642367	1.0	1.0	2319	2319	2319
marmgCAMI2_short_read_pooled_gold_standard_assembly	Otu1415	Otu1415	1.0	1.0	912648	912648	912648	1.0	1.0	2245	2245	2245
marmgCAMI2_short_read_pooled_gold_standard_assembly	Otu1920	Otu1920	1.0	1.0	1743137	1743137	1743137	1.0	1.0	2011	2011	2011
marmgCAMI2_short_read_pooled_gold_standard_assembly	Otu856.0	Otu856.0	1.0	1.0	3038327	3038327	3038327	1.0	1.0	980	980	980
marmgCAMI2_short_read_pooled_gold_standard_assembly	Otu1682	Otu1682	1.0	1.0	862905	862905	862905	1.0	1.0	2424	2424	2424
marmgCAMI2_short_read_pooled_gold_standard_assembly	Otu1788.0	Otu1788.0	1.0	1.0	2596418	2596418	2596418	1.0	1.0	2833	2833	2833
marmgCAMI2_short_read_pooled_gold_standard_assembly	Otu1930	Otu1930	1.0	1.0	1207425	1207425	1207425	1.0	1.0	2468	2468	2468
marmgCAMI2_short_read_pooled_gold_standard_assembly	Otu1704	Otu1704	1.0	1.0	1537610	1537610	1537610	1.0	1.0	1537	1537	1537
marmgCAMI2_short_read_pooled_gold_standard_assembly	Otu814.0	Otu814.0	1.0	1.0	2241404	2241404	2241404	1.0	1.0	2689	2689	2689
marmgCAMI2_short_read_pooled_gold_standard_assembly	Otu122.1	Otu122.1	1.0	1.0	1246888	1246888	1246888	1.0	1.0	4011	4011	4011
marmgCAMI2_short_read_pooled_gold_standard_assembly	Otu839	Otu839	1.0	1.0	4207008	4207008	4207008	1.0	1.0	1881	1881	1881
marmgCAMI2_short_read_pooled_gold_standard_assembly	Otu1236	Otu1236	1.0	1.0	1644482	1644482	1644482	1.0	1.0	913	913	913
marmgCAMI2_short_read_pooled_gold_standard_assembly	Otu717	Otu717	1.0	1.0	1601666	1601666	1601666	1.0	1.0	1434	1434	1434
marmgCAMI2_short_read_pooled_gold_standard_assembly	Otu1784	Otu1784	1.0	1.0	1100806	1100806	1100806	1.0	1.0	1547	1547	1547
marmgCAMI2_short_read_pooled_gold_standard_assembly	Otu1016.0	Otu1016.0	1.0	1.0	3767029	3767029	3767029	1.0	1.0	1704	1704	1704
marmgCAMI2_short_read_pooled_gold_standard_assembly	Otu1546	Otu1546	1.0	1.0	3418078	3418078	3418078	1.0	1.0	2511	2511	2511
marmgCAMI2_short_read_pooled_gold_standard_assembly	Otu532	Otu532	1.0	1.0	4681095	4681095	4681095	1.0	1.0	2570	2570	2570
marmgCAMI2_short_read_pooled_gold_standard_assembly	Otu1962	Otu1962	1.0	1.0	798557	798557	798557	1.0	1.0	2843	2843	2843
marmgCAMI2_short_read_pooled_gold_standard_assembly	Otu961	Otu961	1.0	1.0	6856152	6856152	6856152	1.0	1.0	8163	8163	8163
marmgCAMI2_short_read_pooled_gold_standard_assembly	Otu2233.0	Otu2233.0	1.0	1.0	3002968	3002968	3002968	1.0	1.0	3589	3589	3589
marmgCAMI2_short_read_pooled_gold_standard_assembly	Otu1398	Otu1398	1.0	1.0	1653512	1653512	1653512	1.0	1.0	845	845	845
marmgCAMI2_short_read_pooled_gold_standard_assembly	Otu1834.0	Otu1834.0	1.0	1.0	3728599	3728599	3728599	1.0	1.0	1355	1355	1355
marmgCAMI2_short_read_pooled_gold_standard_assembly	Otu2408	Otu2408	1.0	1.0	1603649	1603649	1603649	1.0	1.0	5307	5307	5307
marmgCAMI2_short_read_pooled_gold_standard_assembly	Otu2411	Otu2411	1.0	1.0	3743305	3743305	3743305	1.0	1.0	4007	4007	4007
marmgCAMI2_short_read_pooled_gold_standard_assembly	Otu936	Otu936	1.0	1.0	1787670	1787670	1787670	1.0	1.0	934	934	934
marmgCAMI2_short_read_pooled_gold_standard_assembly	Otu1455	Otu1455	1.0	1.0	2128207	2128207	2128207	1.0	1.0	4149	4149	4149
marmgCAMI2_short_read_pooled_gold_standard_assembly	Otu608	Otu608	1.0	1.0	1570805	1570805	1570805	1.0	1.0	2226	2226	2226
marmgCAMI2_short_read_pooled_gold_standard_assembly	Otu1031	Otu1031	1.0	1.0	1834295	1834295	1834295	1.0	1.0	3125	3125	3125
marmgCAMI2_short_read_pooled_gold_standard_assembly	Otu2415.0	Otu2415.0	1.0	1.0	526165	526165	526165	1.0	1.0	1992	1992	1992
marmgCAMI2_short_read_pooled_gold_standard_assembly	Otu1237.0	Otu1237.0	1.0	1.0	3355051	3355051	3355051	1.0	1.0	2729	2729	2729
marmgCAMI2_short_read_pooled_gold_standard_assembly	Otu274.0	Otu274.0	1.0	1.0	2269117	2269117	2269117	1.0	1.0	1	1	1
