sample_id	Bin ID	Most abundant genome	Purity (bp)	Completeness (bp)	Bin size (bp)	True positives (bp)	True size of most abundant genome (bp)	Purity (seq)	Completeness (seq)	Bin size (seq)	True positives (seq)	True size of most abundant genome (seq)
strmgCAMI2_short_read_pooled_gold_standard_assembly	180	spades_And8926_S4_L001	1.0	0.9996444368621923	4593893	4593893	4595527	1.0	0.9761904761904762	41	41	42
strmgCAMI2_short_read_pooled_gold_standard_assembly	161	MIKI-NS13	1.0	0.999239316011607	7201190	7201190	7206672	1.0	0.9615384615384616	25	25	26
strmgCAMI2_short_read_pooled_gold_standard_assembly	74	spades_ESBL6643_S3_L001	1.0	0.9991383021192456	5115712	5115712	5120124	1.0	0.8636363636363636	19	19	22
strmgCAMI2_short_read_pooled_gold_standard_assembly	1	MIKI-NS20	0.6781017350253561	0.9989775638383928	7900288	5357199	5362682	0.9583333333333334	0.9951923076923077	216	207	208
strmgCAMI2_short_read_pooled_gold_standard_assembly	102	MIKI-NS14	1.0	0.998955964765716	5243385	5243385	5248865	1.0	0.9767441860465116	42	42	43
strmgCAMI2_short_read_pooled_gold_standard_assembly	110	SP68_S51	0.3453107335063747	0.9984992522498097	6612676	2283428	2286860	0.2745762711864407	0.9759036144578314	295	81	83
strmgCAMI2_short_read_pooled_gold_standard_assembly	116	SP181_S61	1.0	0.9984357651820724	2131251	2131251	2134590	1.0	0.9777777777777777	88	88	90
strmgCAMI2_short_read_pooled_gold_standard_assembly	76	MIKI-NS02	1.0	0.9981718537482999	2994276	2994276	2999760	1.0	0.9767441860465116	42	42	43
strmgCAMI2_short_read_pooled_gold_standard_assembly	126	spades_And12875_S7_L001	0.5244900426012213	0.9976707659596555	9894552	5189594	5201710	0.5371900826446281	0.9285714285714286	121	65	70
strmgCAMI2_short_read_pooled_gold_standard_assembly	75	SP20_S77	1.0	0.9976689225090442	2196853	2196853	2201986	1.0	0.989247311827957	92	92	93
strmgCAMI2_short_read_pooled_gold_standard_assembly	80	MIKI-NS12	0.3557718729119078	0.9975664464478333	6314077	2246371	2251851	0.6016949152542372	0.9861111111111112	118	71	72
strmgCAMI2_short_read_pooled_gold_standard_assembly	59	MIKI-NS10	1.0	0.9973825768330327	2086658	2086658	2092134	1.0	0.99	99	99	100
strmgCAMI2_short_read_pooled_gold_standard_assembly	108	MIKI-NS06	1.0	0.9972106508345652	1959136	1959136	1964616	1.0	0.967741935483871	30	30	31
strmgCAMI2_short_read_pooled_gold_standard_assembly	79	SP21_S92	1.0	0.9970663084134274	1684723	1684723	1689680	1.0	0.9230769230769231	12	12	13
strmgCAMI2_short_read_pooled_gold_standard_assembly	29	SP160_S41	0.07460961119561554	0.9963525419751034	27312835	2037800	2045260	0.021949078138718173	0.8928571428571429	1139	25	28
strmgCAMI2_short_read_pooled_gold_standard_assembly	14	SP136_S17	0.03433602653740622	0.996173851775273	59129818	2030283	2038081	0.010923535253227408	0.8461538461538461	1007	11	13
strmgCAMI2_short_read_pooled_gold_standard_assembly	84	SP111_S89	0.1491701175080811	0.9958419998037241	14013249	2090358	2099086	0.10695187165775401	0.8333333333333334	187	20	24
strmgCAMI2_short_read_pooled_gold_standard_assembly	24	MIKI-NS23	0.33387123819182785	0.9956712415712781	16012745	5346195	5369438	0.3285302593659942	0.912	347	114	125
strmgCAMI2_short_read_pooled_gold_standard_assembly	20	SP48_S35	0.09178402576688581	0.9955363361140382	22037277	2022670	2031739	0.0637065637065637	0.868421052631579	518	33	38
strmgCAMI2_short_read_pooled_gold_standard_assembly	153	spades_MRSA8758_S5_L001	0.3348965840631358	0.9951487114186379	8368246	2802497	2816159	0.30434782608695654	0.8235294117647058	46	14	17
strmgCAMI2_short_read_pooled_gold_standard_assembly	4	SP164_S45	0.08106666329215192	0.9943241403186605	24339302	1973106	1984369	0.04233301975540922	0.9	1063	45	50
strmgCAMI2_short_read_pooled_gold_standard_assembly	125	spades_MRSA7231_S7_L001	0.5000096857069561	0.9930882891771785	5523603	2761855	2781077	0.5068493150684932	0.925	73	37	40
strmgCAMI2_short_read_pooled_gold_standard_assembly	12	SP101_S82	0.07271907729840123	0.9927540684200924	29107135	2116644	2132093	0.034123222748815164	0.8571428571428571	1055	36	42
strmgCAMI2_short_read_pooled_gold_standard_assembly	33	MIKI-NS15	1.0	0.9926943234996468	6754588	6754588	6804298	1.0	0.96875	93	93	96
strmgCAMI2_short_read_pooled_gold_standard_assembly	202	spades_MRSA8339_S5_L001	0.9995549833682306	0.9897915099060697	2750459	2749235	2777590	0.9375	0.7894736842105263	16	15	19
strmgCAMI2_short_read_pooled_gold_standard_assembly	26	SP166_S47	0.16977365071641	0.9868900274256799	12149188	2062612	2090012	0.0774487471526196	0.8717948717948718	439	34	39
strmgCAMI2_short_read_pooled_gold_standard_assembly	114	spades_MRSA7133_S3_L001	0.25400531029758583	0.9863058115961185	10957578	2783283	2821927	0.21153846153846154	0.6470588235294118	52	11	17
strmgCAMI2_short_read_pooled_gold_standard_assembly	13	SP30_S17	0.09253830173998387	0.9852399092145674	22127389	2047631	2078307	0.07541899441340782	0.8059701492537313	716	54	67
strmgCAMI2_short_read_pooled_gold_standard_assembly	37	SP147_S28	0.02984434595041247	0.9832807027670585	70206397	2095264	2130891	0.01979719942056977	0.7735849056603774	2071	41	53
strmgCAMI2_short_read_pooled_gold_standard_assembly	66	spades_MRSA8186_S9_L001	0.09161315867855803	0.9791073070983964	30397642	2784824	2844248	0.07234042553191489	0.4857142857142857	235	17	35
strmgCAMI2_short_read_pooled_gold_standard_assembly	21	SP103_S83	0.17839317860589307	0.978580066738563	11231018	2003537	2047392	0.0846774193548387	0.875	496	42	48
strmgCAMI2_short_read_pooled_gold_standard_assembly	83	spades_And8457_S3_L001	1.0	0.9780739318563739	4819205	4819205	4927240	1.0	0.8658536585365854	71	71	82
strmgCAMI2_short_read_pooled_gold_standard_assembly	87	MIKI-NS03	1.0	0.9755227848823321	4378037	4378037	4487888	1.0	0.9602649006622517	145	145	151
strmgCAMI2_short_read_pooled_gold_standard_assembly	35	SP130_S11	0.064879556228576	0.9750569393818285	31211203	2024969	2076770	0.027317880794701987	0.7857142857142857	1208	33	42
strmgCAMI2_short_read_pooled_gold_standard_assembly	162	spades_And4500_S1_L001	0.3361673870461125	0.9746694144373256	16194706	5444132	5585619	0.3333333333333333	0.4642857142857143	78	26	56
strmgCAMI2_short_read_pooled_gold_standard_assembly	143	spades_And10925_S5_L001	1.0	0.9691554681960824	5444383	5444383	5617657	1.0	0.7961783439490446	125	125	157
strmgCAMI2_short_read_pooled_gold_standard_assembly	122	spades_ESBL6620_S4_L001	0.11216386522625757	0.9671422156142295	46946385	5265688	5444585	0.15025906735751296	0.6304347826086957	193	29	46
strmgCAMI2_short_read_pooled_gold_standard_assembly	195	spades_ESBL8341_S10_L001	1.0	0.965119772700959	4693058	4693058	4862669	1.0	0.8666666666666667	39	39	45
strmgCAMI2_short_read_pooled_gold_standard_assembly	86	spades_ESBL10055_S8_L001	1.0	0.9633621100356711	4903622	4903622	5090113	1.0	0.7543859649122807	43	43	57
strmgCAMI2_short_read_pooled_gold_standard_assembly	148	spades_ESBL8909_S7_L001	0.9895581220348277	0.9584130943421887	5098987	5045744	5264686	0.9714285714285714	0.6071428571428571	35	34	56
strmgCAMI2_short_read_pooled_gold_standard_assembly	2	spades_And8381_S10_L001	0.06613653623138473	0.9583644268031378	79672845	5269286	5498207	0.053388090349075976	0.6341463414634146	487	26	41
strmgCAMI2_short_read_pooled_gold_standard_assembly	78	spades_And9076_S11_L001	0.2534204673124654	0.9564072674436308	21069928	5339551	5582926	0.26	0.3611111111111111	100	26	72
strmgCAMI2_short_read_pooled_gold_standard_assembly	62	spades_ESBL5609_S2_L001	0.13790410150357116	0.955353182259589	35248415	4860901	5088067	0.10429447852760736	0.5573770491803278	326	34	61
strmgCAMI2_short_read_pooled_gold_standard_assembly	25	spades_ESBL8873_S6_L001	0.1367197652258173	0.9538125691675323	38838342	5309969	5567099	0.11721611721611722	0.6808510638297872	273	32	47
strmgCAMI2_short_read_pooled_gold_standard_assembly	160	spades_ESBL8960_S8_L001	1.0	0.9450034566626865	5361101	5361101	5673102	1.0	0.6	39	39	65
strmgCAMI2_short_read_pooled_gold_standard_assembly	28	SP138_S19	0.13610980681684037	0.937095672120176	14731253	2005068	2139662	0.09352517985611511	0.75	417	39	52
strmgCAMI2_short_read_pooled_gold_standard_assembly	36	spades_And6884_S7_L001	0.25482613898831713	0.9346572339077188	20598609	5249064	5616031	0.2709677419354839	0.5526315789473685	155	42	76
strmgCAMI2_short_read_pooled_gold_standard_assembly	117	spades_ESBL5621_S1_L001	0.9966756677306758	0.9301017643826943	4905346	4889039	5256456	0.9	0.5625	50	45	80
strmgCAMI2_short_read_pooled_gold_standard_assembly	105	spades_ESBL9336_S1_L001	1.0	0.9292195083922903	4803551	4803551	5169447	1.0	0.6	60	60	100
strmgCAMI2_short_read_pooled_gold_standard_assembly	9	spades_And7051_S7_L001	0.07458590103710212	0.9270611910104307	64174394	4786505	5163095	0.05025125628140704	0.5263157894736842	597	30	57
strmgCAMI2_short_read_pooled_gold_standard_assembly	89	spades_And4180_S6_L001	0.33564283126472755	0.9212375877324036	14651092	4917534	5337965	0.35714285714285715	0.4807692307692308	70	25	52
strmgCAMI2_short_read_pooled_gold_standard_assembly	15	spades_ESBL5791_S4_L001	0.029430612901779094	0.9199000951878641	169371804	4984716	5418758	0.027095681625740897	0.48484848484848486	1181	32	66
strmgCAMI2_short_read_pooled_gold_standard_assembly	77	spades_ESBL5734_S3_L001	1.0	0.9198744305309887	5149033	5149033	5597539	1.0	0.6805555555555556	49	49	72
strmgCAMI2_short_read_pooled_gold_standard_assembly	27	spades_ESBL5772_S6_L001	0.19950440219714533	0.9135782670208606	24385096	4864934	5325142	0.14798206278026907	0.4583333333333333	223	33	72
strmgCAMI2_short_read_pooled_gold_standard_assembly	96	spades_And4621_S3_L001	0.20399471966740748	0.9098029688977276	23260656	4745051	5215471	0.24324324324324326	0.48	148	36	75
strmgCAMI2_short_read_pooled_gold_standard_assembly	3	spades_ESBL5402_S6_L001	0.04579498471389149	0.904714101396002	97551643	4467376	4937887	0.027054108216432865	0.675	998	27	40
strmgCAMI2_short_read_pooled_gold_standard_assembly	73	spades_ESBL7810_S9_L001	0.5073596253980841	0.9038918959967261	10557127	5356260	5925775	0.25	0.3387096774193548	84	21	62
strmgCAMI2_short_read_pooled_gold_standard_assembly	8	spades_ESBL6760_S6_L001	0.1468320116864538	0.900080552487929	32289008	4741060	5267373	0.1291390728476821	0.5131578947368421	302	39	76
strmgCAMI2_short_read_pooled_gold_standard_assembly	120	spades_ESBL5872_S5_L001	0.5131843764025892	0.8993239224183714	9899103	5080065	5648760	0.3225806451612903	0.41237113402061853	124	40	97
strmgCAMI2_short_read_pooled_gold_standard_assembly	168	spades_ESBL6351_S5_L001	0.5033960691975926	0.885226827051474	9039274	4550335	5140304	0.5185185185185185	0.4883720930232558	81	42	86
strmgCAMI2_short_read_pooled_gold_standard_assembly	6	spades_VRE2913_S13_L001	0.050255353631129075	0.8819954061569829	52369923	2631869	2983994	0.0550061804697157	0.5705128205128205	1618	89	156
strmgCAMI2_short_read_pooled_gold_standard_assembly	81	spades_ESBL5852_S11_L001	0.25311395032409356	0.8037585402400377	17882029	4526191	5631282	0.302158273381295	0.3888888888888889	139	42	108
strmgCAMI2_short_read_pooled_gold_standard_assembly	61	spades_And5388_S8_L001	0.4398280708628557	0.769198652590402	9177502	4036523	5247699	0.4444444444444444	0.5663716814159292	144	64	113
strmgCAMI2_short_read_pooled_gold_standard_assembly	0	SP129_S10	0.10645715054374627	0.4035043211735034	7679409	817528	2026070	0.12832929782082325	0.5638297872340425	2891	371	658
strmgCAMI2_short_read_pooled_gold_standard_assembly	41	spades_ESBL6164_S11_L001	0.1885182770532441	0.3299825470306724	9269027	1747381	5295374	0.23706896551724138	0.2879581151832461	232	55	191
strmgCAMI2_short_read_pooled_gold_standard_assembly	40	spades_ESBL9166_S11_L001	0.2062183804976038	0.2745632701991051	6268481	1292676	4708117	0.2052401746724891	0.31543624161073824	229	47	149
strmgCAMI2_short_read_pooled_gold_standard_assembly	51	spades_VRE2961_S3_L001	0.0762378253599907	0.22800066149198678	8535776	650749	2854154	0.04790419161676647	0.272108843537415	835	40	147
strmgCAMI2_short_read_pooled_gold_standard_assembly	88	spades_And7187_S3_L001	0.2688168042627453	0.22479364486777062	4085630	1098286	4885752	0.2222222222222222	0.0898876404494382	36	8	89
strmgCAMI2_short_read_pooled_gold_standard_assembly	22	spades_ESBL7359_S3_L001	0.10330163253674225	0.20328857626900834	12281500	1268699	6240877	0.0915915915915916	0.1278825995807128	666	61	477
strmgCAMI2_short_read_pooled_gold_standard_assembly	65	spades_And5237_S4_L001	0.8680081452723173	0.14963654419601047	1024889	889612	5945152	0.9875776397515528	0.505564387917329	322	318	629
strmgCAMI2_short_read_pooled_gold_standard_assembly	107	spades_And4366_S2_L001	0.14274191020783417	0.12226639658677683	4594432	655818	5363845	0.21084337349397592	0.30434782608695654	166	35	115
strmgCAMI2_short_read_pooled_gold_standard_assembly	111	spades_ESBL6164_S11_L001	1.0	0.12027120275168478	636881	636881	5295374	1.0	0.4083769633507853	78	78	191
strmgCAMI2_short_read_pooled_gold_standard_assembly	54	spades_ESBL8411_S7_L001	0.8586315976191414	0.11486683456709884	811808	697044	6068279	0.9336283185840708	0.46578366445916114	226	211	453
strmgCAMI2_short_read_pooled_gold_standard_assembly	19	spades_And5237_S4_L001	0.5769930766373929	0.10505198185008559	1082422	624550	5945152	0.8045977011494253	0.11128775834658187	87	70	629
strmgCAMI2_short_read_pooled_gold_standard_assembly	38	spades_VRE2961_S3_L001	0.31178637220111666	0.10383357029788862	950513	296357	2854154	0.21052631578947367	0.21768707482993196	152	32	147
strmgCAMI2_short_read_pooled_gold_standard_assembly	23	spades_ESBL5780_S5_L001	0.11030215409377422	0.09896428980740543	4798909	529330	5348697	0.04580152671755725	0.11320754716981132	262	12	106
strmgCAMI2_short_read_pooled_gold_standard_assembly	68	SP140_S21	0.6063167624106423	0.09740398572091119	341884	207290	2128147	0.675	0.2903225806451613	40	27	93
strmgCAMI2_short_read_pooled_gold_standard_assembly	42	spades_ESBL9875_S5_L001	0.33741342733684687	0.08982701118804554	1382076	466331	5191434	0.22429906542056074	0.27586206896551724	107	24	87
strmgCAMI2_short_read_pooled_gold_standard_assembly	45	spades_And8909_S4_L001	0.2560415927574416	0.08725863259769563	1863209	477059	5467184	0.26519337016574585	0.35294117647058826	181	48	136
strmgCAMI2_short_read_pooled_gold_standard_assembly	154	spades_AND4471_S1_L001	1.0	0.08423382866864175	452157	452157	5367879	1.0	0.2857142857142857	24	24	84
strmgCAMI2_short_read_pooled_gold_standard_assembly	10	spades_ESBL7359_S3_L001	0.6027645446344033	0.07783136889254506	805847	485736	6240877	0.8428571428571429	0.3710691823899371	210	177	477
strmgCAMI2_short_read_pooled_gold_standard_assembly	158	spades_ESBL9251_S1_L001	0.40360898648438315	0.07727772414543875	1092218	440829	5704477	0.38095238095238093	0.2926829268292683	63	24	82
strmgCAMI2_short_read_pooled_gold_standard_assembly	64	SP1_S85	0.10767752591290722	0.07520997450540674	1511216	162724	2163596	0.05547850208044383	0.2	721	40	200
strmgCAMI2_short_read_pooled_gold_standard_assembly	53	SP73_S56	0.14518742007633892	0.07313485462790859	1031453	149754	2047642	0.22181818181818183	0.11844660194174757	275	61	515
strmgCAMI2_short_read_pooled_gold_standard_assembly	39	spades_ESBL5827_S10_L001	0.37606121357673145	0.07073550028424282	1058458	398045	5627231	0.13513513513513514	0.04807692307692308	37	5	104
strmgCAMI2_short_read_pooled_gold_standard_assembly	174	spades_VRE3253_S17_L001	0.22230355382293485	0.0680667209569697	905757	201353	2958171	0.12698412698412698	0.058394160583941604	63	8	137
strmgCAMI2_short_read_pooled_gold_standard_assembly	227	spades_ESBL6364_S9_L001	0.7517396480461447	0.06738034601982516	477108	358661	5322932	0.92	0.22549019607843138	25	23	102
strmgCAMI2_short_read_pooled_gold_standard_assembly	69	SP187_S66	0.0695810977699908	0.06706839717188533	1887481	131333	1958195	0.07602339181286549	0.0962962962962963	171	13	135
strmgCAMI2_short_read_pooled_gold_standard_assembly	145	SP71_S54	0.9156520136958959	0.05821607564365637	130258	119271	2048764	0.9	0.1197339246119734	60	54	451
strmgCAMI2_short_read_pooled_gold_standard_assembly	85	spades_ESBL5613_S5_L001	0.06956665808009568	0.058131933343182625	4406105	306518	5272799	0.0390625	0.10204081632653061	128	5	49
strmgCAMI2_short_read_pooled_gold_standard_assembly	169	spades_ESBL5852_S11_L001	0.330550793013858	0.05792819468106907	986868	326210	5631282	0.42857142857142855	0.08333333333333333	21	9	108
strmgCAMI2_short_read_pooled_gold_standard_assembly	212	spades_And4246_S5_L001	1.0	0.05601750826373311	315956	315956	5640308	1.0	0.1206896551724138	7	7	58
strmgCAMI2_short_read_pooled_gold_standard_assembly	215	spades_ESBL7382_S4_L001	0.973381806990209	0.05209272907667256	259935	253016	4857031	0.9166666666666666	0.1	12	11	110
strmgCAMI2_short_read_pooled_gold_standard_assembly	18	SP69_S52	0.1662283542491672	0.051716598701157024	690147	114722	2218282	0.028985507246376812	0.037037037037037035	69	2	54
strmgCAMI2_short_read_pooled_gold_standard_assembly	48	spades_And6241_S2_L001	0.03481358394120227	0.05076903937026259	7994322	278311	5481904	0.043478260869565216	0.39344262295081966	552	24	61
strmgCAMI2_short_read_pooled_gold_standard_assembly	139	spades_ESBL5613_S5_L001	0.6261507796928127	0.050641414550412406	426450	267022	5272799	0.5	0.16326530612244897	16	8	49
strmgCAMI2_short_read_pooled_gold_standard_assembly	52	SP110_S88	0.3337945218285501	0.05006428744691203	320910	107118	2139609	0.559322033898305	0.06407766990291262	59	33	515
strmgCAMI2_short_read_pooled_gold_standard_assembly	7	spades_VRE2906_S11_L001	0.11841828414208852	0.04942568743473721	1430573	169406	3427489	0.11354309165526676	0.2832764505119454	731	83	293
strmgCAMI2_short_read_pooled_gold_standard_assembly	56	spades_And9693_S1_L001	0.18473034618536582	0.04698788274810561	1331281	245928	5233860	0.15083798882681565	0.19148936170212766	179	27	141
strmgCAMI2_short_read_pooled_gold_standard_assembly	184	spades_ESBL9166_S11_L001	0.8657178047369642	0.04672866031154281	254129	220004	4708117	0.9523809523809523	0.1342281879194631	21	20	149
strmgCAMI2_short_read_pooled_gold_standard_assembly	118	spades_ESBL6455_S6_L001	0.3263877025708437	0.04641553049144039	690746	225451	4857232	0.1875	0.15789473684210525	64	12	76
strmgCAMI2_short_read_pooled_gold_standard_assembly	112	spades_ESBL7586_S7_L001	0.5240781109120168	0.0463990684456789	438095	229596	4948289	0.37037037037037035	0.15384615384615385	27	10	65
strmgCAMI2_short_read_pooled_gold_standard_assembly	167	spades_And9454_S3_L001	1.0	0.045836109379973906	255581	255581	5575975	1.0	0.11570247933884298	14	14	121
strmgCAMI2_short_read_pooled_gold_standard_assembly	140	spades_ESBL5772_S6_L001	0.44861404093112767	0.045527424433001035	540420	242440	5325142	0.3157894736842105	0.16666666666666666	38	12	72
strmgCAMI2_short_read_pooled_gold_standard_assembly	123	spades_ESBL5780_S5_L001	0.929347916148811	0.04194030807877133	241380	224326	5348697	0.9130434782608695	0.19811320754716982	23	21	106
strmgCAMI2_short_read_pooled_gold_standard_assembly	49	spades_ESBL8411_S7_L001	0.2774856688440285	0.04163140818014465	910429	252631	6068279	0.49056603773584906	0.11479028697571744	106	52	453
strmgCAMI2_short_read_pooled_gold_standard_assembly	55	SP13_S10	0.4315125617792422	0.041147800610120695	194240	83817	2036974	0.4444444444444444	0.09361702127659574	99	44	470
strmgCAMI2_short_read_pooled_gold_standard_assembly	197	spades_And8344_S10_L001	0.5364757306170145	0.03916866812402811	362844	194657	4969712	0.32142857142857145	0.13043478260869565	28	9	69
strmgCAMI2_short_read_pooled_gold_standard_assembly	90	spades_ESBL8956_S2_L001	0.3514441623528636	0.038369350739951666	606580	213179	5555971	0.358974358974359	0.2692307692307692	39	14	52
strmgCAMI2_short_read_pooled_gold_standard_assembly	200	spades_And11624_S6_L001	1.0	0.03784999605939172	187780	187780	4961163	1.0	0.14942528735632185	13	13	87
strmgCAMI2_short_read_pooled_gold_standard_assembly	156	spades_And4180_S6_L001	1.0	0.03584493341563686	191339	191339	5337965	1.0	0.19230769230769232	10	10	52
strmgCAMI2_short_read_pooled_gold_standard_assembly	130	spades_ESBL7862_S8_L001	0.5213578290581361	0.03566512996161569	403880	210566	5903974	0.6190476190476191	0.11304347826086956	21	13	115
strmgCAMI2_short_read_pooled_gold_standard_assembly	31	spades_ESBL5786_S5_L001	0.05710101708688409	0.03443863056265615	3189698	182135	5288683	0.1	0.25	170	17	68
strmgCAMI2_short_read_pooled_gold_standard_assembly	207	spades_ESBL9318_S2_L001	0.5623300624442462	0.033023507663009474	280250	157593	4772146	0.6666666666666666	0.14583333333333334	21	14	96
strmgCAMI2_short_read_pooled_gold_standard_assembly	190	spades_ESBL8514_S7_L001	1.0	0.03174458211623888	155722	155722	4905467	1.0	0.10144927536231885	7	7	69
strmgCAMI2_short_read_pooled_gold_standard_assembly	185	spades_And9053_S12_L001	0.6136041403298016	0.031491180182644116	286354	175708	5579594	0.4583333333333333	0.1506849315068493	24	11	73
strmgCAMI2_short_read_pooled_gold_standard_assembly	115	spades_ESBL5827_S10_L001	0.3278317632223129	0.031415095630515255	539240	176780	5627231	0.35064935064935066	0.25961538461538464	77	27	104
strmgCAMI2_short_read_pooled_gold_standard_assembly	58	spades_And4858_S9_L001	0.36540742748230653	0.03110468194538991	450166	164494	5288400	0.07692307692307693	0.03773584905660377	26	2	53
strmgCAMI2_short_read_pooled_gold_standard_assembly	178	spades_ESBL6760_S6_L001	1.0	0.029806129165335357	157000	157000	5267373	1.0	0.10526315789473684	8	8	76
strmgCAMI2_short_read_pooled_gold_standard_assembly	138	spades_And7225_S6_L001	0.4745642740974367	0.02937199473310357	303746	144147	4907634	0.29411764705882354	0.09615384615384616	17	5	52
strmgCAMI2_short_read_pooled_gold_standard_assembly	104	spades_ESBL7862_S8_L001	0.5810763964849337	0.029243014959076715	297121	172650	5903974	0.6111111111111112	0.09565217391304348	18	11	115
strmgCAMI2_short_read_pooled_gold_standard_assembly	171	spades_ESBL9250_S3_L001	0.7702136522375119	0.028611496057948462	206457	159016	5557766	0.1388888888888889	0.11363636363636363	36	5	44
strmgCAMI2_short_read_pooled_gold_standard_assembly	159	spades_And4613_S9_L001	0.5245568159021881	0.028598027767214058	284137	149046	5211758	0.5217391304347826	0.15	23	12	80
strmgCAMI2_short_read_pooled_gold_standard_assembly	210	spades_ESBL8075_S12_L001	0.5909477500221284	0.028411793754904335	259847	153556	5404657	0.6875	0.18032786885245902	16	11	61
strmgCAMI2_short_read_pooled_gold_standard_assembly	134	SP18_S91	0.08676189518157126	0.028311682418710717	675988	58650	2071583	0.09210526315789473	0.09722222222222222	228	21	216
strmgCAMI2_short_read_pooled_gold_standard_assembly	209	spades_ESBL8604_S8_L001	1.0	0.028295676901431505	144520	144520	5107494	1.0	0.05982905982905983	7	7	117
strmgCAMI2_short_read_pooled_gold_standard_assembly	216	spades_And7187_S3_L001	1.0	0.028275074133930662	138145	138145	4885752	1.0	0.0449438202247191	4	4	89
strmgCAMI2_short_read_pooled_gold_standard_assembly	82	spades_MRSA8595_S7_L001	0.2186866063373158	0.02823004011687432	365770	79989	2833471	0.1044776119402985	0.1891891891891892	67	7	37
strmgCAMI2_short_read_pooled_gold_standard_assembly	198	spades_ESBL9656_S7_L001	0.4921036619095033	0.02790950840912665	289248	142340	5100054	0.5	0.16326530612244897	16	8	49
strmgCAMI2_short_read_pooled_gold_standard_assembly	187	spades_ESBL9654_S5_L001	0.8537172428317839	0.027532206131662455	166185	141875	5153056	0.5	0.05434782608695652	10	5	92
strmgCAMI2_short_read_pooled_gold_standard_assembly	181	SP149_S30	0.6086123700765148	0.027515221035077708	95537	58145	2113194	0.06666666666666667	0.030303030303030304	15	1	33
strmgCAMI2_short_read_pooled_gold_standard_assembly	129	spades_ESBL8960_S8_L001	1.0	0.026949277485227657	152886	152886	5673102	1.0	0.2153846153846154	14	14	65
strmgCAMI2_short_read_pooled_gold_standard_assembly	175	spades_And9693_S1_L001	1.0	0.0266103793376208	139275	139275	5233860	1.0	0.10638297872340426	15	15	141
strmgCAMI2_short_read_pooled_gold_standard_assembly	220	spades_And4955_S10_L001	0.9864672735799197	0.026275029809548017	134341	132523	5043686	0.8333333333333334	0.09090909090909091	6	5	55
strmgCAMI2_short_read_pooled_gold_standard_assembly	17	SP82_S65	0.20896166618707274	0.02567688702685759	257162	53737	2092816	0.11764705882352941	0.09259259259259259	85	10	108
strmgCAMI2_short_read_pooled_gold_standard_assembly	50	SP46_S33	0.08649556118731265	0.024749414655856342	591487	51161	2067160	0.06956521739130435	0.06060606060606061	115	8	132
strmgCAMI2_short_read_pooled_gold_standard_assembly	94	spades_ESBL7525_S1_L001	0.1559195429817421	0.02434057018527399	814497	126996	5217462	0.06060606060606061	0.03278688524590164	33	2	61
strmgCAMI2_short_read_pooled_gold_standard_assembly	150	spades_And5232_S2_L001	0.1928029047126818	0.024239881795149326	615276	118627	4893877	0.2708333333333333	0.15853658536585366	48	13	82
strmgCAMI2_short_read_pooled_gold_standard_assembly	106	spades_ESBL8411_S7_L001	0.5591705616369532	0.024209829508498208	262732	146912	6068279	0.7076923076923077	0.10154525386313466	65	46	453
strmgCAMI2_short_read_pooled_gold_standard_assembly	164	spades_ESBL7431_S12_L001	0.29393200070235753	0.02398490418914784	432828	127222	5304253	0.16666666666666666	0.05333333333333334	24	4	75
strmgCAMI2_short_read_pooled_gold_standard_assembly	11	spades_And7556_S8_L001	0.050568345171827365	0.023983754164642004	2462588	124529	5192223	0.016051364365971106	0.18867924528301888	623	10	53
strmgCAMI2_short_read_pooled_gold_standard_assembly	199	MIKI-NS03	0.7023538753482362	0.023256819243260972	148606	104374	4487888	0.7142857142857143	0.033112582781456956	7	5	151
strmgCAMI2_short_read_pooled_gold_standard_assembly	71	spades_VRE2770_S9_L001	0.2786122268351316	0.022896780180739398	266643	74290	3244561	0.23529411764705882	0.035398230088495575	34	8	226
strmgCAMI2_short_read_pooled_gold_standard_assembly	95	spades_ESBL5817_S7_L001	0.4219443786349151	0.022768178490048845	261698	110422	4849839	0.22727272727272727	0.125	44	10	80
strmgCAMI2_short_read_pooled_gold_standard_assembly	97	spades_And8388_S5_L001	0.1902463546218598	0.021727575461419697	608716	115806	5329909	0.13793103448275862	0.037037037037037035	29	4	108
strmgCAMI2_short_read_pooled_gold_standard_assembly	16	spades_And4613_S9_L001	0.29701811288001645	0.01996063516379694	350248	104030	5211758	0.32	0.1	25	8	80
strmgCAMI2_short_read_pooled_gold_standard_assembly	151	SP54_S40	0.0927726343357302	0.01990677341977693	435290	40383	2028606	0.1044776119402985	0.1076923076923077	67	7	65
strmgCAMI2_short_read_pooled_gold_standard_assembly	206	spades_And8457_S3_L001	0.18410311997401652	0.019096695107199975	511094	94094	4927240	0.22727272727272727	0.06097560975609756	22	5	82
strmgCAMI2_short_read_pooled_gold_standard_assembly	136	spades_ESBL7431_S12_L001	0.5820724888801557	0.01842955077746103	167943	97755	5304253	0.75	0.08	8	6	75
strmgCAMI2_short_read_pooled_gold_standard_assembly	204	spades_And9353_S7_L001	0.4649577595734689	0.018183244872866988	210817	98021	5390732	0.5	0.07462686567164178	10	5	67
strmgCAMI2_short_read_pooled_gold_standard_assembly	135	spades_And5237_S4_L001	0.6379150724131011	0.016573672128147438	154461	98533	5945152	0.6403508771929824	0.11605723370429252	114	73	629
strmgCAMI2_short_read_pooled_gold_standard_assembly	249	spades_ESBL5784_S3_L001	0.5000028849538118	0.015845978920790402	173313	86657	5468706	0.5	0.014285714285714285	2	1	70
strmgCAMI2_short_read_pooled_gold_standard_assembly	173	spades_ESBL6351_S5_L001	0.27665493455411655	0.015612695280279143	290087	80254	5140304	0.2	0.046511627906976744	20	4	86
strmgCAMI2_short_read_pooled_gold_standard_assembly	127	spades_And10925_S5_L001	0.5779676859393778	0.01540998320118156	149780	86568	5617657	0.68	0.10828025477707007	25	17	157
strmgCAMI2_short_read_pooled_gold_standard_assembly	119	spades_ESBL6351_S5_L001	0.5436110365152486	0.015358430162885309	145227	78947	5140304	0.6428571428571429	0.10465116279069768	14	9	86
strmgCAMI2_short_read_pooled_gold_standard_assembly	109	spades_ESBL7634_S2_L001	0.36725484854609525	0.015061027930246999	227594	83585	5549754	0.5714285714285714	0.03333333333333333	7	4	120
strmgCAMI2_short_read_pooled_gold_standard_assembly	255	spades_ESBL8411_S7_L001	0.6985970082321663	0.014376069392986052	124876	87238	6068279	0.5	0.002207505518763797	2	1	453
strmgCAMI2_short_read_pooled_gold_standard_assembly	131	spades_ESBL5497_S3_L001	0.45182504140850255	0.014195477499574533	163010	73652	5188413	0.26666666666666666	0.047619047619047616	15	4	84
strmgCAMI2_short_read_pooled_gold_standard_assembly	176	spades_And9387_S6_L001	1.0	0.01356257594650548	75082	75082	5535969	1.0	0.07575757575757576	5	5	66
strmgCAMI2_short_read_pooled_gold_standard_assembly	236	spades_ESBL6101_S9_L001	0.9620068047513878	0.013019770395926965	67012	64466	4951393	0.6666666666666666	0.029850746268656716	3	2	67
strmgCAMI2_short_read_pooled_gold_standard_assembly	99	spades_VRE2770_S9_L001	1.0	0.012990355243744839	42148	42148	3244561	1.0	0.13274336283185842	30	30	226
strmgCAMI2_short_read_pooled_gold_standard_assembly	226	spades_ESBL7634_S2_L001	0.7961668193088659	0.01284453328922327	89534	71284	5549754	0.5555555555555556	0.041666666666666664	9	5	120
strmgCAMI2_short_read_pooled_gold_standard_assembly	152	spades_And9076_S11_L001	0.45516369725471073	0.01270749424226651	155867	70945	5582926	0.39285714285714285	0.1527777777777778	28	11	72
strmgCAMI2_short_read_pooled_gold_standard_assembly	196	SP112_S90	0.2118660472319009	0.012632186395441102	123984	26268	2079450	0.1111111111111111	0.05714285714285714	36	4	70
strmgCAMI2_short_read_pooled_gold_standard_assembly	213	spades_And6442_S8_L001	0.6090583292140386	0.012608459448688034	113288	68999	5472437	0.15	0.06382978723404255	20	3	47
strmgCAMI2_short_read_pooled_gold_standard_assembly	57	spades_And10062_S12_L001	0.28634080685082475	0.012510752553429262	221404	63397	5067401	0.22727272727272727	0.05263157894736842	22	5	95
strmgCAMI2_short_read_pooled_gold_standard_assembly	231	spades_ESBL7862_S8_L001	0.9224362706629876	0.01234388904829188	79006	72878	5903974	0.25	0.008695652173913044	4	1	115
strmgCAMI2_short_read_pooled_gold_standard_assembly	234	spades_And5192_S3_L001	0.5184011637628332	0.012143907863996536	119612	62007	5106017	0.4	0.028169014084507043	5	2	71
strmgCAMI2_short_read_pooled_gold_standard_assembly	163	spades_MRSA7133_S3_L001	0.2728649100794647	0.011559831278413651	119550	32621	2821927	0.3	0.17647058823529413	10	3	17
strmgCAMI2_short_read_pooled_gold_standard_assembly	214	spades_ESBL8855_S12_L001	0.3343005861764036	0.01122294014260083	188851	63133	5625353	0.25	0.06060606060606061	8	2	33
strmgCAMI2_short_read_pooled_gold_standard_assembly	146	spades_ESBL5621_S1_L001	1.0	0.010333578365347299	54318	54318	5256456	1.0	0.0875	7	7	80
strmgCAMI2_short_read_pooled_gold_standard_assembly	101	SP36_S23	0.9501643181920497	0.010119127240857378	22213	21106	2085753	0.75	0.05172413793103448	4	3	58
strmgCAMI2_short_read_pooled_gold_standard_assembly	188	spades_ESBL9046_S6_L001	1.0	0.009698296665469959	54757	54757	5646043	1.0	0.09836065573770492	6	6	61
strmgCAMI2_short_read_pooled_gold_standard_assembly	30	spades_ESBL6210_S10_L001	0.027826697350128753	0.009326062858531286	1606946	44716	4794735	0.017482517482517484	0.05555555555555555	286	5	90
strmgCAMI2_short_read_pooled_gold_standard_assembly	44	spades_ESBL9166_S11_L001	0.1219084275149591	0.008987881991887627	347113	42316	4708117	0.02962962962962963	0.026845637583892617	135	4	149
strmgCAMI2_short_read_pooled_gold_standard_assembly	5	spades_ESBL6101_S9_L001	1.0	0.008950410520837268	44317	44317	4951393	1.0	0.13432835820895522	9	9	67
strmgCAMI2_short_read_pooled_gold_standard_assembly	113	spades_ESBL7234_S12_L001	0.4731602375585028	0.00803193270651016	87389	41349	5148076	0.14285714285714285	0.0425531914893617	14	2	47
strmgCAMI2_short_read_pooled_gold_standard_assembly	230	spades_ESBL6983_S3_L001	1.0	0.007351827618127705	38399	38399	5223055	1.0	0.04477611940298507	3	3	67
strmgCAMI2_short_read_pooled_gold_standard_assembly	147	spades_ESBL7359_S3_L001	0.31077290236141347	0.007136016300273182	143304	44535	6240877	0.10526315789473684	0.012578616352201259	57	6	477
strmgCAMI2_short_read_pooled_gold_standard_assembly	225	spades_ESBL5717_S8_L001	0.900403268598111	0.00650121373357935	37692	33938	5220256	0.25	0.017543859649122806	4	1	57
strmgCAMI2_short_read_pooled_gold_standard_assembly	137	spades_ESBL9336_S1_L001	1.0	0.006145725064982773	31770	31770	5169447	1.0	0.11	11	11	100
strmgCAMI2_short_read_pooled_gold_standard_assembly	179	spades_ESBL9336_S1_L001	0.5301166507673511	0.0061273478575174485	59751	31675	5169447	0.05	0.01	20	1	100
strmgCAMI2_short_read_pooled_gold_standard_assembly	91	MIKI-NS24	0.411396401843417	0.005709026653746666	74427	30619	5363261	0.4186046511627907	0.1323529411764706	43	18	136
strmgCAMI2_short_read_pooled_gold_standard_assembly	128	spades_And10073_S10_L001	0.26681668841982087	0.005649704592229016	111095	29642	5246646	0.24444444444444444	0.11578947368421053	45	11	95
strmgCAMI2_short_read_pooled_gold_standard_assembly	201	spades_ESBL6661_S8_L001	1.0	0.005485778250104273	27699	27699	5049238	1.0	0.04477611940298507	3	3	67
strmgCAMI2_short_read_pooled_gold_standard_assembly	219	spades_ESBL7382_S4_L001	0.7854987866465534	0.004931613572159618	30494	23953	4857031	0.5714285714285714	0.03636363636363636	7	4	110
strmgCAMI2_short_read_pooled_gold_standard_assembly	93	SP108_S87	0.22127045235803658	0.004753995222224462	41560	9196	1934373	0.26666666666666666	0.015473887814313346	30	8	517
strmgCAMI2_short_read_pooled_gold_standard_assembly	67	spades_And4955_S10_L001	0.8083268403401199	0.004730865482109711	29519	23861	5043686	0.2	0.01818181818181818	5	1	55
strmgCAMI2_short_read_pooled_gold_standard_assembly	232	SP121_S3	0.4835825343996821	0.0046837066666923265	20131	9735	2078482	0.18181818181818182	0.043478260869565216	11	2	46
strmgCAMI2_short_read_pooled_gold_standard_assembly	43	spades_ESBL5817_S7_L001	0.8738480442351013	0.004399115104645742	24415	21335	4849839	0.8571428571428571	0.075	7	6	80
strmgCAMI2_short_read_pooled_gold_standard_assembly	142	spades_ESBL7359_S3_L001	0.49052181192447214	0.004225047216921596	53755	26368	6240877	0.125	0.0041928721174004195	16	2	477
strmgCAMI2_short_read_pooled_gold_standard_assembly	182	spades_And4366_S2_L001	0.31870262390670556	0.004075993993115014	68600	21863	5363845	0.21621621621621623	0.06956521739130435	37	8	115
strmgCAMI2_short_read_pooled_gold_standard_assembly	194	spades_ESBL7431_S12_L001	0.25055308418773936	0.003971341487670366	84074	21065	5304253	0.125	0.02666666666666667	16	2	75
strmgCAMI2_short_read_pooled_gold_standard_assembly	32	SP169_S50	0.008962164395284444	0.0038329851271342637	813308	7289	1901651	0.008928571428571428	0.0091324200913242	224	2	219
strmgCAMI2_short_read_pooled_gold_standard_assembly	144	spades_ESBL7634_S2_L001	1.0	0.003714218684287628	20613	20613	5549754	1.0	0.06666666666666667	8	8	120
strmgCAMI2_short_read_pooled_gold_standard_assembly	238	SP71_S54	0.4853196362879156	0.003412789369590641	14407	6992	2048764	0.7142857142857143	0.011086474501108648	7	5	451
strmgCAMI2_short_read_pooled_gold_standard_assembly	248	spades_And9387_S6_L001	0.6203054747421317	0.003389289210253887	30248	18763	5535969	0.2222222222222222	0.030303030303030304	9	2	66
strmgCAMI2_short_read_pooled_gold_standard_assembly	211	spades_ESBL9251_S1_L001	0.24203484836466513	0.003209409030836657	75642	18308	5704477	0.2857142857142857	0.024390243902439025	7	2	82
strmgCAMI2_short_read_pooled_gold_standard_assembly	237	spades_VRE3766_S8_L001	0.8427120977456548	0.003177513817675464	11622	9794	3082284	0.6666666666666666	0.013157894736842105	3	2	152
strmgCAMI2_short_read_pooled_gold_standard_assembly	100	spades_And5192_S3_L001	0.17707436593603074	0.0031421752023152293	90606	16044	5106017	0.2545454545454545	0.19718309859154928	55	14	71
strmgCAMI2_short_read_pooled_gold_standard_assembly	121	spades_And5388_S8_L001	0.38708344097132524	0.002855346695761323	38710	14984	5247699	0.35294117647058826	0.05309734513274336	17	6	113
strmgCAMI2_short_read_pooled_gold_standard_assembly	46	spades_MRSA8595_S7_L001	0.0611941677316048	0.002805393102664541	129898	7949	2833471	0.05454545454545454	0.08108108108108109	55	3	37
strmgCAMI2_short_read_pooled_gold_standard_assembly	218	spades_And4500_S1_L001	0.5706261701685043	0.0024554127304422303	24035	13715	5585619	0.5555555555555556	0.08928571428571429	9	5	56
strmgCAMI2_short_read_pooled_gold_standard_assembly	98	spades_ESBL5734_S3_L001	0.15823128430958558	0.002342993947876022	82885	13115	5597539	0.08333333333333333	0.013888888888888888	12	1	72
strmgCAMI2_short_read_pooled_gold_standard_assembly	133	spades_ESBL5911_S4_L001	0.1706192566394038	0.0022049267850449404	63334	10806	4900843	0.13043478260869565	0.0196078431372549	23	3	153
strmgCAMI2_short_read_pooled_gold_standard_assembly	149	spades_And9722_S8_L001	0.14300709708753073	0.001794430738079558	63829	9128	5086850	0.2222222222222222	0.024096385542168676	9	2	83
strmgCAMI2_short_read_pooled_gold_standard_assembly	235	spades_ESBL7586_S7_L001	1.0	0.0016274312191547422	8053	8053	4948289	1.0	0.03076923076923077	2	2	65
strmgCAMI2_short_read_pooled_gold_standard_assembly	192	spades_And4543_S2_L001	0.28121278444752	0.0015650924026111982	31069	8737	5582418	0.2857142857142857	0.07272727272727272	14	4	55
strmgCAMI2_short_read_pooled_gold_standard_assembly	70	spades_ESBL9046_S6_L001	0.16624690056424374	0.0015081358749835948	51219	8515	5646043	0.06060606060606061	0.03278688524590164	33	2	61
strmgCAMI2_short_read_pooled_gold_standard_assembly	155	spades_And4543_S2_L001	0.29004140335585094	0.0014305628851153747	27534	7986	5582418	0.3333333333333333	0.05454545454545454	9	3	55
strmgCAMI2_short_read_pooled_gold_standard_assembly	239	SP117_S95	1.0	0.0013770636387665553	3079	3079	2235917	1.0	0.03125	2	2	64
strmgCAMI2_short_read_pooled_gold_standard_assembly	242	spades_ESBL5792_S6_L001	0.15509563047266625	0.001363712202812323	46481	7209	5286306	0.23076923076923078	0.04411764705882353	13	3	68
strmgCAMI2_short_read_pooled_gold_standard_assembly	244	spades_ESBL8855_S12_L001	1.0	0.0012939632410623831	7279	7279	5625353	1.0	0.06060606060606061	2	2	33
strmgCAMI2_short_read_pooled_gold_standard_assembly	241	spades_ESBL6351_S5_L001	0.5108189760757736	0.0012170486414811263	12247	6256	5140304	0.3333333333333333	0.011627906976744186	3	1	86
strmgCAMI2_short_read_pooled_gold_standard_assembly	240	spades_And4366_S2_L001	0.861160409556314	0.0011760220513456299	7325	6308	5363845	0.6666666666666666	0.017391304347826087	3	2	115
strmgCAMI2_short_read_pooled_gold_standard_assembly	258	spades_And10925_S5_L001	1.0	0.0011104273543222735	6238	6238	5617657	1.0	0.006369426751592357	1	1	157
strmgCAMI2_short_read_pooled_gold_standard_assembly	157	spades_ESBL5609_S2_L001	0.4411440277340057	0.001100417899371215	12692	5599	5088067	0.4444444444444444	0.06557377049180328	9	4	61
strmgCAMI2_short_read_pooled_gold_standard_assembly	193	spades_And9454_S3_L001	0.38334795138453825	0.0010973865557144715	15962	6119	5575975	0.125	0.008264462809917356	8	1	121
strmgCAMI2_short_read_pooled_gold_standard_assembly	92	spades_ESBL7431_S12_L001	0.10404069662189072	0.001083470188921984	55238	5747	5304253	0.10810810810810811	0.05333333333333334	37	4	75
strmgCAMI2_short_read_pooled_gold_standard_assembly	63	spades_And9454_S3_L001	0.015077404837131846	0.0010586489358363335	391513	5903	5575975	0.02127659574468085	0.04132231404958678	235	5	121
strmgCAMI2_short_read_pooled_gold_standard_assembly	124	spades_And6166_S1_L001	0.03617411859377358	0.0010478633530826014	159064	5754	5491174	0.04918032786885246	0.05357142857142857	61	3	56
strmgCAMI2_short_read_pooled_gold_standard_assembly	233	spades_ESBL5909_S5_L001	0.6492633755492375	0.0010245955967677924	7738	5024	4903398	0.75	0.021739130434782608	4	3	138
strmgCAMI2_short_read_pooled_gold_standard_assembly	60	spades_And9353_S7_L001	0.03434553922245515	0.0010150755036607273	159322	5472	5390732	0.036036036036036036	0.05970149253731343	111	4	67
strmgCAMI2_short_read_pooled_gold_standard_assembly	189	SP45_S32	0.35405725902083685	0.0010099106543157977	5903	2090	2069490	0.4	0.011904761904761904	5	2	168
strmgCAMI2_short_read_pooled_gold_standard_assembly	132	spades_ESBL7532_S2_L001	0.06390072235599185	0.0009670688302597051	80985	5175	5351222	0.07272727272727272	0.041666666666666664	55	4	96
strmgCAMI2_short_read_pooled_gold_standard_assembly	229	spades_ESBL10011_S11_L001	0.5543101147584735	0.0008461177778022203	7494	4154	4909482	0.5	0.02702702702702703	4	2	74
strmgCAMI2_short_read_pooled_gold_standard_assembly	165	spades_ESBL6769_S11_L001	0.10629783051323458	0.0008224020731340328	42729	4542	5522846	0.08333333333333333	0.022222222222222223	12	1	45
strmgCAMI2_short_read_pooled_gold_standard_assembly	246	spades_ESBL6455_S6_L001	0.17170542635658914	0.0008208378763872098	23220	3987	4857232	0.1	0.013157894736842105	10	1	76
strmgCAMI2_short_read_pooled_gold_standard_assembly	34	spades_ESBL7347_S10_L001	0.3336200963523744	0.0007574202477299365	11624	3878	5120011	0.3333333333333333	0.019230769230769232	3	1	52
strmgCAMI2_short_read_pooled_gold_standard_assembly	172	spades_ESBL7534_S10_L001	0.5573263190468822	0.0007379890842358607	6463	3602	4880831	0.6	0.03529411764705882	5	3	85
strmgCAMI2_short_read_pooled_gold_standard_assembly	245	spades_And9205_S9_L001	1.0	0.0007288918967634791	3692	3692	5065223	1.0	0.01694915254237288	1	1	59
strmgCAMI2_short_read_pooled_gold_standard_assembly	183	spades_And4902_S2_L001	0.21846692072218404	0.0006902984153930428	16007	3497	5065925	0.16666666666666666	0.016666666666666666	6	1	60
strmgCAMI2_short_read_pooled_gold_standard_assembly	170	spades_ESBL6364_S9_L001	1.0	0.0006851487112741624	3647	3647	5322932	1.0	0.029411764705882353	3	3	102
strmgCAMI2_short_read_pooled_gold_standard_assembly	47	spades_And8861_S3_L001	0.1712773634832812	0.0006530382236479815	20785	3560	5451442	0.21428571428571427	0.01948051948051948	14	3	154
strmgCAMI2_short_read_pooled_gold_standard_assembly	254	SP163_S44	1.0	0.0006463473673024212	1259	1259	1947869	1.0	0.00847457627118644	1	1	118
strmgCAMI2_short_read_pooled_gold_standard_assembly	203	spades_ESBL9875_S5_L001	0.599112426035503	0.0006241050160707041	5408	3240	5191434	0.75	0.034482758620689655	4	3	87
strmgCAMI2_short_read_pooled_gold_standard_assembly	191	spades_And9205_S9_L001	0.1965828131895845	0.0006155701338322123	15861	3118	5065223	0.2222222222222222	0.03389830508474576	9	2	59
strmgCAMI2_short_read_pooled_gold_standard_assembly	217	spades_ESBL5734_S3_L001	0.7471131639722863	0.0005779325521447908	4330	3235	5597539	0.5	0.013888888888888888	2	1	72
strmgCAMI2_short_read_pooled_gold_standard_assembly	221	spades_And8457_S3_L001	0.22672598451145165	0.0005585276950179005	12138	2752	4927240	0.2222222222222222	0.024390243902439025	9	2	82
strmgCAMI2_short_read_pooled_gold_standard_assembly	186	spades_And9353_S7_L001	0.18338587057296496	0.0005503890751756904	16179	2967	5390732	0.2	0.029850746268656716	10	2	67
strmgCAMI2_short_read_pooled_gold_standard_assembly	177	spades_AND9183_S11_L001	0.23941382720489077	0.0005172935929604559	11123	2663	5147947	0.25	0.03389830508474576	8	2	59
strmgCAMI2_short_read_pooled_gold_standard_assembly	166	spades_VRE3056_S20_L001	0.4003569303985723	0.00044725825043604356	3362	1346	3009447	0.3333333333333333	0.005952380952380952	3	1	168
strmgCAMI2_short_read_pooled_gold_standard_assembly	72	spades_ESBL9251_S1_L001	0.07855652769561292	0.0004422841918724539	32117	2523	5704477	0.08695652173913043	0.024390243902439025	23	2	82
strmgCAMI2_short_read_pooled_gold_standard_assembly	141	spades_ESBL10056_S9_L001	0.46668128014028937	0.0004209445727313727	4562	2129	5057673	0.5	0.03125	4	2	64
strmgCAMI2_short_read_pooled_gold_standard_assembly	243	spades_ESBL10055_S8_L001	1.0	0.0004127609740687486	2101	2101	5090113	1.0	0.03508771929824561	2	2	57
strmgCAMI2_short_read_pooled_gold_standard_assembly	224	spades_ESBL5911_S4_L001	0.5790611488573193	0.0003825872406033003	3238	1875	4900843	0.5	0.006535947712418301	2	1	153
strmgCAMI2_short_read_pooled_gold_standard_assembly	228	spades_ESBL8604_S8_L001	0.11427369601794728	0.0003191388966878865	14264	1630	5107494	0.09090909090909091	0.008547008547008548	11	1	117
strmgCAMI2_short_read_pooled_gold_standard_assembly	252	spades_And4180_S6_L001	1.0	0.0003166000526417839	1690	1690	5337965	1.0	0.019230769230769232	1	1	52
strmgCAMI2_short_read_pooled_gold_standard_assembly	256	spades_ESBL8909_S7_L001	0.5881870385561936	0.0002723809169245801	2438	1434	5264686	0.5	0.017857142857142856	2	1	56
strmgCAMI2_short_read_pooled_gold_standard_assembly	208	spades_AND8302_S10_L001	0.21033944042039482	0.00026950538392051904	7041	1481	5495252	0.2	0.02702702702702703	5	1	37
strmgCAMI2_short_read_pooled_gold_standard_assembly	103	spades_ESBL7359_S3_L001	0.2161214953271028	0.0002667894271910823	7704	1665	6240877	0.16666666666666666	0.0020964360587002098	6	1	477
strmgCAMI2_short_read_pooled_gold_standard_assembly	257	spades_ESBL5734_S3_L001	0.552388004442799	0.0002665457087480766	2701	1492	5597539	0.5	0.013888888888888888	2	1	72
strmgCAMI2_short_read_pooled_gold_standard_assembly	250	spades_ESBL9251_S1_L001	0.5411392405063291	0.0002398116426799512	2528	1368	5704477	0.5	0.012195121951219513	2	1	82
strmgCAMI2_short_read_pooled_gold_standard_assembly	251	spades_AND9183_S11_L001	0.5010275380189066	0.00023679342464092969	2433	1219	5147947	0.5	0.01694915254237288	2	1	59
strmgCAMI2_short_read_pooled_gold_standard_assembly	205	spades_And6400_S11_L001	0.34759358288770054	0.0002298055512286486	3179	1105	4808413	0.3333333333333333	0.014492753623188406	3	1	69
strmgCAMI2_short_read_pooled_gold_standard_assembly	247	spades_And5213_S1_L001	0.5002227171492205	0.00022864826323014232	2245	1123	4911474	0.5	0.012345679012345678	2	1	81
strmgCAMI2_short_read_pooled_gold_standard_assembly	223	spades_And5315_S3_L001	1.0	0.000228431291404311	1253	1253	5485238	1.0	0.014492753623188406	1	1	69
strmgCAMI2_short_read_pooled_gold_standard_assembly	253	spades_ESBL5481_S10_L001	1.0	0.00021035956591252796	1031	1031	4901132	1.0	0.022727272727272728	1	1	44
strmgCAMI2_short_read_pooled_gold_standard_assembly	259	spades_And9205_S9_L001	1.0	0.0002082830311715792	1055	1055	5065223	1.0	0.01694915254237288	1	1	59
strmgCAMI2_short_read_pooled_gold_standard_assembly	261	spades_ESBL8411_S7_L001	1.0	0.00020236380034602893	1228	1228	6068279	1.0	0.002207505518763797	1	1	453
strmgCAMI2_short_read_pooled_gold_standard_assembly	222	spades_ESBL9440_S6_L001	1.0	0.00019891359859588556	1015	1015	5102718	1.0	0.023255813953488372	1	1	43
strmgCAMI2_short_read_pooled_gold_standard_assembly	260	spades_ESBL7553_S11_L001	1.0	0.00018701126163653945	1009	1009	5395397	1.0	0.014084507042253521	1	1	71
