sample_id	Bin ID	Most abundant genome	Purity (bp)	Completeness (bp)	Bin size (bp)	True positives (bp)	True size of most abundant genome (bp)	Purity (seq)	Completeness (seq)	Bin size (seq)	True positives (seq)	True size of most abundant genome (seq)
marmgCAMI2_short_read_pooled_gold_standard_assembly	493	Otu35.0	1.0	1.0	5051673	5051673	5051673	1.0	1.0	1	1	1
marmgCAMI2_short_read_pooled_gold_standard_assembly	429	Otu72.0	1.0	1.0	3653830	3653830	3653830	1.0	1.0	2	2	2
marmgCAMI2_short_read_pooled_gold_standard_assembly	383	Otu398	1.0	1.0	1908158	1908158	1908158	1.0	1.0	3	3	3
marmgCAMI2_short_read_pooled_gold_standard_assembly	385	Otu64.0	1.0	1.0	5657770	5657770	5657770	1.0	1.0	2	2	2
marmgCAMI2_short_read_pooled_gold_standard_assembly	386	Otu315.0	1.0	1.0	3830131	3830131	3830131	1.0	1.0	9	9	9
marmgCAMI2_short_read_pooled_gold_standard_assembly	387	Otu303.0	1.0	1.0	1999613	1999613	1999613	1.0	1.0	2	2	2
marmgCAMI2_short_read_pooled_gold_standard_assembly	389	Otu438	1.0	1.0	6321918	6321918	6321918	1.0	1.0	8	8	8
marmgCAMI2_short_read_pooled_gold_standard_assembly	390	Otu212.0	1.0	1.0	4600946	4600946	4600946	1.0	1.0	3	3	3
marmgCAMI2_short_read_pooled_gold_standard_assembly	391	Otu241.0	1.0	1.0	4875390	4875390	4875390	1.0	1.0	2	2	2
marmgCAMI2_short_read_pooled_gold_standard_assembly	91	Otu597.0	1.0	1.0	3782562	3782562	3782562	1.0	1.0	12	12	12
marmgCAMI2_short_read_pooled_gold_standard_assembly	394	Otu506.0	1.0	1.0	2989885	2989885	2989885	1.0	1.0	6	6	6
marmgCAMI2_short_read_pooled_gold_standard_assembly	397	Otu250	1.0	1.0	4050905	4050905	4050905	1.0	1.0	2	2	2
marmgCAMI2_short_read_pooled_gold_standard_assembly	398	Otu42.0	1.0	1.0	3994757	3994757	3994757	1.0	1.0	1	1	1
marmgCAMI2_short_read_pooled_gold_standard_assembly	400	Otu332	1.0	1.0	1231943	1231943	1231943	1.0	1.0	9	9	9
marmgCAMI2_short_read_pooled_gold_standard_assembly	404	Otu800.0	1.0	1.0	4406281	4406281	4406281	1.0	1.0	3	3	3
marmgCAMI2_short_read_pooled_gold_standard_assembly	405	Otu168.0	1.0	1.0	3274117	3274117	3274117	1.0	1.0	3	3	3
marmgCAMI2_short_read_pooled_gold_standard_assembly	408	Otu293.0	1.0	1.0	2560157	2560157	2560157	1.0	1.0	2	2	2
marmgCAMI2_short_read_pooled_gold_standard_assembly	410	Otu2.0	1.0	1.0	4145260	4145260	4145260	1.0	1.0	2	2	2
marmgCAMI2_short_read_pooled_gold_standard_assembly	412	Otu130.0	1.0	1.0	4289702	4289702	4289702	1.0	1.0	2	2	2
marmgCAMI2_short_read_pooled_gold_standard_assembly	78	Otu613	1.0	1.0	3145869	3145869	3145869	1.0	1.0	8	8	8
marmgCAMI2_short_read_pooled_gold_standard_assembly	413	Otu40.0	1.0	1.0	1481183	1481183	1481183	1.0	1.0	1	1	1
marmgCAMI2_short_read_pooled_gold_standard_assembly	175	Otu854	0.5239338771062605	1.0	3024792	1584791	1584791	0.0014577259475218659	1.0	686	1	1
marmgCAMI2_short_read_pooled_gold_standard_assembly	420	Otu1337	1.0	1.0	3914592	3914592	3914592	1.0	1.0	2	2	2
marmgCAMI2_short_read_pooled_gold_standard_assembly	421	Otu1458.0	1.0	1.0	4944048	4944048	4944048	1.0	1.0	2	2	2
marmgCAMI2_short_read_pooled_gold_standard_assembly	423	Otu465	1.0	1.0	1443759	1443759	1443759	1.0	1.0	1	1	1
marmgCAMI2_short_read_pooled_gold_standard_assembly	424	Otu382.0	1.0	1.0	4455384	4455384	4455384	1.0	1.0	1	1	1
marmgCAMI2_short_read_pooled_gold_standard_assembly	426	Otu870	1.0	1.0	2736366	2736366	2736366	1.0	1.0	1	1	1
marmgCAMI2_short_read_pooled_gold_standard_assembly	427	Otu450.0	1.0	1.0	2986827	2986827	2986827	1.0	1.0	1	1	1
marmgCAMI2_short_read_pooled_gold_standard_assembly	428	Otu220.0	1.0	1.0	5313838	5313838	5313838	1.0	1.0	4	4	4
marmgCAMI2_short_read_pooled_gold_standard_assembly	382	Otu304.0	1.0	1.0	4023492	4023492	4023492	1.0	1.0	2	2	2
marmgCAMI2_short_read_pooled_gold_standard_assembly	381	Otu846.0	1.0	1.0	3858490	3858490	3858490	1.0	1.0	3	3	3
marmgCAMI2_short_read_pooled_gold_standard_assembly	378	Otu256	1.0	1.0	3293431	3293431	3293431	1.0	1.0	1	1	1
marmgCAMI2_short_read_pooled_gold_standard_assembly	346	Otu39.0	1.0	1.0	3644088	3644088	3644088	1.0	1.0	2	2	2
marmgCAMI2_short_read_pooled_gold_standard_assembly	207	Otu205.1	0.9803806881856126	1.0	5901838	5786048	5786048	0.4117647058823529	1.0	34	14	14
marmgCAMI2_short_read_pooled_gold_standard_assembly	292	Otu2119.0	1.0	1.0	3577249	3577249	3577249	1.0	1.0	17	17	17
marmgCAMI2_short_read_pooled_gold_standard_assembly	312	Otu255	1.0	1.0	5358867	5358867	5358867	1.0	1.0	4	4	4
marmgCAMI2_short_read_pooled_gold_standard_assembly	318	Otu274.0	1.0	1.0	2269117	2269117	2269117	1.0	1.0	1	1	1
marmgCAMI2_short_read_pooled_gold_standard_assembly	321	Otu119.1	1.0	1.0	4480493	4480493	4480493	1.0	1.0	1	1	1
marmgCAMI2_short_read_pooled_gold_standard_assembly	322	Otu302.0	1.0	1.0	3132217	3132217	3132217	1.0	1.0	3	3	3
marmgCAMI2_short_read_pooled_gold_standard_assembly	327	Otu1448	1.0	1.0	2022780	2022780	2022780	1.0	1.0	5	5	5
marmgCAMI2_short_read_pooled_gold_standard_assembly	129	Otu215.0	1.0	1.0	3074116	3074116	3074116	1.0	1.0	4	4	4
marmgCAMI2_short_read_pooled_gold_standard_assembly	334	Otu549	1.0	1.0	3511658	3511658	3511658	1.0	1.0	9	9	9
marmgCAMI2_short_read_pooled_gold_standard_assembly	337	Otu183.0	1.0	1.0	5413067	5413067	5413067	1.0	1.0	21	21	21
marmgCAMI2_short_read_pooled_gold_standard_assembly	342	Otu525.0	1.0	1.0	4337917	4337917	4337917	1.0	1.0	1	1	1
marmgCAMI2_short_read_pooled_gold_standard_assembly	343	Otu230.1	1.0	1.0	4635062	4635062	4635062	1.0	1.0	1	1	1
marmgCAMI2_short_read_pooled_gold_standard_assembly	355	Otu283.0	1.0	1.0	4200513	4200513	4200513	1.0	1.0	1	1	1
marmgCAMI2_short_read_pooled_gold_standard_assembly	374	Otu345.0	1.0	1.0	9446022	9446022	9446022	1.0	1.0	11	11	11
marmgCAMI2_short_read_pooled_gold_standard_assembly	357	Otu157.0	1.0	1.0	3543876	3543876	3543876	1.0	1.0	1	1	1
marmgCAMI2_short_read_pooled_gold_standard_assembly	119	Otu252	1.0	1.0	2234795	2234795	2234795	1.0	1.0	1	1	1
marmgCAMI2_short_read_pooled_gold_standard_assembly	358	Otu852.0	1.0	1.0	4399929	4399929	4399929	1.0	1.0	9	9	9
marmgCAMI2_short_read_pooled_gold_standard_assembly	359	Otu180	1.0	1.0	2224849	2224849	2224849	1.0	1.0	2	2	2
marmgCAMI2_short_read_pooled_gold_standard_assembly	362	Otu234.0	1.0	1.0	5341530	5341530	5341530	1.0	1.0	1	1	1
marmgCAMI2_short_read_pooled_gold_standard_assembly	112	Otu1027	1.0	1.0	3923986	3923986	3923986	1.0	1.0	29	29	29
marmgCAMI2_short_read_pooled_gold_standard_assembly	363	Otu67.0	1.0	1.0	3522108	3522108	3522108	1.0	1.0	2	2	2
marmgCAMI2_short_read_pooled_gold_standard_assembly	364	Otu60.0	1.0	1.0	5197896	5197896	5197896	1.0	1.0	1	1	1
marmgCAMI2_short_read_pooled_gold_standard_assembly	366	Otu245.0	1.0	1.0	4305777	4305777	4305777	1.0	1.0	1	1	1
marmgCAMI2_short_read_pooled_gold_standard_assembly	368	Otu11	1.0	1.0	1667163	1667163	1667163	1.0	1.0	1	1	1
marmgCAMI2_short_read_pooled_gold_standard_assembly	369	Otu1204	1.0	1.0	1118416	1118416	1118416	1.0	1.0	3	3	3
marmgCAMI2_short_read_pooled_gold_standard_assembly	371	Otu928.0	1.0	1.0	3019047	3019047	3019047	1.0	1.0	6	6	6
marmgCAMI2_short_read_pooled_gold_standard_assembly	66	Otu203	1.0	1.0	4383451	4383451	4383451	1.0	1.0	3	3	3
marmgCAMI2_short_read_pooled_gold_standard_assembly	415	Otu312.0	1.0	1.0	4560497	4560497	4560497	1.0	1.0	1	1	1
marmgCAMI2_short_read_pooled_gold_standard_assembly	431	Otu523	1.0	1.0	3052329	3052329	3052329	1.0	1.0	1	1	1
marmgCAMI2_short_read_pooled_gold_standard_assembly	457	Otu26.0	1.0	1.0	3899934	3899934	3899934	1.0	1.0	1	1	1
marmgCAMI2_short_read_pooled_gold_standard_assembly	460	Otu24.0	1.0	1.0	4830178	4830178	4830178	1.0	1.0	1	1	1
marmgCAMI2_short_read_pooled_gold_standard_assembly	462	Otu85.0	1.0	1.0	3427048	3427048	3427048	1.0	1.0	1	1	1
marmgCAMI2_short_read_pooled_gold_standard_assembly	463	Otu219.0	1.0	1.0	5017042	5017042	5017042	1.0	1.0	1	1	1
marmgCAMI2_short_read_pooled_gold_standard_assembly	464	Otu214.0	1.0	1.0	5132065	5132065	5132065	1.0	1.0	1	1	1
marmgCAMI2_short_read_pooled_gold_standard_assembly	465	Otu40.1	1.0	1.0	6512824	6512824	6512824	1.0	1.0	5	5	5
marmgCAMI2_short_read_pooled_gold_standard_assembly	466	Otu69.0	1.0	1.0	4719539	4719539	4719539	1.0	1.0	1	1	1
marmgCAMI2_short_read_pooled_gold_standard_assembly	468	Otu470	1.0	1.0	1595975	1595975	1595975	1.0	1.0	1	1	1
marmgCAMI2_short_read_pooled_gold_standard_assembly	469	Otu327	1.0	1.0	2011287	2011287	2011287	1.0	1.0	1	1	1
marmgCAMI2_short_read_pooled_gold_standard_assembly	471	Otu301	1.0	1.0	5396452	5396452	5396452	1.0	1.0	1	1	1
marmgCAMI2_short_read_pooled_gold_standard_assembly	472	Otu503	1.0	1.0	2366978	2366978	2366978	1.0	1.0	1	1	1
marmgCAMI2_short_read_pooled_gold_standard_assembly	473	Otu376	1.0	1.0	490866	490866	490866	1.0	1.0	1	1	1
marmgCAMI2_short_read_pooled_gold_standard_assembly	475	Otu82	1.0	1.0	4059887	4059887	4059887	1.0	1.0	1	1	1
marmgCAMI2_short_read_pooled_gold_standard_assembly	477	Otu36.0	1.0	1.0	4137509	4137509	4137509	1.0	1.0	2	2	2
marmgCAMI2_short_read_pooled_gold_standard_assembly	478	Otu351	1.0	1.0	2606696	2606696	2606696	1.0	1.0	2	2	2
marmgCAMI2_short_read_pooled_gold_standard_assembly	479	Otu110.0	1.0	1.0	2884284	2884284	2884284	1.0	1.0	1	1	1
marmgCAMI2_short_read_pooled_gold_standard_assembly	480	Otu229.0	1.0	1.0	4134217	4134217	4134217	1.0	1.0	1	1	1
marmgCAMI2_short_read_pooled_gold_standard_assembly	482	Otu89	1.0	1.0	1861292	1861292	1861292	1.0	1.0	1	1	1
marmgCAMI2_short_read_pooled_gold_standard_assembly	484	Otu1000	1.0	1.0	4884705	4884705	4884705	1.0	1.0	1	1	1
marmgCAMI2_short_read_pooled_gold_standard_assembly	486	Otu492	1.0	1.0	1641796	1641796	1641796	1.0	1.0	1	1	1
marmgCAMI2_short_read_pooled_gold_standard_assembly	487	Otu199.0	1.0	1.0	4000036	4000036	4000036	1.0	1.0	1	1	1
marmgCAMI2_short_read_pooled_gold_standard_assembly	488	Otu185.0	1.0	1.0	5373173	5373173	5373173	1.0	1.0	1	1	1
marmgCAMI2_short_read_pooled_gold_standard_assembly	490	Otu9	1.0	1.0	2562275	2562275	2562275	1.0	1.0	1	1	1
marmgCAMI2_short_read_pooled_gold_standard_assembly	491	Otu298	1.0	1.0	8180216	8180216	8180216	1.0	1.0	1	1	1
marmgCAMI2_short_read_pooled_gold_standard_assembly	492	Otu93	1.0	1.0	3251347	3251347	3251347	1.0	1.0	1	1	1
marmgCAMI2_short_read_pooled_gold_standard_assembly	2	Otu415.0	1.0	1.0	4978230	4978230	4978230	1.0	1.0	11	11	11
marmgCAMI2_short_read_pooled_gold_standard_assembly	459	Otu99.0	1.0	1.0	3296144	3296144	3296144	1.0	1.0	1	1	1
marmgCAMI2_short_read_pooled_gold_standard_assembly	467	Otu3.0	0.5357777633897599	1.0	6842113	3665852	3665852	0.5	1.0	2	1	1
marmgCAMI2_short_read_pooled_gold_standard_assembly	186	Otu79.1	1.0	1.0	4143806	4143806	4143806	1.0	1.0	1	1	1
marmgCAMI2_short_read_pooled_gold_standard_assembly	445	Otu4.0	0.5255233261786244	1.0	3666117	1926630	1926630	0.5	1.0	2	1	1
marmgCAMI2_short_read_pooled_gold_standard_assembly	446	Otu47.0	1.0	1.0	1518632	1518632	1518632	1.0	1.0	1	1	1
marmgCAMI2_short_read_pooled_gold_standard_assembly	434	Otu132	1.0	1.0	2495237	2495237	2495237	1.0	1.0	1	1	1
marmgCAMI2_short_read_pooled_gold_standard_assembly	443	Otu724	1.0	1.0	1766600	1766600	1766600	1.0	1.0	2	2	2
marmgCAMI2_short_read_pooled_gold_standard_assembly	447	Otu80.0	1.0	1.0	4684311	4684311	4684311	1.0	1.0	1	1	1
marmgCAMI2_short_read_pooled_gold_standard_assembly	441	Otu85.1	1.0	1.0	3293900	3293900	3293900	1.0	1.0	4	4	4
marmgCAMI2_short_read_pooled_gold_standard_assembly	448	Otu365.0	1.0	1.0	7215228	7215228	7215228	1.0	1.0	1	1	1
marmgCAMI2_short_read_pooled_gold_standard_assembly	440	Otu133.0	1.0	1.0	3389983	3389983	3389983	1.0	1.0	1	1	1
marmgCAMI2_short_read_pooled_gold_standard_assembly	450	Otu218	1.0	1.0	1878554	1878554	1878554	1.0	1.0	2	2	2
marmgCAMI2_short_read_pooled_gold_standard_assembly	451	Otu833	1.0	1.0	1690869	1690869	1690869	1.0	1.0	1	1	1
marmgCAMI2_short_read_pooled_gold_standard_assembly	439	Otu160	1.0	1.0	1859369	1859369	1859369	1.0	1.0	1	1	1
marmgCAMI2_short_read_pooled_gold_standard_assembly	45	Otu222.0	0.5648553949751853	1.0	11911723	6728401	6728401	0.992	1.0	125	124	124
marmgCAMI2_short_read_pooled_gold_standard_assembly	452	Otu235.0	1.0	1.0	4616522	4616522	4616522	1.0	1.0	1	1	1
marmgCAMI2_short_read_pooled_gold_standard_assembly	454	Otu583	1.0	1.0	1704075	1704075	1704075	1.0	1.0	1	1	1
marmgCAMI2_short_read_pooled_gold_standard_assembly	436	Otu331.0	1.0	1.0	3975877	3975877	3975877	1.0	1.0	1	1	1
marmgCAMI2_short_read_pooled_gold_standard_assembly	455	Otu176.0	1.0	1.0	3052367	3052367	3052367	1.0	1.0	2	2	2
marmgCAMI2_short_read_pooled_gold_standard_assembly	456	Otu179	1.0	1.0	5226895	5226895	5226895	1.0	1.0	1	1	1
marmgCAMI2_short_read_pooled_gold_standard_assembly	435	Otu105.0	1.0	1.0	3914609	3914609	3914609	1.0	1.0	1	1	1
marmgCAMI2_short_read_pooled_gold_standard_assembly	444	Otu90.0	1.0	1.0	3705011	3705011	3705011	1.0	1.0	1	1	1
marmgCAMI2_short_read_pooled_gold_standard_assembly	401	Otu323.0	1.0	0.9999576773916858	3544055	3544055	3544205	1.0	0.9615384615384616	25	25	26
marmgCAMI2_short_read_pooled_gold_standard_assembly	294	Otu1200.0	1.0	0.9998554893460158	5099233	5099233	5099970	1.0	0.9375	15	15	16
marmgCAMI2_short_read_pooled_gold_standard_assembly	39	Otu1322	1.0	0.9997647722123865	5933277	5933277	5934673	1.0	0.96875	31	31	32
marmgCAMI2_short_read_pooled_gold_standard_assembly	433	Otu499	1.0	0.9997547274594535	2221473	2221473	2222018	1.0	0.9090909090909091	10	10	11
marmgCAMI2_short_read_pooled_gold_standard_assembly	325	Otu1184	1.0	0.9994598027179205	3541236	3541236	3543150	1.0	0.9411764705882353	16	16	17
marmgCAMI2_short_read_pooled_gold_standard_assembly	49	Otu457.0	1.0	0.9993228875967378	3838711	3838711	3841312	1.0	0.9487179487179487	37	37	39
marmgCAMI2_short_read_pooled_gold_standard_assembly	470	Otu249.0	1.0	0.9989126456586531	4511556	4511556	4516467	1.0	0.5	1	1	2
marmgCAMI2_short_read_pooled_gold_standard_assembly	272	Otu404.0	1.0	0.9988701866133235	4554009	4554009	4559160	1.0	0.8571428571428571	12	12	14
marmgCAMI2_short_read_pooled_gold_standard_assembly	308	Otu1475	1.0	0.9987438677724939	2472744	2472744	2475854	1.0	0.9523809523809523	60	60	63
marmgCAMI2_short_read_pooled_gold_standard_assembly	198	Otu713	1.0	0.9985948200158807	1566989	1566989	1569194	1.0	0.9736842105263158	37	37	38
marmgCAMI2_short_read_pooled_gold_standard_assembly	485	Otu70.0	1.0	0.9985680484414919	3702916	3702916	3708226	1.0	0.6666666666666666	2	2	3
marmgCAMI2_short_read_pooled_gold_standard_assembly	61	Otu590	1.0	0.9985357835251834	3920583	3920583	3926332	1.0	0.8823529411764706	15	15	17
marmgCAMI2_short_read_pooled_gold_standard_assembly	18	Otu1544	1.0	0.9985304431811398	4198490	4198490	4204669	1.0	0.9664804469273743	173	173	179
marmgCAMI2_short_read_pooled_gold_standard_assembly	336	Otu1469.1	1.0	0.998482152422633	4054192	4054192	4060355	1.0	0.9210526315789473	35	35	38
marmgCAMI2_short_read_pooled_gold_standard_assembly	275	Otu1136.0	1.0	0.9984806606617964	3801791	3801791	3807576	1.0	0.9454545454545454	52	52	55
marmgCAMI2_short_read_pooled_gold_standard_assembly	319	Otu716.0	1.0	0.9984216138776311	3938942	3938942	3945169	1.0	0.9081632653061225	89	89	98
marmgCAMI2_short_read_pooled_gold_standard_assembly	246	Otu483	1.0	0.9984182977653504	5896953	5896953	5906295	1.0	0.9230769230769231	96	96	104
marmgCAMI2_short_read_pooled_gold_standard_assembly	305	Otu174	0.9938003111273054	0.9983251753163258	1487494	1478272	1480752	0.9629629629629629	0.9285714285714286	27	26	28
marmgCAMI2_short_read_pooled_gold_standard_assembly	326	Otu1913	1.0	0.9981553090378359	1388994	1388994	1391561	1.0	0.9411764705882353	80	80	85
marmgCAMI2_short_read_pooled_gold_standard_assembly	297	Otu1126	1.0	0.9979934258090014	2588271	2588271	2593475	1.0	0.9514563106796117	98	98	103
marmgCAMI2_short_read_pooled_gold_standard_assembly	76	Otu364	1.0	0.9973885880040962	1430727	1430727	1434473	1.0	0.921875	59	59	64
marmgCAMI2_short_read_pooled_gold_standard_assembly	4	Otu1664	1.0	0.9973641781480295	3890967	3890967	3901250	1.0	0.9339622641509434	99	99	106
marmgCAMI2_short_read_pooled_gold_standard_assembly	200	Otu1129	1.0	0.9973000497734084	5041260	5041260	5054908	1.0	0.9125	73	73	80
marmgCAMI2_short_read_pooled_gold_standard_assembly	376	Otu279	1.0	0.9971570961278279	1339175	1339175	1342993	1.0	0.875	7	7	8
marmgCAMI2_short_read_pooled_gold_standard_assembly	348	Otu648.0	1.0	0.9965581559516113	5110415	5110415	5128065	1.0	0.75	3	3	4
marmgCAMI2_short_read_pooled_gold_standard_assembly	38	Otu496.0	1.0	0.9963673753891332	3020405	3020405	3031417	1.0	0.944	118	118	125
marmgCAMI2_short_read_pooled_gold_standard_assembly	409	Otu12.0	1.0	0.9959943906713761	3644959	3644959	3659618	1.0	0.6666666666666666	2	2	3
marmgCAMI2_short_read_pooled_gold_standard_assembly	37	Otu83	1.0	0.9958074714738744	3305322	3305322	3319238	1.0	0.5	1	1	2
marmgCAMI2_short_read_pooled_gold_standard_assembly	0	Otu1334	1.0	0.9956145073846163	6370309	6370309	6398369	1.0	0.9065420560747663	97	97	107
marmgCAMI2_short_read_pooled_gold_standard_assembly	406	Otu71	1.0	0.9956111601824451	2779601	2779601	2791854	1.0	0.5	1	1	2
marmgCAMI2_short_read_pooled_gold_standard_assembly	392	Otu292.0	1.0	0.9948364741088335	4308785	4308785	4331149	1.0	0.6	3	3	5
marmgCAMI2_short_read_pooled_gold_standard_assembly	53	Otu352.0	1.0	0.9939517325978829	5156554	5156554	5187932	1.0	0.8899082568807339	97	97	109
marmgCAMI2_short_read_pooled_gold_standard_assembly	228	Otu1362.0	1.0	0.9928761927482354	1648102	1648102	1659927	1.0	0.8602150537634409	80	80	93
marmgCAMI2_short_read_pooled_gold_standard_assembly	263	Otu921.0	1.0	0.9926363160017374	4474604	4474604	4507798	1.0	0.7682926829268293	63	63	82
marmgCAMI2_short_read_pooled_gold_standard_assembly	360	Otu169.1	1.0	0.9925713194501279	2001128	2001128	2016105	1.0	0.8888888888888888	8	8	9
marmgCAMI2_short_read_pooled_gold_standard_assembly	481	Otu123.0	1.0	0.9924038663384892	3129623	3129623	3153578	1.0	0.3333333333333333	1	1	3
marmgCAMI2_short_read_pooled_gold_standard_assembly	425	Otu61.0	1.0	0.9923348426584686	4021301	4021301	4052363	1.0	0.5	1	1	2
marmgCAMI2_short_read_pooled_gold_standard_assembly	9	Otu1548.1	1.0	0.9920161194900955	4602805	4602805	4639849	1.0	0.9065040650406504	223	223	246
marmgCAMI2_short_read_pooled_gold_standard_assembly	370	Otu388	1.0	0.9912893865048784	1746299	1746299	1761644	1.0	0.3333333333333333	1	1	3
marmgCAMI2_short_read_pooled_gold_standard_assembly	88	Otu1428.0	0.5446917127819724	0.9908360774373305	8450918	4603145	4645718	0.9090909090909091	0.9090909090909091	143	130	143
marmgCAMI2_short_read_pooled_gold_standard_assembly	33	Otu1119.0	1.0	0.9905763752788633	2492307	2492307	2516017	1.0	0.9	207	207	230
marmgCAMI2_short_read_pooled_gold_standard_assembly	146	RNODE_407_length_46658_cov_49.66972	0.9967423323514122	0.9898322875954769	461680	460176	464903	0.9473684210526315	0.8571428571428571	19	18	21
marmgCAMI2_short_read_pooled_gold_standard_assembly	313	Otu37.0	1.0	0.9886853797539958	7244690	7244690	7327599	1.0	0.75	3	3	4
marmgCAMI2_short_read_pooled_gold_standard_assembly	3	Otu829.0	1.0	0.9882904460505433	3380656	3380656	3420711	1.0	0.85785536159601	344	344	401
marmgCAMI2_short_read_pooled_gold_standard_assembly	64	Otu592.0	1.0	0.9872757582518152	3898672	3898672	3948919	1.0	0.8825503355704698	263	263	298
marmgCAMI2_short_read_pooled_gold_standard_assembly	122	Otu297.0	0.9989960608259626	0.9872270865486811	5379808	5374407	5443942	0.9896551724137931	0.8618618618618619	290	287	333
marmgCAMI2_short_read_pooled_gold_standard_assembly	44	Otu46	1.0	0.9871880334372002	1719339	1719339	1741653	1.0	0.6086956521739131	42	42	69
marmgCAMI2_short_read_pooled_gold_standard_assembly	442	Otu271	1.0	0.9864569751443162	4410022	4410022	4470567	1.0	0.5	1	1	2
marmgCAMI2_short_read_pooled_gold_standard_assembly	227	Otu638.0	1.0	0.985647604220799	3592309	3592309	3644618	1.0	0.8630490956072352	334	334	387
marmgCAMI2_short_read_pooled_gold_standard_assembly	419	Otu634.0	1.0	0.9844534324796538	2857255	2857255	2902377	1.0	0.7777777777777778	7	7	9
marmgCAMI2_short_read_pooled_gold_standard_assembly	26	Otu719.0	1.0	0.9843777182184333	4317397	4317397	4385915	1.0	0.8459770114942529	368	368	435
marmgCAMI2_short_read_pooled_gold_standard_assembly	243	Otu771	1.0	0.9843643744982846	1540168	1540168	1564632	1.0	0.6666666666666666	24	24	36
marmgCAMI2_short_read_pooled_gold_standard_assembly	418	Otu13.0	1.0	0.9840533820989659	2613077	2613077	2655422	1.0	0.5	1	1	2
marmgCAMI2_short_read_pooled_gold_standard_assembly	25	Otu726	0.999249765717978	0.9817068403373921	5265022	5261072	5359107	0.9971098265895953	0.8293269230769231	346	345	416
marmgCAMI2_short_read_pooled_gold_standard_assembly	21	Otu1763.0	1.0	0.9816208979213611	5067772	5067772	5162657	1.0	0.8483547925608012	593	593	699
marmgCAMI2_short_read_pooled_gold_standard_assembly	47	Otu987	0.9996563585136959	0.9815776566033173	9160710	9157562	9329432	0.9977064220183486	0.8317399617590823	436	435	523
marmgCAMI2_short_read_pooled_gold_standard_assembly	28	Otu684	1.0	0.9815148691554745	2476469	2476469	2523109	1.0	0.8430493273542601	188	188	223
marmgCAMI2_short_read_pooled_gold_standard_assembly	92	Otu2299.0	0.99851086485435	0.9814380523531023	2863407	2859143	2913218	0.9896907216494846	0.8421052631578947	194	192	228
marmgCAMI2_short_read_pooled_gold_standard_assembly	95	Otu689.0	0.9344424914469821	0.9803129924303626	4830751	4514059	4604712	0.9953488372093023	0.84251968503937	430	428	508
marmgCAMI2_short_read_pooled_gold_standard_assembly	34	Otu605	1.0	0.9799561419433116	2780017	2780017	2836879	1.0	0.8920454545454546	157	157	176
marmgCAMI2_short_read_pooled_gold_standard_assembly	29	Otu1381	1.0	0.9780851740972534	2025275	2025275	2070653	1.0	0.8580441640378549	272	272	317
marmgCAMI2_short_read_pooled_gold_standard_assembly	48	Otu571.0	0.9981197965012072	0.9780829415393544	4633541	4624829	4728463	0.9915492957746479	0.8301886792452831	355	352	424
marmgCAMI2_short_read_pooled_gold_standard_assembly	328	Otu73	1.0	0.9778344777719357	5417468	5417468	5540271	1.0	0.8333333333333334	5	5	6
marmgCAMI2_short_read_pooled_gold_standard_assembly	6	Otu554	0.9732408415941439	0.9775734948768624	2181384	2123012	2171716	0.9295774647887324	0.868421052631579	142	132	152
marmgCAMI2_short_read_pooled_gold_standard_assembly	46	Otu1002.0	1.0	0.9771844754638123	1707710	1707710	1747582	1.0	0.8217821782178217	249	249	303
marmgCAMI2_short_read_pooled_gold_standard_assembly	79	Otu453	1.0	0.9768045531976142	2925009	2925009	2994467	1.0	0.7126436781609196	62	62	87
marmgCAMI2_short_read_pooled_gold_standard_assembly	135	Otu722	1.0	0.9767615655735025	4629464	4629464	4739605	1.0	0.8414634146341463	345	345	410
marmgCAMI2_short_read_pooled_gold_standard_assembly	110	Otu2338	1.0	0.9766056662599973	1440884	1440884	1475400	1.0	0.8097345132743363	183	183	226
marmgCAMI2_short_read_pooled_gold_standard_assembly	22	Otu783	1.0	0.9757923041132739	4796389	4796389	4915379	1.0	0.8748137108792846	587	587	671
marmgCAMI2_short_read_pooled_gold_standard_assembly	82	Otu491.0	1.0	0.9756926796484149	4002507	4002507	4102221	1.0	0.7751479289940828	131	131	169
marmgCAMI2_short_read_pooled_gold_standard_assembly	100	Otu451	0.998336001884035	0.9742895053988582	2004209	2000874	2053675	0.9943502824858758	0.8262910798122066	177	176	213
marmgCAMI2_short_read_pooled_gold_standard_assembly	5	Otu2438	1.0	0.9741457225849939	1975625	1975625	2028059	1.0	0.8085714285714286	283	283	350
marmgCAMI2_short_read_pooled_gold_standard_assembly	131	Otu445	1.0	0.9730832326023139	1983564	1983564	2038432	1.0	0.8074534161490683	130	130	161
marmgCAMI2_short_read_pooled_gold_standard_assembly	16	Otu1358	0.9958673546117631	0.9729997276285858	8723952	8687899	8928984	0.9928684627575277	0.8232588699080158	1262	1253	1522
marmgCAMI2_short_read_pooled_gold_standard_assembly	352	Otu625	1.0	0.9729560652002409	1930087	1930087	1983735	1.0	0.9090909090909091	10	10	11
marmgCAMI2_short_read_pooled_gold_standard_assembly	14	Otu391	0.997557143276748	0.9727477433263638	3030059	3022657	3107339	0.9896907216494846	0.7741935483870968	97	96	124
marmgCAMI2_short_read_pooled_gold_standard_assembly	11	Otu447.1	1.0	0.9725283068565961	3958056	3958056	4069862	1.0	0.8518518518518519	322	322	378
marmgCAMI2_short_read_pooled_gold_standard_assembly	132	Otu931	1.0	0.9720634487909088	2025301	2025301	2083507	1.0	0.7981651376146789	261	261	327
marmgCAMI2_short_read_pooled_gold_standard_assembly	36	Otu1147	1.0	0.971503581099204	4973087	4973087	5118959	1.0	0.825	198	198	240
marmgCAMI2_short_read_pooled_gold_standard_assembly	85	Otu1079.0	1.0	0.9712947381839817	4030608	4030608	4149727	1.0	0.8339483394833949	226	226	271
marmgCAMI2_short_read_pooled_gold_standard_assembly	42	Otu1656	1.0	0.9712364548876469	1702966	1702966	1753400	1.0	0.8333333333333334	255	255	306
marmgCAMI2_short_read_pooled_gold_standard_assembly	51	Otu1515	1.0	0.9700579268297665	5935378	5935378	6118581	1.0	0.8708609271523179	263	263	302
marmgCAMI2_short_read_pooled_gold_standard_assembly	93	Otu501	0.9973831380748767	0.9697619289512005	1722674	1718166	1771740	0.9927007299270073	0.768361581920904	137	136	177
marmgCAMI2_short_read_pooled_gold_standard_assembly	80	Otu1187	1.0	0.9681632725495163	6001131	6001131	6198470	1.0	0.8221797323135756	430	430	523
marmgCAMI2_short_read_pooled_gold_standard_assembly	98	Otu1399	1.0	0.967456520520692	2123123	2123123	2194541	1.0	0.8032786885245902	147	147	183
marmgCAMI2_short_read_pooled_gold_standard_assembly	123	Otu1957.0	1.0	0.9670187099950763	3142424	3142424	3249600	1.0	0.8347826086956521	96	96	115
marmgCAMI2_short_read_pooled_gold_standard_assembly	1	Otu894.0	1.0	0.9651591877908074	4156293	4156293	4306329	1.0	0.8172323759791122	313	313	383
marmgCAMI2_short_read_pooled_gold_standard_assembly	115	Otu704	1.0	0.9632286210556675	1639811	1639811	1702411	1.0	0.7937219730941704	177	177	223
marmgCAMI2_short_read_pooled_gold_standard_assembly	71	Otu794.0	1.0	0.9608966708745686	3122378	3122378	3249442	1.0	0.7711864406779662	273	273	354
marmgCAMI2_short_read_pooled_gold_standard_assembly	125	Otu511	1.0	0.9603579529600904	1676179	1676179	1745369	1.0	0.7843137254901961	120	120	153
marmgCAMI2_short_read_pooled_gold_standard_assembly	94	Otu2407.0	0.9953768196748229	0.9598851010096371	5249633	5225363	5443738	0.9900497512437811	0.7896825396825397	603	597	756
marmgCAMI2_short_read_pooled_gold_standard_assembly	40	Otu1065	0.9986498009379635	0.9584529193984158	3330620	3326123	3470304	0.987012987012987	0.8351648351648352	231	228	273
marmgCAMI2_short_read_pooled_gold_standard_assembly	7	Otu1676.0	1.0	0.956348514832577	2403738	2403738	2513454	1.0	0.7537473233404711	352	352	467
marmgCAMI2_short_read_pooled_gold_standard_assembly	87	Otu810.0	1.0	0.9553300986153551	3356794	3356794	3513753	1.0	0.7610062893081762	121	121	159
marmgCAMI2_short_read_pooled_gold_standard_assembly	19	Otu1139	1.0	0.9528540490467309	1902921	1902921	1997075	1.0	0.7634408602150538	284	284	372
marmgCAMI2_short_read_pooled_gold_standard_assembly	20	Otu1240.0	1.0	0.9503390356618859	4436271	4436271	4668093	1.0	0.7768817204301075	289	289	372
marmgCAMI2_short_read_pooled_gold_standard_assembly	252	Otu1225	1.0	0.948346728287257	4738918	4738918	4997031	1.0	0.7739463601532567	202	202	261
marmgCAMI2_short_read_pooled_gold_standard_assembly	430	Otu393.0	1.0	0.9482181657786573	4712210	4712210	4969542	1.0	0.5	1	1	2
marmgCAMI2_short_read_pooled_gold_standard_assembly	32	Otu2479	0.9996362491936451	0.9480999569577543	2875595	2874549	3031905	0.9976415094339622	0.7649186256781193	424	423	553
marmgCAMI2_short_read_pooled_gold_standard_assembly	449	Otu20	1.0	0.9468798953674422	4972197	4972197	5251138	1.0	0.5	1	1	2
marmgCAMI2_short_read_pooled_gold_standard_assembly	35	Otu489.0	1.0	0.9465304572504428	3564416	3564416	3765770	1.0	0.7627906976744186	492	492	645
marmgCAMI2_short_read_pooled_gold_standard_assembly	84	Otu1093	0.9976203911999085	0.9464177715916128	2622700	2616459	2764592	0.9854651162790697	0.7902097902097902	344	339	429
marmgCAMI2_short_read_pooled_gold_standard_assembly	108	Otu889.0	0.9967348967112045	0.9463264118828519	3030532	3020637	3191961	0.9958847736625515	0.7527216174183515	486	484	643
marmgCAMI2_short_read_pooled_gold_standard_assembly	52	Otu2189	0.9988732539943898	0.9462180798286774	1664084	1662209	1756687	0.9956521739130435	0.7736486486486487	230	229	296
marmgCAMI2_short_read_pooled_gold_standard_assembly	54	Otu1191	1.0	0.9460425967612006	3392820	3392820	3586329	1.0	0.7847222222222222	113	113	144
marmgCAMI2_short_read_pooled_gold_standard_assembly	416	Otu454.0	1.0	0.9426599245557629	4684047	4684047	4968968	1.0	0.6	6	6	10
marmgCAMI2_short_read_pooled_gold_standard_assembly	81	Otu570.0	1.0	0.9421126446772998	4127192	4127192	4380784	1.0	0.7460545193687231	520	520	697
marmgCAMI2_short_read_pooled_gold_standard_assembly	56	Otu1267.0	0.999102924482855	0.9396560351150308	3599474	3596245	3827193	0.9983079526226735	0.7283950617283951	591	590	810
marmgCAMI2_short_read_pooled_gold_standard_assembly	216	Otu924	1.0	0.9388903840414319	4353830	4353830	4637208	1.0	0.5675675675675675	84	84	148
marmgCAMI2_short_read_pooled_gold_standard_assembly	68	Otu520.0	1.0	0.9369967995294531	3689468	3689468	3937546	1.0	0.7090620031796503	446	446	629
marmgCAMI2_short_read_pooled_gold_standard_assembly	90	Otu318.0	0.9985948871205562	0.9367303375515457	5059380	5052271	5393517	0.2	0.3333333333333333	5	1	3
marmgCAMI2_short_read_pooled_gold_standard_assembly	138	Otu954	1.0	0.9347763824988139	1729828	1729828	1850526	1.0	0.708984375	363	363	512
marmgCAMI2_short_read_pooled_gold_standard_assembly	137	Otu1420.0	0.34006537363896006	0.9339038836840281	14454756	4915562	5263456	0.9439906651108518	0.7178349600709849	857	809	1127
marmgCAMI2_short_read_pooled_gold_standard_assembly	118	Otu2016.0	1.0	0.9330783640796257	3172849	3172849	3400410	1.0	0.7703412073490814	587	587	762
marmgCAMI2_short_read_pooled_gold_standard_assembly	139	Otu683.0	1.0	0.9329649097450955	5151237	5151237	5521362	1.0	0.896551724137931	26	26	29
marmgCAMI2_short_read_pooled_gold_standard_assembly	74	Otu1168.0	0.9965210922657182	0.9329132844953008	3288101	3276662	3512290	0.9914285714285714	0.7191709844559585	700	694	965
marmgCAMI2_short_read_pooled_gold_standard_assembly	126	Otu2468.0	0.9942813114920495	0.9308599783683666	4334910	4310120	4630256	0.9849435382685069	0.7350187265917603	797	785	1068
marmgCAMI2_short_read_pooled_gold_standard_assembly	291	Otu2128	1.0	0.9304605995820486	1603339	1603339	1723167	1.0	0.7365269461077845	246	246	334
marmgCAMI2_short_read_pooled_gold_standard_assembly	128	Otu254	1.0	0.9288073037906589	5419690	5419690	5835107	1.0	0.5688311688311688	219	219	385
marmgCAMI2_short_read_pooled_gold_standard_assembly	339	Otu265.0	1.0	0.9283096774193549	4100808	4100808	4417500	1.0	0.75	6	6	8
marmgCAMI2_short_read_pooled_gold_standard_assembly	17	Otu945	0.9986914740371416	0.9271292530261331	2477597	2474355	2668835	0.9983792544570502	0.7056128293241696	617	616	873
marmgCAMI2_short_read_pooled_gold_standard_assembly	62	Otu677	0.9982300500580934	0.9266492743057284	4512557	4504570	4861138	0.996042216358839	0.7069288389513109	758	755	1068
marmgCAMI2_short_read_pooled_gold_standard_assembly	30	Otu22	1.0	0.9230226541855053	3323164	3323164	3600306	1.0	0.4	34	34	85
marmgCAMI2_short_read_pooled_gold_standard_assembly	97	Otu1723	0.9987300416378467	0.9228348095014189	2478034	2474887	2681831	0.9959919839679359	0.6912378303198887	499	497	719
marmgCAMI2_short_read_pooled_gold_standard_assembly	55	Otu1446.0	1.0	0.9217410047321	5602010	5602010	6077640	1.0	0.663172606568833	949	949	1431
marmgCAMI2_short_read_pooled_gold_standard_assembly	57	Otu909	0.9985924132906381	0.9210451914819996	2622929	2619237	2843766	0.99800796812749	0.6788617886178862	502	501	738
marmgCAMI2_short_read_pooled_gold_standard_assembly	41	Otu1462.0	1.0	0.9204982805003104	2974824	2974824	3231754	1.0	0.6845771144278607	688	688	1005
marmgCAMI2_short_read_pooled_gold_standard_assembly	332	Otu172.0	1.0	0.9204305310138017	4178646	4178646	4539882	1.0	0.5	4	4	8
marmgCAMI2_short_read_pooled_gold_standard_assembly	86	Otu805	1.0	0.9198870645741983	5456013	5456013	5931177	1.0	0.6919889502762431	1002	1002	1448
marmgCAMI2_short_read_pooled_gold_standard_assembly	73	Otu594	0.9995690881189249	0.9193349290691263	2348508	2347496	2553472	0.997867803837953	0.6953937592867756	469	468	673
marmgCAMI2_short_read_pooled_gold_standard_assembly	13	Otu2403	0.9987936352243728	0.9186139022306038	1623058	1621100	1764724	0.9975609756097561	0.6607431340872375	410	409	619
marmgCAMI2_short_read_pooled_gold_standard_assembly	101	Otu856.0	0.9957613768264099	0.9184929732711457	2802561	2790682	3038327	0.995575221238938	0.6887755102040817	678	675	980
marmgCAMI2_short_read_pooled_gold_standard_assembly	309	Otu150.0	1.0	0.9181213862438755	3038116	3038116	3309057	1.0	0.5858585858585859	58	58	99
marmgCAMI2_short_read_pooled_gold_standard_assembly	83	Otu2117	0.9975194679784598	0.9150282397407379	3585118	3576225	3908322	0.996328029375765	0.7084421235857267	817	814	1149
marmgCAMI2_short_read_pooled_gold_standard_assembly	165	Otu1332.0	1.0	0.9125140887432855	3278122	3278122	3592407	1.0	0.6611570247933884	480	480	726
marmgCAMI2_short_read_pooled_gold_standard_assembly	60	Otu806.0	0.9985100023903826	0.9104139401746746	4446987	4440361	4877299	0.996031746031746	0.6788370520622042	1008	1004	1479
marmgCAMI2_short_read_pooled_gold_standard_assembly	121	Otu413	0.5027849001996576	0.9094106305453898	8606233	4327084	4758119	0.9948717948717949	0.7238805970149254	195	194	268
marmgCAMI2_short_read_pooled_gold_standard_assembly	104	Otu631.0	0.994026045481192	0.9055278090512122	3831298	3808410	4205735	0.983789260385005	0.6499330655957162	987	971	1494
marmgCAMI2_short_read_pooled_gold_standard_assembly	136	Otu2044	0.9967051515341657	0.9016308207005417	1593700	1588449	1761751	0.9938080495356038	0.6903225806451613	323	321	465
marmgCAMI2_short_read_pooled_gold_standard_assembly	102	Otu1607	0.9996172076930852	0.8991147530758316	5768141	5765933	6412900	0.9989517819706499	0.6613462873004857	954	953	1441
marmgCAMI2_short_read_pooled_gold_standard_assembly	65	Otu1123	1.0	0.8988314075361202	4386504	4386504	4880230	1.0	0.7083906464924347	515	515	727
marmgCAMI2_short_read_pooled_gold_standard_assembly	130	Otu1004	0.9952643917788592	0.8987957308070974	1024578	1019726	1134547	0.9883268482490273	0.6666666666666666	257	254	381
marmgCAMI2_short_read_pooled_gold_standard_assembly	8	Otu1016.0	0.9933070626857661	0.8980642304585391	3405829	3383034	3767029	0.9916974169741697	0.630868544600939	1084	1075	1704
marmgCAMI2_short_read_pooled_gold_standard_assembly	105	Otu618.0	1.0	0.893796688919708	4482966	4482966	5015644	1.0	0.6236494597839136	1039	1039	1666
marmgCAMI2_short_read_pooled_gold_standard_assembly	296	Otu2156	0.9968305208697171	0.8929041735590469	1465856	1461210	1636469	0.9915966386554622	0.6098191214470284	238	236	387
marmgCAMI2_short_read_pooled_gold_standard_assembly	103	Otu1287	0.9986564506480279	0.8920749446641932	4282686	4276932	4794364	0.9968051118210862	0.6137704918032787	939	936	1525
marmgCAMI2_short_read_pooled_gold_standard_assembly	69	Otu1279	1.0	0.8920026737662687	7032558	7032558	7884010	1.0	0.7122571001494769	953	953	1338
marmgCAMI2_short_read_pooled_gold_standard_assembly	233	Otu1427	1.0	0.89143977760089	2528749	2528749	2836702	1.0	0.6170212765957447	203	203	329
marmgCAMI2_short_read_pooled_gold_standard_assembly	23	Otu687	0.9943133616803861	0.8898336890374844	1354403	1346701	1513430	0.9885844748858448	0.6248196248196248	438	433	693
marmgCAMI2_short_read_pooled_gold_standard_assembly	63	Otu340	1.0	0.8876944470632601	1506524	1506524	1697120	1.0	0.6206896551724138	396	396	638
marmgCAMI2_short_read_pooled_gold_standard_assembly	107	Otu1133	0.9944927966058329	0.880154436523305	4592349	4567058	5188928	0.9954579863739591	0.5947535052012664	1321	1315	2211
marmgCAMI2_short_read_pooled_gold_standard_assembly	267	Otu1541	0.997146314234175	0.8798593249864888	3333934	3324420	3778354	0.9982758620689656	0.6139978791092259	580	579	943
marmgCAMI2_short_read_pooled_gold_standard_assembly	58	Otu1221	0.9986622534010872	0.8661479763773219	2208191	2205237	2546028	0.9978308026030369	0.6814814814814815	461	460	675
marmgCAMI2_short_read_pooled_gold_standard_assembly	127	Otu1257	0.9933270030010556	0.8628897200956216	2677058	2659194	3081731	0.9777070063694268	0.6389177939646202	628	614	961
marmgCAMI2_short_read_pooled_gold_standard_assembly	77	Otu881.0	0.9955168446445827	0.8592624195416158	1302877	1297036	1509476	0.9932432432432432	0.586436170212766	444	441	752
marmgCAMI2_short_read_pooled_gold_standard_assembly	67	Otu799.0	0.9916339722339513	0.8573820136388186	2811131	2787613	3251308	0.9830677290836654	0.5617529880478087	1004	987	1757
marmgCAMI2_short_read_pooled_gold_standard_assembly	144	Otu1108.1	1.0	0.8565795640646775	1102047	1102047	1286567	1.0	0.5625	207	207	368
marmgCAMI2_short_read_pooled_gold_standard_assembly	111	Otu2073	0.9973894786679918	0.8532117455299812	1385547	1381930	1619680	0.9935344827586207	0.5769712140175219	464	461	799
marmgCAMI2_short_read_pooled_gold_standard_assembly	176	Otu960.0	0.994010768234744	0.8404127366255436	3569573	3548194	4221966	0.987485779294653	0.5560538116591929	879	868	1561
marmgCAMI2_short_read_pooled_gold_standard_assembly	120	Otu1398	0.9992523898386226	0.8293541262476475	1372373	1371347	1653512	0.9978354978354979	0.5455621301775148	462	461	845
marmgCAMI2_short_read_pooled_gold_standard_assembly	204	Otu895.0	0.9979185980328144	0.8281257059340003	2626595	2621128	3165133	0.995768688293371	0.5237388724035609	709	706	1348
marmgCAMI2_short_read_pooled_gold_standard_assembly	143	Otu1853	1.0	0.8204427090599348	2058348	2058348	2508826	1.0	0.5526046986721144	541	541	979
marmgCAMI2_short_read_pooled_gold_standard_assembly	140	Otu2433.0	0.9996012137928478	0.8160019650615276	3452978	3451601	4229893	0.9990958408679927	0.5170800187178287	1106	1105	2137
marmgCAMI2_short_read_pooled_gold_standard_assembly	182	Otu1316	1.0	0.8071783662170882	1590076	1590076	1969919	1.0	0.5148305084745762	243	243	472
marmgCAMI2_short_read_pooled_gold_standard_assembly	24	Otu1445	0.9846058778816585	0.8051198795168152	2742995	2700769	3354493	0.9741019214703425	0.4940677966101695	1197	1166	2360
marmgCAMI2_short_read_pooled_gold_standard_assembly	109	Otu1227	0.9930442215937548	0.7992523997857764	2655490	2637019	3299357	0.9909456740442656	0.5116883116883116	994	985	1925
marmgCAMI2_short_read_pooled_gold_standard_assembly	50	Otu1525.0	0.9966653490613278	0.7932786726173149	2674043	2665126	3359634	0.9935779816513761	0.4979310344827586	1090	1083	2175
marmgCAMI2_short_read_pooled_gold_standard_assembly	134	Otu1580	0.9976267311014841	0.7782618866600386	1440629	1437210	1846692	0.9944237918215614	0.4815481548154815	538	535	1111
marmgCAMI2_short_read_pooled_gold_standard_assembly	12	Otu927	0.9965239788779217	0.7386010810574033	4128571	4114220	5570287	0.9938524590163934	0.4181935762017676	1952	1940	4639
marmgCAMI2_short_read_pooled_gold_standard_assembly	148	Otu136	1.0	0.7369288385982196	3126708	3126708	4242890	1.0	0.45555555555555555	123	123	270
marmgCAMI2_short_read_pooled_gold_standard_assembly	142	Otu2066	1.0	0.7254330845085202	1486387	1486387	2048965	1.0	0.4194961664841183	383	383	913
marmgCAMI2_short_read_pooled_gold_standard_assembly	70	Otu1929	0.9963435519392476	0.7047357155534267	1323142	1318304	1870636	0.9941605839416059	0.40319715808170514	685	681	1689
marmgCAMI2_short_read_pooled_gold_standard_assembly	99	Otu837.0	0.9857434736090186	0.6901250321299357	3205830	3160126	4579063	0.9761136216914138	0.3979994735456699	1549	1512	3799
marmgCAMI2_short_read_pooled_gold_standard_assembly	133	Otu985.0	0.9793815879429801	0.6842364859054554	1568016	1535686	2244379	0.9779951100244498	0.3780718336483932	818	800	2116
marmgCAMI2_short_read_pooled_gold_standard_assembly	250	Otu2107	0.9825649852673918	0.6651892520636921	1925321	1891753	2843932	0.974304068522484	0.3694681282988226	934	910	2463
marmgCAMI2_short_read_pooled_gold_standard_assembly	153	Otu1834.0	0.9920992983201341	0.6502174141011141	2443707	2424400	3728599	0.9841897233201581	0.3675276752767528	506	498	1355
marmgCAMI2_short_read_pooled_gold_standard_assembly	113	Otu2352	0.993788166600798	0.5930031760521861	941268	935421	1577430	0.9923076923076923	0.296551724137931	520	516	1740
marmgCAMI2_short_read_pooled_gold_standard_assembly	209	Otu972	1.0	0.5928037740150219	1659090	1659090	2798717	1.0	0.3024096385542169	251	251	830
marmgCAMI2_short_read_pooled_gold_standard_assembly	180	Otu971.0	0.9739408601863327	0.5788700791222041	2995072	2917023	5039167	0.9730722154222766	0.29482662710921564	1634	1590	5393
marmgCAMI2_short_read_pooled_gold_standard_assembly	10	Otu1193	0.9808790304987676	0.5754023414573873	797606	782355	1359666	0.9804347826086957	0.28490208464939987	460	451	1583
marmgCAMI2_short_read_pooled_gold_standard_assembly	166	Otu2482.0	1.0	0.5524695220460087	1562807	1562807	2828766	1.0	0.28530588907947396	499	499	1749
marmgCAMI2_short_read_pooled_gold_standard_assembly	345	Otu1832	0.9931667888558563	0.49968102426925	817039	811456	1623948	0.9951690821256038	0.2787550744248985	414	412	1478
marmgCAMI2_short_read_pooled_gold_standard_assembly	168	Otu953.0	1.0	0.4682099785602983	1764984	1764984	3769642	1.0	0.20510948905109488	281	281	1370
marmgCAMI2_short_read_pooled_gold_standard_assembly	225	Otu1153	1.0	0.46617866177452844	616980	616980	1323484	1.0	0.2024793388429752	98	98	484
marmgCAMI2_short_read_pooled_gold_standard_assembly	219	Otu1719	1.0	0.4528304422866662	1078072	1078072	2380741	1.0	0.2023047375160051	158	158	781
marmgCAMI2_short_read_pooled_gold_standard_assembly	215	Otu1236	1.0	0.4438315530361536	729873	729873	1644482	1.0	0.20153340635268346	184	184	913
marmgCAMI2_short_read_pooled_gold_standard_assembly	145	Otu1784	0.9945448130859228	0.4430244747939237	490359	487684	1100806	0.993421052631579	0.19521654815772463	304	302	1547
marmgCAMI2_short_read_pooled_gold_standard_assembly	183	Otu1918	1.0	0.42351218738447194	1009263	1009263	2383079	1.0	0.19623655913978494	219	219	1116
marmgCAMI2_short_read_pooled_gold_standard_assembly	172	Otu839	1.0	0.41104652047250684	1729276	1729276	4207008	1.0	0.19404572036150983	365	365	1881
marmgCAMI2_short_read_pooled_gold_standard_assembly	147	Otu1468.0	1.0	0.3650499074571943	1467808	1467808	4020842	1.0	0.15558292282430214	379	379	2436
marmgCAMI2_short_read_pooled_gold_standard_assembly	220	Otu797	1.0	0.36472838607049685	1166366	1166366	3197903	1.0	0.19545454545454546	258	258	1320
marmgCAMI2_short_read_pooled_gold_standard_assembly	171	Otu472.1	1.0	0.3638145065030352	1692850	1692850	4653058	1.0	0.1650485436893204	459	459	2781
marmgCAMI2_short_read_pooled_gold_standard_assembly	251	Otu936	1.0	0.35034709985623746	626305	626305	1787670	1.0	0.16488222698072805	154	154	934
marmgCAMI2_short_read_pooled_gold_standard_assembly	226	Otu965	1.0	0.34760230316156976	1442471	1442471	4149774	1.0	0.12681159420289856	140	140	1104
marmgCAMI2_short_read_pooled_gold_standard_assembly	258	Otu1224	0.9949481781762418	0.32466000292732905	1070109	1064703	3279440	0.9943582510578279	0.14248181083265965	709	705	4948
marmgCAMI2_short_read_pooled_gold_standard_assembly	167	Otu1569	1.0	0.31475940028511795	813620	813620	2584895	1.0	0.12159002338269681	156	156	1283
marmgCAMI2_short_read_pooled_gold_standard_assembly	152	Otu750	1.0	0.3124989782628834	573470	573470	1835110	1.0	0.12469237079573421	152	152	1219
marmgCAMI2_short_read_pooled_gold_standard_assembly	160	Otu751.0	1.0	0.30665196560368574	1116939	1116939	3642367	1.0	0.11944803794739112	277	277	2319
marmgCAMI2_short_read_pooled_gold_standard_assembly	158	Otu1546	1.0	0.304144902486134	1039591	1039591	3418078	1.0	0.11827956989247312	297	297	2511
marmgCAMI2_short_read_pooled_gold_standard_assembly	192	Otu1786	1.0	0.2863793897097038	964311	964311	3367250	1.0	0.10380622837370242	180	180	1734
marmgCAMI2_short_read_pooled_gold_standard_assembly	278	Otu812	1.0	0.2843307502606057	1121587	1121587	3944656	1.0	0.11368511368511368	265	265	2331
marmgCAMI2_short_read_pooled_gold_standard_assembly	277	Otu767	1.0	0.26718898089304444	449651	449651	1682895	1.0	0.10848126232741617	55	55	507
marmgCAMI2_short_read_pooled_gold_standard_assembly	237	Otu643.0	1.0	0.2597844943341347	805805	805805	3101821	1.0	0.106828655215752	255	255	2387
marmgCAMI2_short_read_pooled_gold_standard_assembly	164	Otu1632	1.0	0.25682897381562814	602849	602849	2347278	1.0	0.09337175792507205	162	162	1735
marmgCAMI2_short_read_pooled_gold_standard_assembly	179	Otu1505.0	1.0	0.25672424871890204	1524597	1524597	5938656	1.0	0.10396570203644159	388	388	3732
marmgCAMI2_short_read_pooled_gold_standard_assembly	276	Otu1237.0	1.0	0.2463095195870346	826381	826381	3355051	1.0	0.09783803591058995	267	267	2729
marmgCAMI2_short_read_pooled_gold_standard_assembly	195	Otu1548.0	1.0	0.24607118446700252	777644	777644	3160240	1.0	0.08770917484131564	152	152	1733
marmgCAMI2_short_read_pooled_gold_standard_assembly	248	Otu717	1.0	0.2313235093958416	370503	370503	1601666	1.0	0.08716875871687588	125	125	1434
marmgCAMI2_short_read_pooled_gold_standard_assembly	189	Otu1082	1.0	0.23079314193946732	379402	379402	1643905	1.0	0.09410729991204925	107	107	1137
marmgCAMI2_short_read_pooled_gold_standard_assembly	194	Otu2174	0.9957921630239936	0.22529051719067353	623123	620501	2754226	0.9933333333333333	0.09959893048128342	150	149	1496
marmgCAMI2_short_read_pooled_gold_standard_assembly	184	Otu532	1.0	0.20902438425197523	978463	978463	4681095	1.0	0.07392996108949416	190	190	2570
marmgCAMI2_short_read_pooled_gold_standard_assembly	161	Otu169.0	1.0	0.20686740561518382	989748	989748	4784456	1.0	0.06715063520871144	111	111	1653
marmgCAMI2_short_read_pooled_gold_standard_assembly	282	Otu2268	1.0	0.2014449778443128	839669	839669	4168230	1.0	0.07777777777777778	154	154	1980
marmgCAMI2_short_read_pooled_gold_standard_assembly	191	Otu941	1.0	0.19637854449210948	1012277	1012277	5154723	1.0	0.06535411539513263	239	239	3657
marmgCAMI2_short_read_pooled_gold_standard_assembly	206	Otu1545	1.0	0.19019370452069484	577166	577166	3034622	1.0	0.0693523712391637	136	136	1961
marmgCAMI2_short_read_pooled_gold_standard_assembly	181	Otu1787	0.986103506381606	0.18845066903739083	235599	232325	1232816	0.9883720930232558	0.06789137380191693	172	170	2504
marmgCAMI2_short_read_pooled_gold_standard_assembly	224	Otu1038	1.0	0.18622267583991714	397026	397026	2131996	1.0	0.06942752740560293	171	171	2463
marmgCAMI2_short_read_pooled_gold_standard_assembly	293	Otu2448	1.0	0.1848096696375884	277481	277481	1501442	1.0	0.06607440310938367	119	119	1801
marmgCAMI2_short_read_pooled_gold_standard_assembly	188	Otu639	1.0	0.17225179025926404	383325	383325	2225376	1.0	0.07256235827664399	192	192	2646
marmgCAMI2_short_read_pooled_gold_standard_assembly	208	Otu205.0	1.0	0.1682242178067332	1141529	1141529	6785759	1.0	0.05816085931359707	222	222	3817
marmgCAMI2_short_read_pooled_gold_standard_assembly	196	Otu1483.1	1.0	0.1671920057709316	943309	943309	5642070	1.0	0.059619815668202764	207	207	3472
marmgCAMI2_short_read_pooled_gold_standard_assembly	249	Otu1958.0	0.9947739732938684	0.16608206920127164	237848	236605	1424627	0.9942528735632183	0.058386770165372935	174	173	2963
marmgCAMI2_short_read_pooled_gold_standard_assembly	210	Otu612.0	1.0	0.16325290865977343	601171	601171	3682452	1.0	0.06606606606606606	88	88	1332
marmgCAMI2_short_read_pooled_gold_standard_assembly	288	Otu2027	1.0	0.16179156621884397	493479	493479	3050091	1.0	0.05779010633379565	125	125	2163
marmgCAMI2_short_read_pooled_gold_standard_assembly	157	Otu2233.0	1.0	0.1534984721781917	460951	460951	3002968	1.0	0.06464196154917805	232	232	3589
marmgCAMI2_short_read_pooled_gold_standard_assembly	265	Otu974	1.0	0.151680613841357	286874	286874	1891303	1.0	0.06666666666666667	43	43	645
marmgCAMI2_short_read_pooled_gold_standard_assembly	223	Otu1389.0	1.0	0.15015792616176252	1004199	1004199	6687619	1.0	0.05245683930942895	158	158	3012
marmgCAMI2_short_read_pooled_gold_standard_assembly	264	Otu1665	1.0	0.14446022473609738	275041	275041	1903922	1.0	0.05500705218617771	117	117	2127
marmgCAMI2_short_read_pooled_gold_standard_assembly	306	Otu1577	0.9428883459110159	0.14009378444383627	397397	374701	2674644	0.9501661129568106	0.047398077560490554	301	286	6034
marmgCAMI2_short_read_pooled_gold_standard_assembly	173	Otu612.0	1.0	0.1321518922717798	486643	486643	3682452	1.0	0.05405405405405406	72	72	1332
marmgCAMI2_short_read_pooled_gold_standard_assembly	270	Otu770	1.0	0.13030969557994548	339883	339883	2608271	1.0	0.0503562945368171	106	106	2105
marmgCAMI2_short_read_pooled_gold_standard_assembly	280	Otu664.0	1.0	0.12701926657063828	508985	508985	4007148	1.0	0.04736627194773377	116	116	2449
marmgCAMI2_short_read_pooled_gold_standard_assembly	199	Otu2297	1.0	0.12592208539579602	278331	278331	2210343	1.0	0.03661875427789185	107	107	2922
marmgCAMI2_short_read_pooled_gold_standard_assembly	271	Otu2206	1.0	0.12338324791207395	566738	566738	4593314	1.0	0.04491899852724595	122	122	2716
marmgCAMI2_short_read_pooled_gold_standard_assembly	201	Otu2115	1.0	0.10927800734581893	338791	338791	3100267	1.0	0.033871808233454925	65	65	1919
marmgCAMI2_short_read_pooled_gold_standard_assembly	290	Otu2389	0.9946518672251468	0.10535032674736194	238027	236754	2247302	0.9947089947089947	0.0352389878163074	189	188	5335
marmgCAMI2_short_read_pooled_gold_standard_assembly	257	Otu2099	1.0	0.10083579023453103	265062	265062	2628650	1.0	0.03831807392336385	113	113	2949
marmgCAMI2_short_read_pooled_gold_standard_assembly	281	Otu2121	1.0	0.10000117312333046	289828	289828	2898246	1.0	0.03503709810387469	85	85	2426
marmgCAMI2_short_read_pooled_gold_standard_assembly	284	Otu498	1.0	0.09572913734856418	216999	216999	2266802	1.0	0.04151838671411625	105	105	2529
marmgCAMI2_short_read_pooled_gold_standard_assembly	169	Otu2052	1.0	0.09165549842016735	465462	465462	5078386	1.0	0.0336094674556213	142	142	4225
marmgCAMI2_short_read_pooled_gold_standard_assembly	213	Otu1015	1.0	0.08473159443203081	212658	212658	2509784	1.0	0.03058103975535168	80	80	2616
marmgCAMI2_short_read_pooled_gold_standard_assembly	417	Otu384.0	1.0	0.08216907234790341	340777	340777	4147266	1.0	0.4	2	2	5
marmgCAMI2_short_read_pooled_gold_standard_assembly	211	Otu1545	1.0	0.08143419509909307	247122	247122	3034622	1.0	0.03773584905660377	74	74	1961
marmgCAMI2_short_read_pooled_gold_standard_assembly	407	Otu172.0	1.0	0.07956946898619832	361236	361236	4539882	1.0	0.5	4	4	8
marmgCAMI2_short_read_pooled_gold_standard_assembly	476	Otu683.0	1.0	0.06703509025490449	370125	370125	5521362	1.0	0.10344827586206896	3	3	29
marmgCAMI2_short_read_pooled_gold_standard_assembly	461	Otu318.0	1.0	0.06326966244845432	341246	341246	5393517	1.0	0.6666666666666666	2	2	3
marmgCAMI2_short_read_pooled_gold_standard_assembly	320	Otu2206	1.0	0.05964996079083642	273991	273991	4593314	1.0	0.021354933726067747	58	58	2716
marmgCAMI2_short_read_pooled_gold_standard_assembly	458	Otu454.0	1.0	0.05734007544423712	284921	284921	4968968	1.0	0.4	4	4	10
marmgCAMI2_short_read_pooled_gold_standard_assembly	335	Otu20	1.0	0.053120104632557744	278941	278941	5251138	1.0	0.5	1	1	2
marmgCAMI2_short_read_pooled_gold_standard_assembly	402	Otu393.0	1.0	0.051781834221342735	257332	257332	4969542	1.0	0.5	1	1	2
marmgCAMI2_short_read_pooled_gold_standard_assembly	377	Otu136	1.0	0.050399138323171236	213838	213838	4242890	1.0	0.022222222222222223	6	6	270
marmgCAMI2_short_read_pooled_gold_standard_assembly	205	Otu2439	1.0	0.050348892210179456	294531	294531	5849801	1.0	0.01762114537444934	212	212	12031
marmgCAMI2_short_read_pooled_gold_standard_assembly	155	Otu865	1.0	0.04789522597607209	254021	254021	5303681	1.0	0.01758923952405587	102	102	5799
marmgCAMI2_short_read_pooled_gold_standard_assembly	285	Otu532	1.0	0.04637910574342114	217105	217105	4681095	1.0	0.017509727626459144	45	45	2570
marmgCAMI2_short_read_pooled_gold_standard_assembly	203	Otu1389.0	1.0	0.042454123059342944	283917	283917	6687619	1.0	0.013280212483399735	40	40	3012
marmgCAMI2_short_read_pooled_gold_standard_assembly	269	Otu2052	1.0	0.039944580817606226	202854	202854	5078386	1.0	0.01349112426035503	57	57	4225
marmgCAMI2_short_read_pooled_gold_standard_assembly	314	Otu136	1.0	0.02037644152924068	86455	86455	4242890	1.0	0.025925925925925925	7	7	270
marmgCAMI2_short_read_pooled_gold_standard_assembly	268	Otu608	1.0	0.01537364599679782	24149	24149	1570805	1.0	0.0031446540880503146	7	7	2226
marmgCAMI2_short_read_pooled_gold_standard_assembly	124	Otu205.0	1.0	0.01357018426383843	92084	92084	6785759	1.0	0.006025674613570867	23	23	3817
marmgCAMI2_short_read_pooled_gold_standard_assembly	141	Otu413	0.8242942711422132	0.011684659421086359	67448	55597	4758119	0.35714285714285715	0.018656716417910446	14	5	268
marmgCAMI2_short_read_pooled_gold_standard_assembly	217	Otu1147	1.0	0.00565954913879951	28971	28971	5118959	1.0	0.004166666666666667	1	1	240
marmgCAMI2_short_read_pooled_gold_standard_assembly	232	Otu136	1.0	0.005593357357838643	23732	23732	4242890	1.0	0.007407407407407408	2	2	270
marmgCAMI2_short_read_pooled_gold_standard_assembly	256	Otu136	1.0	0.0022555380884255777	9570	9570	4242890	1.0	0.003703703703703704	1	1	270
marmgCAMI2_short_read_pooled_gold_standard_assembly	375	Otu1631	1.0	0.0021298960127519497	9785	9785	4594121	1.0	0.00043072505384063173	3	3	6965
marmgCAMI2_short_read_pooled_gold_standard_assembly	222	Otu1631	1.0	0.0005938023835245089	2728	2728	4594121	1.0	0.00014357501794687725	1	1	6965
marmgCAMI2_short_read_pooled_gold_standard_assembly	259	Otu1255	1.0	0.0005687320557168586	1265	1265	2224246	1.0	0.00020032051282051281	1	1	4992
marmgCAMI2_short_read_pooled_gold_standard_assembly	75	Otu1186	1.0	0.0003063609308683804	1333	1333	4351077	1.0	0.00015748031496062991	1	1	6350
