Method	num_5010	num_7010	num_9010	num_505	num_605	num_705	num_805	num_905
concoct_bins_checkm2_quality_report.tsv	7	5	2	6	5	5	4	2
maxbin2_bins_checkm2_quality_report.tsv	5	5	3	2	2	2	2	2
metabat2_bins_checkm2_quality_report.tsv	7	5	1	6	6	4	4	1
VAMB/S9_checkm2_output/quality_report.tsv	4	3	1	4	3	3	2	1
CLMB/S9_checkm2_output/quality_report.tsv	3	2	1	3	2	2	2	1
metadecoder/samfiles_checkm2_output/quality_report.tsv	7	4	1	6	4	4	3	1
semibin_Easy_coassemly_mode_v1.0.0_default/output_recluster_bins_checkm2_output/quality_report.tsv	6	4	2	6	4	4	3	2
semibin2_Easy_coassemly_mode/output_bins_checkm2_output/quality_report.tsv	5	4	2	5	4	4	4	2
COMEBin_nocovloss_tau0.15_nepoch200_earlystop_addvars_nedge75_vars_sqrt_NokmerMetric/filter200000/*filtersmallbins_200000.tsv_bins_checkm2_output/quality_report.tsv	7	6	2	6	5	5	5	1
