BINID	Tool	genome_id	length_gs	precision_bp	precision_seq	rank	recall_bp	recall_seq	seq_counts_gs	seq_length_mean	total_length	total_seq_counts	tp_length	tp_seq_counts	sample_id
SP108_S87	Gold standard	SP108_S87	1934373	1.0	1.0	NA	1.0	1.0	517	3741.533849129594	1934373	517	1934373	517	strmgCAMI2_short_read_pooled_gold_standard_assembly
MIKI-NS03	Gold standard	MIKI-NS03	4487888	1.0	1.0	NA	1.0	1.0	151	29721.112582781458	4487888	151	4487888	151	strmgCAMI2_short_read_pooled_gold_standard_assembly
spades_And8457_S3_L001	Gold standard	spades_And8457_S3_L001	4927240	1.0	1.0	NA	1.0	1.0	82	60088.29268292683	4927240	82	4927240	82	strmgCAMI2_short_read_pooled_gold_standard_assembly
MIKI-NS08	Gold standard	MIKI-NS08	2548574	1.0	1.0	NA	1.0	1.0	10	254857.4	2548574	10	2548574	10	strmgCAMI2_short_read_pooled_gold_standard_assembly
MIKI-NS20	Gold standard	MIKI-NS20	5362682	1.0	1.0	NA	1.0	1.0	208	25782.125	5362682	208	5362682	208	strmgCAMI2_short_read_pooled_gold_standard_assembly
MIKI-NS06	Gold standard	MIKI-NS06	1964616	1.0	1.0	NA	1.0	1.0	31	63374.709677419356	1964616	31	1964616	31	strmgCAMI2_short_read_pooled_gold_standard_assembly
MIKI-NS12	Gold standard	MIKI-NS12	2251851	1.0	1.0	NA	1.0	1.0	72	31275.708333333332	2251851	72	2251851	72	strmgCAMI2_short_read_pooled_gold_standard_assembly
MIKI-NS10	Gold standard	MIKI-NS10	2092134	1.0	1.0	NA	1.0	1.0	100	20921.34	2092134	100	2092134	100	strmgCAMI2_short_read_pooled_gold_standard_assembly
MIKI-NS02	Gold standard	MIKI-NS02	2999760	1.0	1.0	NA	1.0	1.0	43	69761.86046511628	2999760	43	2999760	43	strmgCAMI2_short_read_pooled_gold_standard_assembly
MIKI-NS14	Gold standard	MIKI-NS14	5248865	1.0	1.0	NA	1.0	1.0	43	122066.62790697675	5248865	43	5248865	43	strmgCAMI2_short_read_pooled_gold_standard_assembly
MIKI-NS15	Gold standard	MIKI-NS15	6804298	1.0	1.0	NA	1.0	1.0	96	70878.10416666667	6804298	96	6804298	96	strmgCAMI2_short_read_pooled_gold_standard_assembly
MIKI-NS09	Gold standard	MIKI-NS09	2039640	1.0	1.0	NA	1.0	1.0	22	92710.90909090909	2039640	22	2039640	22	strmgCAMI2_short_read_pooled_gold_standard_assembly
spades_ESBL6643_S3_L001	Gold standard	spades_ESBL6643_S3_L001	5120124	1.0	1.0	NA	1.0	1.0	22	232732.9090909091	5120124	22	5120124	22	strmgCAMI2_short_read_pooled_gold_standard_assembly
MIKI-NS13	Gold standard	MIKI-NS13	7206672	1.0	1.0	NA	1.0	1.0	26	277179.6923076923	7206672	26	7206672	26	strmgCAMI2_short_read_pooled_gold_standard_assembly
SP21_S92	Gold standard	SP21_S92	1689680	1.0	1.0	NA	1.0	1.0	13	129975.38461538461	1689680	13	1689680	13	strmgCAMI2_short_read_pooled_gold_standard_assembly
161	CONCOCT	MIKI-NS13	7206672	1.0	1.0	NA	0.999239316011607	0.9615384615384616	26	288047.6	7201190	25	7201190	25	strmgCAMI2_short_read_pooled_gold_standard_assembly
74	CONCOCT	spades_ESBL6643_S3_L001	5120124	1.0	1.0	NA	0.9991383021192456	0.8636363636363636	22	269248.0	5115712	19	5115712	19	strmgCAMI2_short_read_pooled_gold_standard_assembly
1	CONCOCT	MIKI-NS20	5362682	0.6781017350253561	0.9583333333333334	NA	0.9989775638383928	0.9951923076923077	208	36575.40740740741	7900288	216	5357199	207	strmgCAMI2_short_read_pooled_gold_standard_assembly
102	CONCOCT	MIKI-NS14	5248865	1.0	1.0	NA	0.998955964765716	0.9767441860465116	43	124842.5	5243385	42	5243385	42	strmgCAMI2_short_read_pooled_gold_standard_assembly
76	CONCOCT	MIKI-NS02	2999760	1.0	1.0	NA	0.9981718537482999	0.9767441860465116	43	71292.28571428571	2994276	42	2994276	42	strmgCAMI2_short_read_pooled_gold_standard_assembly
80	CONCOCT	MIKI-NS12	2251851	0.5247882971446514	0.7717391304347826	NA	0.9975664464478333	0.9861111111111112	72	46527.47826086957	4280528	92	2246371	71	strmgCAMI2_short_read_pooled_gold_standard_assembly
59	CONCOCT	MIKI-NS10	2092134	1.0	1.0	NA	0.9973825768330327	0.99	100	21077.353535353537	2086658	99	2086658	99	strmgCAMI2_short_read_pooled_gold_standard_assembly
108	CONCOCT	MIKI-NS06	1964616	1.0	1.0	NA	0.9972106508345652	0.967741935483871	31	65304.53333333333	1959136	30	1959136	30	strmgCAMI2_short_read_pooled_gold_standard_assembly
79	CONCOCT	SP21_S92	1689680	1.0	1.0	NA	0.9970663084134274	0.9230769230769231	13	140393.58333333334	1684723	12	1684723	12	strmgCAMI2_short_read_pooled_gold_standard_assembly
33	CONCOCT	MIKI-NS15	6804298	1.0	1.0	NA	0.9926943234996468	0.96875	96	72629.97849462366	6754588	93	6754588	93	strmgCAMI2_short_read_pooled_gold_standard_assembly
83	CONCOCT	spades_And8457_S3_L001	4927240	1.0	1.0	NA	0.9780739318563739	0.8658536585365854	82	67876.12676056338	4819205	71	4819205	71	strmgCAMI2_short_read_pooled_gold_standard_assembly
87	CONCOCT	MIKI-NS03	4487888	1.0	1.0	NA	0.9755227848823321	0.9602649006622517	151	30193.358620689654	4378037	145	4378037	145	strmgCAMI2_short_read_pooled_gold_standard_assembly
4	CONCOCT	SP108_S87	1934373	1.0	1.0	NA	0.6891886931837862	0.437137330754352	517	5898.884955752213	1333148	226	1333148	226	strmgCAMI2_short_read_pooled_gold_standard_assembly
0	CONCOCT	SP108_S87	1934373	1.0	1.0	NA	0.2746006070183982	0.48936170212765956	517	2099.5256916996045	531180	253	531180	253	strmgCAMI2_short_read_pooled_gold_standard_assembly
199	CONCOCT	MIKI-NS03	4487888	0.7023538753482362	0.7142857142857143	NA	0.023256819243260972	0.033112582781456956	151	21229.428571428572	148606	7	104374	5	strmgCAMI2_short_read_pooled_gold_standard_assembly
206	CONCOCT	spades_And8457_S3_L001	4927240	1.0	1.0	NA	0.019096695107199975	0.06097560975609756	82	18818.8	94094	5	94094	5	strmgCAMI2_short_read_pooled_gold_standard_assembly
64	CONCOCT	SP108_S87	1934373	1.0	1.0	NA	0.007629862492911139	0.02127659574468085	517	1341.7272727272727	14759	11	14759	11	strmgCAMI2_short_read_pooled_gold_standard_assembly
93	CONCOCT	SP108_S87	1934373	1.0	1.0	NA	0.004753995222224462	0.015473887814313346	517	1149.5	9196	8	9196	8	strmgCAMI2_short_read_pooled_gold_standard_assembly
29	CONCOCT	SP108_S87	1934373	1.0	1.0	NA	0.00335199054163804	0.0038684719535783366	517	3242.0	6484	2	6484	2	strmgCAMI2_short_read_pooled_gold_standard_assembly
12	CONCOCT	SP108_S87	1934373	1.0	1.0	NA	0.0032460130491895824	0.0038684719535783366	517	3139.5	6279	2	6279	2	strmgCAMI2_short_read_pooled_gold_standard_assembly
60	CONCOCT	SP21_S92	1689680	0.5290852812466645	0.25	NA	0.0029336915865726056	0.07692307692307693	13	2342.25	9369	4	4957	1	strmgCAMI2_short_read_pooled_gold_standard_assembly
35	CONCOCT	SP108_S87	1934373	1.0	1.0	NA	0.002889825281887206	0.0038684719535783366	517	2795.0	5590	2	5590	2	strmgCAMI2_short_read_pooled_gold_standard_assembly
14	CONCOCT	SP108_S87	1934373	1.0	1.0	NA	0.0028071111414396293	0.0019342359767891683	517	5430.0	5430	1	5430	1	strmgCAMI2_short_read_pooled_gold_standard_assembly
124	CONCOCT	MIKI-NS08	2548574	0.09097996284501061	0.09090909090909091	NA	0.002152183927168683	0.1	10	5480.727272727273	60288	11	5485	1	strmgCAMI2_short_read_pooled_gold_standard_assembly
26	CONCOCT	SP108_S87	1934373	1.0	1.0	NA	0.002016674136787476	0.0019342359767891683	517	3901.0	3901	1	3901	1	strmgCAMI2_short_read_pooled_gold_standard_assembly
13	CONCOCT	SP108_S87	1934373	1.0	1.0	NA	0.0019856563341196344	0.0019342359767891683	517	3841.0	3841	1	3841	1	strmgCAMI2_short_read_pooled_gold_standard_assembly
84	CONCOCT	SP108_S87	1934373	1.0	1.0	NA	0.0014454296043214002	0.0019342359767891683	517	2796.0	2796	1	2796	1	strmgCAMI2_short_read_pooled_gold_standard_assembly
20	CONCOCT	SP108_S87	1934373	1.0	1.0	NA	0.001152311369110301	0.0019342359767891683	517	2229.0	2229	1	2229	1	strmgCAMI2_short_read_pooled_gold_standard_assembly
127	CONCOCT	spades_And8457_S3_L001	4927240	1.0	1.0	NA	0.0010772765280359796	0.012195121951219513	82	5308.0	5308	1	5308	1	strmgCAMI2_short_read_pooled_gold_standard_assembly
32	CONCOCT	SP108_S87	1934373	1.0	1.0	NA	0.0010742498990629005	0.0019342359767891683	517	2078.0	2078	1	2078	1	strmgCAMI2_short_read_pooled_gold_standard_assembly
50	CONCOCT	SP108_S87	1934373	1.0	1.0	NA	0.0010726990089295085	0.0038684719535783366	517	1037.5	2075	2	2075	2	strmgCAMI2_short_read_pooled_gold_standard_assembly
69	CONCOCT	SP108_S87	1934373	1.0	1.0	NA	0.0007051380473155901	0.0019342359767891683	517	1364.0	1364	1	1364	1	strmgCAMI2_short_read_pooled_gold_standard_assembly
221	CONCOCT	spades_And8457_S3_L001	4927240	1.0	1.0	NA	0.0005585276950179005	0.024390243902439025	82	1376.0	2752	2	2752	2	strmgCAMI2_short_read_pooled_gold_standard_assembly
55	CONCOCT	SP108_S87	1934373	1.0	1.0	NA	0.0005293704988644899	0.0019342359767891683	517	1024.0	1024	1	1024	1	strmgCAMI2_short_read_pooled_gold_standard_assembly
44	CONCOCT	spades_And8457_S3_L001	4927240	1.0	1.0	NA	0.0004874940128753623	0.012195121951219513	82	2402.0	2402	1	2402	1	strmgCAMI2_short_read_pooled_gold_standard_assembly
11	CONCOCT	spades_And8457_S3_L001	4927240	1.0	1.0	NA	0.00045867463326324675	0.012195121951219513	82	2260.0	2260	1	2260	1	strmgCAMI2_short_read_pooled_gold_standard_assembly
63	CONCOCT	spades_And8457_S3_L001	4927240	1.0	1.0	NA	0.0002474001672335831	0.012195121951219513	82	1219.0	1219	1	1219	1	strmgCAMI2_short_read_pooled_gold_standard_assembly
5	MaxBin	SP21_S92	1689680	1.0	1.0	NA	1.0	1.0	13	129975.38461538461	1689680	13	1689680	13	strmgCAMI2_short_read_pooled_gold_standard_assembly
299	MaxBin	MIKI-NS13	7206672	1.0	1.0	NA	0.999239316011607	0.9615384615384616	26	288047.6	7201190	25	7201190	25	strmgCAMI2_short_read_pooled_gold_standard_assembly
30	MaxBin	MIKI-NS15	6804298	0.9935299743756297	0.979381443298969	NA	0.9991949206222303	0.9895833333333334	96	70547.37113402062	6843095	97	6798820	95	strmgCAMI2_short_read_pooled_gold_standard_assembly
237	MaxBin	spades_ESBL6643_S3_L001	5120124	1.0	1.0	NA	0.9991383021192456	0.8636363636363636	22	269248.0	5115712	19	5115712	19	strmgCAMI2_short_read_pooled_gold_standard_assembly
298	MaxBin	MIKI-NS20	5362682	1.0	1.0	NA	0.9989775638383928	0.9951923076923077	208	25880.1884057971	5357199	207	5357199	207	strmgCAMI2_short_read_pooled_gold_standard_assembly
297	MaxBin	MIKI-NS14	5248865	1.0	1.0	NA	0.998955964765716	0.9767441860465116	43	124842.5	5243385	42	5243385	42	strmgCAMI2_short_read_pooled_gold_standard_assembly
173	MaxBin	MIKI-NS02	2999760	1.0	1.0	NA	0.9981718537482999	0.9767441860465116	43	71292.28571428571	2994276	42	2994276	42	strmgCAMI2_short_read_pooled_gold_standard_assembly
305	MaxBin	MIKI-NS08	2548574	1.0	1.0	NA	0.9978478160728314	0.9	10	282565.44444444444	2543089	9	2543089	9	strmgCAMI2_short_read_pooled_gold_standard_assembly
296	MaxBin	MIKI-NS12	2251851	1.0	1.0	NA	0.9975664464478333	0.9861111111111112	72	31639.028169014084	2246371	71	2246371	71	strmgCAMI2_short_read_pooled_gold_standard_assembly
301	MaxBin	MIKI-NS10	2092134	1.0	1.0	NA	0.9973825768330327	0.99	100	21077.353535353537	2086658	99	2086658	99	strmgCAMI2_short_read_pooled_gold_standard_assembly
300	MaxBin	MIKI-NS06	1964616	1.0	1.0	NA	0.9972106508345652	0.967741935483871	31	65304.53333333333	1959136	30	1959136	30	strmgCAMI2_short_read_pooled_gold_standard_assembly
304	MaxBin	MIKI-NS03	4487888	1.0	1.0	NA	0.9865999329751545	0.9735099337748344	151	30120.748299319726	4427750	147	4427750	147	strmgCAMI2_short_read_pooled_gold_standard_assembly
306	MaxBin	spades_And8457_S3_L001	4927240	1.0	1.0	NA	0.982713649020547	0.9024390243902439	82	65433.32432432433	4842066	74	4842066	74	strmgCAMI2_short_read_pooled_gold_standard_assembly
62	MaxBin	MIKI-NS09	2039640	1.0	1.0	NA	0.22448275185817104	0.3181818181818182	22	65409.142857142855	457864	7	457864	7	strmgCAMI2_short_read_pooled_gold_standard_assembly
65	MaxBin	MIKI-NS09	2039640	1.0	1.0	NA	0.21069894687297758	0.09090909090909091	22	214875.0	429750	2	429750	2	strmgCAMI2_short_read_pooled_gold_standard_assembly
60	MaxBin	MIKI-NS09	2039640	1.0	1.0	NA	0.11750455962816968	0.045454545454545456	22	239667.0	239667	1	239667	1	strmgCAMI2_short_read_pooled_gold_standard_assembly
59	MaxBin	MIKI-NS09	2039640	1.0	1.0	NA	0.09435439587378165	0.22727272727272727	22	38489.8	192449	5	192449	5	strmgCAMI2_short_read_pooled_gold_standard_assembly
66	MaxBin	MIKI-NS09	2039640	1.0	1.0	NA	0.029453727128316762	0.045454545454545456	22	60075.0	60075	1	60075	1	strmgCAMI2_short_read_pooled_gold_standard_assembly
167	MaxBin	SP108_S87	1934373	1.0	1.0	NA	0.0188696802529812	0.027079303675048357	517	2607.214285714286	36501	14	36501	14	strmgCAMI2_short_read_pooled_gold_standard_assembly
131	MaxBin	SP108_S87	1934373	1.0	1.0	NA	0.018655140451195297	0.02321083172147002	517	3007.1666666666665	36086	12	36086	12	strmgCAMI2_short_read_pooled_gold_standard_assembly
126	MaxBin	SP108_S87	1934373	1.0	1.0	NA	0.016905219417351257	0.01160541586073501	517	5450.166666666667	32701	6	32701	6	strmgCAMI2_short_read_pooled_gold_standard_assembly
63	MaxBin	spades_And8457_S3_L001	4927240	1.0	1.0	NA	0.012753184338493762	0.024390243902439025	82	31419.0	62838	2	62838	2	strmgCAMI2_short_read_pooled_gold_standard_assembly
257	MaxBin	SP108_S87	1934373	1.0	1.0	NA	0.011886538945694547	0.019342359767891684	517	2299.3	22993	10	22993	10	strmgCAMI2_short_read_pooled_gold_standard_assembly
125	MaxBin	SP108_S87	1934373	1.0	1.0	NA	0.009394258501333507	0.01160541586073501	517	3028.6666666666665	18172	6	18172	6	strmgCAMI2_short_read_pooled_gold_standard_assembly
64	MaxBin	MIKI-NS09	2039640	1.0	1.0	NA	0.006960542056441333	0.09090909090909091	22	7098.5	14197	2	14197	2	strmgCAMI2_short_read_pooled_gold_standard_assembly
286	MaxBin	SP108_S87	1934373	1.0	1.0	NA	0.0037877906691212086	0.0038684719535783366	517	3663.5	7327	2	7327	2	strmgCAMI2_short_read_pooled_gold_standard_assembly
113	MaxBin	MIKI-NS03	4487888	1.0	1.0	NA	0.002314228875586913	0.006622516556291391	151	10386.0	10386	1	10386	1	strmgCAMI2_short_read_pooled_gold_standard_assembly
123	MaxBin	MIKI-NS08	2548574	0.09097996284501061	0.09090909090909091	NA	0.002152183927168683	0.1	10	5480.727272727273	60288	11	5485	1	strmgCAMI2_short_read_pooled_gold_standard_assembly
256	MaxBin	spades_And8457_S3_L001	4927240	1.0	1.0	NA	0.0010772765280359796	0.012195121951219513	82	5308.0	5308	1	5308	1	strmgCAMI2_short_read_pooled_gold_standard_assembly
108	MaxBin	spades_ESBL6643_S3_L001	5120124	0.6798151001540832	0.75	NA	0.0008616978807544505	0.13636363636363635	22	1622.5	6490	4	4412	3	strmgCAMI2_short_read_pooled_gold_standard_assembly
78	MaxBin	spades_And8457_S3_L001	4927240	1.0	1.0	NA	0.00045867463326324675	0.012195121951219513	82	2260.0	2260	1	2260	1	strmgCAMI2_short_read_pooled_gold_standard_assembly
41	MaxBin	spades_And8457_S3_L001	4927240	1.0	1.0	NA	0.0002474001672335831	0.012195121951219513	82	1219.0	1219	1	1219	1	strmgCAMI2_short_read_pooled_gold_standard_assembly
157	MetaBAT	MIKI-NS09	2039640	1.0	1.0	NA	0.9935988703888922	0.7727272727272727	22	119210.82352941176	2026584	17	2026584	17	strmgCAMI2_short_read_pooled_gold_standard_assembly
237	MetaBAT	MIKI-NS08	2548574	1.0	1.0	NA	0.987125741689274	0.7	10	359394.71428571426	2515763	7	2515763	7	strmgCAMI2_short_read_pooled_gold_standard_assembly
49	MetaBAT	MIKI-NS06	1964616	1.0	1.0	NA	0.9769354418369799	0.5161290322580645	31	119956.4375	1919303	16	1919303	16	strmgCAMI2_short_read_pooled_gold_standard_assembly
75	MetaBAT	MIKI-NS12	2251851	1.0	1.0	NA	0.964805397870463	0.8055555555555556	72	37458.58620689655	2172598	58	2172598	58	strmgCAMI2_short_read_pooled_gold_standard_assembly
120	MetaBAT	MIKI-NS15	6804298	1.0	1.0	NA	0.9575965073840094	0.6145833333333334	96	110436.81355932204	6515772	59	6515772	59	strmgCAMI2_short_read_pooled_gold_standard_assembly
134	MetaBAT	spades_ESBL6643_S3_L001	5120124	1.0	1.0	NA	0.9556407227637456	0.5909090909090909	22	376384.53846153844	4892999	13	4892999	13	strmgCAMI2_short_read_pooled_gold_standard_assembly
323	MetaBAT	MIKI-NS02	2999760	1.0	1.0	NA	0.9409962797023762	0.627906976744186	43	104546.77777777778	2822763	27	2822763	27	strmgCAMI2_short_read_pooled_gold_standard_assembly
210	MetaBAT	MIKI-NS13	7206672	1.0	1.0	NA	0.9370104536462878	0.6538461538461539	26	397219.23529411765	6752727	17	6752727	17	strmgCAMI2_short_read_pooled_gold_standard_assembly
231	MetaBAT	MIKI-NS10	2092134	1.0	1.0	NA	0.9358258123045656	0.63	100	31077.349206349205	1957873	63	1957873	63	strmgCAMI2_short_read_pooled_gold_standard_assembly
179	MetaBAT	spades_And8457_S3_L001	4927240	1.0	1.0	NA	0.9239472808306476	0.573170731707317	82	96861.91489361702	4552510	47	4552510	47	strmgCAMI2_short_read_pooled_gold_standard_assembly
18	MetaBAT	MIKI-NS14	5248865	1.0	1.0	NA	0.9170917903203836	0.7674418604651163	43	145869.42424242425	4813691	33	4813691	33	strmgCAMI2_short_read_pooled_gold_standard_assembly
219	MetaBAT	MIKI-NS03	4487888	1.0	1.0	NA	0.8768024068336822	0.40397350993377484	151	64508.04918032787	3934991	61	3934991	61	strmgCAMI2_short_read_pooled_gold_standard_assembly
79	MetaBAT	MIKI-NS20	5362682	1.0	1.0	NA	0.7792906609043758	0.27884615384615385	208	72053.24137931035	4179088	58	4179088	58	strmgCAMI2_short_read_pooled_gold_standard_assembly
163	MetaBAT	SP108_S87	1934373	0.9821122321097442	0.993421052631579	NA	0.7652738122378673	0.5841392649903289	517	4958.180921052632	1507287	304	1480325	302	strmgCAMI2_short_read_pooled_gold_standard_assembly
85	MetaBAT	SP21_S92	1689680	1.0	1.0	NA	0.5321119975379953	0.23076923076923078	13	299699.6666666667	899099	3	899099	3	strmgCAMI2_short_read_pooled_gold_standard_assembly
170	MetaBAT	SP21_S92	1689680	1.0	1.0	NA	0.4252106907816865	0.3076923076923077	13	179617.5	718470	4	718470	4	strmgCAMI2_short_read_pooled_gold_standard_assembly
352	MetaBAT	MIKI-NS20	5362682	0.2316173637809625	0.23154362416107382	NA	0.13509042676780014	0.6634615384615384	208	5247.944630872483	3127775	596	724447	138	strmgCAMI2_short_read_pooled_gold_standard_assembly
21	MetaBAT	MIKI-NS14	5248865	1.0	1.0	NA	0.06917419289694057	0.023255813953488372	43	363086.0	363086	1	363086	1	strmgCAMI2_short_read_pooled_gold_standard_assembly
310	MetaBAT	MIKI-NS20	5362682	1.0	1.0	NA	0.0431584419885423	0.028846153846153848	208	38574.166666666664	231445	6	231445	6	strmgCAMI2_short_read_pooled_gold_standard_assembly
285	MetaBAT	MIKI-NS20	5362682	1.0	1.0	NA	0.03980508260605421	0.02403846153846154	208	42692.4	213462	5	213462	5	strmgCAMI2_short_read_pooled_gold_standard_assembly
289	MetaBAT	MIKI-NS13	7206672	1.0	1.0	NA	0.03275381479828692	0.038461538461538464	26	236046.0	236046	1	236046	1	strmgCAMI2_short_read_pooled_gold_standard_assembly
240	MetaBAT	SP21_S92	1689680	0.6089475431606906	0.2	NA	0.021710027934283414	0.07692307692307693	13	12048.0	60240	5	36683	1	strmgCAMI2_short_read_pooled_gold_standard_assembly
197	MetaBAT	SP108_S87	1934373	0.7114722210965676	0.8888888888888888	NA	0.01815265204797627	0.015473887814313346	517	5483.777777777777	49354	9	35114	8	strmgCAMI2_short_read_pooled_gold_standard_assembly
42	MetaBAT	spades_And8457_S3_L001	4927240	1.0	1.0	NA	0.010411914175075702	0.024390243902439025	82	25651.0	51302	2	51302	2	strmgCAMI2_short_read_pooled_gold_standard_assembly
182	MetaBAT	MIKI-NS02	2999760	1.0	1.0	NA	0.008650358695362296	0.023255813953488372	43	25949.0	25949	1	25949	1	strmgCAMI2_short_read_pooled_gold_standard_assembly
229	MetaBAT	spades_ESBL6643_S3_L001	5120124	1.0	1.0	NA	0.005758454287435226	0.045454545454545456	22	29484.0	29484	1	29484	1	strmgCAMI2_short_read_pooled_gold_standard_assembly
126	MetaBAT	SP108_S87	1934373	1.0	1.0	NA	0.005478260914518554	0.007736943907156673	517	2649.25	10597	4	10597	4	strmgCAMI2_short_read_pooled_gold_standard_assembly
223	MetaBAT	spades_And8457_S3_L001	4927240	1.0	1.0	NA	0.005336659062680121	0.012195121951219513	82	26295.0	26295	1	26295	1	strmgCAMI2_short_read_pooled_gold_standard_assembly
70	MetaBAT	SP108_S87	1934373	0.7800078709169618	0.75	NA	0.005123107073971773	0.005802707930367505	517	3176.25	12705	4	9910	3	strmgCAMI2_short_read_pooled_gold_standard_assembly
177	MetaBAT	spades_And8457_S3_L001	4927240	1.0	1.0	NA	0.0040103587403901575	0.012195121951219513	82	19760.0	19760	1	19760	1	strmgCAMI2_short_read_pooled_gold_standard_assembly
142	MetaBAT	MIKI-NS06	1964616	1.0	1.0	NA	0.003100860422596579	0.03225806451612903	31	6092.0	6092	1	6092	1	strmgCAMI2_short_read_pooled_gold_standard_assembly
167	MetaBAT	SP21_S92	1689680	0.48583749877487015	0.3333333333333333	NA	0.0029336915865726056	0.07692307692307693	13	3401.0	10203	3	4957	1	strmgCAMI2_short_read_pooled_gold_standard_assembly
160	MetaBAT	SP108_S87	1934373	1.0	1.0	NA	0.002732151451659013	0.0038684719535783366	517	2642.5	5285	2	5285	2	strmgCAMI2_short_read_pooled_gold_standard_assembly
244	MetaBAT	SP108_S87	1934373	1.0	1.0	NA	0.0018140244926909133	0.0019342359767891683	517	3509.0	3509	1	3509	1	strmgCAMI2_short_read_pooled_gold_standard_assembly
214	MetaBAT	spades_And8457_S3_L001	4927240	1.0	1.0	NA	0.0018040525730429206	0.012195121951219513	82	8889.0	8889	1	8889	1	strmgCAMI2_short_read_pooled_gold_standard_assembly
72	MetaBAT	spades_And8457_S3_L001	4927240	1.0	1.0	NA	0.0004874940128753623	0.012195121951219513	82	2402.0	2402	1	2402	1	strmgCAMI2_short_read_pooled_gold_standard_assembly
3	VAMB_v413	MIKI-NS15	6804298	0.9920229634046642	0.9690721649484536	NA	0.9990204720604535	0.9791666666666666	96	70642.206185567	6852294	97	6797633	94	strmgCAMI2_short_read_pooled_gold_standard_assembly
33	VAMB_v413	spades_ESBL6643_S3_L001	5120124	1.0	1.0	NA	0.9986426109992649	0.7727272727272727	22	300774.9411764706	5113174	17	5113174	17	strmgCAMI2_short_read_pooled_gold_standard_assembly
27	VAMB_v413	MIKI-NS13	7206672	1.0	1.0	NA	0.9984531001272154	0.8461538461538461	26	327069.2727272727	7195524	22	7195524	22	strmgCAMI2_short_read_pooled_gold_standard_assembly
23	VAMB_v413	MIKI-NS10	2092134	1.0	1.0	NA	0.9961847568081204	0.97	100	21486.103092783505	2084152	97	2084152	97	strmgCAMI2_short_read_pooled_gold_standard_assembly
59	VAMB_v413	MIKI-NS12	2251851	1.0	1.0	NA	0.9955276792292208	0.9444444444444444	72	32967.35294117647	2241780	68	2241780	68	strmgCAMI2_short_read_pooled_gold_standard_assembly
26	VAMB_v413	SP21_S92	1689680	1.0	1.0	NA	0.9949895838265234	0.7692307692307693	13	168121.4	1681214	10	1681214	10	strmgCAMI2_short_read_pooled_gold_standard_assembly
75	VAMB_v413	MIKI-NS08	2548574	1.0	1.0	NA	0.9933456905704916	0.8	10	316451.875	2531615	8	2531615	8	strmgCAMI2_short_read_pooled_gold_standard_assembly
31	VAMB_v413	MIKI-NS06	1964616	1.0	1.0	NA	0.9902983585596371	0.7096774193548387	31	88434.36363636363	1945556	22	1945556	22	strmgCAMI2_short_read_pooled_gold_standard_assembly
71	VAMB_v413	MIKI-NS14	5248865	1.0	1.0	NA	0.9865637618799493	0.813953488372093	43	147952.57142857142	5178340	35	5178340	35	strmgCAMI2_short_read_pooled_gold_standard_assembly
58	VAMB_v413	MIKI-NS03	4487888	1.0	1.0	NA	0.9844773309850869	0.9403973509933775	151	31114.25352112676	4418224	142	4418224	142	strmgCAMI2_short_read_pooled_gold_standard_assembly
45	VAMB_v413	MIKI-NS02	2999760	1.0	1.0	NA	0.9820058938048377	0.7441860465116279	43	92055.6875	2945782	32	2945782	32	strmgCAMI2_short_read_pooled_gold_standard_assembly
38	VAMB_v413	MIKI-NS09	2039640	1.0	1.0	NA	0.968470416347983	0.7272727272727273	22	123458.1875	1975331	16	1975331	16	strmgCAMI2_short_read_pooled_gold_standard_assembly
219	VAMB_v413	MIKI-NS20	5362682	1.0	1.0	NA	0.9435239680443479	0.5961538461538461	208	40804.99193548387	5059819	124	5059819	124	strmgCAMI2_short_read_pooled_gold_standard_assembly
34	VAMB_v413	spades_And8457_S3_L001	4927240	1.0	1.0	NA	0.9411366200956316	0.5975609756097561	82	94636.85714285714	4637206	49	4637206	49	strmgCAMI2_short_read_pooled_gold_standard_assembly
204	VAMB_v413	SP108_S87	1934373	1.0	1.0	NA	0.08656500064878904	0.03288201160541586	517	9849.941176470587	167449	17	167449	17	strmgCAMI2_short_read_pooled_gold_standard_assembly
121	VAMB_v413	SP108_S87	1934373	1.0	1.0	NA	0.007714644486869906	0.0038684719535783366	517	7461.5	14923	2	14923	2	strmgCAMI2_short_read_pooled_gold_standard_assembly
15	VAMB_v413	SP21_S92	1689680	0.7046197583511017	0.5	NA	0.0029336915865726056	0.07692307692307693	13	3517.5	7035	2	4957	1	strmgCAMI2_short_read_pooled_gold_standard_assembly
108	VAMB_v413	SP108_S87	1934373	1.0	1.0	NA	0.0018140244926909133	0.0019342359767891683	517	3509.0	3509	1	3509	1	strmgCAMI2_short_read_pooled_gold_standard_assembly
232	VAMB_v413	SP108_S87	1934373	1.0	1.0	NA	0.0016258498231726767	0.0019342359767891683	517	3145.0	3145	1	3145	1	strmgCAMI2_short_read_pooled_gold_standard_assembly
175	VAMB_v413	SP108_S87	1934373	1.0	1.0	NA	0.0014211323255649247	0.0019342359767891683	517	2749.0	2749	1	2749	1	strmgCAMI2_short_read_pooled_gold_standard_assembly
6	VAMB_v413	SP108_S87	1934373	1.0	1.0	NA	0.0005293704988644899	0.0019342359767891683	517	1024.0	1024	1	1024	1	strmgCAMI2_short_read_pooled_gold_standard_assembly
171	VAMB_v413	spades_ESBL6643_S3_L001	5120124	1.0	1.0	NA	0.00025741564071495146	0.045454545454545456	22	1318.0	1318	1	1318	1	strmgCAMI2_short_read_pooled_gold_standard_assembly
94	CLMB	MIKI-NS15	6804298	0.994098122940594	0.989010989010989	NA	0.9962485476091729	0.9375	96	74934.25274725274	6819017	91	6778772	90	strmgCAMI2_short_read_pooled_gold_standard_assembly
31	CLMB	SP21_S92	1689680	1.0	1.0	NA	0.9949895838265234	0.7692307692307693	13	168121.4	1681214	10	1681214	10	strmgCAMI2_short_read_pooled_gold_standard_assembly
21	CLMB	MIKI-NS12	2251851	1.0	1.0	NA	0.9939898332527329	0.9305555555555556	72	33407.71641791045	2238317	67	2238317	67	strmgCAMI2_short_read_pooled_gold_standard_assembly
56	CLMB	MIKI-NS08	2548574	1.0	1.0	NA	0.9933456905704916	0.8	10	316451.875	2531615	8	2531615	8	strmgCAMI2_short_read_pooled_gold_standard_assembly
45	CLMB	MIKI-NS13	7206672	1.0	1.0	NA	0.992617813048797	0.8076923076923077	26	340641.4761904762	7153471	21	7153471	21	strmgCAMI2_short_read_pooled_gold_standard_assembly
15	CLMB	spades_ESBL6643_S3_L001	5120124	1.0	1.0	NA	0.9844812352200845	0.6363636363636364	22	360047.5714285714	5040666	14	5040666	14	strmgCAMI2_short_read_pooled_gold_standard_assembly
84	CLMB	MIKI-NS06	1964616	1.0	1.0	NA	0.983908814750567	0.5806451612903226	31	107389.05555555556	1933003	18	1933003	18	strmgCAMI2_short_read_pooled_gold_standard_assembly
17	CLMB	MIKI-NS10	2092134	1.0	1.0	NA	0.9782284499941208	0.88	100	23256.647727272728	2046585	88	2046585	88	strmgCAMI2_short_read_pooled_gold_standard_assembly
139	CLMB	MIKI-NS03	4487888	1.0	1.0	NA	0.9775821054357863	0.8543046357615894	151	34009.91472868217	4387279	129	4387279	129	strmgCAMI2_short_read_pooled_gold_standard_assembly
238	CLMB	MIKI-NS20	5362682	1.0	1.0	NA	0.9691801602257974	0.7067307692307693	208	35356.49659863945	5197405	147	5197405	147	strmgCAMI2_short_read_pooled_gold_standard_assembly
46	CLMB	MIKI-NS09	2039640	1.0	1.0	NA	0.968470416347983	0.7272727272727273	22	123458.1875	1975331	16	1975331	16	strmgCAMI2_short_read_pooled_gold_standard_assembly
10	CLMB	MIKI-NS14	5248865	1.0	1.0	NA	0.95441166804633	0.7674418604651163	43	151805.39393939395	5009578	33	5009578	33	strmgCAMI2_short_read_pooled_gold_standard_assembly
1	CLMB	MIKI-NS02	2999760	1.0	1.0	NA	0.9409962797023762	0.627906976744186	43	104546.77777777778	2822763	27	2822763	27	strmgCAMI2_short_read_pooled_gold_standard_assembly
20	CLMB	spades_And8457_S3_L001	4927240	1.0	1.0	NA	0.936239558048725	0.5853658536585366	82	96105.77083333333	4613077	48	4613077	48	strmgCAMI2_short_read_pooled_gold_standard_assembly
11	CLMB	MIKI-NS14	5248865	1.0	1.0	NA	0.04272161695909497	0.06976744186046512	43	74746.66666666667	224240	3	224240	3	strmgCAMI2_short_read_pooled_gold_standard_assembly
300	CLMB	SP108_S87	1934373	1.0	1.0	NA	0.012029737801344415	0.0038684719535783366	517	11635.0	23270	2	23270	2	strmgCAMI2_short_read_pooled_gold_standard_assembly
291	CLMB	spades_ESBL6643_S3_L001	5120124	1.0	1.0	NA	0.005758454287435226	0.045454545454545456	22	29484.0	29484	1	29484	1	strmgCAMI2_short_read_pooled_gold_standard_assembly
265	CLMB	SP108_S87	1934373	1.0	1.0	NA	0.004717807785778648	0.0019342359767891683	517	9126.0	9126	1	9126	1	strmgCAMI2_short_read_pooled_gold_standard_assembly
204	CLMB	SP108_S87	1934373	1.0	1.0	NA	0.003905141355881208	0.0019342359767891683	517	7554.0	7554	1	7554	1	strmgCAMI2_short_read_pooled_gold_standard_assembly
259	CLMB	SP108_S87	1934373	1.0	1.0	NA	0.0038095031309886974	0.0019342359767891683	517	7369.0	7369	1	7369	1	strmgCAMI2_short_read_pooled_gold_standard_assembly
279	CLMB	SP108_S87	1934373	1.0	1.0	NA	0.0029689206786902007	0.0019342359767891683	517	5743.0	5743	1	5743	1	strmgCAMI2_short_read_pooled_gold_standard_assembly
79	CLMB	SP21_S92	1689680	0.7046197583511017	0.5	NA	0.0029336915865726056	0.07692307692307693	13	3517.5	7035	2	4957	1	strmgCAMI2_short_read_pooled_gold_standard_assembly
309	CLMB	SP108_S87	1934373	1.0	1.0	NA	0.0026318605563663265	0.0019342359767891683	517	5091.0	5091	1	5091	1	strmgCAMI2_short_read_pooled_gold_standard_assembly
264	CLMB	SP108_S87	1934373	1.0	1.0	NA	0.002109210581413202	0.0019342359767891683	517	4080.0	4080	1	4080	1	strmgCAMI2_short_read_pooled_gold_standard_assembly
36	CLMB	SP108_S87	1934373	1.0	1.0	NA	0.0018140244926909133	0.0019342359767891683	517	3509.0	3509	1	3509	1	strmgCAMI2_short_read_pooled_gold_standard_assembly
179	CLMB	MIKI-NS10	2092134	0.5196850393700787	0.3333333333333333	NA	0.0015142433515252848	0.01	100	2032.0	6096	3	3168	1	strmgCAMI2_short_read_pooled_gold_standard_assembly
6	CLMB	SP108_S87	1934373	1.0	1.0	NA	0.0014211323255649247	0.0019342359767891683	517	2749.0	2749	1	2749	1	strmgCAMI2_short_read_pooled_gold_standard_assembly
66	MetaDecoder	spades_ESBL6643_S3_L001	5120124	1.0	1.0	NA	0.9980109856714408	0.7272727272727273	22	319371.25	5109940	16	5109940	16	strmgCAMI2_short_read_pooled_gold_standard_assembly
344	MetaDecoder	MIKI-NS08	2548574	1.0	1.0	NA	0.9978478160728314	0.9	10	282565.44444444444	2543089	9	2543089	9	strmgCAMI2_short_read_pooled_gold_standard_assembly
272	MetaDecoder	MIKI-NS13	7206672	1.0	1.0	NA	0.9972030085454145	0.8076923076923077	26	342215.0	7186515	21	7186515	21	strmgCAMI2_short_read_pooled_gold_standard_assembly
0	MetaDecoder	MIKI-NS14	5248865	1.0	1.0	NA	0.997133285005425	0.8372093023255814	43	145383.83333333334	5233818	36	5233818	36	strmgCAMI2_short_read_pooled_gold_standard_assembly
75	MetaDecoder	SP21_S92	1689680	1.0	1.0	NA	0.9949895838265234	0.7692307692307693	13	168121.4	1681214	10	1681214	10	strmgCAMI2_short_read_pooled_gold_standard_assembly
157	MetaDecoder	MIKI-NS02	2999760	1.0	1.0	NA	0.9879533696029016	0.7674418604651163	43	89806.75757575757	2963623	33	2963623	33	strmgCAMI2_short_read_pooled_gold_standard_assembly
239	MetaDecoder	MIKI-NS12	2251851	1.0	1.0	NA	0.9866967219411942	0.8472222222222222	72	36424.49180327869	2221894	61	2221894	61	strmgCAMI2_short_read_pooled_gold_standard_assembly
465	MetaDecoder	MIKI-NS06	1964616	1.0	1.0	NA	0.9829722449577932	0.5483870967741935	31	113597.82352941176	1931163	17	1931163	17	strmgCAMI2_short_read_pooled_gold_standard_assembly
58	MetaDecoder	MIKI-NS15	6804298	1.0	1.0	NA	0.9810724045301955	0.6875	96	101144.07575757576	6675509	66	6675509	66	strmgCAMI2_short_read_pooled_gold_standard_assembly
85	MetaDecoder	spades_And8457_S3_L001	4927240	1.0	1.0	NA	0.9610654240507871	0.6463414634146342	82	89347.16981132075	4735400	53	4735400	53	strmgCAMI2_short_read_pooled_gold_standard_assembly
43	MetaDecoder	MIKI-NS10	2092134	1.0	1.0	NA	0.9322447797320822	0.59	100	33057.30508474576	1950381	59	1950381	59	strmgCAMI2_short_read_pooled_gold_standard_assembly
242	MetaDecoder	MIKI-NS03	4487888	1.0	1.0	NA	0.911096711860902	0.423841059602649	151	63889.0625	4088900	64	4088900	64	strmgCAMI2_short_read_pooled_gold_standard_assembly
215	MetaDecoder	MIKI-NS20	5362682	1.0	1.0	NA	0.8774111535981436	0.3317307692307692	208	68192.42028985507	4705277	69	4705277	69	strmgCAMI2_short_read_pooled_gold_standard_assembly
327	MetaDecoder	MIKI-NS09	2039640	1.0	1.0	NA	0.29651458100449096	0.09090909090909091	22	302391.5	604783	2	604783	2	strmgCAMI2_short_read_pooled_gold_standard_assembly
332	MetaDecoder	MIKI-NS09	2039640	1.0	1.0	NA	0.24555166598027103	0.09090909090909091	22	250418.5	500837	2	500837	2	strmgCAMI2_short_read_pooled_gold_standard_assembly
213	MetaDecoder	MIKI-NS09	2039640	1.0	1.0	NA	0.11750455962816968	0.045454545454545456	22	239667.0	239667	1	239667	1	strmgCAMI2_short_read_pooled_gold_standard_assembly
447	MetaDecoder	MIKI-NS09	2039640	1.0	1.0	NA	0.04005559804671412	0.045454545454545456	22	81699.0	81699	1	81699	1	strmgCAMI2_short_read_pooled_gold_standard_assembly
140	MetaDecoder	SP108_S87	1934373	1.0	1.0	NA	0.031285072734162436	0.017408123791102514	517	6724.111111111111	60517	9	60517	9	strmgCAMI2_short_read_pooled_gold_standard_assembly
174	MetaDecoder	SP108_S87	1934373	1.0	1.0	NA	0.029535668663696196	0.015473887814313346	517	7141.625	57133	8	57133	8	strmgCAMI2_short_read_pooled_gold_standard_assembly
79	MetaDecoder	SP108_S87	1934373	1.0	1.0	NA	0.025238669067444593	0.027079303675048357	517	3487.214285714286	48821	14	48821	14	strmgCAMI2_short_read_pooled_gold_standard_assembly
173	MetaDecoder	SP108_S87	1934373	1.0	1.0	NA	0.022644029874279676	0.009671179883945842	517	8760.4	43802	5	43802	5	strmgCAMI2_short_read_pooled_gold_standard_assembly
197	MetaDecoder	SP108_S87	1934373	1.0	1.0	NA	0.02128183137378365	0.02127659574468085	517	3742.4545454545455	41167	11	41167	11	strmgCAMI2_short_read_pooled_gold_standard_assembly
59	MetaDecoder	SP108_S87	1934373	1.0	1.0	NA	0.02040816326530612	0.013539651837524178	517	5639.571428571428	39477	7	39477	7	strmgCAMI2_short_read_pooled_gold_standard_assembly
19	MetaDecoder	SP108_S87	1934373	1.0	1.0	NA	0.018227094774379088	0.017408123791102514	517	3917.5555555555557	35258	9	35258	9	strmgCAMI2_short_read_pooled_gold_standard_assembly
33	MetaDecoder	SP108_S87	1934373	1.0	1.0	NA	0.018147482414198297	0.017408123791102514	517	3900.4444444444443	35104	9	35104	9	strmgCAMI2_short_read_pooled_gold_standard_assembly
35	MetaDecoder	SP108_S87	1934373	1.0	1.0	NA	0.016617270815918128	0.009671179883945842	517	6428.8	32144	5	32144	5	strmgCAMI2_short_read_pooled_gold_standard_assembly
41	MetaDecoder	SP108_S87	1934373	1.0	1.0	NA	0.016325186507462626	0.007736943907156673	517	7894.75	31579	4	31579	4	strmgCAMI2_short_read_pooled_gold_standard_assembly
67	MetaDecoder	SP108_S87	1934373	1.0	1.0	NA	0.01631381331315108	0.017408123791102514	517	3506.3333333333335	31557	9	31557	9	strmgCAMI2_short_read_pooled_gold_standard_assembly
49	MetaDecoder	SP108_S87	1934373	1.0	1.0	NA	0.01528712404484554	0.013539651837524178	517	4224.428571428572	29571	7	29571	7	strmgCAMI2_short_read_pooled_gold_standard_assembly
10	MetaDecoder	SP108_S87	1934373	1.0	1.0	NA	0.014694684013889773	0.009671179883945842	517	5685.0	28425	5	28425	5	strmgCAMI2_short_read_pooled_gold_standard_assembly
3	MetaDecoder	SP108_S87	1934373	1.0	1.0	NA	0.01440776933921224	0.01160541586073501	517	4645.0	27870	6	27870	6	strmgCAMI2_short_read_pooled_gold_standard_assembly
48	MetaDecoder	SP108_S87	1934373	1.0	1.0	NA	0.014315232894586515	0.007736943907156673	517	6922.75	27691	4	27691	4	strmgCAMI2_short_read_pooled_gold_standard_assembly
7	MetaDecoder	SP108_S87	1934373	1.0	1.0	NA	0.01385720334185806	0.007736943907156673	517	6701.25	26805	4	26805	4	strmgCAMI2_short_read_pooled_gold_standard_assembly
283	MetaDecoder	SP108_S87	1934373	1.0	1.0	NA	0.013420369287619296	0.007736943907156673	517	6490.0	25960	4	25960	4	strmgCAMI2_short_read_pooled_gold_standard_assembly
30	MetaDecoder	SP108_S87	1934373	1.0	1.0	NA	0.012423663895225999	0.009671179883945842	517	4806.4	24032	5	24032	5	strmgCAMI2_short_read_pooled_gold_standard_assembly
1	MetaDecoder	SP108_S87	1934373	1.0	1.0	NA	0.012117104612192169	0.01160541586073501	517	3906.5	23439	6	23439	6	strmgCAMI2_short_read_pooled_gold_standard_assembly
141	MetaDecoder	SP108_S87	1934373	1.0	1.0	NA	0.011873097897871818	0.005802707930367505	517	7655.666666666667	22967	3	22967	3	strmgCAMI2_short_read_pooled_gold_standard_assembly
121	MetaDecoder	SP108_S87	1934373	1.0	1.0	NA	0.011736102602755517	0.005802707930367505	517	7567.333333333333	22702	3	22702	3	strmgCAMI2_short_read_pooled_gold_standard_assembly
281	MetaDecoder	SP108_S87	1934373	1.0	1.0	NA	0.011026311885039752	0.0019342359767891683	517	21329.0	21329	1	21329	1	strmgCAMI2_short_read_pooled_gold_standard_assembly
2	MetaDecoder	SP108_S87	1934373	1.0	1.0	NA	0.01030980064341262	0.01160541586073501	517	3323.8333333333335	19943	6	19943	6	strmgCAMI2_short_read_pooled_gold_standard_assembly
126	MetaDecoder	SP108_S87	1934373	1.0	1.0	NA	0.008687569563884525	0.0038684719535783366	517	8402.5	16805	2	16805	2	strmgCAMI2_short_read_pooled_gold_standard_assembly
82	MetaDecoder	SP108_S87	1934373	1.0	1.0	NA	0.007517681439929114	0.007736943907156673	517	3635.5	14542	4	14542	4	strmgCAMI2_short_read_pooled_gold_standard_assembly
338	MetaDecoder	SP108_S87	1934373	1.0	1.0	NA	0.006881299521860572	0.0019342359767891683	517	13311.0	13311	1	13311	1	strmgCAMI2_short_read_pooled_gold_standard_assembly
42	MetaDecoder	SP108_S87	1934373	1.0	1.0	NA	0.005865466484488773	0.0038684719535783366	517	5673.0	11346	2	11346	2	strmgCAMI2_short_read_pooled_gold_standard_assembly
295	MetaDecoder	MIKI-NS15	6804298	1.0	1.0	NA	0.00441221122296525	0.010416666666666666	96	30022.0	30022	1	30022	1	strmgCAMI2_short_read_pooled_gold_standard_assembly
253	MetaDecoder	SP108_S87	1934373	1.0	1.0	NA	0.0041739623123358315	0.0019342359767891683	517	8074.0	8074	1	8074	1	strmgCAMI2_short_read_pooled_gold_standard_assembly
112	MetaDecoder	SP108_S87	1934373	1.0	1.0	NA	0.003972346594994864	0.0019342359767891683	517	7684.0	7684	1	7684	1	strmgCAMI2_short_read_pooled_gold_standard_assembly
436	MetaDecoder	MIKI-NS03	4487888	1.0	1.0	NA	0.002314228875586913	0.006622516556291391	151	10386.0	10386	1	10386	1	strmgCAMI2_short_read_pooled_gold_standard_assembly
269	MetaDecoder	SP108_S87	1934373	1.0	1.0	NA	0.0022823933129753156	0.0019342359767891683	517	4415.0	4415	1	4415	1	strmgCAMI2_short_read_pooled_gold_standard_assembly
237	MetaDecoder	SP108_S87	1934373	1.0	1.0	NA	0.0015793231191709148	0.0019342359767891683	517	3055.0	3055	1	3055	1	strmgCAMI2_short_read_pooled_gold_standard_assembly
49	SemiBin1	SP21_S92	1689680	1.0	1.0	NA	1.0	1.0	13	129975.38461538461	1689680	13	1689680	13	strmgCAMI2_short_read_pooled_gold_standard_assembly
35	SemiBin1	spades_ESBL6643_S3_L001	5120124	1.0	1.0	NA	0.9997810599899534	0.9545454545454546	22	243762.04761904763	5119003	21	5119003	21	strmgCAMI2_short_read_pooled_gold_standard_assembly
10	SemiBin1	MIKI-NS15	6804298	0.9920243450007376	0.9693877551020408	NA	0.9991949206222303	0.9895833333333334	96	69933.47959183673	6853481	98	6798820	95	strmgCAMI2_short_read_pooled_gold_standard_assembly
91	SemiBin1	MIKI-NS14	5248865	0.9633924873764981	0.9767441860465116	NA	0.998955964765716	0.9767441860465116	43	126572.69767441861	5442626	43	5243385	42	strmgCAMI2_short_read_pooled_gold_standard_assembly
468	SemiBin1	MIKI-NS13	7206672	1.0	1.0	NA	0.9989037935957125	0.8846153846153846	26	312990.0869565217	7198772	23	7198772	23	strmgCAMI2_short_read_pooled_gold_standard_assembly
505	SemiBin1	MIKI-NS08	2548574	1.0	1.0	NA	0.9978478160728314	0.9	10	282565.44444444444	2543089	9	2543089	9	strmgCAMI2_short_read_pooled_gold_standard_assembly
41	SemiBin1	MIKI-NS02	2999760	1.0	1.0	NA	0.9976691468650826	0.9534883720930233	43	72994.34146341463	2992768	41	2992768	41	strmgCAMI2_short_read_pooled_gold_standard_assembly
61	SemiBin1	spades_And8457_S3_L001	4927240	1.0	1.0	NA	0.9958859320836817	0.8902439024390244	82	67218.75342465754	4906969	73	4906969	73	strmgCAMI2_short_read_pooled_gold_standard_assembly
477	SemiBin1	MIKI-NS12	2251851	1.0	1.0	NA	0.9930923493605927	0.9027777777777778	72	34404.553846153845	2236296	65	2236296	65	strmgCAMI2_short_read_pooled_gold_standard_assembly
16	SemiBin1	MIKI-NS20	5362682	1.0	1.0	NA	0.9924088357280928	0.8990384615384616	208	28459.748663101604	5321973	187	5321973	187	strmgCAMI2_short_read_pooled_gold_standard_assembly
501	SemiBin1	MIKI-NS06	1964616	1.0	1.0	NA	0.991962296957777	0.7741935483870968	31	81201.04166666667	1948825	24	1948825	24	strmgCAMI2_short_read_pooled_gold_standard_assembly
17	SemiBin1	MIKI-NS10	2092134	1.0	1.0	NA	0.9805925433074555	0.82	100	25018.670731707316	2051531	82	2051531	82	strmgCAMI2_short_read_pooled_gold_standard_assembly
119	SemiBin1	MIKI-NS03	4487888	1.0	1.0	NA	0.9137859500950113	0.7350993377483444	151	36945.666666666664	4100969	111	4100969	111	strmgCAMI2_short_read_pooled_gold_standard_assembly
372	SemiBin1	MIKI-NS09	2039640	1.0	1.0	NA	0.5256746288560726	0.6818181818181818	22	71479.13333333333	1072187	15	1072187	15	strmgCAMI2_short_read_pooled_gold_standard_assembly
371	SemiBin1	MIKI-NS09	2039640	1.0	1.0	NA	0.4716371516542135	0.2727272727272727	22	160328.33333333334	961970	6	961970	6	strmgCAMI2_short_read_pooled_gold_standard_assembly
92	SemiBin1	SP108_S87	1934373	1.0	1.0	NA	0.10181180155016638	0.05609284332688588	517	6791.103448275862	196942	29	196942	29	strmgCAMI2_short_read_pooled_gold_standard_assembly
102	SemiBin1	SP108_S87	1934373	1.0	1.0	NA	0.06687489951524345	0.04448742746615087	517	5624.391304347826	129361	23	129361	23	strmgCAMI2_short_read_pooled_gold_standard_assembly
98	SemiBin1	SP108_S87	1934373	1.0	1.0	NA	0.0639923117206454	0.058027079303675046	517	4126.166666666667	123785	30	123785	30	strmgCAMI2_short_read_pooled_gold_standard_assembly
96	SemiBin1	SP108_S87	1934373	1.0	1.0	NA	0.062445557294275714	0.0425531914893617	517	5490.590909090909	120793	22	120793	22	strmgCAMI2_short_read_pooled_gold_standard_assembly
90	SemiBin1	SP108_S87	1934373	1.0	1.0	NA	0.05820387277944843	0.029013539651837523	517	7505.866666666667	112588	15	112588	15	strmgCAMI2_short_read_pooled_gold_standard_assembly
94	SemiBin1	SP108_S87	1934373	1.0	1.0	NA	0.057956764284861295	0.029013539651837523	517	7474.0	112110	15	112110	15	strmgCAMI2_short_read_pooled_gold_standard_assembly
88	SemiBin1	SP108_S87	1934373	1.0	1.0	NA	0.034891409257676774	0.027079303675048357	517	4820.928571428572	67493	14	67493	14	strmgCAMI2_short_read_pooled_gold_standard_assembly
100	SemiBin1	SP108_S87	1934373	1.0	1.0	NA	0.034515576882018104	0.017408123791102514	517	7418.444444444444	66766	9	66766	9	strmgCAMI2_short_read_pooled_gold_standard_assembly
104	SemiBin1	SP108_S87	1934373	1.0	1.0	NA	0.017323442789989315	0.009671179883945842	517	6702.0	33510	5	33510	5	strmgCAMI2_short_read_pooled_gold_standard_assembly
106	SemiBin1	SP108_S87	1934373	1.0	1.0	NA	0.016180436761679365	0.005802707930367505	517	10433.0	31299	3	31299	3	strmgCAMI2_short_read_pooled_gold_standard_assembly
109	SemiBin1	SP108_S87	1934373	1.0	1.0	NA	0.0065189081940246274	0.005802707930367505	517	4203.333333333333	12610	3	12610	3	strmgCAMI2_short_read_pooled_gold_standard_assembly
47	SemiBin1	SP108_S87	1934373	1.0	1.0	NA	0.005157743620284196	0.007736943907156673	517	2494.25	9977	4	9977	4	strmgCAMI2_short_read_pooled_gold_standard_assembly
499	SemiBin1	SP108_S87	1934373	1.0	1.0	NA	0.004158970374379708	0.0019342359767891683	517	8045.0	8045	1	8045	1	strmgCAMI2_short_read_pooled_gold_standard_assembly
127	SemiBin1	SP108_S87	1934373	1.0	1.0	NA	0.0039780331921506346	0.0019342359767891683	517	7695.0	7695	1	7695	1	strmgCAMI2_short_read_pooled_gold_standard_assembly
108	SemiBin1	SP108_S87	1934373	1.0	1.0	NA	0.003645108776849139	0.0019342359767891683	517	7051.0	7051	1	7051	1	strmgCAMI2_short_read_pooled_gold_standard_assembly
12	SemiBin1	SP108_S87	1934373	1.0	1.0	NA	0.002811246848462008	0.0019342359767891683	517	5438.0	5438	1	5438	1	strmgCAMI2_short_read_pooled_gold_standard_assembly
332	SemiBin1	SP108_S87	1934373	1.0	1.0	NA	0.0028071111414396293	0.0019342359767891683	517	5430.0	5430	1	5430	1	strmgCAMI2_short_read_pooled_gold_standard_assembly
373	SemiBin1	SP108_S87	1934373	1.0	1.0	NA	0.0025910204495203353	0.0019342359767891683	517	5012.0	5012	1	5012	1	strmgCAMI2_short_read_pooled_gold_standard_assembly
281	SemiBin1	SP108_S87	1934373	1.0	1.0	NA	0.002016674136787476	0.0019342359767891683	517	3901.0	3901	1	3901	1	strmgCAMI2_short_read_pooled_gold_standard_assembly
510	SemiBin1	SP108_S87	1934373	1.0	1.0	NA	0.001679097051085804	0.0019342359767891683	517	3248.0	3248	1	3248	1	strmgCAMI2_short_read_pooled_gold_standard_assembly
374	SemiBin1	SP108_S87	1934373	1.0	1.0	NA	0.0016423926512621919	0.0019342359767891683	517	3177.0	3177	1	3177	1	strmgCAMI2_short_read_pooled_gold_standard_assembly
133	SemiBin1	SP108_S87	1934373	1.0	1.0	NA	0.0014562858352551447	0.0019342359767891683	517	2817.0	2817	1	2817	1	strmgCAMI2_short_read_pooled_gold_standard_assembly
337	SemiBin1	SP108_S87	1934373	1.0	1.0	NA	0.0014454296043214002	0.0019342359767891683	517	2796.0	2796	1	2796	1	strmgCAMI2_short_read_pooled_gold_standard_assembly
479	SemiBin1	spades_And8457_S3_L001	4927240	1.0	1.0	NA	0.0010772765280359796	0.012195121951219513	82	5308.0	5308	1	5308	1	strmgCAMI2_short_read_pooled_gold_standard_assembly
8	SemiBin1	SP108_S87	1934373	1.0	1.0	NA	0.0010742498990629005	0.0019342359767891683	517	2078.0	2078	1	2078	1	strmgCAMI2_short_read_pooled_gold_standard_assembly
85	SemiBin1	spades_And8457_S3_L001	4927240	1.0	1.0	NA	0.000946168646138609	0.024390243902439025	82	2331.0	4662	2	4662	2	strmgCAMI2_short_read_pooled_gold_standard_assembly
453	SemiBin1	spades_And8457_S3_L001	4927240	1.0	1.0	NA	0.00045826872650814657	0.012195121951219513	82	2258.0	2258	1	2258	1	strmgCAMI2_short_read_pooled_gold_standard_assembly
196	SemiBin2	spades_ESBL6643_S3_L001	5120124	1.0	1.0	NA	0.9994453259335125	0.9090909090909091	22	255864.2	5117284	20	5117284	20	strmgCAMI2_short_read_pooled_gold_standard_assembly
445	SemiBin2	MIKI-NS13	7206672	1.0	1.0	NA	0.999239316011607	0.9615384615384616	26	288047.6	7201190	25	7201190	25	strmgCAMI2_short_read_pooled_gold_standard_assembly
385	SemiBin2	MIKI-NS20	5362682	1.0	1.0	NA	0.9989775638383928	0.9951923076923077	208	25880.1884057971	5357199	207	5357199	207	strmgCAMI2_short_read_pooled_gold_standard_assembly
344	SemiBin2	MIKI-NS14	5248865	1.0	1.0	NA	0.998955964765716	0.9767441860465116	43	124842.5	5243385	42	5243385	42	strmgCAMI2_short_read_pooled_gold_standard_assembly
200	SemiBin2	MIKI-NS02	2999760	1.0	1.0	NA	0.9981718537482999	0.9767441860465116	43	71292.28571428571	2994276	42	2994276	42	strmgCAMI2_short_read_pooled_gold_standard_assembly
511	SemiBin2	MIKI-NS08	2548574	1.0	1.0	NA	0.9978478160728314	0.9	10	282565.44444444444	2543089	9	2543089	9	strmgCAMI2_short_read_pooled_gold_standard_assembly
311	SemiBin2	SP21_S92	1689680	1.0	1.0	NA	0.9970663084134274	0.9230769230769231	13	140393.58333333334	1684723	12	1684723	12	strmgCAMI2_short_read_pooled_gold_standard_assembly
407	SemiBin2	MIKI-NS12	2251851	1.0	1.0	NA	0.9969203113349862	0.9722222222222222	72	32070.22857142857	2244916	70	2244916	70	strmgCAMI2_short_read_pooled_gold_standard_assembly
252	SemiBin2	MIKI-NS10	2092134	1.0	1.0	NA	0.9967774530694496	0.98	100	21279.51020408163	2085392	98	2085392	98	strmgCAMI2_short_read_pooled_gold_standard_assembly
212	SemiBin2	spades_And8457_S3_L001	4927240	1.0	1.0	NA	0.9967710117631777	0.9146341463414634	82	65484.4	4911330	75	4911330	75	strmgCAMI2_short_read_pooled_gold_standard_assembly
290	SemiBin2	MIKI-NS06	1964616	1.0	1.0	NA	0.9961162893919219	0.9354838709677419	31	67482.27586206897	1956986	29	1956986	29	strmgCAMI2_short_read_pooled_gold_standard_assembly
409	SemiBin2	MIKI-NS09	2039640	1.0	1.0	NA	0.9941063128787433	0.8181818181818182	22	112645.5	2027619	18	2027619	18	strmgCAMI2_short_read_pooled_gold_standard_assembly
74	SemiBin2	MIKI-NS15	6804298	1.0	1.0	NA	0.9926943234996468	0.96875	96	72629.97849462366	6754588	93	6754588	93	strmgCAMI2_short_read_pooled_gold_standard_assembly
238	SemiBin2	MIKI-NS03	4487888	1.0	1.0	NA	0.9865999329751545	0.9735099337748344	151	30120.748299319726	4427750	147	4427750	147	strmgCAMI2_short_read_pooled_gold_standard_assembly
210	SemiBin2	SP108_S87	1934373	1.0	1.0	NA	0.16443726209991558	0.19922630560928434	517	3088.1844660194174	318083	103	318083	103	strmgCAMI2_short_read_pooled_gold_standard_assembly
201	SemiBin2	SP108_S87	1934373	1.0	1.0	NA	0.1376921617495695	0.09864603481624758	517	5222.509803921569	266348	51	266348	51	strmgCAMI2_short_read_pooled_gold_standard_assembly
272	SemiBin2	SP108_S87	1934373	1.0	1.0	NA	0.06578617464160222	0.04448742746615087	517	5532.826086956522	127255	23	127255	23	strmgCAMI2_short_read_pooled_gold_standard_assembly
234	SemiBin2	SP108_S87	1934373	1.0	1.0	NA	0.06526352466664909	0.05029013539651837	517	4855.538461538462	126244	26	126244	26	strmgCAMI2_short_read_pooled_gold_standard_assembly
380	SemiBin2	SP108_S87	1934373	1.0	1.0	NA	0.06300284381554126	0.06769825918762089	517	3482.0285714285715	121871	35	121871	35	strmgCAMI2_short_read_pooled_gold_standard_assembly
270	SemiBin2	SP108_S87	1934373	1.0	1.0	NA	0.060113535497031856	0.0425531914893617	517	5285.545454545455	116282	22	116282	22	strmgCAMI2_short_read_pooled_gold_standard_assembly
284	SemiBin2	SP108_S87	1934373	1.0	1.0	NA	0.05901240350232349	0.059961315280464215	517	3682.3225806451615	114152	31	114152	31	strmgCAMI2_short_read_pooled_gold_standard_assembly
222	SemiBin2	SP108_S87	1934373	1.0	1.0	NA	0.05093950339464002	0.025145067698259187	517	7579.692307692308	98536	13	98536	13	strmgCAMI2_short_read_pooled_gold_standard_assembly
542	SemiBin2	SP108_S87	1934373	1.0	1.0	NA	0.041640883118199024	0.029013539651837523	517	5369.933333333333	80549	15	80549	15	strmgCAMI2_short_read_pooled_gold_standard_assembly
546	SemiBin2	SP108_S87	1934373	1.0	1.0	NA	0.03632805048457562	0.025145067698259187	517	5405.538461538462	70272	13	70272	13	strmgCAMI2_short_read_pooled_gold_standard_assembly
243	SemiBin2	SP108_S87	1934373	1.0	1.0	NA	0.029043002564655317	0.02127659574468085	517	5107.272727272727	56180	11	56180	11	strmgCAMI2_short_read_pooled_gold_standard_assembly
260	SemiBin2	SP108_S87	1934373	1.0	1.0	NA	0.023132560266298174	0.019342359767891684	517	4474.7	44747	10	44747	10	strmgCAMI2_short_read_pooled_gold_standard_assembly
257	SemiBin2	SP108_S87	1934373	1.0	1.0	NA	0.011827088157247853	0.007736943907156673	517	5719.5	22878	4	22878	4	strmgCAMI2_short_read_pooled_gold_standard_assembly
301	SemiBin2	SP108_S87	1934373	1.0	1.0	NA	0.010321690801101959	0.01160541586073501	517	3327.6666666666665	19966	6	19966	6	strmgCAMI2_short_read_pooled_gold_standard_assembly
423	SemiBin2	SP108_S87	1934373	1.0	1.0	NA	0.009273289070928926	0.009671179883945842	517	3587.6	17938	5	17938	5	strmgCAMI2_short_read_pooled_gold_standard_assembly
204	SemiBin2	SP108_S87	1934373	1.0	1.0	NA	0.008770283704332102	0.009671179883945842	517	3393.0	16965	5	16965	5	strmgCAMI2_short_read_pooled_gold_standard_assembly
524	SemiBin2	SP108_S87	1934373	1.0	1.0	NA	0.007264886348186208	0.01160541586073501	517	2342.1666666666665	14053	6	14053	6	strmgCAMI2_short_read_pooled_gold_standard_assembly
228	SemiBin2	SP108_S87	1934373	1.0	1.0	NA	0.005010926020989747	0.0038684719535783366	517	4846.5	9693	2	9693	2	strmgCAMI2_short_read_pooled_gold_standard_assembly
173	SemiBin2	SP108_S87	1934373	1.0	1.0	NA	0.003171053359408966	0.0038684719535783366	517	3067.0	6134	2	6134	2	strmgCAMI2_short_read_pooled_gold_standard_assembly
568	SemiBin2	SP108_S87	1934373	1.0	1.0	NA	0.0028071111414396293	0.0019342359767891683	517	5430.0	5430	1	5430	1	strmgCAMI2_short_read_pooled_gold_standard_assembly
33	SemiBin2	SP108_S87	1934373	1.0	1.0	NA	0.002396125256090733	0.005802707930367505	517	1545.0	4635	3	4635	3	strmgCAMI2_short_read_pooled_gold_standard_assembly
456	SemiBin2	SP108_S87	1934373	1.0	1.0	NA	0.0019856563341196344	0.0019342359767891683	517	3841.0	3841	1	3841	1	strmgCAMI2_short_read_pooled_gold_standard_assembly
230	SemiBin2	SP108_S87	1934373	1.0	1.0	NA	0.0018760600980265957	0.0019342359767891683	517	3629.0	3629	1	3629	1	strmgCAMI2_short_read_pooled_gold_standard_assembly
115	SemiBin2	SP108_S87	1934373	1.0	1.0	NA	0.0013621985004960264	0.0019342359767891683	517	2635.0	2635	1	2635	1	strmgCAMI2_short_read_pooled_gold_standard_assembly
224	SemiBin2	SP108_S87	1934373	1.0	1.0	NA	0.001257771898180961	0.0038684719535783366	517	1216.5	2433	2	2433	2	strmgCAMI2_short_read_pooled_gold_standard_assembly
509	SemiBin2	SP108_S87	1934373	1.0	1.0	NA	0.0011502435155991114	0.0038684719535783366	517	1112.5	2225	2	2225	2	strmgCAMI2_short_read_pooled_gold_standard_assembly
388	SemiBin2	SP108_S87	1934373	1.0	1.0	NA	0.0011249123100870412	0.0019342359767891683	517	2176.0	2176	1	2176	1	strmgCAMI2_short_read_pooled_gold_standard_assembly
471	SemiBin2	spades_And8457_S3_L001	4927240	1.0	1.0	NA	0.0010772765280359796	0.012195121951219513	82	5308.0	5308	1	5308	1	strmgCAMI2_short_read_pooled_gold_standard_assembly
192	SemiBin2	SP108_S87	1934373	1.0	1.0	NA	0.0010742498990629005	0.0019342359767891683	517	2078.0	2078	1	2078	1	strmgCAMI2_short_read_pooled_gold_standard_assembly
130	SemiBin2	SP108_S87	1934373	1.0	1.0	NA	0.000814734283408629	0.0019342359767891683	517	1576.0	1576	1	1576	1	strmgCAMI2_short_read_pooled_gold_standard_assembly
480	SemiBin2	SP108_S87	1934373	1.0	1.0	NA	0.0008049119792304793	0.0019342359767891683	517	1557.0	1557	1	1557	1	strmgCAMI2_short_read_pooled_gold_standard_assembly
180	SemiBin2	SP108_S87	1934373	1.0	1.0	NA	0.0007847504074963825	0.0019342359767891683	517	1518.0	1518	1	1518	1	strmgCAMI2_short_read_pooled_gold_standard_assembly
19	SemiBin2	SP108_S87	1934373	1.0	1.0	NA	0.0006715354277587621	0.0019342359767891683	517	1299.0	1299	1	1299	1	strmgCAMI2_short_read_pooled_gold_standard_assembly
145	SemiBin2	SP108_S87	1934373	1.0	1.0	NA	0.0006482720757578813	0.0019342359767891683	517	1254.0	1254	1	1254	1	strmgCAMI2_short_read_pooled_gold_standard_assembly
404	SemiBin2	SP108_S87	1934373	1.0	1.0	NA	0.000601228408378322	0.0019342359767891683	517	1163.0	1163	1	1163	1	strmgCAMI2_short_read_pooled_gold_standard_assembly
229	SemiBin2	SP108_S87	1934373	1.0	1.0	NA	0.0005939909210891591	0.0019342359767891683	517	1149.0	1149	1	1149	1	strmgCAMI2_short_read_pooled_gold_standard_assembly
318	SemiBin2	SP108_S87	1934373	1.0	1.0	NA	0.0005738293493550623	0.0019342359767891683	517	1110.0	1110	1	1110	1	strmgCAMI2_short_read_pooled_gold_standard_assembly
101	SemiBin2	SP108_S87	1934373	1.0	1.0	NA	0.000557286521265547	0.0019342359767891683	517	1078.0	1078	1	1078	1	strmgCAMI2_short_read_pooled_gold_standard_assembly
538	SemiBin2	SP108_S87	1934373	1.0	1.0	NA	0.000522133011575327	0.0019342359767891683	517	1010.0	1010	1	1010	1	strmgCAMI2_short_read_pooled_gold_standard_assembly
144	SemiBin2	spades_And8457_S3_L001	4927240	1.0	1.0	NA	0.0004874940128753623	0.012195121951219513	82	2402.0	2402	1	2402	1	strmgCAMI2_short_read_pooled_gold_standard_assembly
349	SemiBin2	spades_And8457_S3_L001	4927240	1.0	1.0	NA	0.00045867463326324675	0.012195121951219513	82	2260.0	2260	1	2260	1	strmgCAMI2_short_read_pooled_gold_standard_assembly
533	SemiBin2	spades_And8457_S3_L001	4927240	1.0	1.0	NA	0.00045826872650814657	0.012195121951219513	82	2258.0	2258	1	2258	1	strmgCAMI2_short_read_pooled_gold_standard_assembly
group21905	COMEBin(filter200000)	MIKI-NS15	6804298	0.9920243450007376	0.9693877551020408	NA	0.9991949206222303	0.9895833333333334	96	69933.47959183673	6853481	98	6798820	95	strmgCAMI2_short_read_pooled_gold_standard_assembly
group18618	COMEBin(filter200000)	MIKI-NS14	5248865	1.0	1.0	NA	0.998955964765716	0.9767441860465116	43	124842.5	5243385	42	5243385	42	strmgCAMI2_short_read_pooled_gold_standard_assembly
group24795	COMEBin(filter200000)	spades_ESBL6643_S3_L001	5120124	1.0	1.0	NA	0.9988615510093115	0.8181818181818182	22	284127.5	5114295	18	5114295	18	strmgCAMI2_short_read_pooled_gold_standard_assembly
group30299	COMEBin(filter200000)	MIKI-NS13	7206672	1.0	1.0	NA	0.998605875222294	0.8846153846153846	26	312896.73913043475	7196625	23	7196625	23	strmgCAMI2_short_read_pooled_gold_standard_assembly
group16081	COMEBin(filter200000)	MIKI-NS08	2548574	1.0	1.0	NA	0.9978478160728314	0.9	10	282565.44444444444	2543089	9	2543089	9	strmgCAMI2_short_read_pooled_gold_standard_assembly
group29857	COMEBin(filter200000)	MIKI-NS20	5362682	1.0	1.0	NA	0.9971178600558452	0.9807692307692307	208	26211.892156862745	5347226	204	5347226	204	strmgCAMI2_short_read_pooled_gold_standard_assembly
group7062	COMEBin(filter200000)	SP21_S92	1689680	1.0	1.0	NA	0.9970663084134274	0.9230769230769231	13	140393.58333333334	1684723	12	1684723	12	strmgCAMI2_short_read_pooled_gold_standard_assembly
group21969	COMEBin(filter200000)	spades_And8457_S3_L001	4927240	1.0	1.0	NA	0.9967710117631777	0.9146341463414634	82	65484.4	4911330	75	4911330	75	strmgCAMI2_short_read_pooled_gold_standard_assembly
group7032	COMEBin(filter200000)	MIKI-NS02	2999760	1.0	1.0	NA	0.9964110462170307	0.9302325581395349	43	74724.85	2988994	40	2988994	40	strmgCAMI2_short_read_pooled_gold_standard_assembly
group22772	COMEBin(filter200000)	MIKI-NS10	2092134	0.9993677667621017	0.9897959183673469	NA	0.9950485963136204	0.97	100	21256.04081632653	2083092	98	2081775	97	strmgCAMI2_short_read_pooled_gold_standard_assembly
group22150	COMEBin(filter200000)	MIKI-NS06	1964616	1.0	1.0	NA	0.9931192660550459	0.8387096774193549	31	75042.23076923077	1951098	26	1951098	26	strmgCAMI2_short_read_pooled_gold_standard_assembly
group8248	COMEBin(filter200000)	MIKI-NS03	4487888	1.0	1.0	NA	0.9865999329751545	0.9735099337748344	151	30120.748299319726	4427750	147	4427750	147	strmgCAMI2_short_read_pooled_gold_standard_assembly
group13031	COMEBin(filter200000)	MIKI-NS12	2251851	1.0	1.0	NA	0.9610675839564874	0.9583333333333334	72	31364.942028985508	2164181	69	2164181	69	strmgCAMI2_short_read_pooled_gold_standard_assembly
group18021	COMEBin(filter200000)	SP108_S87	1934373	1.0	1.0	NA	0.8533623039610251	0.8278529980657641	517	3856.82476635514	1650721	428	1650721	428	strmgCAMI2_short_read_pooled_gold_standard_assembly
group20557	COMEBin(filter200000)	MIKI-NS09	2039640	1.0	1.0	NA	0.8203741836794729	0.8181818181818182	22	92959.33333333333	1673268	18	1673268	18	strmgCAMI2_short_read_pooled_gold_standard_assembly
group21249	COMEBin(filter200000)	MIKI-NS09	2039640	1.0	1.0	NA	0.17439303014257418	0.045454545454545456	22	355699.0	355699	1	355699	1	strmgCAMI2_short_read_pooled_gold_standard_assembly
group11145	COMEBin(filter200000)	SP108_S87	1934373	1.0	1.0	NA	0.01955155494829591	0.027079303675048357	517	2701.4285714285716	37820	14	37820	14	strmgCAMI2_short_read_pooled_gold_standard_assembly
group334	COMEBin(filter200000)	SP108_S87	1934373	1.0	1.0	NA	0.019266708127129568	0.01160541586073501	517	6211.5	37269	6	37269	6	strmgCAMI2_short_read_pooled_gold_standard_assembly
group7	COMEBin(filter200000)	SP108_S87	1934373	1.0	1.0	NA	0.015943667534648178	0.005802707930367505	517	10280.333333333334	30841	3	30841	3	strmgCAMI2_short_read_pooled_gold_standard_assembly
group6182	COMEBin(filter200000)	SP108_S87	1934373	1.0	1.0	NA	0.01322599105756749	0.007736943907156673	517	6396.0	25584	4	25584	4	strmgCAMI2_short_read_pooled_gold_standard_assembly
group18114	COMEBin(filter200000)	SP108_S87	1934373	1.0	1.0	NA	0.011776425746223711	0.030947775628626693	517	1423.75	22780	16	22780	16	strmgCAMI2_short_read_pooled_gold_standard_assembly
group8822	COMEBin(filter200000)	SP108_S87	1934373	1.0	1.0	NA	0.01004614932073597	0.015473887814313346	517	2429.125	19433	8	19433	8	strmgCAMI2_short_read_pooled_gold_standard_assembly
group31182	COMEBin(filter200000)	SP108_S87	1934373	1.0	1.0	NA	0.007392576302502154	0.0038684719535783366	517	7150.0	14300	2	14300	2	strmgCAMI2_short_read_pooled_gold_standard_assembly
group31514	COMEBin(filter200000)	SP108_S87	1934373	1.0	1.0	NA	0.006414998555087359	0.01160541586073501	517	2068.1666666666665	12409	6	12409	6	strmgCAMI2_short_read_pooled_gold_standard_assembly
group295	COMEBin(filter200000)	SP108_S87	1934373	1.0	1.0	NA	0.006212865874368594	0.0019342359767891683	517	12018.0	12018	1	12018	1	strmgCAMI2_short_read_pooled_gold_standard_assembly
group26327	COMEBin(filter200000)	SP108_S87	1934373	1.0	1.0	NA	0.005721233702083311	0.01160541586073501	517	1844.5	11067	6	11067	6	strmgCAMI2_short_read_pooled_gold_standard_assembly
group8839	COMEBin(filter200000)	SP108_S87	1934373	1.0	1.0	NA	0.005297840695667278	0.01160541586073501	517	1708.0	10248	6	10248	6	strmgCAMI2_short_read_pooled_gold_standard_assembly
group194	COMEBin(filter200000)	SP108_S87	1934373	1.0	1.0	NA	0.00490494852854129	0.0019342359767891683	517	9488.0	9488	1	9488	1	strmgCAMI2_short_read_pooled_gold_standard_assembly
group4317	COMEBin(filter200000)	SP108_S87	1934373	1.0	1.0	NA	0.0041460462899347746	0.0019342359767891683	517	8020.0	8020	1	8020	1	strmgCAMI2_short_read_pooled_gold_standard_assembly
group29841	COMEBin(filter200000)	SP108_S87	1934373	1.0	1.0	NA	0.003449179656663942	0.0019342359767891683	517	6672.0	6672	1	6672	1	strmgCAMI2_short_read_pooled_gold_standard_assembly
group2	COMEBin(filter200000)	MIKI-NS06	1964616	0.14295575641219233	0.13636363636363635	NA	0.0033731782699519906	0.0967741935483871	31	2107.1363636363635	46357	22	6627	3	strmgCAMI2_short_read_pooled_gold_standard_assembly
group11730	COMEBin(filter200000)	SP108_S87	1934373	1.0	1.0	NA	0.003363880699327379	0.005802707930367505	517	2169.0	6507	3	6507	3	strmgCAMI2_short_read_pooled_gold_standard_assembly
group366	COMEBin(filter200000)	SP108_S87	1934373	1.0	1.0	NA	0.0023304709071104695	0.0019342359767891683	517	4508.0	4508	1	4508	1	strmgCAMI2_short_read_pooled_gold_standard_assembly
group1	COMEBin(filter200000)	MIKI-NS08	2548574	0.08749401818471846	0.08333333333333333	NA	0.002152183927168683	0.1	10	5224.166666666667	62690	12	5485	1	strmgCAMI2_short_read_pooled_gold_standard_assembly
group50	COMEBin(filter200000)	MIKI-NS20	5362682	1.0	1.0	NA	0.0018597037825476134	0.014423076923076924	208	3324.3333333333335	9973	3	9973	3	strmgCAMI2_short_read_pooled_gold_standard_assembly
group4	COMEBin(filter200000)	SP108_S87	1934373	1.0	1.0	NA	0.0016842666848637775	0.0038684719535783366	517	1629.0	3258	2	3258	2	strmgCAMI2_short_read_pooled_gold_standard_assembly
group31814	COMEBin(filter200000)	SP108_S87	1934373	1.0	1.0	NA	0.0015622633277036023	0.0019342359767891683	517	3022.0	3022	1	3022	1	strmgCAMI2_short_read_pooled_gold_standard_assembly
group26	COMEBin(filter200000)	spades_And8457_S3_L001	4927240	1.0	1.0	NA	0.0010772765280359796	0.012195121951219513	82	5308.0	5308	1	5308	1	strmgCAMI2_short_read_pooled_gold_standard_assembly
group224	COMEBin(filter200000)	MIKI-NS06	1964616	1.0	1.0	NA	0.000718206509567264	0.03225806451612903	31	1411.0	1411	1	1411	1	strmgCAMI2_short_read_pooled_gold_standard_assembly
group32650	COMEBin(filter200000)	MIKI-NS12	2251851	1.0	1.0	NA	0.0006461351128471644	0.013888888888888888	72	1455.0	1455	1	1455	1	strmgCAMI2_short_read_pooled_gold_standard_assembly
group13160	COMEBin(filter200000)	SP108_S87	1934373	1.0	1.0	NA	0.000522133011575327	0.0019342359767891683	517	1010.0	1010	1	1010	1	strmgCAMI2_short_read_pooled_gold_standard_assembly
group10072	COMEBin(filter200000)	spades_And8457_S3_L001	4927240	1.0	1.0	NA	0.00045826872650814657	0.012195121951219513	82	2258.0	2258	1	2258	1	strmgCAMI2_short_read_pooled_gold_standard_assembly
group24795	COMEBin_filter200000_nokmer	spades_ESBL6643_S3_L001	5120124	1.0	1.0	NA	1.0	1.0	22	232732.9090909091	5120124	22	5120124	22	strmgCAMI2_short_read_pooled_gold_standard_assembly
group7062	COMEBin_filter200000_nokmer	SP21_S92	1689680	1.0	1.0	NA	1.0	1.0	13	129975.38461538461	1689680	13	1689680	13	strmgCAMI2_short_read_pooled_gold_standard_assembly
group30299	COMEBin_filter200000_nokmer	MIKI-NS13	7206672	1.0	1.0	NA	0.999239316011607	0.9615384615384616	26	288047.6	7201190	25	7201190	25	strmgCAMI2_short_read_pooled_gold_standard_assembly
group21905	COMEBin_filter200000_nokmer	MIKI-NS15	6804298	0.9920243450007376	0.9693877551020408	NA	0.9991949206222303	0.9895833333333334	96	69933.47959183673	6853481	98	6798820	95	strmgCAMI2_short_read_pooled_gold_standard_assembly
group29857	COMEBin_filter200000_nokmer	MIKI-NS20	5362682	1.0	1.0	NA	0.9989775638383928	0.9951923076923077	208	25880.1884057971	5357199	207	5357199	207	strmgCAMI2_short_read_pooled_gold_standard_assembly
group18618	COMEBin_filter200000_nokmer	MIKI-NS14	5248865	1.0	1.0	NA	0.998955964765716	0.9767441860465116	43	124842.5	5243385	42	5243385	42	strmgCAMI2_short_read_pooled_gold_standard_assembly
group7032	COMEBin_filter200000_nokmer	MIKI-NS02	2999760	1.0	1.0	NA	0.9981718537482999	0.9767441860465116	43	71292.28571428571	2994276	42	2994276	42	strmgCAMI2_short_read_pooled_gold_standard_assembly
group16081	COMEBin_filter200000_nokmer	MIKI-NS08	2548574	1.0	1.0	NA	0.9978478160728314	0.9	10	282565.44444444444	2543089	9	2543089	9	strmgCAMI2_short_read_pooled_gold_standard_assembly
group22772	COMEBin_filter200000_nokmer	MIKI-NS10	2092134	1.0	1.0	NA	0.9973825768330327	0.99	100	21077.353535353537	2086658	99	2086658	99	strmgCAMI2_short_read_pooled_gold_standard_assembly
group22150	COMEBin_filter200000_nokmer	MIKI-NS06	1964616	1.0	1.0	NA	0.9972106508345652	0.967741935483871	31	65304.53333333333	1959136	30	1959136	30	strmgCAMI2_short_read_pooled_gold_standard_assembly
group21969	COMEBin_filter200000_nokmer	spades_And8457_S3_L001	4927240	1.0	1.0	NA	0.9932605271916936	0.926829268292683	82	64395.17105263158	4894033	76	4894033	76	strmgCAMI2_short_read_pooled_gold_standard_assembly
group8248	COMEBin_filter200000_nokmer	MIKI-NS03	4487888	1.0	1.0	NA	0.9865999329751545	0.9735099337748344	151	30120.748299319726	4427750	147	4427750	147	strmgCAMI2_short_read_pooled_gold_standard_assembly
group21110	COMEBin_filter200000_nokmer	MIKI-NS12	2251851	1.0	1.0	NA	0.9756604677662953	0.9722222222222222	72	31386.314285714285	2197042	70	2197042	70	strmgCAMI2_short_read_pooled_gold_standard_assembly
group20557	COMEBin_filter200000_nokmer	MIKI-NS09	2039640	1.0	1.0	NA	0.822918750367712	0.9090909090909091	22	83922.9	1678458	20	1678458	20	strmgCAMI2_short_read_pooled_gold_standard_assembly
group9	COMEBin_filter200000_nokmer	SP108_S87	1934373	1.0	1.0	NA	0.7582999762713809	0.7543520309477756	517	3761.1153846153848	1466835	390	1466835	390	strmgCAMI2_short_read_pooled_gold_standard_assembly
group21249	COMEBin_filter200000_nokmer	MIKI-NS09	2039640	1.0	1.0	NA	0.17439303014257418	0.045454545454545456	22	355699.0	355699	1	355699	1	strmgCAMI2_short_read_pooled_gold_standard_assembly
group480	COMEBin_filter200000_nokmer	SP108_S87	1934373	1.0	1.0	NA	0.060785587888168416	0.058027079303675046	517	3919.4	117582	30	117582	30	strmgCAMI2_short_read_pooled_gold_standard_assembly
group208	COMEBin_filter200000_nokmer	SP108_S87	1934373	1.0	1.0	NA	0.018271036661491862	0.015473887814313346	517	4417.875	35343	8	35343	8	strmgCAMI2_short_read_pooled_gold_standard_assembly
group574	COMEBin_filter200000_nokmer	SP108_S87	1934373	1.0	1.0	NA	0.0163691283945754	0.009671179883945842	517	6332.8	31664	5	31664	5	strmgCAMI2_short_read_pooled_gold_standard_assembly
group391	COMEBin_filter200000_nokmer	SP108_S87	1934373	1.0	1.0	NA	0.015985541568249762	0.009671179883945842	517	6184.4	30922	5	30922	5	strmgCAMI2_short_read_pooled_gold_standard_assembly
group55	COMEBin_filter200000_nokmer	SP108_S87	1934373	1.0	1.0	NA	0.015158917127151795	0.007736943907156673	517	7330.75	29323	4	29323	4	strmgCAMI2_short_read_pooled_gold_standard_assembly
group389	COMEBin_filter200000_nokmer	SP108_S87	1934373	1.0	1.0	NA	0.008516454685833601	0.0038684719535783366	517	8237.0	16474	2	16474	2	strmgCAMI2_short_read_pooled_gold_standard_assembly
group661	COMEBin_filter200000_nokmer	SP108_S87	1934373	1.0	1.0	NA	0.007570411704464444	0.005802707930367505	517	4881.333333333333	14644	3	14644	3	strmgCAMI2_short_read_pooled_gold_standard_assembly
group7	COMEBin_filter200000_nokmer	SP108_S87	1934373	1.0	1.0	NA	0.007276776505875548	0.0019342359767891683	517	14076.0	14076	1	14076	1	strmgCAMI2_short_read_pooled_gold_standard_assembly
group563	COMEBin_filter200000_nokmer	SP108_S87	1934373	1.0	1.0	NA	0.007076711678667971	0.0038684719535783366	517	6844.5	13689	2	13689	2	strmgCAMI2_short_read_pooled_gold_standard_assembly
group516	COMEBin_filter200000_nokmer	SP108_S87	1934373	1.0	1.0	NA	0.006339004938551148	0.005802707930367505	517	4087.3333333333335	12262	3	12262	3	strmgCAMI2_short_read_pooled_gold_standard_assembly
group546	COMEBin_filter200000_nokmer	SP108_S87	1934373	1.0	1.0	NA	0.006017970680938992	0.0038684719535783366	517	5820.5	11641	2	11641	2	strmgCAMI2_short_read_pooled_gold_standard_assembly
group18	COMEBin_filter200000_nokmer	SP108_S87	1934373	1.0	1.0	NA	0.005480328768029744	0.01160541586073501	517	1766.8333333333333	10601	6	10601	6	strmgCAMI2_short_read_pooled_gold_standard_assembly
group728	COMEBin_filter200000_nokmer	SP108_S87	1934373	1.0	1.0	NA	0.004900812821518911	0.0038684719535783366	517	4740.0	9480	2	9480	2	strmgCAMI2_short_read_pooled_gold_standard_assembly
group8822	COMEBin_filter200000_nokmer	SP108_S87	1934373	1.0	1.0	NA	0.004871862872362259	0.009671179883945842	517	1884.8	9424	5	9424	5	strmgCAMI2_short_read_pooled_gold_standard_assembly
group4317	COMEBin_filter200000_nokmer	SP108_S87	1934373	1.0	1.0	NA	0.004752961295468868	0.0019342359767891683	517	9194.0	9194	1	9194	1	strmgCAMI2_short_read_pooled_gold_standard_assembly
group239	COMEBin_filter200000_nokmer	SP108_S87	1934373	1.0	1.0	NA	0.0041460462899347746	0.0019342359767891683	517	8020.0	8020	1	8020	1	strmgCAMI2_short_read_pooled_gold_standard_assembly
group109	COMEBin_filter200000_nokmer	SP108_S87	1934373	1.0	1.0	NA	0.003551021442090021	0.009671179883945842	517	1373.8	6869	5	6869	5	strmgCAMI2_short_read_pooled_gold_standard_assembly
group544	COMEBin_filter200000_nokmer	SP108_S87	1934373	1.0	1.0	NA	0.0035194866760443824	0.0019342359767891683	517	6808.0	6808	1	6808	1	strmgCAMI2_short_read_pooled_gold_standard_assembly
group18114	COMEBin_filter200000_nokmer	SP108_S87	1934373	1.0	1.0	NA	0.0034352216454634136	0.01160541586073501	517	1107.5	6645	6	6645	6	strmgCAMI2_short_read_pooled_gold_standard_assembly
group26327	COMEBin_filter200000_nokmer	SP108_S87	1934373	1.0	1.0	NA	0.0032170631000329308	0.007736943907156673	517	1555.75	6223	4	6223	4	strmgCAMI2_short_read_pooled_gold_standard_assembly
group20403	COMEBin_filter200000_nokmer	SP108_S87	1934373	1.0	1.0	NA	0.002828823603307118	0.005802707930367505	517	1824.0	5472	3	5472	3	strmgCAMI2_short_read_pooled_gold_standard_assembly
group589	COMEBin_filter200000_nokmer	SP108_S87	1934373	1.0	1.0	NA	0.002762652290949057	0.0019342359767891683	517	5344.0	5344	1	5344	1	strmgCAMI2_short_read_pooled_gold_standard_assembly
group171	COMEBin_filter200000_nokmer	MIKI-NS08	2548574	0.09097996284501061	0.09090909090909091	NA	0.002152183927168683	0.1	10	5480.727272727273	60288	11	5485	1	strmgCAMI2_short_read_pooled_gold_standard_assembly
group18021	COMEBin_filter200000_nokmer	SP108_S87	1934373	1.0	1.0	NA	0.0020420053422995463	0.0019342359767891683	517	3950.0	3950	1	3950	1	strmgCAMI2_short_read_pooled_gold_standard_assembly
group24968	COMEBin_filter200000_nokmer	SP108_S87	1934373	1.0	1.0	NA	0.002016674136787476	0.0019342359767891683	517	3901.0	3901	1	3901	1	strmgCAMI2_short_read_pooled_gold_standard_assembly
group29797	COMEBin_filter200000_nokmer	SP108_S87	1934373	1.0	1.0	NA	0.0019411974836290623	0.0038684719535783366	517	1877.5	3755	2	3755	2	strmgCAMI2_short_read_pooled_gold_standard_assembly
group27604	COMEBin_filter200000_nokmer	SP108_S87	1934373	1.0	1.0	NA	0.0018760600980265957	0.0019342359767891683	517	3629.0	3629	1	3629	1	strmgCAMI2_short_read_pooled_gold_standard_assembly
group12830	COMEBin_filter200000_nokmer	SP108_S87	1934373	1.0	1.0	NA	0.001721488048065187	0.0038684719535783366	517	1665.0	3330	2	3330	2	strmgCAMI2_short_read_pooled_gold_standard_assembly
group8749	COMEBin_filter200000_nokmer	SP108_S87	1934373	1.0	1.0	NA	0.0016827157947303854	0.0019342359767891683	517	3255.0	3255	1	3255	1	strmgCAMI2_short_read_pooled_gold_standard_assembly
group97	COMEBin_filter200000_nokmer	SP108_S87	1934373	1.0	1.0	NA	0.0015622633277036023	0.0019342359767891683	517	3022.0	3022	1	3022	1	strmgCAMI2_short_read_pooled_gold_standard_assembly
group13	COMEBin_filter200000_nokmer	SP108_S87	1934373	1.0	1.0	NA	0.0014490483479659816	0.0019342359767891683	517	2803.0	2803	1	2803	1	strmgCAMI2_short_read_pooled_gold_standard_assembly
group22699	COMEBin_filter200000_nokmer	SP108_S87	1934373	1.0	1.0	NA	0.0013621985004960264	0.0019342359767891683	517	2635.0	2635	1	2635	1	strmgCAMI2_short_read_pooled_gold_standard_assembly
group652	COMEBin_filter200000_nokmer	spades_And8457_S3_L001	4927240	1.0	1.0	NA	0.0010772765280359796	0.012195121951219513	82	5308.0	5308	1	5308	1	strmgCAMI2_short_read_pooled_gold_standard_assembly
group104	COMEBin_filter200000_nokmer	SP108_S87	1934373	1.0	1.0	NA	0.0010742498990629005	0.0019342359767891683	517	2078.0	2078	1	2078	1	strmgCAMI2_short_read_pooled_gold_standard_assembly
group416	COMEBin_filter200000_nokmer	SP108_S87	1934373	1.0	1.0	NA	0.0010287571218167333	0.0019342359767891683	517	1990.0	1990	1	1990	1	strmgCAMI2_short_read_pooled_gold_standard_assembly
group89	COMEBin_filter200000_nokmer	SP108_S87	1934373	1.0	1.0	NA	0.000993086648748716	0.0019342359767891683	517	1921.0	1921	1	1921	1	strmgCAMI2_short_read_pooled_gold_standard_assembly
group16833	COMEBin_filter200000_nokmer	SP108_S87	1934373	1.0	1.0	NA	0.0008224887340755894	0.0019342359767891683	517	1591.0	1591	1	1591	1	strmgCAMI2_short_read_pooled_gold_standard_assembly
group177	COMEBin_filter200000_nokmer	SP108_S87	1934373	1.0	1.0	NA	0.0007904370046521534	0.0019342359767891683	517	1529.0	1529	1	1529	1	strmgCAMI2_short_read_pooled_gold_standard_assembly
group16584	COMEBin_filter200000_nokmer	SP108_S87	1934373	1.0	1.0	NA	0.0007315031795832552	0.0019342359767891683	517	1415.0	1415	1	1415	1	strmgCAMI2_short_read_pooled_gold_standard_assembly
group637	COMEBin_filter200000_nokmer	SP108_S87	1934373	1.0	1.0	NA	0.0006911800361150616	0.0019342359767891683	517	1337.0	1337	1	1337	1	strmgCAMI2_short_read_pooled_gold_standard_assembly
group3595	COMEBin_filter200000_nokmer	SP108_S87	1934373	1.0	1.0	NA	0.0006482720757578813	0.0019342359767891683	517	1254.0	1254	1	1254	1	strmgCAMI2_short_read_pooled_gold_standard_assembly
group32427	COMEBin_filter200000_nokmer	SP108_S87	1934373	1.0	1.0	NA	0.0006394836983353262	0.0019342359767891683	517	1237.0	1237	1	1237	1	strmgCAMI2_short_read_pooled_gold_standard_assembly
group199	COMEBin_filter200000_nokmer	SP108_S87	1934373	1.0	1.0	NA	0.000522133011575327	0.0019342359767891683	517	1010.0	1010	1	1010	1	strmgCAMI2_short_read_pooled_gold_standard_assembly
group35	COMEBin_filter200000_nokmer	spades_And8457_S3_L001	4927240	1.0	1.0	NA	0.0004874940128753623	0.012195121951219513	82	2402.0	2402	1	2402	1	strmgCAMI2_short_read_pooled_gold_standard_assembly
group105	COMEBin_filter200000_nokmer	spades_And8457_S3_L001	4927240	0.6366197183098592	0.5	NA	0.00045867463326324675	0.012195121951219513	82	1775.0	3550	2	2260	1	strmgCAMI2_short_read_pooled_gold_standard_assembly
group10072	COMEBin_filter200000_nokmer	spades_And8457_S3_L001	4927240	1.0	1.0	NA	0.00045826872650814657	0.012195121951219513	82	2258.0	2258	1	2258	1	strmgCAMI2_short_read_pooled_gold_standard_assembly
group23	COMEBin_filter200000_nokmer	spades_And8457_S3_L001	4927240	1.0	1.0	NA	0.0002474001672335831	0.012195121951219513	82	1219.0	1219	1	1219	1	strmgCAMI2_short_read_pooled_gold_standard_assembly
