BINID	total_length	seq_length_mean	total_seq_counts	genome_id	tp_length	tp_seq_counts	precision_bp	precision_seq	length_gs	seq_counts_gs	recall_bp	recall_seq	rank	Tool	sample_id
SP108_S87	1934373.0	3741.533849129594	517.0	SP108_S87	1934373.0	517.0	1.0	1.0	1934373.0	517.0	1.0	1.0	NA	Gold standard	strmgCAMI2_short_read_pooled_gold_standard_assembly
MIKI-NS03	4487888.0	29721.112582781458	151.0	MIKI-NS03	4487888.0	151.0	1.0	1.0	4487888.0	151.0	1.0	1.0	NA	Gold standard	strmgCAMI2_short_read_pooled_gold_standard_assembly
spades_And8457_S3_L001	4927240.0	60088.29268292683	82.0	spades_And8457_S3_L001	4927240.0	82.0	1.0	1.0	4927240.0	82.0	1.0	1.0	NA	Gold standard	strmgCAMI2_short_read_pooled_gold_standard_assembly
MIKI-NS08	2548574.0	254857.4	10.0	MIKI-NS08	2548574.0	10.0	1.0	1.0	2548574.0	10.0	1.0	1.0	NA	Gold standard	strmgCAMI2_short_read_pooled_gold_standard_assembly
MIKI-NS20	5362682.0	25782.125	208.0	MIKI-NS20	5362682.0	208.0	1.0	1.0	5362682.0	208.0	1.0	1.0	NA	Gold standard	strmgCAMI2_short_read_pooled_gold_standard_assembly
MIKI-NS06	1964616.0	63374.709677419356	31.0	MIKI-NS06	1964616.0	31.0	1.0	1.0	1964616.0	31.0	1.0	1.0	NA	Gold standard	strmgCAMI2_short_read_pooled_gold_standard_assembly
MIKI-NS12	2251851.0	31275.708333333332	72.0	MIKI-NS12	2251851.0	72.0	1.0	1.0	2251851.0	72.0	1.0	1.0	NA	Gold standard	strmgCAMI2_short_read_pooled_gold_standard_assembly
MIKI-NS10	2092134.0	20921.34	100.0	MIKI-NS10	2092134.0	100.0	1.0	1.0	2092134.0	100.0	1.0	1.0	NA	Gold standard	strmgCAMI2_short_read_pooled_gold_standard_assembly
MIKI-NS02	2999760.0	69761.86046511628	43.0	MIKI-NS02	2999760.0	43.0	1.0	1.0	2999760.0	43.0	1.0	1.0	NA	Gold standard	strmgCAMI2_short_read_pooled_gold_standard_assembly
MIKI-NS14	5248865.0	122066.62790697675	43.0	MIKI-NS14	5248865.0	43.0	1.0	1.0	5248865.0	43.0	1.0	1.0	NA	Gold standard	strmgCAMI2_short_read_pooled_gold_standard_assembly
MIKI-NS15	6804298.0	70878.10416666667	96.0	MIKI-NS15	6804298.0	96.0	1.0	1.0	6804298.0	96.0	1.0	1.0	NA	Gold standard	strmgCAMI2_short_read_pooled_gold_standard_assembly
MIKI-NS09	2039640.0	92710.90909090909	22.0	MIKI-NS09	2039640.0	22.0	1.0	1.0	2039640.0	22.0	1.0	1.0	NA	Gold standard	strmgCAMI2_short_read_pooled_gold_standard_assembly
spades_ESBL6643_S3_L001	5120124.0	232732.9090909091	22.0	spades_ESBL6643_S3_L001	5120124.0	22.0	1.0	1.0	5120124.0	22.0	1.0	1.0	NA	Gold standard	strmgCAMI2_short_read_pooled_gold_standard_assembly
MIKI-NS13	7206672.0	277179.6923076923	26.0	MIKI-NS13	7206672.0	26.0	1.0	1.0	7206672.0	26.0	1.0	1.0	NA	Gold standard	strmgCAMI2_short_read_pooled_gold_standard_assembly
SP21_S92	1689680.0	129975.38461538461	13.0	SP21_S92	1689680.0	13.0	1.0	1.0	1689680.0	13.0	1.0	1.0	NA	Gold standard	strmgCAMI2_short_read_pooled_gold_standard_assembly
0.0	531180.0	2099.5256916996045	253.0	SP108_S87	531180.0	253.0	1.0	1.0	1934373.0	517.0	0.2746006070183982	0.48936170212765956	NA	CONCOCT	strmgCAMI2_short_read_pooled_gold_standard_assembly
1.0	7900288.0	36575.40740740741	216.0	MIKI-NS20	5357199.0	207.0	0.6781017350253561	0.9583333333333334	5362682.0	208.0	0.9989775638383928	0.9951923076923077	NA	CONCOCT	strmgCAMI2_short_read_pooled_gold_standard_assembly
4.0	1333148.0	5898.884955752213	226.0	SP108_S87	1333148.0	226.0	1.0	1.0	1934373.0	517.0	0.6891886931837862	0.437137330754352	NA	CONCOCT	strmgCAMI2_short_read_pooled_gold_standard_assembly
11.0	2260.0	2260.0	1.0	spades_And8457_S3_L001	2260.0	1.0	1.0	1.0	4927240.0	82.0	0.00045867463326324675	0.012195121951219513	NA	CONCOCT	strmgCAMI2_short_read_pooled_gold_standard_assembly
12.0	6279.0	3139.5	2.0	SP108_S87	6279.0	2.0	1.0	1.0	1934373.0	517.0	0.0032460130491895824	0.0038684719535783366	NA	CONCOCT	strmgCAMI2_short_read_pooled_gold_standard_assembly
13.0	3841.0	3841.0	1.0	SP108_S87	3841.0	1.0	1.0	1.0	1934373.0	517.0	0.0019856563341196344	0.0019342359767891683	NA	CONCOCT	strmgCAMI2_short_read_pooled_gold_standard_assembly
14.0	5430.0	5430.0	1.0	SP108_S87	5430.0	1.0	1.0	1.0	1934373.0	517.0	0.0028071111414396293	0.0019342359767891683	NA	CONCOCT	strmgCAMI2_short_read_pooled_gold_standard_assembly
20.0	2229.0	2229.0	1.0	SP108_S87	2229.0	1.0	1.0	1.0	1934373.0	517.0	0.001152311369110301	0.0019342359767891683	NA	CONCOCT	strmgCAMI2_short_read_pooled_gold_standard_assembly
26.0	3901.0	3901.0	1.0	SP108_S87	3901.0	1.0	1.0	1.0	1934373.0	517.0	0.002016674136787476	0.0019342359767891683	NA	CONCOCT	strmgCAMI2_short_read_pooled_gold_standard_assembly
29.0	6484.0	3242.0	2.0	SP108_S87	6484.0	2.0	1.0	1.0	1934373.0	517.0	0.00335199054163804	0.0038684719535783366	NA	CONCOCT	strmgCAMI2_short_read_pooled_gold_standard_assembly
32.0	2078.0	2078.0	1.0	SP108_S87	2078.0	1.0	1.0	1.0	1934373.0	517.0	0.0010742498990629005	0.0019342359767891683	NA	CONCOCT	strmgCAMI2_short_read_pooled_gold_standard_assembly
33.0	6754588.0	72629.97849462366	93.0	MIKI-NS15	6754588.0	93.0	1.0	1.0	6804298.0	96.0	0.9926943234996468	0.96875	NA	CONCOCT	strmgCAMI2_short_read_pooled_gold_standard_assembly
35.0	5590.0	2795.0	2.0	SP108_S87	5590.0	2.0	1.0	1.0	1934373.0	517.0	0.002889825281887206	0.0038684719535783366	NA	CONCOCT	strmgCAMI2_short_read_pooled_gold_standard_assembly
44.0	2402.0	2402.0	1.0	spades_And8457_S3_L001	2402.0	1.0	1.0	1.0	4927240.0	82.0	0.0004874940128753623	0.012195121951219513	NA	CONCOCT	strmgCAMI2_short_read_pooled_gold_standard_assembly
50.0	2075.0	1037.5	2.0	SP108_S87	2075.0	2.0	1.0	1.0	1934373.0	517.0	0.0010726990089295085	0.0038684719535783366	NA	CONCOCT	strmgCAMI2_short_read_pooled_gold_standard_assembly
55.0	1024.0	1024.0	1.0	SP108_S87	1024.0	1.0	1.0	1.0	1934373.0	517.0	0.0005293704988644899	0.0019342359767891683	NA	CONCOCT	strmgCAMI2_short_read_pooled_gold_standard_assembly
59.0	2086658.0	21077.353535353537	99.0	MIKI-NS10	2086658.0	99.0	1.0	1.0	2092134.0	100.0	0.9973825768330327	0.99	NA	CONCOCT	strmgCAMI2_short_read_pooled_gold_standard_assembly
60.0	9369.0	2342.25	4.0	SP21_S92	4957.0	1.0	0.5290852812466645	0.25	1689680.0	13.0	0.0029336915865726056	0.07692307692307693	NA	CONCOCT	strmgCAMI2_short_read_pooled_gold_standard_assembly
63.0	1219.0	1219.0	1.0	spades_And8457_S3_L001	1219.0	1.0	1.0	1.0	4927240.0	82.0	0.0002474001672335831	0.012195121951219513	NA	CONCOCT	strmgCAMI2_short_read_pooled_gold_standard_assembly
64.0	14759.0	1341.7272727272727	11.0	SP108_S87	14759.0	11.0	1.0	1.0	1934373.0	517.0	0.007629862492911139	0.02127659574468085	NA	CONCOCT	strmgCAMI2_short_read_pooled_gold_standard_assembly
69.0	1364.0	1364.0	1.0	SP108_S87	1364.0	1.0	1.0	1.0	1934373.0	517.0	0.0007051380473155901	0.0019342359767891683	NA	CONCOCT	strmgCAMI2_short_read_pooled_gold_standard_assembly
74.0	5115712.0	269248.0	19.0	spades_ESBL6643_S3_L001	5115712.0	19.0	1.0	1.0	5120124.0	22.0	0.9991383021192456	0.8636363636363636	NA	CONCOCT	strmgCAMI2_short_read_pooled_gold_standard_assembly
76.0	2994276.0	71292.28571428571	42.0	MIKI-NS02	2994276.0	42.0	1.0	1.0	2999760.0	43.0	0.9981718537482999	0.9767441860465116	NA	CONCOCT	strmgCAMI2_short_read_pooled_gold_standard_assembly
79.0	1684723.0	140393.58333333334	12.0	SP21_S92	1684723.0	12.0	1.0	1.0	1689680.0	13.0	0.9970663084134274	0.9230769230769231	NA	CONCOCT	strmgCAMI2_short_read_pooled_gold_standard_assembly
80.0	4280528.0	46527.47826086957	92.0	MIKI-NS12	2246371.0	71.0	0.5247882971446514	0.7717391304347826	2251851.0	72.0	0.9975664464478333	0.9861111111111112	NA	CONCOCT	strmgCAMI2_short_read_pooled_gold_standard_assembly
83.0	4819205.0	67876.12676056338	71.0	spades_And8457_S3_L001	4819205.0	71.0	1.0	1.0	4927240.0	82.0	0.9780739318563739	0.8658536585365854	NA	CONCOCT	strmgCAMI2_short_read_pooled_gold_standard_assembly
84.0	2796.0	2796.0	1.0	SP108_S87	2796.0	1.0	1.0	1.0	1934373.0	517.0	0.0014454296043214002	0.0019342359767891683	NA	CONCOCT	strmgCAMI2_short_read_pooled_gold_standard_assembly
87.0	4378037.0	30193.358620689654	145.0	MIKI-NS03	4378037.0	145.0	1.0	1.0	4487888.0	151.0	0.9755227848823321	0.9602649006622517	NA	CONCOCT	strmgCAMI2_short_read_pooled_gold_standard_assembly
93.0	9196.0	1149.5	8.0	SP108_S87	9196.0	8.0	1.0	1.0	1934373.0	517.0	0.004753995222224462	0.015473887814313346	NA	CONCOCT	strmgCAMI2_short_read_pooled_gold_standard_assembly
102.0	5243385.0	124842.5	42.0	MIKI-NS14	5243385.0	42.0	1.0	1.0	5248865.0	43.0	0.998955964765716	0.9767441860465116	NA	CONCOCT	strmgCAMI2_short_read_pooled_gold_standard_assembly
108.0	1959136.0	65304.53333333333	30.0	MIKI-NS06	1959136.0	30.0	1.0	1.0	1964616.0	31.0	0.9972106508345652	0.967741935483871	NA	CONCOCT	strmgCAMI2_short_read_pooled_gold_standard_assembly
124.0	60288.0	5480.727272727273	11.0	MIKI-NS08	5485.0	1.0	0.09097996284501061	0.09090909090909091	2548574.0	10.0	0.002152183927168683	0.1	NA	CONCOCT	strmgCAMI2_short_read_pooled_gold_standard_assembly
127.0	5308.0	5308.0	1.0	spades_And8457_S3_L001	5308.0	1.0	1.0	1.0	4927240.0	82.0	0.0010772765280359796	0.012195121951219513	NA	CONCOCT	strmgCAMI2_short_read_pooled_gold_standard_assembly
161.0	7201190.0	288047.6	25.0	MIKI-NS13	7201190.0	25.0	1.0	1.0	7206672.0	26.0	0.999239316011607	0.9615384615384616	NA	CONCOCT	strmgCAMI2_short_read_pooled_gold_standard_assembly
199.0	148606.0	21229.428571428572	7.0	MIKI-NS03	104374.0	5.0	0.7023538753482362	0.7142857142857143	4487888.0	151.0	0.023256819243260972	0.033112582781456956	NA	CONCOCT	strmgCAMI2_short_read_pooled_gold_standard_assembly
206.0	94094.0	18818.8	5.0	spades_And8457_S3_L001	94094.0	5.0	1.0	1.0	4927240.0	82.0	0.019096695107199975	0.06097560975609756	NA	CONCOCT	strmgCAMI2_short_read_pooled_gold_standard_assembly
221.0	2752.0	1376.0	2.0	spades_And8457_S3_L001	2752.0	2.0	1.0	1.0	4927240.0	82.0	0.0005585276950179005	0.024390243902439025	NA	CONCOCT	strmgCAMI2_short_read_pooled_gold_standard_assembly
0.0	0.0	0.0	0.0	0.0	0.0	0.0	0.0	0.0	0.0	0.0	0.0	0.0	0.0	CONCOCT	strmgCAMI2_short_read_pooled_gold_standard_assembly
5	1689680.0	129975.38461538461	13.0	SP21_S92	1689680.0	13.0	1.0	1.0	1689680.0	13.0	1.0	1.0	NA	MaxBin	strmgCAMI2_short_read_pooled_gold_standard_assembly
30	6843095.0	70547.37113402062	97.0	MIKI-NS15	6798820.0	95.0	0.9935299743756297	0.979381443298969	6804298.0	96.0	0.9991949206222303	0.9895833333333334	NA	MaxBin	strmgCAMI2_short_read_pooled_gold_standard_assembly
41	1219.0	1219.0	1.0	spades_And8457_S3_L001	1219.0	1.0	1.0	1.0	4927240.0	82.0	0.0002474001672335831	0.012195121951219513	NA	MaxBin	strmgCAMI2_short_read_pooled_gold_standard_assembly
59	192449.0	38489.8	5.0	MIKI-NS09	192449.0	5.0	1.0	1.0	2039640.0	22.0	0.09435439587378165	0.22727272727272727	NA	MaxBin	strmgCAMI2_short_read_pooled_gold_standard_assembly
60	239667.0	239667.0	1.0	MIKI-NS09	239667.0	1.0	1.0	1.0	2039640.0	22.0	0.11750455962816968	0.045454545454545456	NA	MaxBin	strmgCAMI2_short_read_pooled_gold_standard_assembly
62	457864.0	65409.142857142855	7.0	MIKI-NS09	457864.0	7.0	1.0	1.0	2039640.0	22.0	0.22448275185817104	0.3181818181818182	NA	MaxBin	strmgCAMI2_short_read_pooled_gold_standard_assembly
63	62838.0	31419.0	2.0	spades_And8457_S3_L001	62838.0	2.0	1.0	1.0	4927240.0	82.0	0.012753184338493762	0.024390243902439025	NA	MaxBin	strmgCAMI2_short_read_pooled_gold_standard_assembly
64	14197.0	7098.5	2.0	MIKI-NS09	14197.0	2.0	1.0	1.0	2039640.0	22.0	0.006960542056441333	0.09090909090909091	NA	MaxBin	strmgCAMI2_short_read_pooled_gold_standard_assembly
65	429750.0	214875.0	2.0	MIKI-NS09	429750.0	2.0	1.0	1.0	2039640.0	22.0	0.21069894687297758	0.09090909090909091	NA	MaxBin	strmgCAMI2_short_read_pooled_gold_standard_assembly
66	60075.0	60075.0	1.0	MIKI-NS09	60075.0	1.0	1.0	1.0	2039640.0	22.0	0.029453727128316762	0.045454545454545456	NA	MaxBin	strmgCAMI2_short_read_pooled_gold_standard_assembly
78	2260.0	2260.0	1.0	spades_And8457_S3_L001	2260.0	1.0	1.0	1.0	4927240.0	82.0	0.00045867463326324675	0.012195121951219513	NA	MaxBin	strmgCAMI2_short_read_pooled_gold_standard_assembly
108	6490.0	1622.5	4.0	spades_ESBL6643_S3_L001	4412.0	3.0	0.6798151001540832	0.75	5120124.0	22.0	0.0008616978807544505	0.13636363636363635	NA	MaxBin	strmgCAMI2_short_read_pooled_gold_standard_assembly
113	10386.0	10386.0	1.0	MIKI-NS03	10386.0	1.0	1.0	1.0	4487888.0	151.0	0.002314228875586913	0.006622516556291391	NA	MaxBin	strmgCAMI2_short_read_pooled_gold_standard_assembly
123	60288.0	5480.727272727273	11.0	MIKI-NS08	5485.0	1.0	0.09097996284501061	0.09090909090909091	2548574.0	10.0	0.002152183927168683	0.1	NA	MaxBin	strmgCAMI2_short_read_pooled_gold_standard_assembly
125	18172.0	3028.6666666666665	6.0	SP108_S87	18172.0	6.0	1.0	1.0	1934373.0	517.0	0.009394258501333507	0.01160541586073501	NA	MaxBin	strmgCAMI2_short_read_pooled_gold_standard_assembly
126	32701.0	5450.166666666667	6.0	SP108_S87	32701.0	6.0	1.0	1.0	1934373.0	517.0	0.016905219417351257	0.01160541586073501	NA	MaxBin	strmgCAMI2_short_read_pooled_gold_standard_assembly
131	36086.0	3007.1666666666665	12.0	SP108_S87	36086.0	12.0	1.0	1.0	1934373.0	517.0	0.018655140451195297	0.02321083172147002	NA	MaxBin	strmgCAMI2_short_read_pooled_gold_standard_assembly
167	36501.0	2607.214285714286	14.0	SP108_S87	36501.0	14.0	1.0	1.0	1934373.0	517.0	0.0188696802529812	0.027079303675048357	NA	MaxBin	strmgCAMI2_short_read_pooled_gold_standard_assembly
173	2994276.0	71292.28571428571	42.0	MIKI-NS02	2994276.0	42.0	1.0	1.0	2999760.0	43.0	0.9981718537482999	0.9767441860465116	NA	MaxBin	strmgCAMI2_short_read_pooled_gold_standard_assembly
237	5115712.0	269248.0	19.0	spades_ESBL6643_S3_L001	5115712.0	19.0	1.0	1.0	5120124.0	22.0	0.9991383021192456	0.8636363636363636	NA	MaxBin	strmgCAMI2_short_read_pooled_gold_standard_assembly
256	5308.0	5308.0	1.0	spades_And8457_S3_L001	5308.0	1.0	1.0	1.0	4927240.0	82.0	0.0010772765280359796	0.012195121951219513	NA	MaxBin	strmgCAMI2_short_read_pooled_gold_standard_assembly
257	22993.0	2299.3	10.0	SP108_S87	22993.0	10.0	1.0	1.0	1934373.0	517.0	0.011886538945694547	0.019342359767891684	NA	MaxBin	strmgCAMI2_short_read_pooled_gold_standard_assembly
286	7327.0	3663.5	2.0	SP108_S87	7327.0	2.0	1.0	1.0	1934373.0	517.0	0.0037877906691212086	0.0038684719535783366	NA	MaxBin	strmgCAMI2_short_read_pooled_gold_standard_assembly
296	2246371.0	31639.028169014084	71.0	MIKI-NS12	2246371.0	71.0	1.0	1.0	2251851.0	72.0	0.9975664464478333	0.9861111111111112	NA	MaxBin	strmgCAMI2_short_read_pooled_gold_standard_assembly
297	5243385.0	124842.5	42.0	MIKI-NS14	5243385.0	42.0	1.0	1.0	5248865.0	43.0	0.998955964765716	0.9767441860465116	NA	MaxBin	strmgCAMI2_short_read_pooled_gold_standard_assembly
298	5357199.0	25880.1884057971	207.0	MIKI-NS20	5357199.0	207.0	1.0	1.0	5362682.0	208.0	0.9989775638383928	0.9951923076923077	NA	MaxBin	strmgCAMI2_short_read_pooled_gold_standard_assembly
299	7201190.0	288047.6	25.0	MIKI-NS13	7201190.0	25.0	1.0	1.0	7206672.0	26.0	0.999239316011607	0.9615384615384616	NA	MaxBin	strmgCAMI2_short_read_pooled_gold_standard_assembly
300	1959136.0	65304.53333333333	30.0	MIKI-NS06	1959136.0	30.0	1.0	1.0	1964616.0	31.0	0.9972106508345652	0.967741935483871	NA	MaxBin	strmgCAMI2_short_read_pooled_gold_standard_assembly
301	2086658.0	21077.353535353537	99.0	MIKI-NS10	2086658.0	99.0	1.0	1.0	2092134.0	100.0	0.9973825768330327	0.99	NA	MaxBin	strmgCAMI2_short_read_pooled_gold_standard_assembly
304	4427750.0	30120.748299319726	147.0	MIKI-NS03	4427750.0	147.0	1.0	1.0	4487888.0	151.0	0.9865999329751545	0.9735099337748344	NA	MaxBin	strmgCAMI2_short_read_pooled_gold_standard_assembly
305	2543089.0	282565.44444444444	9.0	MIKI-NS08	2543089.0	9.0	1.0	1.0	2548574.0	10.0	0.9978478160728314	0.9	NA	MaxBin	strmgCAMI2_short_read_pooled_gold_standard_assembly
306	4842066.0	65433.32432432433	74.0	spades_And8457_S3_L001	4842066.0	74.0	1.0	1.0	4927240.0	82.0	0.982713649020547	0.9024390243902439	NA	MaxBin	strmgCAMI2_short_read_pooled_gold_standard_assembly
18	4813691.0	145869.42424242425	33.0	MIKI-NS14	4813691.0	33.0	1.0	1.0	5248865.0	43.0	0.9170917903203836	0.7674418604651163	NA	MetaBAT	strmgCAMI2_short_read_pooled_gold_standard_assembly
21	363086.0	363086.0	1.0	MIKI-NS14	363086.0	1.0	1.0	1.0	5248865.0	43.0	0.06917419289694057	0.023255813953488372	NA	MetaBAT	strmgCAMI2_short_read_pooled_gold_standard_assembly
42	51302.0	25651.0	2.0	spades_And8457_S3_L001	51302.0	2.0	1.0	1.0	4927240.0	82.0	0.010411914175075702	0.024390243902439025	NA	MetaBAT	strmgCAMI2_short_read_pooled_gold_standard_assembly
49	1919303.0	119956.4375	16.0	MIKI-NS06	1919303.0	16.0	1.0	1.0	1964616.0	31.0	0.9769354418369799	0.5161290322580645	NA	MetaBAT	strmgCAMI2_short_read_pooled_gold_standard_assembly
70	12705.0	3176.25	4.0	SP108_S87	9910.0	3.0	0.7800078709169618	0.75	1934373.0	517.0	0.005123107073971773	0.005802707930367505	NA	MetaBAT	strmgCAMI2_short_read_pooled_gold_standard_assembly
72	2402.0	2402.0	1.0	spades_And8457_S3_L001	2402.0	1.0	1.0	1.0	4927240.0	82.0	0.0004874940128753623	0.012195121951219513	NA	MetaBAT	strmgCAMI2_short_read_pooled_gold_standard_assembly
75	2172598.0	37458.58620689655	58.0	MIKI-NS12	2172598.0	58.0	1.0	1.0	2251851.0	72.0	0.964805397870463	0.8055555555555556	NA	MetaBAT	strmgCAMI2_short_read_pooled_gold_standard_assembly
79	4179088.0	72053.24137931035	58.0	MIKI-NS20	4179088.0	58.0	1.0	1.0	5362682.0	208.0	0.7792906609043758	0.27884615384615385	NA	MetaBAT	strmgCAMI2_short_read_pooled_gold_standard_assembly
85	899099.0	299699.6666666667	3.0	SP21_S92	899099.0	3.0	1.0	1.0	1689680.0	13.0	0.5321119975379953	0.23076923076923078	NA	MetaBAT	strmgCAMI2_short_read_pooled_gold_standard_assembly
120	6515772.0	110436.81355932204	59.0	MIKI-NS15	6515772.0	59.0	1.0	1.0	6804298.0	96.0	0.9575965073840094	0.6145833333333334	NA	MetaBAT	strmgCAMI2_short_read_pooled_gold_standard_assembly
126	10597.0	2649.25	4.0	SP108_S87	10597.0	4.0	1.0	1.0	1934373.0	517.0	0.005478260914518554	0.007736943907156673	NA	MetaBAT	strmgCAMI2_short_read_pooled_gold_standard_assembly
134	4892999.0	376384.53846153844	13.0	spades_ESBL6643_S3_L001	4892999.0	13.0	1.0	1.0	5120124.0	22.0	0.9556407227637456	0.5909090909090909	NA	MetaBAT	strmgCAMI2_short_read_pooled_gold_standard_assembly
142	6092.0	6092.0	1.0	MIKI-NS06	6092.0	1.0	1.0	1.0	1964616.0	31.0	0.003100860422596579	0.03225806451612903	NA	MetaBAT	strmgCAMI2_short_read_pooled_gold_standard_assembly
157	2026584.0	119210.82352941176	17.0	MIKI-NS09	2026584.0	17.0	1.0	1.0	2039640.0	22.0	0.9935988703888922	0.7727272727272727	NA	MetaBAT	strmgCAMI2_short_read_pooled_gold_standard_assembly
160	5285.0	2642.5	2.0	SP108_S87	5285.0	2.0	1.0	1.0	1934373.0	517.0	0.002732151451659013	0.0038684719535783366	NA	MetaBAT	strmgCAMI2_short_read_pooled_gold_standard_assembly
163	1507287.0	4958.180921052632	304.0	SP108_S87	1480325.0	302.0	0.9821122321097442	0.993421052631579	1934373.0	517.0	0.7652738122378673	0.5841392649903289	NA	MetaBAT	strmgCAMI2_short_read_pooled_gold_standard_assembly
167	10203.0	3401.0	3.0	SP21_S92	4957.0	1.0	0.48583749877487015	0.3333333333333333	1689680.0	13.0	0.0029336915865726056	0.07692307692307693	NA	MetaBAT	strmgCAMI2_short_read_pooled_gold_standard_assembly
170	718470.0	179617.5	4.0	SP21_S92	718470.0	4.0	1.0	1.0	1689680.0	13.0	0.4252106907816865	0.3076923076923077	NA	MetaBAT	strmgCAMI2_short_read_pooled_gold_standard_assembly
177	19760.0	19760.0	1.0	spades_And8457_S3_L001	19760.0	1.0	1.0	1.0	4927240.0	82.0	0.0040103587403901575	0.012195121951219513	NA	MetaBAT	strmgCAMI2_short_read_pooled_gold_standard_assembly
179	4552510.0	96861.91489361702	47.0	spades_And8457_S3_L001	4552510.0	47.0	1.0	1.0	4927240.0	82.0	0.9239472808306476	0.573170731707317	NA	MetaBAT	strmgCAMI2_short_read_pooled_gold_standard_assembly
182	25949.0	25949.0	1.0	MIKI-NS02	25949.0	1.0	1.0	1.0	2999760.0	43.0	0.008650358695362296	0.023255813953488372	NA	MetaBAT	strmgCAMI2_short_read_pooled_gold_standard_assembly
197	49354.0	5483.777777777777	9.0	SP108_S87	35114.0	8.0	0.7114722210965676	0.8888888888888888	1934373.0	517.0	0.01815265204797627	0.015473887814313346	NA	MetaBAT	strmgCAMI2_short_read_pooled_gold_standard_assembly
210	6752727.0	397219.23529411765	17.0	MIKI-NS13	6752727.0	17.0	1.0	1.0	7206672.0	26.0	0.9370104536462878	0.6538461538461539	NA	MetaBAT	strmgCAMI2_short_read_pooled_gold_standard_assembly
214	8889.0	8889.0	1.0	spades_And8457_S3_L001	8889.0	1.0	1.0	1.0	4927240.0	82.0	0.0018040525730429206	0.012195121951219513	NA	MetaBAT	strmgCAMI2_short_read_pooled_gold_standard_assembly
219	3934991.0	64508.04918032787	61.0	MIKI-NS03	3934991.0	61.0	1.0	1.0	4487888.0	151.0	0.8768024068336822	0.40397350993377484	NA	MetaBAT	strmgCAMI2_short_read_pooled_gold_standard_assembly
223	26295.0	26295.0	1.0	spades_And8457_S3_L001	26295.0	1.0	1.0	1.0	4927240.0	82.0	0.005336659062680121	0.012195121951219513	NA	MetaBAT	strmgCAMI2_short_read_pooled_gold_standard_assembly
229	29484.0	29484.0	1.0	spades_ESBL6643_S3_L001	29484.0	1.0	1.0	1.0	5120124.0	22.0	0.005758454287435226	0.045454545454545456	NA	MetaBAT	strmgCAMI2_short_read_pooled_gold_standard_assembly
231	1957873.0	31077.349206349205	63.0	MIKI-NS10	1957873.0	63.0	1.0	1.0	2092134.0	100.0	0.9358258123045656	0.63	NA	MetaBAT	strmgCAMI2_short_read_pooled_gold_standard_assembly
237	2515763.0	359394.71428571426	7.0	MIKI-NS08	2515763.0	7.0	1.0	1.0	2548574.0	10.0	0.987125741689274	0.7	NA	MetaBAT	strmgCAMI2_short_read_pooled_gold_standard_assembly
240	60240.0	12048.0	5.0	SP21_S92	36683.0	1.0	0.6089475431606906	0.2	1689680.0	13.0	0.021710027934283414	0.07692307692307693	NA	MetaBAT	strmgCAMI2_short_read_pooled_gold_standard_assembly
244	3509.0	3509.0	1.0	SP108_S87	3509.0	1.0	1.0	1.0	1934373.0	517.0	0.0018140244926909133	0.0019342359767891683	NA	MetaBAT	strmgCAMI2_short_read_pooled_gold_standard_assembly
285	213462.0	42692.4	5.0	MIKI-NS20	213462.0	5.0	1.0	1.0	5362682.0	208.0	0.03980508260605421	0.02403846153846154	NA	MetaBAT	strmgCAMI2_short_read_pooled_gold_standard_assembly
289	236046.0	236046.0	1.0	MIKI-NS13	236046.0	1.0	1.0	1.0	7206672.0	26.0	0.03275381479828692	0.038461538461538464	NA	MetaBAT	strmgCAMI2_short_read_pooled_gold_standard_assembly
310	231445.0	38574.166666666664	6.0	MIKI-NS20	231445.0	6.0	1.0	1.0	5362682.0	208.0	0.0431584419885423	0.028846153846153848	NA	MetaBAT	strmgCAMI2_short_read_pooled_gold_standard_assembly
323	2822763.0	104546.77777777778	27.0	MIKI-NS02	2822763.0	27.0	1.0	1.0	2999760.0	43.0	0.9409962797023762	0.627906976744186	NA	MetaBAT	strmgCAMI2_short_read_pooled_gold_standard_assembly
352	3127775.0	5247.944630872483	596.0	MIKI-NS20	724447.0	138.0	0.2316173637809625	0.23154362416107382	5362682.0	208.0	0.13509042676780014	0.6634615384615384	NA	MetaBAT	strmgCAMI2_short_read_pooled_gold_standard_assembly
3	6852294.0	70642.206185567	97.0	MIKI-NS15	6797633.0	94.0	0.9920229634046642	0.9690721649484536	6804298.0	96.0	0.9990204720604535	0.9791666666666666	NA	VAMB_v413	strmgCAMI2_short_read_pooled_gold_standard_assembly
6	1024.0	1024.0	1.0	SP108_S87	1024.0	1.0	1.0	1.0	1934373.0	517.0	0.0005293704988644899	0.0019342359767891683	NA	VAMB_v413	strmgCAMI2_short_read_pooled_gold_standard_assembly
15	7035.0	3517.5	2.0	SP21_S92	4957.0	1.0	0.7046197583511017	0.5	1689680.0	13.0	0.0029336915865726056	0.07692307692307693	NA	VAMB_v413	strmgCAMI2_short_read_pooled_gold_standard_assembly
23	2084152.0	21486.103092783505	97.0	MIKI-NS10	2084152.0	97.0	1.0	1.0	2092134.0	100.0	0.9961847568081204	0.97	NA	VAMB_v413	strmgCAMI2_short_read_pooled_gold_standard_assembly
26	1681214.0	168121.4	10.0	SP21_S92	1681214.0	10.0	1.0	1.0	1689680.0	13.0	0.9949895838265234	0.7692307692307693	NA	VAMB_v413	strmgCAMI2_short_read_pooled_gold_standard_assembly
27	7195524.0	327069.2727272727	22.0	MIKI-NS13	7195524.0	22.0	1.0	1.0	7206672.0	26.0	0.9984531001272154	0.8461538461538461	NA	VAMB_v413	strmgCAMI2_short_read_pooled_gold_standard_assembly
31	1945556.0	88434.36363636363	22.0	MIKI-NS06	1945556.0	22.0	1.0	1.0	1964616.0	31.0	0.9902983585596371	0.7096774193548387	NA	VAMB_v413	strmgCAMI2_short_read_pooled_gold_standard_assembly
33	5113174.0	300774.9411764706	17.0	spades_ESBL6643_S3_L001	5113174.0	17.0	1.0	1.0	5120124.0	22.0	0.9986426109992649	0.7727272727272727	NA	VAMB_v413	strmgCAMI2_short_read_pooled_gold_standard_assembly
34	4637206.0	94636.85714285714	49.0	spades_And8457_S3_L001	4637206.0	49.0	1.0	1.0	4927240.0	82.0	0.9411366200956316	0.5975609756097561	NA	VAMB_v413	strmgCAMI2_short_read_pooled_gold_standard_assembly
38	1975331.0	123458.1875	16.0	MIKI-NS09	1975331.0	16.0	1.0	1.0	2039640.0	22.0	0.968470416347983	0.7272727272727273	NA	VAMB_v413	strmgCAMI2_short_read_pooled_gold_standard_assembly
45	2945782.0	92055.6875	32.0	MIKI-NS02	2945782.0	32.0	1.0	1.0	2999760.0	43.0	0.9820058938048377	0.7441860465116279	NA	VAMB_v413	strmgCAMI2_short_read_pooled_gold_standard_assembly
58	4418224.0	31114.25352112676	142.0	MIKI-NS03	4418224.0	142.0	1.0	1.0	4487888.0	151.0	0.9844773309850869	0.9403973509933775	NA	VAMB_v413	strmgCAMI2_short_read_pooled_gold_standard_assembly
59	2241780.0	32967.35294117647	68.0	MIKI-NS12	2241780.0	68.0	1.0	1.0	2251851.0	72.0	0.9955276792292208	0.9444444444444444	NA	VAMB_v413	strmgCAMI2_short_read_pooled_gold_standard_assembly
71	5178340.0	147952.57142857142	35.0	MIKI-NS14	5178340.0	35.0	1.0	1.0	5248865.0	43.0	0.9865637618799493	0.813953488372093	NA	VAMB_v413	strmgCAMI2_short_read_pooled_gold_standard_assembly
75	2531615.0	316451.875	8.0	MIKI-NS08	2531615.0	8.0	1.0	1.0	2548574.0	10.0	0.9933456905704916	0.8	NA	VAMB_v413	strmgCAMI2_short_read_pooled_gold_standard_assembly
108	3509.0	3509.0	1.0	SP108_S87	3509.0	1.0	1.0	1.0	1934373.0	517.0	0.0018140244926909133	0.0019342359767891683	NA	VAMB_v413	strmgCAMI2_short_read_pooled_gold_standard_assembly
121	14923.0	7461.5	2.0	SP108_S87	14923.0	2.0	1.0	1.0	1934373.0	517.0	0.007714644486869906	0.0038684719535783366	NA	VAMB_v413	strmgCAMI2_short_read_pooled_gold_standard_assembly
171	1318.0	1318.0	1.0	spades_ESBL6643_S3_L001	1318.0	1.0	1.0	1.0	5120124.0	22.0	0.00025741564071495146	0.045454545454545456	NA	VAMB_v413	strmgCAMI2_short_read_pooled_gold_standard_assembly
175	2749.0	2749.0	1.0	SP108_S87	2749.0	1.0	1.0	1.0	1934373.0	517.0	0.0014211323255649247	0.0019342359767891683	NA	VAMB_v413	strmgCAMI2_short_read_pooled_gold_standard_assembly
204	167449.0	9849.941176470587	17.0	SP108_S87	167449.0	17.0	1.0	1.0	1934373.0	517.0	0.08656500064878904	0.03288201160541586	NA	VAMB_v413	strmgCAMI2_short_read_pooled_gold_standard_assembly
219	5059819.0	40804.99193548387	124.0	MIKI-NS20	5059819.0	124.0	1.0	1.0	5362682.0	208.0	0.9435239680443479	0.5961538461538461	NA	VAMB_v413	strmgCAMI2_short_read_pooled_gold_standard_assembly
232	3145.0	3145.0	1.0	SP108_S87	3145.0	1.0	1.0	1.0	1934373.0	517.0	0.0016258498231726767	0.0019342359767891683	NA	VAMB_v413	strmgCAMI2_short_read_pooled_gold_standard_assembly
1	2822763.0	104546.77777777778	27.0	MIKI-NS02	2822763.0	27.0	1.0	1.0	2999760.0	43.0	0.9409962797023762	0.627906976744186	NA	CLMB	strmgCAMI2_short_read_pooled_gold_standard_assembly
6	2749.0	2749.0	1.0	SP108_S87	2749.0	1.0	1.0	1.0	1934373.0	517.0	0.0014211323255649247	0.0019342359767891683	NA	CLMB	strmgCAMI2_short_read_pooled_gold_standard_assembly
10	5009578.0	151805.39393939395	33.0	MIKI-NS14	5009578.0	33.0	1.0	1.0	5248865.0	43.0	0.95441166804633	0.7674418604651163	NA	CLMB	strmgCAMI2_short_read_pooled_gold_standard_assembly
11	224240.0	74746.66666666667	3.0	MIKI-NS14	224240.0	3.0	1.0	1.0	5248865.0	43.0	0.04272161695909497	0.06976744186046512	NA	CLMB	strmgCAMI2_short_read_pooled_gold_standard_assembly
15	5040666.0	360047.5714285714	14.0	spades_ESBL6643_S3_L001	5040666.0	14.0	1.0	1.0	5120124.0	22.0	0.9844812352200845	0.6363636363636364	NA	CLMB	strmgCAMI2_short_read_pooled_gold_standard_assembly
17	2046585.0	23256.647727272728	88.0	MIKI-NS10	2046585.0	88.0	1.0	1.0	2092134.0	100.0	0.9782284499941208	0.88	NA	CLMB	strmgCAMI2_short_read_pooled_gold_standard_assembly
20	4613077.0	96105.77083333333	48.0	spades_And8457_S3_L001	4613077.0	48.0	1.0	1.0	4927240.0	82.0	0.936239558048725	0.5853658536585366	NA	CLMB	strmgCAMI2_short_read_pooled_gold_standard_assembly
21	2238317.0	33407.71641791045	67.0	MIKI-NS12	2238317.0	67.0	1.0	1.0	2251851.0	72.0	0.9939898332527329	0.9305555555555556	NA	CLMB	strmgCAMI2_short_read_pooled_gold_standard_assembly
31	1681214.0	168121.4	10.0	SP21_S92	1681214.0	10.0	1.0	1.0	1689680.0	13.0	0.9949895838265234	0.7692307692307693	NA	CLMB	strmgCAMI2_short_read_pooled_gold_standard_assembly
36	3509.0	3509.0	1.0	SP108_S87	3509.0	1.0	1.0	1.0	1934373.0	517.0	0.0018140244926909133	0.0019342359767891683	NA	CLMB	strmgCAMI2_short_read_pooled_gold_standard_assembly
45	7153471.0	340641.4761904762	21.0	MIKI-NS13	7153471.0	21.0	1.0	1.0	7206672.0	26.0	0.992617813048797	0.8076923076923077	NA	CLMB	strmgCAMI2_short_read_pooled_gold_standard_assembly
46	1975331.0	123458.1875	16.0	MIKI-NS09	1975331.0	16.0	1.0	1.0	2039640.0	22.0	0.968470416347983	0.7272727272727273	NA	CLMB	strmgCAMI2_short_read_pooled_gold_standard_assembly
56	2531615.0	316451.875	8.0	MIKI-NS08	2531615.0	8.0	1.0	1.0	2548574.0	10.0	0.9933456905704916	0.8	NA	CLMB	strmgCAMI2_short_read_pooled_gold_standard_assembly
79	7035.0	3517.5	2.0	SP21_S92	4957.0	1.0	0.7046197583511017	0.5	1689680.0	13.0	0.0029336915865726056	0.07692307692307693	NA	CLMB	strmgCAMI2_short_read_pooled_gold_standard_assembly
84	1933003.0	107389.05555555556	18.0	MIKI-NS06	1933003.0	18.0	1.0	1.0	1964616.0	31.0	0.983908814750567	0.5806451612903226	NA	CLMB	strmgCAMI2_short_read_pooled_gold_standard_assembly
94	6819017.0	74934.25274725274	91.0	MIKI-NS15	6778772.0	90.0	0.994098122940594	0.989010989010989	6804298.0	96.0	0.9962485476091729	0.9375	NA	CLMB	strmgCAMI2_short_read_pooled_gold_standard_assembly
139	4387279.0	34009.91472868217	129.0	MIKI-NS03	4387279.0	129.0	1.0	1.0	4487888.0	151.0	0.9775821054357863	0.8543046357615894	NA	CLMB	strmgCAMI2_short_read_pooled_gold_standard_assembly
179	6096.0	2032.0	3.0	MIKI-NS10	3168.0	1.0	0.5196850393700787	0.3333333333333333	2092134.0	100.0	0.0015142433515252848	0.01	NA	CLMB	strmgCAMI2_short_read_pooled_gold_standard_assembly
204	7554.0	7554.0	1.0	SP108_S87	7554.0	1.0	1.0	1.0	1934373.0	517.0	0.003905141355881208	0.0019342359767891683	NA	CLMB	strmgCAMI2_short_read_pooled_gold_standard_assembly
238	5197405.0	35356.49659863945	147.0	MIKI-NS20	5197405.0	147.0	1.0	1.0	5362682.0	208.0	0.9691801602257974	0.7067307692307693	NA	CLMB	strmgCAMI2_short_read_pooled_gold_standard_assembly
259	7369.0	7369.0	1.0	SP108_S87	7369.0	1.0	1.0	1.0	1934373.0	517.0	0.0038095031309886974	0.0019342359767891683	NA	CLMB	strmgCAMI2_short_read_pooled_gold_standard_assembly
264	4080.0	4080.0	1.0	SP108_S87	4080.0	1.0	1.0	1.0	1934373.0	517.0	0.002109210581413202	0.0019342359767891683	NA	CLMB	strmgCAMI2_short_read_pooled_gold_standard_assembly
265	9126.0	9126.0	1.0	SP108_S87	9126.0	1.0	1.0	1.0	1934373.0	517.0	0.004717807785778648	0.0019342359767891683	NA	CLMB	strmgCAMI2_short_read_pooled_gold_standard_assembly
279	5743.0	5743.0	1.0	SP108_S87	5743.0	1.0	1.0	1.0	1934373.0	517.0	0.0029689206786902007	0.0019342359767891683	NA	CLMB	strmgCAMI2_short_read_pooled_gold_standard_assembly
291	29484.0	29484.0	1.0	spades_ESBL6643_S3_L001	29484.0	1.0	1.0	1.0	5120124.0	22.0	0.005758454287435226	0.045454545454545456	NA	CLMB	strmgCAMI2_short_read_pooled_gold_standard_assembly
300	23270.0	11635.0	2.0	SP108_S87	23270.0	2.0	1.0	1.0	1934373.0	517.0	0.012029737801344415	0.0038684719535783366	NA	CLMB	strmgCAMI2_short_read_pooled_gold_standard_assembly
309	5091.0	5091.0	1.0	SP108_S87	5091.0	1.0	1.0	1.0	1934373.0	517.0	0.0026318605563663265	0.0019342359767891683	NA	CLMB	strmgCAMI2_short_read_pooled_gold_standard_assembly
0	5233818.0	145383.83333333334	36.0	MIKI-NS14	5233818.0	36.0	1.0	1.0	5248865.0	43.0	0.997133285005425	0.8372093023255814	NA	MetaDecoder	strmgCAMI2_short_read_pooled_gold_standard_assembly
1	23439.0	3906.5	6.0	SP108_S87	23439.0	6.0	1.0	1.0	1934373.0	517.0	0.012117104612192169	0.01160541586073501	NA	MetaDecoder	strmgCAMI2_short_read_pooled_gold_standard_assembly
2	19943.0	3323.8333333333335	6.0	SP108_S87	19943.0	6.0	1.0	1.0	1934373.0	517.0	0.01030980064341262	0.01160541586073501	NA	MetaDecoder	strmgCAMI2_short_read_pooled_gold_standard_assembly
3	27870.0	4645.0	6.0	SP108_S87	27870.0	6.0	1.0	1.0	1934373.0	517.0	0.01440776933921224	0.01160541586073501	NA	MetaDecoder	strmgCAMI2_short_read_pooled_gold_standard_assembly
7	26805.0	6701.25	4.0	SP108_S87	26805.0	4.0	1.0	1.0	1934373.0	517.0	0.01385720334185806	0.007736943907156673	NA	MetaDecoder	strmgCAMI2_short_read_pooled_gold_standard_assembly
10	28425.0	5685.0	5.0	SP108_S87	28425.0	5.0	1.0	1.0	1934373.0	517.0	0.014694684013889773	0.009671179883945842	NA	MetaDecoder	strmgCAMI2_short_read_pooled_gold_standard_assembly
19	35258.0	3917.5555555555557	9.0	SP108_S87	35258.0	9.0	1.0	1.0	1934373.0	517.0	0.018227094774379088	0.017408123791102514	NA	MetaDecoder	strmgCAMI2_short_read_pooled_gold_standard_assembly
30	24032.0	4806.4	5.0	SP108_S87	24032.0	5.0	1.0	1.0	1934373.0	517.0	0.012423663895225999	0.009671179883945842	NA	MetaDecoder	strmgCAMI2_short_read_pooled_gold_standard_assembly
33	35104.0	3900.4444444444443	9.0	SP108_S87	35104.0	9.0	1.0	1.0	1934373.0	517.0	0.018147482414198297	0.017408123791102514	NA	MetaDecoder	strmgCAMI2_short_read_pooled_gold_standard_assembly
35	32144.0	6428.8	5.0	SP108_S87	32144.0	5.0	1.0	1.0	1934373.0	517.0	0.016617270815918128	0.009671179883945842	NA	MetaDecoder	strmgCAMI2_short_read_pooled_gold_standard_assembly
41	31579.0	7894.75	4.0	SP108_S87	31579.0	4.0	1.0	1.0	1934373.0	517.0	0.016325186507462626	0.007736943907156673	NA	MetaDecoder	strmgCAMI2_short_read_pooled_gold_standard_assembly
42	11346.0	5673.0	2.0	SP108_S87	11346.0	2.0	1.0	1.0	1934373.0	517.0	0.005865466484488773	0.0038684719535783366	NA	MetaDecoder	strmgCAMI2_short_read_pooled_gold_standard_assembly
43	1950381.0	33057.30508474576	59.0	MIKI-NS10	1950381.0	59.0	1.0	1.0	2092134.0	100.0	0.9322447797320822	0.59	NA	MetaDecoder	strmgCAMI2_short_read_pooled_gold_standard_assembly
48	27691.0	6922.75	4.0	SP108_S87	27691.0	4.0	1.0	1.0	1934373.0	517.0	0.014315232894586515	0.007736943907156673	NA	MetaDecoder	strmgCAMI2_short_read_pooled_gold_standard_assembly
49	29571.0	4224.428571428572	7.0	SP108_S87	29571.0	7.0	1.0	1.0	1934373.0	517.0	0.01528712404484554	0.013539651837524178	NA	MetaDecoder	strmgCAMI2_short_read_pooled_gold_standard_assembly
58	6675509.0	101144.07575757576	66.0	MIKI-NS15	6675509.0	66.0	1.0	1.0	6804298.0	96.0	0.9810724045301955	0.6875	NA	MetaDecoder	strmgCAMI2_short_read_pooled_gold_standard_assembly
59	39477.0	5639.571428571428	7.0	SP108_S87	39477.0	7.0	1.0	1.0	1934373.0	517.0	0.02040816326530612	0.013539651837524178	NA	MetaDecoder	strmgCAMI2_short_read_pooled_gold_standard_assembly
66	5109940.0	319371.25	16.0	spades_ESBL6643_S3_L001	5109940.0	16.0	1.0	1.0	5120124.0	22.0	0.9980109856714408	0.7272727272727273	NA	MetaDecoder	strmgCAMI2_short_read_pooled_gold_standard_assembly
67	31557.0	3506.3333333333335	9.0	SP108_S87	31557.0	9.0	1.0	1.0	1934373.0	517.0	0.01631381331315108	0.017408123791102514	NA	MetaDecoder	strmgCAMI2_short_read_pooled_gold_standard_assembly
75	1681214.0	168121.4	10.0	SP21_S92	1681214.0	10.0	1.0	1.0	1689680.0	13.0	0.9949895838265234	0.7692307692307693	NA	MetaDecoder	strmgCAMI2_short_read_pooled_gold_standard_assembly
79	48821.0	3487.214285714286	14.0	SP108_S87	48821.0	14.0	1.0	1.0	1934373.0	517.0	0.025238669067444593	0.027079303675048357	NA	MetaDecoder	strmgCAMI2_short_read_pooled_gold_standard_assembly
82	14542.0	3635.5	4.0	SP108_S87	14542.0	4.0	1.0	1.0	1934373.0	517.0	0.007517681439929114	0.007736943907156673	NA	MetaDecoder	strmgCAMI2_short_read_pooled_gold_standard_assembly
85	4735400.0	89347.16981132075	53.0	spades_And8457_S3_L001	4735400.0	53.0	1.0	1.0	4927240.0	82.0	0.9610654240507871	0.6463414634146342	NA	MetaDecoder	strmgCAMI2_short_read_pooled_gold_standard_assembly
112	7684.0	7684.0	1.0	SP108_S87	7684.0	1.0	1.0	1.0	1934373.0	517.0	0.003972346594994864	0.0019342359767891683	NA	MetaDecoder	strmgCAMI2_short_read_pooled_gold_standard_assembly
121	22702.0	7567.333333333333	3.0	SP108_S87	22702.0	3.0	1.0	1.0	1934373.0	517.0	0.011736102602755517	0.005802707930367505	NA	MetaDecoder	strmgCAMI2_short_read_pooled_gold_standard_assembly
126	16805.0	8402.5	2.0	SP108_S87	16805.0	2.0	1.0	1.0	1934373.0	517.0	0.008687569563884525	0.0038684719535783366	NA	MetaDecoder	strmgCAMI2_short_read_pooled_gold_standard_assembly
140	60517.0	6724.111111111111	9.0	SP108_S87	60517.0	9.0	1.0	1.0	1934373.0	517.0	0.031285072734162436	0.017408123791102514	NA	MetaDecoder	strmgCAMI2_short_read_pooled_gold_standard_assembly
141	22967.0	7655.666666666667	3.0	SP108_S87	22967.0	3.0	1.0	1.0	1934373.0	517.0	0.011873097897871818	0.005802707930367505	NA	MetaDecoder	strmgCAMI2_short_read_pooled_gold_standard_assembly
157	2963623.0	89806.75757575757	33.0	MIKI-NS02	2963623.0	33.0	1.0	1.0	2999760.0	43.0	0.9879533696029016	0.7674418604651163	NA	MetaDecoder	strmgCAMI2_short_read_pooled_gold_standard_assembly
173	43802.0	8760.4	5.0	SP108_S87	43802.0	5.0	1.0	1.0	1934373.0	517.0	0.022644029874279676	0.009671179883945842	NA	MetaDecoder	strmgCAMI2_short_read_pooled_gold_standard_assembly
174	57133.0	7141.625	8.0	SP108_S87	57133.0	8.0	1.0	1.0	1934373.0	517.0	0.029535668663696196	0.015473887814313346	NA	MetaDecoder	strmgCAMI2_short_read_pooled_gold_standard_assembly
197	41167.0	3742.4545454545455	11.0	SP108_S87	41167.0	11.0	1.0	1.0	1934373.0	517.0	0.02128183137378365	0.02127659574468085	NA	MetaDecoder	strmgCAMI2_short_read_pooled_gold_standard_assembly
213	239667.0	239667.0	1.0	MIKI-NS09	239667.0	1.0	1.0	1.0	2039640.0	22.0	0.11750455962816968	0.045454545454545456	NA	MetaDecoder	strmgCAMI2_short_read_pooled_gold_standard_assembly
215	4705277.0	68192.42028985507	69.0	MIKI-NS20	4705277.0	69.0	1.0	1.0	5362682.0	208.0	0.8774111535981436	0.3317307692307692	NA	MetaDecoder	strmgCAMI2_short_read_pooled_gold_standard_assembly
237	3055.0	3055.0	1.0	SP108_S87	3055.0	1.0	1.0	1.0	1934373.0	517.0	0.0015793231191709148	0.0019342359767891683	NA	MetaDecoder	strmgCAMI2_short_read_pooled_gold_standard_assembly
239	2221894.0	36424.49180327869	61.0	MIKI-NS12	2221894.0	61.0	1.0	1.0	2251851.0	72.0	0.9866967219411942	0.8472222222222222	NA	MetaDecoder	strmgCAMI2_short_read_pooled_gold_standard_assembly
242	4088900.0	63889.0625	64.0	MIKI-NS03	4088900.0	64.0	1.0	1.0	4487888.0	151.0	0.911096711860902	0.423841059602649	NA	MetaDecoder	strmgCAMI2_short_read_pooled_gold_standard_assembly
253	8074.0	8074.0	1.0	SP108_S87	8074.0	1.0	1.0	1.0	1934373.0	517.0	0.0041739623123358315	0.0019342359767891683	NA	MetaDecoder	strmgCAMI2_short_read_pooled_gold_standard_assembly
269	4415.0	4415.0	1.0	SP108_S87	4415.0	1.0	1.0	1.0	1934373.0	517.0	0.0022823933129753156	0.0019342359767891683	NA	MetaDecoder	strmgCAMI2_short_read_pooled_gold_standard_assembly
272	7186515.0	342215.0	21.0	MIKI-NS13	7186515.0	21.0	1.0	1.0	7206672.0	26.0	0.9972030085454145	0.8076923076923077	NA	MetaDecoder	strmgCAMI2_short_read_pooled_gold_standard_assembly
281	21329.0	21329.0	1.0	SP108_S87	21329.0	1.0	1.0	1.0	1934373.0	517.0	0.011026311885039752	0.0019342359767891683	NA	MetaDecoder	strmgCAMI2_short_read_pooled_gold_standard_assembly
283	25960.0	6490.0	4.0	SP108_S87	25960.0	4.0	1.0	1.0	1934373.0	517.0	0.013420369287619296	0.007736943907156673	NA	MetaDecoder	strmgCAMI2_short_read_pooled_gold_standard_assembly
295	30022.0	30022.0	1.0	MIKI-NS15	30022.0	1.0	1.0	1.0	6804298.0	96.0	0.00441221122296525	0.010416666666666666	NA	MetaDecoder	strmgCAMI2_short_read_pooled_gold_standard_assembly
327	604783.0	302391.5	2.0	MIKI-NS09	604783.0	2.0	1.0	1.0	2039640.0	22.0	0.29651458100449096	0.09090909090909091	NA	MetaDecoder	strmgCAMI2_short_read_pooled_gold_standard_assembly
332	500837.0	250418.5	2.0	MIKI-NS09	500837.0	2.0	1.0	1.0	2039640.0	22.0	0.24555166598027103	0.09090909090909091	NA	MetaDecoder	strmgCAMI2_short_read_pooled_gold_standard_assembly
338	13311.0	13311.0	1.0	SP108_S87	13311.0	1.0	1.0	1.0	1934373.0	517.0	0.006881299521860572	0.0019342359767891683	NA	MetaDecoder	strmgCAMI2_short_read_pooled_gold_standard_assembly
344	2543089.0	282565.44444444444	9.0	MIKI-NS08	2543089.0	9.0	1.0	1.0	2548574.0	10.0	0.9978478160728314	0.9	NA	MetaDecoder	strmgCAMI2_short_read_pooled_gold_standard_assembly
436	10386.0	10386.0	1.0	MIKI-NS03	10386.0	1.0	1.0	1.0	4487888.0	151.0	0.002314228875586913	0.006622516556291391	NA	MetaDecoder	strmgCAMI2_short_read_pooled_gold_standard_assembly
447	81699.0	81699.0	1.0	MIKI-NS09	81699.0	1.0	1.0	1.0	2039640.0	22.0	0.04005559804671412	0.045454545454545456	NA	MetaDecoder	strmgCAMI2_short_read_pooled_gold_standard_assembly
465	1931163.0	113597.82352941176	17.0	MIKI-NS06	1931163.0	17.0	1.0	1.0	1964616.0	31.0	0.9829722449577932	0.5483870967741935	NA	MetaDecoder	strmgCAMI2_short_read_pooled_gold_standard_assembly
8	2078.0	2078.0	1.0	SP108_S87	2078.0	1.0	1.0	1.0	1934373.0	517.0	0.0010742498990629005	0.0019342359767891683	NA	SemiBin1	strmgCAMI2_short_read_pooled_gold_standard_assembly
10	6853481.0	69933.47959183673	98.0	MIKI-NS15	6798820.0	95.0	0.9920243450007376	0.9693877551020408	6804298.0	96.0	0.9991949206222303	0.9895833333333334	NA	SemiBin1	strmgCAMI2_short_read_pooled_gold_standard_assembly
12	5438.0	5438.0	1.0	SP108_S87	5438.0	1.0	1.0	1.0	1934373.0	517.0	0.002811246848462008	0.0019342359767891683	NA	SemiBin1	strmgCAMI2_short_read_pooled_gold_standard_assembly
16	5321973.0	28459.748663101604	187.0	MIKI-NS20	5321973.0	187.0	1.0	1.0	5362682.0	208.0	0.9924088357280928	0.8990384615384616	NA	SemiBin1	strmgCAMI2_short_read_pooled_gold_standard_assembly
17	2051531.0	25018.670731707316	82.0	MIKI-NS10	2051531.0	82.0	1.0	1.0	2092134.0	100.0	0.9805925433074555	0.82	NA	SemiBin1	strmgCAMI2_short_read_pooled_gold_standard_assembly
35	5119003.0	243762.04761904763	21.0	spades_ESBL6643_S3_L001	5119003.0	21.0	1.0	1.0	5120124.0	22.0	0.9997810599899534	0.9545454545454546	NA	SemiBin1	strmgCAMI2_short_read_pooled_gold_standard_assembly
41	2992768.0	72994.34146341463	41.0	MIKI-NS02	2992768.0	41.0	1.0	1.0	2999760.0	43.0	0.9976691468650826	0.9534883720930233	NA	SemiBin1	strmgCAMI2_short_read_pooled_gold_standard_assembly
47	9977.0	2494.25	4.0	SP108_S87	9977.0	4.0	1.0	1.0	1934373.0	517.0	0.005157743620284196	0.007736943907156673	NA	SemiBin1	strmgCAMI2_short_read_pooled_gold_standard_assembly
49	1689680.0	129975.38461538461	13.0	SP21_S92	1689680.0	13.0	1.0	1.0	1689680.0	13.0	1.0	1.0	NA	SemiBin1	strmgCAMI2_short_read_pooled_gold_standard_assembly
61	4906969.0	67218.75342465754	73.0	spades_And8457_S3_L001	4906969.0	73.0	1.0	1.0	4927240.0	82.0	0.9958859320836817	0.8902439024390244	NA	SemiBin1	strmgCAMI2_short_read_pooled_gold_standard_assembly
85	4662.0	2331.0	2.0	spades_And8457_S3_L001	4662.0	2.0	1.0	1.0	4927240.0	82.0	0.000946168646138609	0.024390243902439025	NA	SemiBin1	strmgCAMI2_short_read_pooled_gold_standard_assembly
88	67493.0	4820.928571428572	14.0	SP108_S87	67493.0	14.0	1.0	1.0	1934373.0	517.0	0.034891409257676774	0.027079303675048357	NA	SemiBin1	strmgCAMI2_short_read_pooled_gold_standard_assembly
90	112588.0	7505.866666666667	15.0	SP108_S87	112588.0	15.0	1.0	1.0	1934373.0	517.0	0.05820387277944843	0.029013539651837523	NA	SemiBin1	strmgCAMI2_short_read_pooled_gold_standard_assembly
91	5442626.0	126572.69767441861	43.0	MIKI-NS14	5243385.0	42.0	0.9633924873764981	0.9767441860465116	5248865.0	43.0	0.998955964765716	0.9767441860465116	NA	SemiBin1	strmgCAMI2_short_read_pooled_gold_standard_assembly
92	196942.0	6791.103448275862	29.0	SP108_S87	196942.0	29.0	1.0	1.0	1934373.0	517.0	0.10181180155016638	0.05609284332688588	NA	SemiBin1	strmgCAMI2_short_read_pooled_gold_standard_assembly
94	112110.0	7474.0	15.0	SP108_S87	112110.0	15.0	1.0	1.0	1934373.0	517.0	0.057956764284861295	0.029013539651837523	NA	SemiBin1	strmgCAMI2_short_read_pooled_gold_standard_assembly
96	120793.0	5490.590909090909	22.0	SP108_S87	120793.0	22.0	1.0	1.0	1934373.0	517.0	0.062445557294275714	0.0425531914893617	NA	SemiBin1	strmgCAMI2_short_read_pooled_gold_standard_assembly
98	123785.0	4126.166666666667	30.0	SP108_S87	123785.0	30.0	1.0	1.0	1934373.0	517.0	0.0639923117206454	0.058027079303675046	NA	SemiBin1	strmgCAMI2_short_read_pooled_gold_standard_assembly
100	66766.0	7418.444444444444	9.0	SP108_S87	66766.0	9.0	1.0	1.0	1934373.0	517.0	0.034515576882018104	0.017408123791102514	NA	SemiBin1	strmgCAMI2_short_read_pooled_gold_standard_assembly
102	129361.0	5624.391304347826	23.0	SP108_S87	129361.0	23.0	1.0	1.0	1934373.0	517.0	0.06687489951524345	0.04448742746615087	NA	SemiBin1	strmgCAMI2_short_read_pooled_gold_standard_assembly
104	33510.0	6702.0	5.0	SP108_S87	33510.0	5.0	1.0	1.0	1934373.0	517.0	0.017323442789989315	0.009671179883945842	NA	SemiBin1	strmgCAMI2_short_read_pooled_gold_standard_assembly
106	31299.0	10433.0	3.0	SP108_S87	31299.0	3.0	1.0	1.0	1934373.0	517.0	0.016180436761679365	0.005802707930367505	NA	SemiBin1	strmgCAMI2_short_read_pooled_gold_standard_assembly
108	7051.0	7051.0	1.0	SP108_S87	7051.0	1.0	1.0	1.0	1934373.0	517.0	0.003645108776849139	0.0019342359767891683	NA	SemiBin1	strmgCAMI2_short_read_pooled_gold_standard_assembly
109	12610.0	4203.333333333333	3.0	SP108_S87	12610.0	3.0	1.0	1.0	1934373.0	517.0	0.0065189081940246274	0.005802707930367505	NA	SemiBin1	strmgCAMI2_short_read_pooled_gold_standard_assembly
119	4100969.0	36945.666666666664	111.0	MIKI-NS03	4100969.0	111.0	1.0	1.0	4487888.0	151.0	0.9137859500950113	0.7350993377483444	NA	SemiBin1	strmgCAMI2_short_read_pooled_gold_standard_assembly
127	7695.0	7695.0	1.0	SP108_S87	7695.0	1.0	1.0	1.0	1934373.0	517.0	0.0039780331921506346	0.0019342359767891683	NA	SemiBin1	strmgCAMI2_short_read_pooled_gold_standard_assembly
133	2817.0	2817.0	1.0	SP108_S87	2817.0	1.0	1.0	1.0	1934373.0	517.0	0.0014562858352551447	0.0019342359767891683	NA	SemiBin1	strmgCAMI2_short_read_pooled_gold_standard_assembly
281	3901.0	3901.0	1.0	SP108_S87	3901.0	1.0	1.0	1.0	1934373.0	517.0	0.002016674136787476	0.0019342359767891683	NA	SemiBin1	strmgCAMI2_short_read_pooled_gold_standard_assembly
332	5430.0	5430.0	1.0	SP108_S87	5430.0	1.0	1.0	1.0	1934373.0	517.0	0.0028071111414396293	0.0019342359767891683	NA	SemiBin1	strmgCAMI2_short_read_pooled_gold_standard_assembly
337	2796.0	2796.0	1.0	SP108_S87	2796.0	1.0	1.0	1.0	1934373.0	517.0	0.0014454296043214002	0.0019342359767891683	NA	SemiBin1	strmgCAMI2_short_read_pooled_gold_standard_assembly
371	961970.0	160328.33333333334	6.0	MIKI-NS09	961970.0	6.0	1.0	1.0	2039640.0	22.0	0.4716371516542135	0.2727272727272727	NA	SemiBin1	strmgCAMI2_short_read_pooled_gold_standard_assembly
372	1072187.0	71479.13333333333	15.0	MIKI-NS09	1072187.0	15.0	1.0	1.0	2039640.0	22.0	0.5256746288560726	0.6818181818181818	NA	SemiBin1	strmgCAMI2_short_read_pooled_gold_standard_assembly
373	5012.0	5012.0	1.0	SP108_S87	5012.0	1.0	1.0	1.0	1934373.0	517.0	0.0025910204495203353	0.0019342359767891683	NA	SemiBin1	strmgCAMI2_short_read_pooled_gold_standard_assembly
374	3177.0	3177.0	1.0	SP108_S87	3177.0	1.0	1.0	1.0	1934373.0	517.0	0.0016423926512621919	0.0019342359767891683	NA	SemiBin1	strmgCAMI2_short_read_pooled_gold_standard_assembly
453	2258.0	2258.0	1.0	spades_And8457_S3_L001	2258.0	1.0	1.0	1.0	4927240.0	82.0	0.00045826872650814657	0.012195121951219513	NA	SemiBin1	strmgCAMI2_short_read_pooled_gold_standard_assembly
468	7198772.0	312990.0869565217	23.0	MIKI-NS13	7198772.0	23.0	1.0	1.0	7206672.0	26.0	0.9989037935957125	0.8846153846153846	NA	SemiBin1	strmgCAMI2_short_read_pooled_gold_standard_assembly
477	2236296.0	34404.553846153845	65.0	MIKI-NS12	2236296.0	65.0	1.0	1.0	2251851.0	72.0	0.9930923493605927	0.9027777777777778	NA	SemiBin1	strmgCAMI2_short_read_pooled_gold_standard_assembly
479	5308.0	5308.0	1.0	spades_And8457_S3_L001	5308.0	1.0	1.0	1.0	4927240.0	82.0	0.0010772765280359796	0.012195121951219513	NA	SemiBin1	strmgCAMI2_short_read_pooled_gold_standard_assembly
499	8045.0	8045.0	1.0	SP108_S87	8045.0	1.0	1.0	1.0	1934373.0	517.0	0.004158970374379708	0.0019342359767891683	NA	SemiBin1	strmgCAMI2_short_read_pooled_gold_standard_assembly
501	1948825.0	81201.04166666667	24.0	MIKI-NS06	1948825.0	24.0	1.0	1.0	1964616.0	31.0	0.991962296957777	0.7741935483870968	NA	SemiBin1	strmgCAMI2_short_read_pooled_gold_standard_assembly
505	2543089.0	282565.44444444444	9.0	MIKI-NS08	2543089.0	9.0	1.0	1.0	2548574.0	10.0	0.9978478160728314	0.9	NA	SemiBin1	strmgCAMI2_short_read_pooled_gold_standard_assembly
510	3248.0	3248.0	1.0	SP108_S87	3248.0	1.0	1.0	1.0	1934373.0	517.0	0.001679097051085804	0.0019342359767891683	NA	SemiBin1	strmgCAMI2_short_read_pooled_gold_standard_assembly
19	1299.0	1299.0	1.0	SP108_S87	1299.0	1.0	1.0	1.0	1934373.0	517.0	0.0006715354277587621	0.0019342359767891683	NA	SemiBin2	strmgCAMI2_short_read_pooled_gold_standard_assembly
33	4635.0	1545.0	3.0	SP108_S87	4635.0	3.0	1.0	1.0	1934373.0	517.0	0.002396125256090733	0.005802707930367505	NA	SemiBin2	strmgCAMI2_short_read_pooled_gold_standard_assembly
74	6754588.0	72629.97849462366	93.0	MIKI-NS15	6754588.0	93.0	1.0	1.0	6804298.0	96.0	0.9926943234996468	0.96875	NA	SemiBin2	strmgCAMI2_short_read_pooled_gold_standard_assembly
101	1078.0	1078.0	1.0	SP108_S87	1078.0	1.0	1.0	1.0	1934373.0	517.0	0.000557286521265547	0.0019342359767891683	NA	SemiBin2	strmgCAMI2_short_read_pooled_gold_standard_assembly
115	2635.0	2635.0	1.0	SP108_S87	2635.0	1.0	1.0	1.0	1934373.0	517.0	0.0013621985004960264	0.0019342359767891683	NA	SemiBin2	strmgCAMI2_short_read_pooled_gold_standard_assembly
130	1576.0	1576.0	1.0	SP108_S87	1576.0	1.0	1.0	1.0	1934373.0	517.0	0.000814734283408629	0.0019342359767891683	NA	SemiBin2	strmgCAMI2_short_read_pooled_gold_standard_assembly
144	2402.0	2402.0	1.0	spades_And8457_S3_L001	2402.0	1.0	1.0	1.0	4927240.0	82.0	0.0004874940128753623	0.012195121951219513	NA	SemiBin2	strmgCAMI2_short_read_pooled_gold_standard_assembly
145	1254.0	1254.0	1.0	SP108_S87	1254.0	1.0	1.0	1.0	1934373.0	517.0	0.0006482720757578813	0.0019342359767891683	NA	SemiBin2	strmgCAMI2_short_read_pooled_gold_standard_assembly
173	6134.0	3067.0	2.0	SP108_S87	6134.0	2.0	1.0	1.0	1934373.0	517.0	0.003171053359408966	0.0038684719535783366	NA	SemiBin2	strmgCAMI2_short_read_pooled_gold_standard_assembly
180	1518.0	1518.0	1.0	SP108_S87	1518.0	1.0	1.0	1.0	1934373.0	517.0	0.0007847504074963825	0.0019342359767891683	NA	SemiBin2	strmgCAMI2_short_read_pooled_gold_standard_assembly
192	2078.0	2078.0	1.0	SP108_S87	2078.0	1.0	1.0	1.0	1934373.0	517.0	0.0010742498990629005	0.0019342359767891683	NA	SemiBin2	strmgCAMI2_short_read_pooled_gold_standard_assembly
196	5117284.0	255864.2	20.0	spades_ESBL6643_S3_L001	5117284.0	20.0	1.0	1.0	5120124.0	22.0	0.9994453259335125	0.9090909090909091	NA	SemiBin2	strmgCAMI2_short_read_pooled_gold_standard_assembly
200	2994276.0	71292.28571428571	42.0	MIKI-NS02	2994276.0	42.0	1.0	1.0	2999760.0	43.0	0.9981718537482999	0.9767441860465116	NA	SemiBin2	strmgCAMI2_short_read_pooled_gold_standard_assembly
201	266348.0	5222.509803921569	51.0	SP108_S87	266348.0	51.0	1.0	1.0	1934373.0	517.0	0.1376921617495695	0.09864603481624758	NA	SemiBin2	strmgCAMI2_short_read_pooled_gold_standard_assembly
204	16965.0	3393.0	5.0	SP108_S87	16965.0	5.0	1.0	1.0	1934373.0	517.0	0.008770283704332102	0.009671179883945842	NA	SemiBin2	strmgCAMI2_short_read_pooled_gold_standard_assembly
210	318083.0	3088.1844660194174	103.0	SP108_S87	318083.0	103.0	1.0	1.0	1934373.0	517.0	0.16443726209991558	0.19922630560928434	NA	SemiBin2	strmgCAMI2_short_read_pooled_gold_standard_assembly
212	4911330.0	65484.4	75.0	spades_And8457_S3_L001	4911330.0	75.0	1.0	1.0	4927240.0	82.0	0.9967710117631777	0.9146341463414634	NA	SemiBin2	strmgCAMI2_short_read_pooled_gold_standard_assembly
222	98536.0	7579.692307692308	13.0	SP108_S87	98536.0	13.0	1.0	1.0	1934373.0	517.0	0.05093950339464002	0.025145067698259187	NA	SemiBin2	strmgCAMI2_short_read_pooled_gold_standard_assembly
224	2433.0	1216.5	2.0	SP108_S87	2433.0	2.0	1.0	1.0	1934373.0	517.0	0.001257771898180961	0.0038684719535783366	NA	SemiBin2	strmgCAMI2_short_read_pooled_gold_standard_assembly
228	9693.0	4846.5	2.0	SP108_S87	9693.0	2.0	1.0	1.0	1934373.0	517.0	0.005010926020989747	0.0038684719535783366	NA	SemiBin2	strmgCAMI2_short_read_pooled_gold_standard_assembly
229	1149.0	1149.0	1.0	SP108_S87	1149.0	1.0	1.0	1.0	1934373.0	517.0	0.0005939909210891591	0.0019342359767891683	NA	SemiBin2	strmgCAMI2_short_read_pooled_gold_standard_assembly
230	3629.0	3629.0	1.0	SP108_S87	3629.0	1.0	1.0	1.0	1934373.0	517.0	0.0018760600980265957	0.0019342359767891683	NA	SemiBin2	strmgCAMI2_short_read_pooled_gold_standard_assembly
234	126244.0	4855.538461538462	26.0	SP108_S87	126244.0	26.0	1.0	1.0	1934373.0	517.0	0.06526352466664909	0.05029013539651837	NA	SemiBin2	strmgCAMI2_short_read_pooled_gold_standard_assembly
238	4427750.0	30120.748299319726	147.0	MIKI-NS03	4427750.0	147.0	1.0	1.0	4487888.0	151.0	0.9865999329751545	0.9735099337748344	NA	SemiBin2	strmgCAMI2_short_read_pooled_gold_standard_assembly
243	56180.0	5107.272727272727	11.0	SP108_S87	56180.0	11.0	1.0	1.0	1934373.0	517.0	0.029043002564655317	0.02127659574468085	NA	SemiBin2	strmgCAMI2_short_read_pooled_gold_standard_assembly
252	2085392.0	21279.51020408163	98.0	MIKI-NS10	2085392.0	98.0	1.0	1.0	2092134.0	100.0	0.9967774530694496	0.98	NA	SemiBin2	strmgCAMI2_short_read_pooled_gold_standard_assembly
257	22878.0	5719.5	4.0	SP108_S87	22878.0	4.0	1.0	1.0	1934373.0	517.0	0.011827088157247853	0.007736943907156673	NA	SemiBin2	strmgCAMI2_short_read_pooled_gold_standard_assembly
260	44747.0	4474.7	10.0	SP108_S87	44747.0	10.0	1.0	1.0	1934373.0	517.0	0.023132560266298174	0.019342359767891684	NA	SemiBin2	strmgCAMI2_short_read_pooled_gold_standard_assembly
270	116282.0	5285.545454545455	22.0	SP108_S87	116282.0	22.0	1.0	1.0	1934373.0	517.0	0.060113535497031856	0.0425531914893617	NA	SemiBin2	strmgCAMI2_short_read_pooled_gold_standard_assembly
272	127255.0	5532.826086956522	23.0	SP108_S87	127255.0	23.0	1.0	1.0	1934373.0	517.0	0.06578617464160222	0.04448742746615087	NA	SemiBin2	strmgCAMI2_short_read_pooled_gold_standard_assembly
284	114152.0	3682.3225806451615	31.0	SP108_S87	114152.0	31.0	1.0	1.0	1934373.0	517.0	0.05901240350232349	0.059961315280464215	NA	SemiBin2	strmgCAMI2_short_read_pooled_gold_standard_assembly
290	1956986.0	67482.27586206897	29.0	MIKI-NS06	1956986.0	29.0	1.0	1.0	1964616.0	31.0	0.9961162893919219	0.9354838709677419	NA	SemiBin2	strmgCAMI2_short_read_pooled_gold_standard_assembly
301	19966.0	3327.6666666666665	6.0	SP108_S87	19966.0	6.0	1.0	1.0	1934373.0	517.0	0.010321690801101959	0.01160541586073501	NA	SemiBin2	strmgCAMI2_short_read_pooled_gold_standard_assembly
311	1684723.0	140393.58333333334	12.0	SP21_S92	1684723.0	12.0	1.0	1.0	1689680.0	13.0	0.9970663084134274	0.9230769230769231	NA	SemiBin2	strmgCAMI2_short_read_pooled_gold_standard_assembly
318	1110.0	1110.0	1.0	SP108_S87	1110.0	1.0	1.0	1.0	1934373.0	517.0	0.0005738293493550623	0.0019342359767891683	NA	SemiBin2	strmgCAMI2_short_read_pooled_gold_standard_assembly
344	5243385.0	124842.5	42.0	MIKI-NS14	5243385.0	42.0	1.0	1.0	5248865.0	43.0	0.998955964765716	0.9767441860465116	NA	SemiBin2	strmgCAMI2_short_read_pooled_gold_standard_assembly
349	2260.0	2260.0	1.0	spades_And8457_S3_L001	2260.0	1.0	1.0	1.0	4927240.0	82.0	0.00045867463326324675	0.012195121951219513	NA	SemiBin2	strmgCAMI2_short_read_pooled_gold_standard_assembly
380	121871.0	3482.0285714285715	35.0	SP108_S87	121871.0	35.0	1.0	1.0	1934373.0	517.0	0.06300284381554126	0.06769825918762089	NA	SemiBin2	strmgCAMI2_short_read_pooled_gold_standard_assembly
385	5357199.0	25880.1884057971	207.0	MIKI-NS20	5357199.0	207.0	1.0	1.0	5362682.0	208.0	0.9989775638383928	0.9951923076923077	NA	SemiBin2	strmgCAMI2_short_read_pooled_gold_standard_assembly
388	2176.0	2176.0	1.0	SP108_S87	2176.0	1.0	1.0	1.0	1934373.0	517.0	0.0011249123100870412	0.0019342359767891683	NA	SemiBin2	strmgCAMI2_short_read_pooled_gold_standard_assembly
404	1163.0	1163.0	1.0	SP108_S87	1163.0	1.0	1.0	1.0	1934373.0	517.0	0.000601228408378322	0.0019342359767891683	NA	SemiBin2	strmgCAMI2_short_read_pooled_gold_standard_assembly
407	2244916.0	32070.22857142857	70.0	MIKI-NS12	2244916.0	70.0	1.0	1.0	2251851.0	72.0	0.9969203113349862	0.9722222222222222	NA	SemiBin2	strmgCAMI2_short_read_pooled_gold_standard_assembly
409	2027619.0	112645.5	18.0	MIKI-NS09	2027619.0	18.0	1.0	1.0	2039640.0	22.0	0.9941063128787433	0.8181818181818182	NA	SemiBin2	strmgCAMI2_short_read_pooled_gold_standard_assembly
423	17938.0	3587.6	5.0	SP108_S87	17938.0	5.0	1.0	1.0	1934373.0	517.0	0.009273289070928926	0.009671179883945842	NA	SemiBin2	strmgCAMI2_short_read_pooled_gold_standard_assembly
445	7201190.0	288047.6	25.0	MIKI-NS13	7201190.0	25.0	1.0	1.0	7206672.0	26.0	0.999239316011607	0.9615384615384616	NA	SemiBin2	strmgCAMI2_short_read_pooled_gold_standard_assembly
456	3841.0	3841.0	1.0	SP108_S87	3841.0	1.0	1.0	1.0	1934373.0	517.0	0.0019856563341196344	0.0019342359767891683	NA	SemiBin2	strmgCAMI2_short_read_pooled_gold_standard_assembly
471	5308.0	5308.0	1.0	spades_And8457_S3_L001	5308.0	1.0	1.0	1.0	4927240.0	82.0	0.0010772765280359796	0.012195121951219513	NA	SemiBin2	strmgCAMI2_short_read_pooled_gold_standard_assembly
480	1557.0	1557.0	1.0	SP108_S87	1557.0	1.0	1.0	1.0	1934373.0	517.0	0.0008049119792304793	0.0019342359767891683	NA	SemiBin2	strmgCAMI2_short_read_pooled_gold_standard_assembly
509	2225.0	1112.5	2.0	SP108_S87	2225.0	2.0	1.0	1.0	1934373.0	517.0	0.0011502435155991114	0.0038684719535783366	NA	SemiBin2	strmgCAMI2_short_read_pooled_gold_standard_assembly
511	2543089.0	282565.44444444444	9.0	MIKI-NS08	2543089.0	9.0	1.0	1.0	2548574.0	10.0	0.9978478160728314	0.9	NA	SemiBin2	strmgCAMI2_short_read_pooled_gold_standard_assembly
524	14053.0	2342.1666666666665	6.0	SP108_S87	14053.0	6.0	1.0	1.0	1934373.0	517.0	0.007264886348186208	0.01160541586073501	NA	SemiBin2	strmgCAMI2_short_read_pooled_gold_standard_assembly
533	2258.0	2258.0	1.0	spades_And8457_S3_L001	2258.0	1.0	1.0	1.0	4927240.0	82.0	0.00045826872650814657	0.012195121951219513	NA	SemiBin2	strmgCAMI2_short_read_pooled_gold_standard_assembly
538	1010.0	1010.0	1.0	SP108_S87	1010.0	1.0	1.0	1.0	1934373.0	517.0	0.000522133011575327	0.0019342359767891683	NA	SemiBin2	strmgCAMI2_short_read_pooled_gold_standard_assembly
542	80549.0	5369.933333333333	15.0	SP108_S87	80549.0	15.0	1.0	1.0	1934373.0	517.0	0.041640883118199024	0.029013539651837523	NA	SemiBin2	strmgCAMI2_short_read_pooled_gold_standard_assembly
546	70272.0	5405.538461538462	13.0	SP108_S87	70272.0	13.0	1.0	1.0	1934373.0	517.0	0.03632805048457562	0.025145067698259187	NA	SemiBin2	strmgCAMI2_short_read_pooled_gold_standard_assembly
568	5430.0	5430.0	1.0	SP108_S87	5430.0	1.0	1.0	1.0	1934373.0	517.0	0.0028071111414396293	0.0019342359767891683	NA	SemiBin2	strmgCAMI2_short_read_pooled_gold_standard_assembly
group18114	22780.0	1423.75	16.0	SP108_S87	22780.0	16.0	1.0	1.0	1934373.0	517.0	0.011776425746223711	0.030947775628626693	NA	COMEBin(filter200000)	strmgCAMI2_short_read_pooled_gold_standard_assembly
group29857	5347226.0	26211.892156862745	204.0	MIKI-NS20	5347226.0	204.0	1.0	1.0	5362682.0	208.0	0.9971178600558452	0.9807692307692307	NA	COMEBin(filter200000)	strmgCAMI2_short_read_pooled_gold_standard_assembly
group2	46357.0	2107.1363636363635	22.0	MIKI-NS06	6627.0	3.0	0.14295575641219233	0.13636363636363635	1964616.0	31.0	0.0033731782699519906	0.0967741935483871	NA	COMEBin(filter200000)	strmgCAMI2_short_read_pooled_gold_standard_assembly
group18021	1650721.0	3856.82476635514	428.0	SP108_S87	1650721.0	428.0	1.0	1.0	1934373.0	517.0	0.8533623039610251	0.8278529980657641	NA	COMEBin(filter200000)	strmgCAMI2_short_read_pooled_gold_standard_assembly
group7	30841.0	10280.333333333334	3.0	SP108_S87	30841.0	3.0	1.0	1.0	1934373.0	517.0	0.015943667534648178	0.005802707930367505	NA	COMEBin(filter200000)	strmgCAMI2_short_read_pooled_gold_standard_assembly
group32650	1455.0	1455.0	1.0	MIKI-NS12	1455.0	1.0	1.0	1.0	2251851.0	72.0	0.0006461351128471644	0.013888888888888888	NA	COMEBin(filter200000)	strmgCAMI2_short_read_pooled_gold_standard_assembly
group8822	19433.0	2429.125	8.0	SP108_S87	19433.0	8.0	1.0	1.0	1934373.0	517.0	0.01004614932073597	0.015473887814313346	NA	COMEBin(filter200000)	strmgCAMI2_short_read_pooled_gold_standard_assembly
group1	62690.0	5224.166666666667	12.0	MIKI-NS08	5485.0	1.0	0.08749401818471846	0.08333333333333333	2548574.0	10.0	0.002152183927168683	0.1	NA	COMEBin(filter200000)	strmgCAMI2_short_read_pooled_gold_standard_assembly
group11145	37820.0	2701.4285714285716	14.0	SP108_S87	37820.0	14.0	1.0	1.0	1934373.0	517.0	0.01955155494829591	0.027079303675048357	NA	COMEBin(filter200000)	strmgCAMI2_short_read_pooled_gold_standard_assembly
group26	5308.0	5308.0	1.0	spades_And8457_S3_L001	5308.0	1.0	1.0	1.0	4927240.0	82.0	0.0010772765280359796	0.012195121951219513	NA	COMEBin(filter200000)	strmgCAMI2_short_read_pooled_gold_standard_assembly
group21905	6853481.0	69933.47959183673	98.0	MIKI-NS15	6798820.0	95.0	0.9920243450007376	0.9693877551020408	6804298.0	96.0	0.9991949206222303	0.9895833333333334	NA	COMEBin(filter200000)	strmgCAMI2_short_read_pooled_gold_standard_assembly
group8839	10248.0	1708.0	6.0	SP108_S87	10248.0	6.0	1.0	1.0	1934373.0	517.0	0.005297840695667278	0.01160541586073501	NA	COMEBin(filter200000)	strmgCAMI2_short_read_pooled_gold_standard_assembly
group31814	3022.0	3022.0	1.0	SP108_S87	3022.0	1.0	1.0	1.0	1934373.0	517.0	0.0015622633277036023	0.0019342359767891683	NA	COMEBin(filter200000)	strmgCAMI2_short_read_pooled_gold_standard_assembly
group31514	12409.0	2068.1666666666665	6.0	SP108_S87	12409.0	6.0	1.0	1.0	1934373.0	517.0	0.006414998555087359	0.01160541586073501	NA	COMEBin(filter200000)	strmgCAMI2_short_read_pooled_gold_standard_assembly
group26327	11067.0	1844.5	6.0	SP108_S87	11067.0	6.0	1.0	1.0	1934373.0	517.0	0.005721233702083311	0.01160541586073501	NA	COMEBin(filter200000)	strmgCAMI2_short_read_pooled_gold_standard_assembly
group4	3258.0	1629.0	2.0	SP108_S87	3258.0	2.0	1.0	1.0	1934373.0	517.0	0.0016842666848637775	0.0038684719535783366	NA	COMEBin(filter200000)	strmgCAMI2_short_read_pooled_gold_standard_assembly
group22772	2083092.0	21256.04081632653	98.0	MIKI-NS10	2081775.0	97.0	0.9993677667621017	0.9897959183673469	2092134.0	100.0	0.9950485963136204	0.97	NA	COMEBin(filter200000)	strmgCAMI2_short_read_pooled_gold_standard_assembly
group6182	25584.0	6396.0	4.0	SP108_S87	25584.0	4.0	1.0	1.0	1934373.0	517.0	0.01322599105756749	0.007736943907156673	NA	COMEBin(filter200000)	strmgCAMI2_short_read_pooled_gold_standard_assembly
group13160	1010.0	1010.0	1.0	SP108_S87	1010.0	1.0	1.0	1.0	1934373.0	517.0	0.000522133011575327	0.0019342359767891683	NA	COMEBin(filter200000)	strmgCAMI2_short_read_pooled_gold_standard_assembly
group50	9973.0	3324.3333333333335	3.0	MIKI-NS20	9973.0	3.0	1.0	1.0	5362682.0	208.0	0.0018597037825476134	0.014423076923076924	NA	COMEBin(filter200000)	strmgCAMI2_short_read_pooled_gold_standard_assembly
group24795	5114295.0	284127.5	18.0	spades_ESBL6643_S3_L001	5114295.0	18.0	1.0	1.0	5120124.0	22.0	0.9988615510093115	0.8181818181818182	NA	COMEBin(filter200000)	strmgCAMI2_short_read_pooled_gold_standard_assembly
group7062	1684723.0	140393.58333333334	12.0	SP21_S92	1684723.0	12.0	1.0	1.0	1689680.0	13.0	0.9970663084134274	0.9230769230769231	NA	COMEBin(filter200000)	strmgCAMI2_short_read_pooled_gold_standard_assembly
group20557	1673268.0	92959.33333333333	18.0	MIKI-NS09	1673268.0	18.0	1.0	1.0	2039640.0	22.0	0.8203741836794729	0.8181818181818182	NA	COMEBin(filter200000)	strmgCAMI2_short_read_pooled_gold_standard_assembly
group21969	4911330.0	65484.4	75.0	spades_And8457_S3_L001	4911330.0	75.0	1.0	1.0	4927240.0	82.0	0.9967710117631777	0.9146341463414634	NA	COMEBin(filter200000)	strmgCAMI2_short_read_pooled_gold_standard_assembly
group11730	6507.0	2169.0	3.0	SP108_S87	6507.0	3.0	1.0	1.0	1934373.0	517.0	0.003363880699327379	0.005802707930367505	NA	COMEBin(filter200000)	strmgCAMI2_short_read_pooled_gold_standard_assembly
group18618	5243385.0	124842.5	42.0	MIKI-NS14	5243385.0	42.0	1.0	1.0	5248865.0	43.0	0.998955964765716	0.9767441860465116	NA	COMEBin(filter200000)	strmgCAMI2_short_read_pooled_gold_standard_assembly
group224	1411.0	1411.0	1.0	MIKI-NS06	1411.0	1.0	1.0	1.0	1964616.0	31.0	0.000718206509567264	0.03225806451612903	NA	COMEBin(filter200000)	strmgCAMI2_short_read_pooled_gold_standard_assembly
group4317	8020.0	8020.0	1.0	SP108_S87	8020.0	1.0	1.0	1.0	1934373.0	517.0	0.0041460462899347746	0.0019342359767891683	NA	COMEBin(filter200000)	strmgCAMI2_short_read_pooled_gold_standard_assembly
group7032	2988994.0	74724.85	40.0	MIKI-NS02	2988994.0	40.0	1.0	1.0	2999760.0	43.0	0.9964110462170307	0.9302325581395349	NA	COMEBin(filter200000)	strmgCAMI2_short_read_pooled_gold_standard_assembly
group13031	2164181.0	31364.942028985508	69.0	MIKI-NS12	2164181.0	69.0	1.0	1.0	2251851.0	72.0	0.9610675839564874	0.9583333333333334	NA	COMEBin(filter200000)	strmgCAMI2_short_read_pooled_gold_standard_assembly
group8248	4427750.0	30120.748299319726	147.0	MIKI-NS03	4427750.0	147.0	1.0	1.0	4487888.0	151.0	0.9865999329751545	0.9735099337748344	NA	COMEBin(filter200000)	strmgCAMI2_short_read_pooled_gold_standard_assembly
group30299	7196625.0	312896.73913043475	23.0	MIKI-NS13	7196625.0	23.0	1.0	1.0	7206672.0	26.0	0.998605875222294	0.8846153846153846	NA	COMEBin(filter200000)	strmgCAMI2_short_read_pooled_gold_standard_assembly
group194	9488.0	9488.0	1.0	SP108_S87	9488.0	1.0	1.0	1.0	1934373.0	517.0	0.00490494852854129	0.0019342359767891683	NA	COMEBin(filter200000)	strmgCAMI2_short_read_pooled_gold_standard_assembly
group16081	2543089.0	282565.44444444444	9.0	MIKI-NS08	2543089.0	9.0	1.0	1.0	2548574.0	10.0	0.9978478160728314	0.9	NA	COMEBin(filter200000)	strmgCAMI2_short_read_pooled_gold_standard_assembly
group10072	2258.0	2258.0	1.0	spades_And8457_S3_L001	2258.0	1.0	1.0	1.0	4927240.0	82.0	0.00045826872650814657	0.012195121951219513	NA	COMEBin(filter200000)	strmgCAMI2_short_read_pooled_gold_standard_assembly
group334	37269.0	6211.5	6.0	SP108_S87	37269.0	6.0	1.0	1.0	1934373.0	517.0	0.019266708127129568	0.01160541586073501	NA	COMEBin(filter200000)	strmgCAMI2_short_read_pooled_gold_standard_assembly
group366	4508.0	4508.0	1.0	SP108_S87	4508.0	1.0	1.0	1.0	1934373.0	517.0	0.0023304709071104695	0.0019342359767891683	NA	COMEBin(filter200000)	strmgCAMI2_short_read_pooled_gold_standard_assembly
group295	12018.0	12018.0	1.0	SP108_S87	12018.0	1.0	1.0	1.0	1934373.0	517.0	0.006212865874368594	0.0019342359767891683	NA	COMEBin(filter200000)	strmgCAMI2_short_read_pooled_gold_standard_assembly
group22150	1951098.0	75042.23076923077	26.0	MIKI-NS06	1951098.0	26.0	1.0	1.0	1964616.0	31.0	0.9931192660550459	0.8387096774193549	NA	COMEBin(filter200000)	strmgCAMI2_short_read_pooled_gold_standard_assembly
group29841	6672.0	6672.0	1.0	SP108_S87	6672.0	1.0	1.0	1.0	1934373.0	517.0	0.003449179656663942	0.0019342359767891683	NA	COMEBin(filter200000)	strmgCAMI2_short_read_pooled_gold_standard_assembly
group31182	14300.0	7150.0	2.0	SP108_S87	14300.0	2.0	1.0	1.0	1934373.0	517.0	0.007392576302502154	0.0038684719535783366	NA	COMEBin(filter200000)	strmgCAMI2_short_read_pooled_gold_standard_assembly
group21249	355699.0	355699.0	1.0	MIKI-NS09	355699.0	1.0	1.0	1.0	2039640.0	22.0	0.17439303014257418	0.045454545454545456	NA	COMEBin(filter200000)	strmgCAMI2_short_read_pooled_gold_standard_assembly
group18114	6645.0	1107.5	6.0	SP108_S87	6645.0	6.0	1.0	1.0	1934373.0	517.0	0.0034352216454634136	0.01160541586073501	NA	COMEBin_filter200000_nokmer	strmgCAMI2_short_read_pooled_gold_standard_assembly
group29857	5357199.0	25880.1884057971	207.0	MIKI-NS20	5357199.0	207.0	1.0	1.0	5362682.0	208.0	0.9989775638383928	0.9951923076923077	NA	COMEBin_filter200000_nokmer	strmgCAMI2_short_read_pooled_gold_standard_assembly
group9	1466835.0	3761.1153846153848	390.0	SP108_S87	1466835.0	390.0	1.0	1.0	1934373.0	517.0	0.7582999762713809	0.7543520309477756	NA	COMEBin_filter200000_nokmer	strmgCAMI2_short_read_pooled_gold_standard_assembly
group7	14076.0	14076.0	1.0	SP108_S87	14076.0	1.0	1.0	1.0	1934373.0	517.0	0.007276776505875548	0.0019342359767891683	NA	COMEBin_filter200000_nokmer	strmgCAMI2_short_read_pooled_gold_standard_assembly
group480	117582.0	3919.4	30.0	SP108_S87	117582.0	30.0	1.0	1.0	1934373.0	517.0	0.060785587888168416	0.058027079303675046	NA	COMEBin_filter200000_nokmer	strmgCAMI2_short_read_pooled_gold_standard_assembly
group23	1219.0	1219.0	1.0	spades_And8457_S3_L001	1219.0	1.0	1.0	1.0	4927240.0	82.0	0.0002474001672335831	0.012195121951219513	NA	COMEBin_filter200000_nokmer	strmgCAMI2_short_read_pooled_gold_standard_assembly
group20403	5472.0	1824.0	3.0	SP108_S87	5472.0	3.0	1.0	1.0	1934373.0	517.0	0.002828823603307118	0.005802707930367505	NA	COMEBin_filter200000_nokmer	strmgCAMI2_short_read_pooled_gold_standard_assembly
group574	31664.0	6332.8	5.0	SP108_S87	31664.0	5.0	1.0	1.0	1934373.0	517.0	0.0163691283945754	0.009671179883945842	NA	COMEBin_filter200000_nokmer	strmgCAMI2_short_read_pooled_gold_standard_assembly
group3595	1254.0	1254.0	1.0	SP108_S87	1254.0	1.0	1.0	1.0	1934373.0	517.0	0.0006482720757578813	0.0019342359767891683	NA	COMEBin_filter200000_nokmer	strmgCAMI2_short_read_pooled_gold_standard_assembly
group8822	9424.0	1884.8	5.0	SP108_S87	9424.0	5.0	1.0	1.0	1934373.0	517.0	0.004871862872362259	0.009671179883945842	NA	COMEBin_filter200000_nokmer	strmgCAMI2_short_read_pooled_gold_standard_assembly
group13	2803.0	2803.0	1.0	SP108_S87	2803.0	1.0	1.0	1.0	1934373.0	517.0	0.0014490483479659816	0.0019342359767891683	NA	COMEBin_filter200000_nokmer	strmgCAMI2_short_read_pooled_gold_standard_assembly
group22699	2635.0	2635.0	1.0	SP108_S87	2635.0	1.0	1.0	1.0	1934373.0	517.0	0.0013621985004960264	0.0019342359767891683	NA	COMEBin_filter200000_nokmer	strmgCAMI2_short_read_pooled_gold_standard_assembly
group109	6869.0	1373.8	5.0	SP108_S87	6869.0	5.0	1.0	1.0	1934373.0	517.0	0.003551021442090021	0.009671179883945842	NA	COMEBin_filter200000_nokmer	strmgCAMI2_short_read_pooled_gold_standard_assembly
group18	10601.0	1766.8333333333333	6.0	SP108_S87	10601.0	6.0	1.0	1.0	1934373.0	517.0	0.005480328768029744	0.01160541586073501	NA	COMEBin_filter200000_nokmer	strmgCAMI2_short_read_pooled_gold_standard_assembly
group105	3550.0	1775.0	2.0	spades_And8457_S3_L001	2260.0	1.0	0.6366197183098592	0.5	4927240.0	82.0	0.00045867463326324675	0.012195121951219513	NA	COMEBin_filter200000_nokmer	strmgCAMI2_short_read_pooled_gold_standard_assembly
group239	8020.0	8020.0	1.0	SP108_S87	8020.0	1.0	1.0	1.0	1934373.0	517.0	0.0041460462899347746	0.0019342359767891683	NA	COMEBin_filter200000_nokmer	strmgCAMI2_short_read_pooled_gold_standard_assembly
group10072	2258.0	2258.0	1.0	spades_And8457_S3_L001	2258.0	1.0	1.0	1.0	4927240.0	82.0	0.00045826872650814657	0.012195121951219513	NA	COMEBin_filter200000_nokmer	strmgCAMI2_short_read_pooled_gold_standard_assembly
group21905	6853481.0	69933.47959183673	98.0	MIKI-NS15	6798820.0	95.0	0.9920243450007376	0.9693877551020408	6804298.0	96.0	0.9991949206222303	0.9895833333333334	NA	COMEBin_filter200000_nokmer	strmgCAMI2_short_read_pooled_gold_standard_assembly
group26327	6223.0	1555.75	4.0	SP108_S87	6223.0	4.0	1.0	1.0	1934373.0	517.0	0.0032170631000329308	0.007736943907156673	NA	COMEBin_filter200000_nokmer	strmgCAMI2_short_read_pooled_gold_standard_assembly
group32427	1237.0	1237.0	1.0	SP108_S87	1237.0	1.0	1.0	1.0	1934373.0	517.0	0.0006394836983353262	0.0019342359767891683	NA	COMEBin_filter200000_nokmer	strmgCAMI2_short_read_pooled_gold_standard_assembly
group22772	2086658.0	21077.353535353537	99.0	MIKI-NS10	2086658.0	99.0	1.0	1.0	2092134.0	100.0	0.9973825768330327	0.99	NA	COMEBin_filter200000_nokmer	strmgCAMI2_short_read_pooled_gold_standard_assembly
group35	2402.0	2402.0	1.0	spades_And8457_S3_L001	2402.0	1.0	1.0	1.0	4927240.0	82.0	0.0004874940128753623	0.012195121951219513	NA	COMEBin_filter200000_nokmer	strmgCAMI2_short_read_pooled_gold_standard_assembly
group516	12262.0	4087.3333333333335	3.0	SP108_S87	12262.0	3.0	1.0	1.0	1934373.0	517.0	0.006339004938551148	0.005802707930367505	NA	COMEBin_filter200000_nokmer	strmgCAMI2_short_read_pooled_gold_standard_assembly
group29797	3755.0	1877.5	2.0	SP108_S87	3755.0	2.0	1.0	1.0	1934373.0	517.0	0.0019411974836290623	0.0038684719535783366	NA	COMEBin_filter200000_nokmer	strmgCAMI2_short_read_pooled_gold_standard_assembly
group8749	3255.0	3255.0	1.0	SP108_S87	3255.0	1.0	1.0	1.0	1934373.0	517.0	0.0016827157947303854	0.0019342359767891683	NA	COMEBin_filter200000_nokmer	strmgCAMI2_short_read_pooled_gold_standard_assembly
group12830	3330.0	1665.0	2.0	SP108_S87	3330.0	2.0	1.0	1.0	1934373.0	517.0	0.001721488048065187	0.0038684719535783366	NA	COMEBin_filter200000_nokmer	strmgCAMI2_short_read_pooled_gold_standard_assembly
group24795	5120124.0	232732.9090909091	22.0	spades_ESBL6643_S3_L001	5120124.0	22.0	1.0	1.0	5120124.0	22.0	1.0	1.0	NA	COMEBin_filter200000_nokmer	strmgCAMI2_short_read_pooled_gold_standard_assembly
group7032	2994276.0	71292.28571428571	42.0	MIKI-NS02	2994276.0	42.0	1.0	1.0	2999760.0	43.0	0.9981718537482999	0.9767441860465116	NA	COMEBin_filter200000_nokmer	strmgCAMI2_short_read_pooled_gold_standard_assembly
group7062	1689680.0	129975.38461538461	13.0	SP21_S92	1689680.0	13.0	1.0	1.0	1689680.0	13.0	1.0	1.0	NA	COMEBin_filter200000_nokmer	strmgCAMI2_short_read_pooled_gold_standard_assembly
group20557	1678458.0	83922.9	20.0	MIKI-NS09	1678458.0	20.0	1.0	1.0	2039640.0	22.0	0.822918750367712	0.9090909090909091	NA	COMEBin_filter200000_nokmer	strmgCAMI2_short_read_pooled_gold_standard_assembly
group21969	4894033.0	64395.17105263158	76.0	spades_And8457_S3_L001	4894033.0	76.0	1.0	1.0	4927240.0	82.0	0.9932605271916936	0.926829268292683	NA	COMEBin_filter200000_nokmer	strmgCAMI2_short_read_pooled_gold_standard_assembly
group391	30922.0	6184.4	5.0	SP108_S87	30922.0	5.0	1.0	1.0	1934373.0	517.0	0.015985541568249762	0.009671179883945842	NA	COMEBin_filter200000_nokmer	strmgCAMI2_short_read_pooled_gold_standard_assembly
group171	60288.0	5480.727272727273	11.0	MIKI-NS08	5485.0	1.0	0.09097996284501061	0.09090909090909091	2548574.0	10.0	0.002152183927168683	0.1	NA	COMEBin_filter200000_nokmer	strmgCAMI2_short_read_pooled_gold_standard_assembly
group89	1921.0	1921.0	1.0	SP108_S87	1921.0	1.0	1.0	1.0	1934373.0	517.0	0.000993086648748716	0.0019342359767891683	NA	COMEBin_filter200000_nokmer	strmgCAMI2_short_read_pooled_gold_standard_assembly
group16584	1415.0	1415.0	1.0	SP108_S87	1415.0	1.0	1.0	1.0	1934373.0	517.0	0.0007315031795832552	0.0019342359767891683	NA	COMEBin_filter200000_nokmer	strmgCAMI2_short_read_pooled_gold_standard_assembly
group18618	5243385.0	124842.5	42.0	MIKI-NS14	5243385.0	42.0	1.0	1.0	5248865.0	43.0	0.998955964765716	0.9767441860465116	NA	COMEBin_filter200000_nokmer	strmgCAMI2_short_read_pooled_gold_standard_assembly
group177	1529.0	1529.0	1.0	SP108_S87	1529.0	1.0	1.0	1.0	1934373.0	517.0	0.0007904370046521534	0.0019342359767891683	NA	COMEBin_filter200000_nokmer	strmgCAMI2_short_read_pooled_gold_standard_assembly
group208	35343.0	4417.875	8.0	SP108_S87	35343.0	8.0	1.0	1.0	1934373.0	517.0	0.018271036661491862	0.015473887814313346	NA	COMEBin_filter200000_nokmer	strmgCAMI2_short_read_pooled_gold_standard_assembly
group661	14644.0	4881.333333333333	3.0	SP108_S87	14644.0	3.0	1.0	1.0	1934373.0	517.0	0.007570411704464444	0.005802707930367505	NA	COMEBin_filter200000_nokmer	strmgCAMI2_short_read_pooled_gold_standard_assembly
group199	1010.0	1010.0	1.0	SP108_S87	1010.0	1.0	1.0	1.0	1934373.0	517.0	0.000522133011575327	0.0019342359767891683	NA	COMEBin_filter200000_nokmer	strmgCAMI2_short_read_pooled_gold_standard_assembly
group389	16474.0	8237.0	2.0	SP108_S87	16474.0	2.0	1.0	1.0	1934373.0	517.0	0.008516454685833601	0.0038684719535783366	NA	COMEBin_filter200000_nokmer	strmgCAMI2_short_read_pooled_gold_standard_assembly
group18021	3950.0	3950.0	1.0	SP108_S87	3950.0	1.0	1.0	1.0	1934373.0	517.0	0.0020420053422995463	0.0019342359767891683	NA	COMEBin_filter200000_nokmer	strmgCAMI2_short_read_pooled_gold_standard_assembly
group544	6808.0	6808.0	1.0	SP108_S87	6808.0	1.0	1.0	1.0	1934373.0	517.0	0.0035194866760443824	0.0019342359767891683	NA	COMEBin_filter200000_nokmer	strmgCAMI2_short_read_pooled_gold_standard_assembly
group21110	2197042.0	31386.314285714285	70.0	MIKI-NS12	2197042.0	70.0	1.0	1.0	2251851.0	72.0	0.9756604677662953	0.9722222222222222	NA	COMEBin_filter200000_nokmer	strmgCAMI2_short_read_pooled_gold_standard_assembly
group8248	4427750.0	30120.748299319726	147.0	MIKI-NS03	4427750.0	147.0	1.0	1.0	4487888.0	151.0	0.9865999329751545	0.9735099337748344	NA	COMEBin_filter200000_nokmer	strmgCAMI2_short_read_pooled_gold_standard_assembly
group30299	7201190.0	288047.6	25.0	MIKI-NS13	7201190.0	25.0	1.0	1.0	7206672.0	26.0	0.999239316011607	0.9615384615384616	NA	COMEBin_filter200000_nokmer	strmgCAMI2_short_read_pooled_gold_standard_assembly
group652	5308.0	5308.0	1.0	spades_And8457_S3_L001	5308.0	1.0	1.0	1.0	4927240.0	82.0	0.0010772765280359796	0.012195121951219513	NA	COMEBin_filter200000_nokmer	strmgCAMI2_short_read_pooled_gold_standard_assembly
group563	13689.0	6844.5	2.0	SP108_S87	13689.0	2.0	1.0	1.0	1934373.0	517.0	0.007076711678667971	0.0038684719535783366	NA	COMEBin_filter200000_nokmer	strmgCAMI2_short_read_pooled_gold_standard_assembly
group97	3022.0	3022.0	1.0	SP108_S87	3022.0	1.0	1.0	1.0	1934373.0	517.0	0.0015622633277036023	0.0019342359767891683	NA	COMEBin_filter200000_nokmer	strmgCAMI2_short_read_pooled_gold_standard_assembly
group16081	2543089.0	282565.44444444444	9.0	MIKI-NS08	2543089.0	9.0	1.0	1.0	2548574.0	10.0	0.9978478160728314	0.9	NA	COMEBin_filter200000_nokmer	strmgCAMI2_short_read_pooled_gold_standard_assembly
group16833	1591.0	1591.0	1.0	SP108_S87	1591.0	1.0	1.0	1.0	1934373.0	517.0	0.0008224887340755894	0.0019342359767891683	NA	COMEBin_filter200000_nokmer	strmgCAMI2_short_read_pooled_gold_standard_assembly
group546	11641.0	5820.5	2.0	SP108_S87	11641.0	2.0	1.0	1.0	1934373.0	517.0	0.006017970680938992	0.0038684719535783366	NA	COMEBin_filter200000_nokmer	strmgCAMI2_short_read_pooled_gold_standard_assembly
group589	5344.0	5344.0	1.0	SP108_S87	5344.0	1.0	1.0	1.0	1934373.0	517.0	0.002762652290949057	0.0019342359767891683	NA	COMEBin_filter200000_nokmer	strmgCAMI2_short_read_pooled_gold_standard_assembly
group24968	3901.0	3901.0	1.0	SP108_S87	3901.0	1.0	1.0	1.0	1934373.0	517.0	0.002016674136787476	0.0019342359767891683	NA	COMEBin_filter200000_nokmer	strmgCAMI2_short_read_pooled_gold_standard_assembly
group27604	3629.0	3629.0	1.0	SP108_S87	3629.0	1.0	1.0	1.0	1934373.0	517.0	0.0018760600980265957	0.0019342359767891683	NA	COMEBin_filter200000_nokmer	strmgCAMI2_short_read_pooled_gold_standard_assembly
group728	9480.0	4740.0	2.0	SP108_S87	9480.0	2.0	1.0	1.0	1934373.0	517.0	0.004900812821518911	0.0038684719535783366	NA	COMEBin_filter200000_nokmer	strmgCAMI2_short_read_pooled_gold_standard_assembly
group416	1990.0	1990.0	1.0	SP108_S87	1990.0	1.0	1.0	1.0	1934373.0	517.0	0.0010287571218167333	0.0019342359767891683	NA	COMEBin_filter200000_nokmer	strmgCAMI2_short_read_pooled_gold_standard_assembly
group4317	9194.0	9194.0	1.0	SP108_S87	9194.0	1.0	1.0	1.0	1934373.0	517.0	0.004752961295468868	0.0019342359767891683	NA	COMEBin_filter200000_nokmer	strmgCAMI2_short_read_pooled_gold_standard_assembly
group55	29323.0	7330.75	4.0	SP108_S87	29323.0	4.0	1.0	1.0	1934373.0	517.0	0.015158917127151795	0.007736943907156673	NA	COMEBin_filter200000_nokmer	strmgCAMI2_short_read_pooled_gold_standard_assembly
group22150	1959136.0	65304.53333333333	30.0	MIKI-NS06	1959136.0	30.0	1.0	1.0	1964616.0	31.0	0.9972106508345652	0.967741935483871	NA	COMEBin_filter200000_nokmer	strmgCAMI2_short_read_pooled_gold_standard_assembly
group637	1337.0	1337.0	1.0	SP108_S87	1337.0	1.0	1.0	1.0	1934373.0	517.0	0.0006911800361150616	0.0019342359767891683	NA	COMEBin_filter200000_nokmer	strmgCAMI2_short_read_pooled_gold_standard_assembly
group21249	355699.0	355699.0	1.0	MIKI-NS09	355699.0	1.0	1.0	1.0	2039640.0	22.0	0.17439303014257418	0.045454545454545456	NA	COMEBin_filter200000_nokmer	strmgCAMI2_short_read_pooled_gold_standard_assembly
group104	2078.0	2078.0	1.0	SP108_S87	2078.0	1.0	1.0	1.0	1934373.0	517.0	0.0010742498990629005	0.0019342359767891683	NA	COMEBin_filter200000_nokmer	strmgCAMI2_short_read_pooled_gold_standard_assembly
