sample_id	Bin ID	Most abundant genome	Purity (bp)	Completeness (bp)	Bin size (bp)	True positives (bp)	True size of most abundant genome (bp)	Purity (seq)	Completeness (seq)	Bin size (seq)	True positives (seq)	True size of most abundant genome (seq)
marmgCAMI2_short_read_pooled_megahit_assembly	22	VSalm561_S16_contigs	0.2971610840720487	1.0	6554509	1947745	1947745	0.36436170212765956	1.0	1128	411	411
marmgCAMI2_short_read_pooled_megahit_assembly	73	MR4_25_2A_1A_S4_contigs	0.8877573539482104	0.9989567692314697	6425392	5704189	5710146	0.8028846153846154	0.9881656804733728	208	167	169
marmgCAMI2_short_read_pooled_megahit_assembly	101	Woeseia_oceani_strain_XK5_genomic	1.0	0.9984910335192482	4025153	4025153	4031236	1.0	0.72	18	18	25
marmgCAMI2_short_read_pooled_megahit_assembly	17	Ilumatobacter_coccineum_YM16_304_genomic	0.9996065569441255	0.9979088395758856	4846953	4845046	4855199	0.967741935483871	0.6818181818181818	31	30	44
marmgCAMI2_short_read_pooled_megahit_assembly	34	MvHd14_S5_contigs	0.4612939505004511	0.9978022670158884	6112985	2819883	2826094	0.17729393468118196	0.991304347826087	643	114	115
marmgCAMI2_short_read_pooled_megahit_assembly	14	VO6_S13_contigs	0.7545219337900169	0.9971596686109367	3613443	2726422	2734188	0.7684426229508197	0.9973404255319149	976	750	752
marmgCAMI2_short_read_pooled_megahit_assembly	63	Marivirga_tractuosa_DSM_4126_genomic	0.9522971706280389	0.9966437847249177	4718609	4493518	4508650	0.37362637362637363	0.6938775510204082	91	34	49
marmgCAMI2_short_read_pooled_megahit_assembly	148	Mollicutes_bacterium_Candidatus_Izimaplasma_HR1_genomic	0.9319936974339624	0.9964931261541905	2006167	1869735	1876315	0.17307692307692307	0.75	52	9	12
marmgCAMI2_short_read_pooled_megahit_assembly	87	Pyrococcus_sp_NA2_genomic	0.9981137230391515	0.9958986637048276	1870351	1866823	1874511	0.9642857142857143	0.75	28	27	36
marmgCAMI2_short_read_pooled_megahit_assembly	88	Algibacter_sp_HZ22_genomic	0.8237269001297017	0.995790136511365	4818750	3969334	3986115	0.14181818181818182	0.6964285714285714	275	39	56
marmgCAMI2_short_read_pooled_megahit_assembly	228	Flavobacterium_psychrophilum_strain_VQ50_genomic	0.4961013101053278	0.9950387894848635	2776189	1377271	1384138	0.44545454545454544	0.8909090909090909	110	49	55
marmgCAMI2_short_read_pooled_megahit_assembly	62	Candidatus_Nitrosopumilus_sp_AR2_genomic	0.9892965910670081	0.994855970733452	1698244	1680067	1688754	0.7777777777777778	0.7777777777777778	45	35	45
marmgCAMI2_short_read_pooled_megahit_assembly	67	Flammeovirga_sp_MY04_genomic	0.956362274805393	0.9939380797222613	7558185	7228363	7272448	0.4025974025974026	0.512396694214876	154	62	121
marmgCAMI2_short_read_pooled_megahit_assembly	283	R2A29_S8_contigs	0.9732951814763295	0.9938581023260639	3150218	3066092	3085040	0.5172413793103449	0.75	87	45	60
marmgCAMI2_short_read_pooled_megahit_assembly	50	Colwellia_psychrerythraea_34H_genomic	0.6435498611673953	0.9937720945699023	8256706	5313602	5346902	0.11869436201780416	0.7453416149068323	1011	120	161
marmgCAMI2_short_read_pooled_megahit_assembly	269	Candidatus_Nitrosoarchaeum_limnia_SFB1_genomic	1.0	0.9934953313173264	1744853	1744853	1756277	1.0	0.8026315789473685	61	61	76
marmgCAMI2_short_read_pooled_megahit_assembly	59	Piscirickettsia_salmonis_strain_AY6297B_genomic	0.25279335947572706	0.9931042726388788	7822033	1977358	1991088	0.2403770620581304	0.9745222929936306	1273	306	314
marmgCAMI2_short_read_pooled_megahit_assembly	161	Desulfovibrio_hydrothermalis_AM13_genomic	0.9923864897721867	0.9917349085621108	3783800	3754992	3786286	0.7441860465116279	0.5925925925925926	43	32	54
marmgCAMI2_short_read_pooled_megahit_assembly	26	Marinithermus_hydrothermalis_DSM_14884_genomic	0.9988246379776351	0.9914286291871348	2209532	2206935	2226015	0.9782608695652174	0.8333333333333334	92	90	108
marmgCAMI2_short_read_pooled_megahit_assembly	9	Palaeococcus_pacificus_DY20341_genomic	0.987457773132904	0.9909534619385485	1873511	1850013	1866902	0.47368421052631576	0.36	19	9	25
marmgCAMI2_short_read_pooled_megahit_assembly	32	Chloroherpeton_thalassium_ATCC_35110_genomic	0.9935988780521386	0.9904599264074022	3282862	3261848	3293266	0.86	0.6615384615384615	50	43	65
marmgCAMI2_short_read_pooled_megahit_assembly	31	S13_S3_contigs	0.8726380462773021	0.9897028645730896	2566096	2239273	2262571	0.7142857142857143	0.5844155844155844	63	45	77
marmgCAMI2_short_read_pooled_megahit_assembly	202	Wenyingzhuangia_fucanilytica_strain_CZ1127_genomic	0.861914086961934	0.9884555426939271	3920313	3378973	3418437	0.2	0.6233766233766234	240	48	77
marmgCAMI2_short_read_pooled_megahit_assembly	261	Synechococcus_sp_WH_8103_genomic	0.9150399203040681	0.9874493486472453	2419195	2213660	2241796	0.8125	0.5652173913043478	48	39	69
marmgCAMI2_short_read_pooled_megahit_assembly	18	Candidatus_Endolissoclinum_faulkneri_L5_genomic	0.6148925935390767	0.9858703445948795	1862644	1145326	1161741	0.056818181818181816	0.3333333333333333	88	5	15
marmgCAMI2_short_read_pooled_megahit_assembly	211	Halolamina_sediminis_strain_Hb3_genomic	0.9810182562802323	0.9855070418440524	3559104	3491546	3542893	0.8867924528301887	0.6266666666666667	53	47	75
marmgCAMI2_short_read_pooled_megahit_assembly	89	Kangiella_geojedonensis_strain_YCS_5_genomic	0.9886649783126461	0.9833619444323652	2493158	2464898	2506603	0.8372093023255814	0.7128712871287128	86	72	101
marmgCAMI2_short_read_pooled_megahit_assembly	24	Thioflavicoccus_mobilis_8321_genomic	0.9905988916517215	0.9833121760350834	4160786	4121670	4191619	0.8913043478260869	0.6212121212121212	92	82	132
marmgCAMI2_short_read_pooled_megahit_assembly	296	Desulfotalea_psychrophila_LSv54_genomic	0.9895321273583308	0.9829451573332598	3603502	3565781	3627650	0.7761194029850746	0.4482758620689655	67	52	116
marmgCAMI2_short_read_pooled_megahit_assembly	294	Nonlabens_sp_MIC269_genomic	0.9984201124805381	0.9801872641257208	2790705	2786296	2842616	0.9534883720930233	0.5189873417721519	43	41	79
marmgCAMI2_short_read_pooled_megahit_assembly	2	Hyperthermus_butylicus_DSM_5456_genomic	0.9727983321070537	0.9801072169702559	1747834	1700290	1734800	0.2903225806451613	0.15254237288135594	31	9	59
marmgCAMI2_short_read_pooled_megahit_assembly	282	Krokinobacter_sp_4H_3_7_5_genomic	0.9901584259914766	0.9800730747279597	3357593	3324549	3392144	0.8490566037735849	0.656934306569343	106	90	137
marmgCAMI2_short_read_pooled_megahit_assembly	80	Streptomyces_sp_GBA_94_10_genomic	0.8966154623667121	0.978425181505096	7503211	6727495	6875840	0.9154929577464789	0.6403940886699507	142	130	203
marmgCAMI2_short_read_pooled_megahit_assembly	37	Tistrella_mobilis_KA081020_065_genomic	0.980405412967942	0.9758615498140821	6432848	6306799	6462801	0.8351063829787234	0.8351063829787234	188	157	188
marmgCAMI2_short_read_pooled_megahit_assembly	72	Marinobacter_salarius_R9SW1_genomic	0.9803698922459191	0.9757912585386623	4619129	4528455	4640803	0.7901234567901234	0.7619047619047619	81	64	84
marmgCAMI2_short_read_pooled_megahit_assembly	272	Ferrimonas_balearica_DSM_9799_genomic	0.9989879204255429	0.9736087102856266	4175561	4171335	4284406	0.9558823529411765	0.6989247311827957	68	65	93
marmgCAMI2_short_read_pooled_megahit_assembly	41	Desulfococcus_multivorans_strain_DSM_2059_genomic	0.9926818497255694	0.9726704302555593	4327323	4295655	4416352	0.8767123287671232	0.5663716814159292	73	64	113
marmgCAMI2_short_read_pooled_megahit_assembly	45	Archaeoglobus_fulgidus_DSM_8774_genomic	0.9754480662174683	0.9721736767918288	2281694	2225674	2289379	0.7922077922077922	0.7625	77	61	80
marmgCAMI2_short_read_pooled_megahit_assembly	115	Magnetospira_sp_QH_2_genomic	0.9886794131742159	0.9719803486278982	3933365	3888837	4000942	0.8970588235294118	0.6524064171122995	136	122	187
marmgCAMI2_short_read_pooled_megahit_assembly	119	Aeropyrum_camini_SY1_JCM_12091_genomic	0.9626665642594368	0.9705178314006632	1666549	1604331	1653067	0.823943661971831	0.8540145985401459	284	234	274
marmgCAMI2_short_read_pooled_megahit_assembly	285	Thermovirga_lienii_DSM_17291_genomic	0.9685121414920643	0.9676257054054971	2001978	1938940	2003812	0.8996960486322189	0.8604651162790697	329	296	344
marmgCAMI2_short_read_pooled_megahit_assembly	281	Planococcus_donghaensis_strain_DSM_22276_genomic	0.9548026329529442	0.9654715675605842	3255964	3108803	3219984	0.8018018018018018	0.8215384615384616	333	267	325
marmgCAMI2_short_read_pooled_megahit_assembly	78	Lacinutrix_sp_5H_3_7_4_genomic	0.8640033461942422	0.9626474288046389	3251455	2809268	2918273	0.631578947368421	0.46153846153846156	57	36	78
marmgCAMI2_short_read_pooled_megahit_assembly	100	Corynebacterium_phocae_strain_M408_89_1_genomic	0.9858894487190331	0.9625384813214403	2683949	2646077	2749061	0.8363636363636363	0.48936170212765956	55	46	94
marmgCAMI2_short_read_pooled_megahit_assembly	38	Chlorobium_phaeobacteroides_BS1_genomic	0.9554594771278245	0.9623500917332344	2692245	2572331	2672968	0.8125	0.7005988023952096	144	117	167
marmgCAMI2_short_read_pooled_megahit_assembly	60	Marinomonas_mediterranea_MMB_1_genomic	0.9850451563103049	0.9612079206386646	4534250	4466441	4646696	0.7480314960629921	0.6418918918918919	127	95	148
marmgCAMI2_short_read_pooled_megahit_assembly	102	Desulfovibrio_africanus_str_Walvis_Bay_genomic	0.9817017988750051	0.9606594020810681	4065263	3990876	4154309	0.8633333333333333	0.8354838709677419	300	259	310
marmgCAMI2_short_read_pooled_megahit_assembly	19	Erythrobacter_litoralis_strain_DSM_8509_genomic	0.9842070378071779	0.9586905901827795	3079283	3030652	3161241	0.9024390243902439	0.6166666666666667	41	37	60
marmgCAMI2_short_read_pooled_megahit_assembly	69	Ilyobacter_polytropus_DSM_2926_genomic	0.9497546984654033	0.9558050053468801	3137567	2979919	3117706	0.7066246056782335	0.835820895522388	317	224	268
marmgCAMI2_short_read_pooled_megahit_assembly	79	Mehyloceanibacter_caenitepidi_Gela4_genomic	0.9851461700353413	0.9544374125350052	3147875	3101117	3249157	0.6216216216216216	0.7419354838709677	37	23	31
marmgCAMI2_short_read_pooled_megahit_assembly	116	Nonlabens_dokdonensis_DSW_6_genomic	0.9973639963522832	0.952801603508797	3748098	3738218	3923396	0.9771986970684039	0.783289817232376	307	300	383
marmgCAMI2_short_read_pooled_megahit_assembly	176	Roseibacterium_elongatum_DSM_19469_genomic	0.9809693827532039	0.9510488737624206	3508872	3442096	3619263	0.8562300319488818	0.8271604938271605	313	268	324
marmgCAMI2_short_read_pooled_megahit_assembly	91	Thiolapillus_brandeum_Hiromi_1_genomic	0.9961410815872086	0.9502068992139947	3064071	3052247	3212192	0.9487179487179487	0.74	78	74	100
marmgCAMI2_short_read_pooled_megahit_assembly	277	Owenweeksia_hongkongensis_DSM_17368_genomic	0.9573258261012862	0.9484504526863119	4071807	3898046	4109910	0.8754152823920266	0.8208722741433022	602	527	642
marmgCAMI2_short_read_pooled_megahit_assembly	81	Shewanella_halifaxensis_HAW_EB4_genomic	0.46535802197067033	0.9444272734496888	10164460	4730113	5008446	0.16934487021013597	0.6523809523809524	809	137	210
marmgCAMI2_short_read_pooled_megahit_assembly	297	Desulfobacterium_autotrophicum_HRM2_genomic	0.9993836700840766	0.9400753372521439	5200137	5196932	5528208	0.9823008849557522	0.5873015873015873	113	111	189
marmgCAMI2_short_read_pooled_megahit_assembly	295	Draconibacterium_orientale_strain_FH5_genomic	0.9914716577127084	0.9396763642402324	4868238	4826720	5136577	0.9803370786516854	0.8173302107728337	356	349	427
marmgCAMI2_short_read_pooled_megahit_assembly	20	S17_S4_contigs	0.956004308456193	0.9382203911098085	3361761	3213858	3425483	0.9260869565217391	0.615606936416185	230	213	346
marmgCAMI2_short_read_pooled_megahit_assembly	51	Methylomonas_methanica_MC09_genomic	0.9906746548142268	0.9375401140163198	4756714	4712356	5026298	0.8053097345132744	0.5833333333333334	113	91	156
marmgCAMI2_short_read_pooled_megahit_assembly	33	Methanosarcina_siciliae_T4_M_genomic	0.9693384421972981	0.9370764364963767	4657265	4514466	4817607	0.9119496855345912	0.6304347826086957	159	145	230
marmgCAMI2_short_read_pooled_megahit_assembly	92	Alteromonas_sp_RW2A1_genomic	0.4506148161768134	0.9334754722457634	8364614	3769219	4037834	0.09938650306748466	0.5472972972972973	1630	162	296
marmgCAMI2_short_read_pooled_megahit_assembly	95	Thiocystis_violascens_DSM_198_genomic	0.9865484867263261	0.9310318646110254	4636207	4573843	4912660	0.9408866995073891	0.7748478701825557	406	382	493
marmgCAMI2_short_read_pooled_megahit_assembly	64	T_219_S4_contigs	0.49853299672703705	0.929850936876085	1475116	735394	790873	0.5150115473441108	0.9449152542372882	433	223	236
marmgCAMI2_short_read_pooled_megahit_assembly	55	Vibrio_cholerae_strain_Env_390_genomic	0.7108333835616872	0.9270460820651418	5043632	3585182	3867318	0.18840579710144928	0.45414847161572053	552	104	229
marmgCAMI2_short_read_pooled_megahit_assembly	224	Brucella_pinnipedialis_B2_94_genomic	0.5423796303622773	0.9266220599176266	3513386	1905589	2056490	0.5124153498871332	0.7206349206349206	443	227	315
marmgCAMI2_short_read_pooled_megahit_assembly	257	Pelobacter_carbinolicus_DSM_2380_genomic	0.9946844188713093	0.9261792010093249	3412609	3394469	3665024	0.9315068493150684	0.7391304347826086	146	136	184
marmgCAMI2_short_read_pooled_megahit_assembly	82	Rhodococcus_sp_B7740_genomic	0.668322753484899	0.9258918172408895	7735303	5169679	5583459	0.43494550408719346	0.769277108433735	2936	1277	1660
marmgCAMI2_short_read_pooled_megahit_assembly	290	Desulfovibrio_piezophilus_strain_C1TLV30_genomic	0.9967099289230325	0.9192585178869792	3358894	3347843	3641895	0.8823529411764706	0.6521739130434783	51	45	69
marmgCAMI2_short_read_pooled_megahit_assembly	56	Shewanella_sp_ANA_3_genomic	0.8709868176657601	0.9179132461641566	5362328	4670517	5088190	0.808641975308642	0.4645390070921986	162	131	282
marmgCAMI2_short_read_pooled_megahit_assembly	84	Vibrio_scophthalmi_strain_VS_05_genomic	0.8700985565604248	0.9173389663642236	4927120	4287080	4673387	0.5625	0.523972602739726	272	153	292
marmgCAMI2_short_read_pooled_megahit_assembly	47	Aeromonas_salmonicida_subsp_salmonicida_A449_genomic	0.8613026897337693	0.9161810081591544	4652282	4007023	4373615	0.6818181818181818	0.5202312138728323	132	90	173
marmgCAMI2_short_read_pooled_megahit_assembly	133	Roseobacter_denitrificans_OCh_114_genomic	0.8431820835414299	0.9134543301642636	4907577	4137981	4530036	0.5757009345794393	0.8137384412153237	1070	616	757
marmgCAMI2_short_read_pooled_megahit_assembly	48	Magnetococcus_marinus_MC_1_genomic	0.9978931935863194	0.9103217284229019	4093874	4085249	4487698	0.9734513274336283	0.49217002237136465	226	220	447
marmgCAMI2_short_read_pooled_megahit_assembly	152	AW02J18_S11_contigs	0.910076150535261	0.9097871744986128	3715010	3380942	3716190	0.891566265060241	0.6115702479338843	83	74	121
marmgCAMI2_short_read_pooled_megahit_assembly	75	Pelobacter_acetylenicus_strain_DSM_3247_genomic	0.9682135285999516	0.9092892842126767	3162855	3062319	3367816	0.9024390243902439	0.2596491228070175	82	74	285
marmgCAMI2_short_read_pooled_megahit_assembly	30	Titti30_S10_contigs	0.7647133776670328	0.9079845279354599	7149565	5467368	6021433	0.5084889643463497	0.7063679245283019	1178	599	848
marmgCAMI2_short_read_pooled_megahit_assembly	110	Rhodothermus_marinus_DSM_4252_genomic	0.9931552792186938	0.9066606448638993	3232126	3210003	3540468	0.9759615384615384	0.7593516209476309	624	609	802
marmgCAMI2_short_read_pooled_megahit_assembly	229	Desulfobacula_toluolica_Tol2_genomic	0.9620717823552005	0.904171141566197	4741193	4561368	5044806	0.8484848484848485	0.5743589743589743	132	112	195
marmgCAMI2_short_read_pooled_megahit_assembly	292	Desulfocapsa_sulfexigens_DSM_10523_genomic	0.9122525962665937	0.9041502713982152	4354522	3972424	4393544	0.723404255319149	0.7472527472527473	94	68	91
marmgCAMI2_short_read_pooled_megahit_assembly	178	Paraoerskovia_marina_strain_DSM_22126_genomic	0.9494232794103571	0.9019620133533306	2925160	2777215	3079082	0.834658187599364	0.7641921397379913	629	525	687
marmgCAMI2_short_read_pooled_megahit_assembly	66	Candidatus_Gloeomargarita_lithophora_D10_genomic	0.9928241870210385	0.9018079965065389	2787280	2767279	3068590	0.9624060150375939	0.7370441458733206	399	384	521
marmgCAMI2_short_read_pooled_megahit_assembly	21	Marinomonas_posidonica_IVIA_Po_181_genomic	0.8242950317147751	0.8955313621003308	3949894	3255878	3635694	0.7424242424242424	0.4117647058823529	66	49	119
marmgCAMI2_short_read_pooled_megahit_assembly	255	Weissella_ceti_strain_WS74_genomic	0.6988637731397896	0.8907861479631952	664656	464504	521454	0.6470588235294118	0.8313953488372093	442	286	344
marmgCAMI2_short_read_pooled_megahit_assembly	40	Vibrio_coralliilyticus_OCN014_genomic	0.7764449320945019	0.8883560331817233	5859393	4549496	5121253	0.384	0.5393258426966292	250	96	178
marmgCAMI2_short_read_pooled_megahit_assembly	122	Bacillus_infantis_NRRL_B_14911_genomic	0.9833378909647266	0.8873280597842426	4622284	4545267	5122420	0.9460625674217907	0.7679509632224168	927	877	1142
marmgCAMI2_short_read_pooled_megahit_assembly	276	Synechococcus_sp_RCC307_genomic	0.9663767803214208	0.882795289886397	2113242	2042188	2313320	0.856	0.7312072892938497	375	321	439
marmgCAMI2_short_read_pooled_megahit_assembly	57	Streptomyces_pactum_strain_KLBMP_5084_genomic	0.9852605823976017	0.8813892851337599	7413183	7303917	8286823	0.89171974522293	0.7567567567567568	314	280	370
marmgCAMI2_short_read_pooled_megahit_assembly	117	Shewanella_baltica_OS223_genomic	0.9264039160772185	0.8803580977018908	4928197	4565501	5185959	0.8872017353579176	0.5997067448680352	461	409	682
marmgCAMI2_short_read_pooled_megahit_assembly	49	Titti27_S7_contigs	0.9583085402520471	0.8729411784186926	3300652	3163043	3623432	0.5833333333333334	0.7050359712230215	168	98	139
marmgCAMI2_short_read_pooled_megahit_assembly	234	Colwellia_sp_MT41_genomic	0.9347098075857678	0.8672806284759315	4111858	3843394	4431546	0.8213925327951564	0.6710634789777411	991	814	1213
marmgCAMI2_short_read_pooled_megahit_assembly	99	Phaeobacter_gallaeciensis_DSM_26640_genomic	0.7995904162225712	0.8633972903704439	5134969	4105872	4755484	0.8210659898477157	0.7047930283224401	788	647	918
marmgCAMI2_short_read_pooled_megahit_assembly	145	Methanocaldococcus_vulcanius_M7_genomic	0.8947015448935469	0.8632367787485239	1746075	1562216	1809719	0.6151603498542274	0.6698412698412698	343	211	315
marmgCAMI2_short_read_pooled_megahit_assembly	11	11_S11_contigs	0.5860061030653999	0.8556021151782452	8119854	4758284	5561328	0.7236024844720497	0.36577708006279436	322	233	637
marmgCAMI2_short_read_pooled_megahit_assembly	293	Spirochaeta_thermophila_DSM_6578_genomic	0.9976827780425838	0.8477165810153094	2286790	2281491	2691337	0.9950248756218906	0.6717044500419815	804	800	1191
marmgCAMI2_short_read_pooled_megahit_assembly	43	Hyphomicrobium_nitrativorans_NL23_genomic	0.9977046573929427	0.8424713337085148	3284477	3276938	3889673	0.9333333333333333	0.5384615384615384	15	14	26
marmgCAMI2_short_read_pooled_megahit_assembly	103	Vibrio_tubiashii_ATCC_19109_genomic	0.9437359515565411	0.8336192621735828	4823933	4552519	5461149	0.6964285714285714	0.6055900621118012	280	195	322
marmgCAMI2_short_read_pooled_megahit_assembly	107	Nanohaloarchaea_archaeon_SG9_genomic	0.8710395190632212	0.8309090580264147	1160402	1010756	1216446	0.8003629764065335	0.6282051282051282	551	441	702
marmgCAMI2_short_read_pooled_megahit_assembly	183	Formosa_haliotis_strain_LMG_28520_genomic	0.9158984928897936	0.8289743221703308	4086098	3742451	4514556	0.8233510235026535	0.6613885505481121	1319	1086	1642
marmgCAMI2_short_read_pooled_megahit_assembly	144	Streptococcus_iniae_strain_ISET0901_genomic	0.6945651862942371	0.8280463042336403	1572915	1092492	1319361	0.6166666666666667	0.6529411764705882	180	111	170
marmgCAMI2_short_read_pooled_megahit_assembly	109	Desulfovibrio_desulfuricans_ND132_genomic	0.8331547813356283	0.812959072105766	4043640	3368978	4144093	0.7142011834319527	0.6302872062663185	1690	1207	1915
marmgCAMI2_short_read_pooled_megahit_assembly	189	Desulfovibrio_salexigens_DSM_2638_genomic	0.9909122619029178	0.8038935581088024	3744166	3710140	4615213	0.9830065359477124	0.6240663900414938	1530	1504	2410
marmgCAMI2_short_read_pooled_megahit_assembly	94	Thermococcus_sp_4557_genomic	0.7906482489680039	0.803263301586596	2194049	1734721	2159592	0.5898089171974522	0.6316507503410641	785	463	733
marmgCAMI2_short_read_pooled_megahit_assembly	213	Francisella_noatunensis_subsp_orientalis_strain_FNO01_genomic	0.6177721219441551	0.8018873206989342	1622710	1002465	1250132	0.4945054945054945	0.7714285714285715	819	405	525
marmgCAMI2_short_read_pooled_megahit_assembly	13	Candidatus_Endolissoclinum_patella_L2_genomic	0.9783957486415544	0.7976404867430387	1505213	1472694	1846313	0.25	0.36363636363636365	16	4	11
marmgCAMI2_short_read_pooled_megahit_assembly	121	Synechococcus_sp_CC9902_genomic	0.8537629646209057	0.7922073293397998	2108816	1800429	2272674	0.6354515050167224	0.6737588652482269	299	190	282
marmgCAMI2_short_read_pooled_megahit_assembly	226	Marinobacter_sp_BSs20148_genomic	0.8799704533348074	0.7841507696196791	3835289	3374941	4303944	0.7521448999046711	0.6575	1049	789	1200
marmgCAMI2_short_read_pooled_megahit_assembly	126	Erythrobacter_litoralis_HTCC2594_genomic	0.5264747003847853	0.7800605692463572	4761357	2506734	3213512	0.29990448901623684	0.6032660902977905	2094	628	1041
marmgCAMI2_short_read_pooled_megahit_assembly	265	Cellulophaga_lytica_strain_HI1_genomic	0.5038002351050445	0.7798489456906385	3387422	1706584	2188352	0.47483134405812144	0.6157469717362046	1927	915	1486
marmgCAMI2_short_read_pooled_megahit_assembly	52	Synechococcus_sp_WH_7803_genomic	0.7323346927849579	0.7780712159988166	2600068	1904120	2447231	0.3961352657004831	0.6612903225806451	828	328	496
marmgCAMI2_short_read_pooled_megahit_assembly	278	Muricauda_lutaonensis_strain_CC_HSB_11_genomic	0.9608162243365047	0.7747924873633563	2819764	2709275	3496775	0.9392265193370166	0.5873642645607108	1267	1190	2026
marmgCAMI2_short_read_pooled_megahit_assembly	143	Octadecabacter_antarcticus_307_genomic	0.9634063283055138	0.773999993181578	3770488	3632512	4693168	0.9424860853432282	0.546236559139785	539	508	930
marmgCAMI2_short_read_pooled_megahit_assembly	151	Bdellovibrio_bacteriovorus_strain_109J_genomic	0.9616352660392499	0.7672696819849476	3301261	3174609	4137540	0.9445153061224489	0.5665646518745218	1568	1481	2614
marmgCAMI2_short_read_pooled_megahit_assembly	29	Cycloclasticus_sp_P1_genomic	0.8784101039678787	0.7664783240928027	2025818	1779499	2321656	0.7755905511811023	0.41041666666666665	254	197	480
marmgCAMI2_short_read_pooled_megahit_assembly	137	Hyphomonas_neptunium_ATCC_15444_genomic	0.9960279426240494	0.7610776729921308	2857713	2846362	3739910	0.9562043795620438	0.7485714285714286	137	131	175
marmgCAMI2_short_read_pooled_megahit_assembly	46	Alteromonas_macleodii_str_Balearic_Sea_AD45_genomic	0.5979128496887489	0.7566641063012346	5319981	3180885	4203827	0.5835847917923959	0.5052246603970741	1657	967	1914
marmgCAMI2_short_read_pooled_megahit_assembly	118	T_232_S7_contigs	0.703149955132122	0.7522848883599054	2738039	1925252	2559206	0.7269585253456221	0.48538461538461536	868	631	1300
marmgCAMI2_short_read_pooled_megahit_assembly	86	Luteimonas_sp_JM171_genomic	0.5314106057188582	0.7503571591862094	4508907	2396081	3193254	0.344409519533004	0.5872894333843798	2227	767	1306
marmgCAMI2_short_read_pooled_megahit_assembly	275	Thermoplasma_volcanium_GSS1_genomic	0.9694709341786455	0.7480848578689797	1318645	1278388	1708881	0.945179584120983	0.5561735261401557	529	500	899
marmgCAMI2_short_read_pooled_megahit_assembly	181	Hahella_chejuensis_KCTC_2396_genomic	0.9888497206390306	0.7423699310803231	5629276	5566508	7498294	0.9665198237885463	0.6111420612813371	1135	1097	1795
marmgCAMI2_short_read_pooled_megahit_assembly	35	Thalassolituus_oleivorans_R6_15_genomic	0.4901346889291542	0.7365353055584449	4016143	1968451	2672582	0.44389027431421446	0.3912087912087912	802	356	910
marmgCAMI2_short_read_pooled_megahit_assembly	0	Nitrosococcus_halophilus_Nc_4_genomic	0.9058205213885788	0.7238082605063589	3722828	3372214	4658988	0.861878453038674	0.15	181	156	1040
marmgCAMI2_short_read_pooled_megahit_assembly	274	Psychromonas_sp_CNPT3_genomic	0.9700413721714731	0.7196065335358834	2403548	2331541	3240022	0.9413145539906104	0.5364548494983278	852	802	1495
marmgCAMI2_short_read_pooled_megahit_assembly	280	Maribacter_sp_MAR_2009_60_genomic	0.6476827078876894	0.7073033001900633	4171399	2701743	3819780	0.5782426778242677	0.46911065852002715	1195	691	1473
marmgCAMI2_short_read_pooled_megahit_assembly	104	Pseudoalteromonas_haloplanktis_TAC125_genomic	0.7862119683504126	0.6962802429474952	3528640	2774259	3984400	0.7067950775815944	0.513807856865033	1869	1321	2571
marmgCAMI2_short_read_pooled_megahit_assembly	192	Pyrobaculum_aerophilum_str_IM2_genomic	0.9919818083567861	0.6899218575186884	1600735	1587900	2301565	0.9899328859060402	0.4922135706340378	894	885	1798
marmgCAMI2_short_read_pooled_megahit_assembly	287	Spirochaeta_sp_L21_RPul_D2_genomic	0.9379650163576881	0.6816763542766451	2865625	2687856	3943009	0.9152759948652118	0.4986013986013986	1558	1426	2860
marmgCAMI2_short_read_pooled_megahit_assembly	42	Vibrio_natriegens_strain_CCUG_16374_genomic	0.8615260614124842	0.678506920574832	4157526	3581817	5278969	0.7781818181818182	0.49806051202482543	825	642	1289
marmgCAMI2_short_read_pooled_megahit_assembly	227	Haloquadratum_walsbyi_C23_genomic	0.8492050652050652	0.6763118418664104	2645500	2246572	3321799	0.8192691029900332	0.480514419329696	1505	1233	2566
marmgCAMI2_short_read_pooled_megahit_assembly	141	Oscillibacter_valericigenes_Sjm18_20_genomic	0.9482295465684012	0.6587334859481618	3087147	2927324	4443867	0.831918505942275	0.5168776371308017	589	490	948
marmgCAMI2_short_read_pooled_megahit_assembly	191	Saprospira_grandis_str_Lewin_genomic	0.9935879677433979	0.6576368015234397	2977995	2958900	4499292	0.9908316961362148	0.473700688791484	1527	1513	3194
marmgCAMI2_short_read_pooled_megahit_assembly	53	Halomonas_sp_A3H3_genomic	0.5591430792130608	0.6441437627912583	5075615	2837995	4405841	0.5295748613678374	0.45987158908507225	1082	573	1246
marmgCAMI2_short_read_pooled_megahit_assembly	250	Glaciecola_sp_4H_3_7_YE_5_genomic	0.5575607262076475	0.6330499367336426	6562035	3658733	5779533	0.4561457689932057	0.46710942441492725	3238	1477	3162
marmgCAMI2_short_read_pooled_megahit_assembly	236	Persephonella_marina_EX_H1_genomic	0.9862857508601641	0.6329697245278801	1343639	1325212	2093642	0.985254691689008	0.450920245398773	746	735	1630
marmgCAMI2_short_read_pooled_megahit_assembly	260	Cellulophaga_baltica_18_genomic	0.548350995165616	0.6305317549999452	4192468	2298944	3646040	0.5296262534184139	0.3875917278185457	1097	581	1499
marmgCAMI2_short_read_pooled_megahit_assembly	97	Hydrogenophaga_sp_LPB0072_genomic	0.5568289430901838	0.6287183208503084	6046514	3366874	5355139	0.5454905063291139	0.47551724137931034	2528	1379	2900
marmgCAMI2_short_read_pooled_megahit_assembly	146	Parvularcula_bermudensis_HTCC2503_genomic	0.8337234584854821	0.6191895447056165	2306952	1923360	3106254	0.7667224080267558	0.46011038635223284	1196	917	1993
marmgCAMI2_short_read_pooled_megahit_assembly	263	Muricauda_ruestringensis_DSM_13258_genomic	0.5396812386574683	0.6142220384704556	4575147	2469121	4019916	0.4777048047010024	0.431470496409616	2893	1382	3203
marmgCAMI2_short_read_pooled_megahit_assembly	10	Nitrosococcus_oceani_ATCC_19707_genomic	0.9667080980433512	0.6087531202969312	2261571	2186279	3591405	0.75	0.49586776859504134	80	60	121
marmgCAMI2_short_read_pooled_megahit_assembly	262	Dinoroseobacter_shibae_DFL_12_genomic	0.3900746514889054	0.6046880433726092	7176816	2799494	4629650	0.3552881570614313	0.4509646302250804	3158	1122	2488
marmgCAMI2_short_read_pooled_megahit_assembly	105	Halorhabdus_tiamatea_SARL4B_genomic	0.5646637463936978	0.6026040766804318	3576378	2019451	3351207	0.47889525794684734	0.45093228655544654	1919	919	2038
marmgCAMI2_short_read_pooled_megahit_assembly	136	Pseudomonas_balearica_DSM_6083_genomic	0.5812575304730824	0.5999294857355519	4847803	2817822	4696922	0.4873417721518987	0.4517785111844518	2528	1232	2727
marmgCAMI2_short_read_pooled_megahit_assembly	254	Dokdonia_donghaensis_DSW_1_genomic	0.9515181467123754	0.5898069630433064	2140801	2037011	3453691	0.9387947269303202	0.41249482829954487	1062	997	2417
marmgCAMI2_short_read_pooled_megahit_assembly	164	Pyrococcus_furiosus_DSM_3638_genomic	0.7084994907176078	0.5889370802806017	1665088	1179714	2003124	0.6192560175054704	0.441153546375682	914	566	1283
marmgCAMI2_short_read_pooled_megahit_assembly	85	Vibrio_nigripulchritudo_str_SFn1_genomic	0.571061201463605	0.5845882669367686	6828072	3899247	6670074	0.4938684503901895	0.42392344497607654	3588	1772	4180
marmgCAMI2_short_read_pooled_megahit_assembly	256	Methanohalophilus_halophilus_strain_Z_7982_genomic	0.5326681332429052	0.5827499893937466	2372419	1263712	2168532	0.4580690627202255	0.4190844616376531	1419	650	1551
marmgCAMI2_short_read_pooled_megahit_assembly	267	Shewanella_woodyi_ATCC_51908_genomic	0.7854586554489581	0.5747375195085203	4498126	3533092	6147314	0.7189360857483128	0.40797476909213787	2519	1811	4439
marmgCAMI2_short_read_pooled_megahit_assembly	36	Cycloclasticus_zancles_78_ME_genomic	0.3407618884791623	0.5693991680005009	1707914	581992	1022116	0.28104575163398693	0.18067226890756302	306	86	476
marmgCAMI2_short_read_pooled_megahit_assembly	124	Candidatus_Atelocyanobacterium_thalassa_isolate_ALOHA_genomic	0.19376398716351267	0.5530091145087033	4431742	858712	1552799	0.12900188323917136	0.3953823953823954	2124	274	693
marmgCAMI2_short_read_pooled_megahit_assembly	286	Novosphingobium_sp_PP1Y_genomic	0.9911490193367992	0.5461026868647488	2922614	2896746	5304398	0.955	0.5365168539325843	200	191	356
marmgCAMI2_short_read_pooled_megahit_assembly	71	Methanoculleus_marisnigri_JR1_genomic	0.6368500568064074	0.5408183199210678	2060507	1312234	2426386	0.5870052277819268	0.3561395559583145	1339	786	2207
marmgCAMI2_short_read_pooled_megahit_assembly	76	TNX_S11_contigs	0.9451077797921874	0.5355612177935073	2128553	2011712	3756269	0.7854077253218884	0.48157894736842105	233	183	380
marmgCAMI2_short_read_pooled_megahit_assembly	242	Zunongwangia_profunda_SM_A87_genomic	0.4561350911495791	0.5343253790073629	6430858	2933340	5489801	0.31210191082802546	0.38403990024937656	3454	1078	2807
marmgCAMI2_short_read_pooled_megahit_assembly	61	Salinispora_tropica_CNB_440_genomic	0.3816921663355663	0.5230055702653208	7391011	2821091	5393998	0.15787716955941256	0.4601167315175097	2996	473	1028
marmgCAMI2_short_read_pooled_megahit_assembly	207	Ruminiclostridium_thermocellum_DSM_2360_strain_LQRI_genomic	0.40131772488934936	0.5212110924297293	4820126	1934402	3711360	0.35390070921985817	0.3650329188002926	2820	998	2734
marmgCAMI2_short_read_pooled_megahit_assembly	113	Thermotoga_sp_RQ2_genomic	0.6065558101438232	0.5189272558048676	1506572	913820	1760979	0.4372549019607843	0.4330097087378641	510	223	515
marmgCAMI2_short_read_pooled_megahit_assembly	1	Spiribacter_sp_UAH_SP71_genomic	0.7883726571956744	0.5166541096706397	1595257	1257657	2434234	0.5238095238095238	0.066	63	33	500
marmgCAMI2_short_read_pooled_megahit_assembly	147	Shewanella_piezotolerans_WP3_genomic	0.4169316434618745	0.5082727960399719	6889597	2872491	5651475	0.30390548080078766	0.36003110419906686	3047	926	2572
marmgCAMI2_short_read_pooled_megahit_assembly	204	Edwardsiella_piscicida_strain_S11_285_genomic	0.6447981095809676	0.5082700816664	3227221	2080906	4094095	0.6017142857142858	0.3672828740844088	1750	1053	2867
marmgCAMI2_short_read_pooled_megahit_assembly	288	Salmonella_enterica_subsp_enterica_serovar_Typhimurium_22495_genomic	0.8788787933629567	0.4986852455809879	2668839	2345586	4703540	0.8852040816326531	0.3827205882352941	1176	1041	2720
marmgCAMI2_short_read_pooled_megahit_assembly	253	Marinobacter_sp_CP1_genomic	0.46241649580904354	0.49776864129096987	4381816	2026224	4070614	0.43816741302101275	0.33562005277044854	2903	1272	3790
marmgCAMI2_short_read_pooled_megahit_assembly	245	Saccharophagus_degradans_2_40_genomic	0.6044381876275468	0.49108516618628484	4088696	2471364	5032455	0.5755791126815861	0.3322756119673617	2547	1466	4412
marmgCAMI2_short_read_pooled_megahit_assembly	180	Celeribacter_indicus_P73_genomic	0.439719810714086	0.4853644559379014	5722560	2516323	5184399	0.33343337334933976	0.37008660892738177	3332	1111	3002
marmgCAMI2_short_read_pooled_megahit_assembly	270	Moorea_producens_JHB_genomic	0.8784329056508666	0.4807081363109894	4888206	4293961	8932574	0.8601152368758003	0.3219892150988616	3124	2687	8345
marmgCAMI2_short_read_pooled_megahit_assembly	138	Titti15_S2_contigs	0.7476770168777862	0.47033539840213173	1896161	1417716	3014266	0.7300252312867956	0.30933713471133284	1189	868	2806
marmgCAMI2_short_read_pooled_megahit_assembly	114	Prochlorococcus_marinus_str_MIT_9515_genomic	0.3970097885946554	0.46978526339896004	2190815	869775	1851431	0.29705215419501135	0.31680773881499397	882	262	827
marmgCAMI2_short_read_pooled_megahit_assembly	96	Ignicoccus_islandicus_DSM_13165_genomic	0.8743024369666663	0.46733773386812016	682734	596916	1277269	0.8602150537634409	0.30983733539891556	465	400	1291
marmgCAMI2_short_read_pooled_megahit_assembly	235	Titti20_S7_contigs	0.3698123435005309	0.4657482530137398	6054733	2239115	4807565	0.3050798258345428	0.32700684505289357	3445	1051	3214
marmgCAMI2_short_read_pooled_megahit_assembly	155	Pusillimonas_sp_T7_7_genomic	0.7483454711165689	0.4639276154746992	2552086	1909842	4116681	0.7029634734665747	0.32504780114722753	1451	1020	3138
marmgCAMI2_short_read_pooled_megahit_assembly	223	Geobacillus_kaustophilus_HTA426_genomic	0.8443126450263772	0.4600832825118139	1766489	1491469	3241737	0.8214285714285714	0.3119147562156926	1176	966	3097
marmgCAMI2_short_read_pooled_megahit_assembly	218	Aciduliprofundum_sp_MAR08_339_genomic	0.8200104548382668	0.452214211252759	757544	621194	1373672	0.8077709611451943	0.29946929492039426	489	395	1319
marmgCAMI2_short_read_pooled_megahit_assembly	232	Candidatus_Nitrosopelagicus_brevis_CN25_genomic	0.5484573012796956	0.4434545431371799	1015007	556688	1255344	0.4818731117824773	0.29400921658986173	662	319	1085
marmgCAMI2_short_read_pooled_megahit_assembly	219	Marinobacter_similis_A3d10_genomic	0.944193403083475	0.4411285784628247	1953640	1844614	4181579	0.8925619834710744	0.3676595744680851	484	432	1175
marmgCAMI2_short_read_pooled_megahit_assembly	39	Salinispora_tropica_CNB_440_genomic	0.794696673922461	0.44075655942030384	2991632	2377440	5393998	0.49407114624505927	0.3647859922178988	759	375	1028
marmgCAMI2_short_read_pooled_megahit_assembly	25	Alteromonas_mediterranea_strain_CP48_genomic	0.6887931092732236	0.4387576650602377	2367936	1631018	3717355	0.5854922279792746	0.14279696714406065	579	339	2374
marmgCAMI2_short_read_pooled_megahit_assembly	16	Alteromonas_macleodii_str_Ionian_Sea_U4_genomic	0.28622672697821055	0.4349365485771431	3379342	967258	2223906	0.29417989417989415	0.1988555078683834	945	278	1398
marmgCAMI2_short_read_pooled_megahit_assembly	240	Actinoalloteichus_sp_ADI127_7_genomic	0.6440953643423238	0.426017787682148	4180766	2692812	6320891	0.6161055189170427	0.27782125528251683	2881	1775	6389
marmgCAMI2_short_read_pooled_megahit_assembly	112	Thermotoga_sp_RQ2_genomic	0.6365298239500958	0.42531796233799496	1176655	748976	1760979	0.48823529411764705	0.32233009708737864	340	166	515
marmgCAMI2_short_read_pooled_megahit_assembly	77	TNX_S11_contigs	0.8422389063580773	0.4227090764798794	1885224	1587809	3756269	0.46254071661237783	0.3736842105263158	307	142	380
marmgCAMI2_short_read_pooled_megahit_assembly	175	Staphylothermus_marinus_F1_genomic	0.12083903155273489	0.41893667673791923	5519268	666943	1591990	0.11884057971014493	0.2867132867132867	3450	410	1430
marmgCAMI2_short_read_pooled_megahit_assembly	264	Novosphingobium_sp_PP1Y_genomic	0.9215699695230083	0.4188226449071129	2410671	2221602	5304398	0.7181208053691275	0.300561797752809	149	107	356
marmgCAMI2_short_read_pooled_megahit_assembly	199	Microbacterium_sp_LKL04_genomic	0.4852793451859493	0.41805552269521945	2148274	1042513	2493719	0.4564796905222437	0.26706903055450776	1551	708	2651
marmgCAMI2_short_read_pooled_megahit_assembly	246	Formosa_sp_Hel3_A1_48_genomic	0.2359449179673356	0.41558291571477063	3767036	888813	2138714	0.18222823635543528	0.2795847750865052	2217	404	1445
marmgCAMI2_short_read_pooled_megahit_assembly	106	Yangia_sp_CCB_MM3_genomic	0.3578427422507075	0.41288882050573966	6651704	2380264	5764903	0.3533196841181632	0.2915761525464639	3419	1208	4143
marmgCAMI2_short_read_pooled_megahit_assembly	291	Haliangium_ochraceum_DSM_14365_genomic	0.9925072629568467	0.41079006496250103	4099570	4068853	9904945	0.9892357373519914	0.3072037439411666	1858	1838	5983
marmgCAMI2_short_read_pooled_megahit_assembly	170	Bacillus_sp_Pc3_genomic	0.37367742892528055	0.40670079674393805	3478452	1299819	3196008	0.4601951720595788	0.26430678466076696	1947	896	3390
marmgCAMI2_short_read_pooled_megahit_assembly	154	Thermaerobacter_marianensis_DSM_12885_genomic	0.47817506852166675	0.404625021871718	2161725	1033683	2554669	0.4469895287958115	0.2632999228989977	1528	683	2594
marmgCAMI2_short_read_pooled_megahit_assembly	142	Gramella_sp_MAR_2010_102_genomic	0.7871961427417445	0.3978724086496838	1828449	1439348	3617612	0.7266536964980544	0.26256590509666083	1028	747	2845
marmgCAMI2_short_read_pooled_megahit_assembly	209	Marinobacter_similis_A3d10_genomic	0.5096705592554585	0.39752662809909844	3261497	1662289	4181579	0.3310580204778157	0.3302127659574468	1172	388	1175
marmgCAMI2_short_read_pooled_megahit_assembly	266	Psychromonas_ingrahamii_37_genomic	0.6320197874716064	0.3962101721231804	2995835	1893427	4778845	0.5728965960179833	0.2656343061346039	1557	892	3358
marmgCAMI2_short_read_pooled_megahit_assembly	258	Psychrobacter_sp_P11F6_genomic	0.5925304285696379	0.38956159558538117	2393310	1418109	3640269	0.49933333333333335	0.27833519137866963	1500	749	2691
marmgCAMI2_short_read_pooled_megahit_assembly	289	Haliangium_ochraceum_DSM_14365_genomic	0.9949172374681418	0.3864693847366139	3847514	3827958	9904945	0.9913194444444444	0.2863112151094768	1728	1713	5983
marmgCAMI2_short_read_pooled_megahit_assembly	153	Bacteriovorax_marinus_SJ_genomic	0.6852705083442775	0.3735185201351363	1560950	1069673	2863775	0.6715195632393085	0.23533163265306123	1099	738	3136
marmgCAMI2_short_read_pooled_megahit_assembly	231	Polaribacter_sp_LPB0003_genomic	0.17298804071746302	0.37347976978405295	8303759	1436451	3846128	0.17080113867425784	0.25400665255518595	4918	840	3307
marmgCAMI2_short_read_pooled_megahit_assembly	156	Prochlorococcus_marinus_bv_HNLC2_genomic	0.24285234213330886	0.3719988658916927	2431181	590418	1587150	0.14944834503510532	0.23244929797191888	997	149	641
marmgCAMI2_short_read_pooled_megahit_assembly	237	Methanosarcina_sp_MTP4_genomic	0.9331806828995788	0.3673085921020672	1539465	1436599	3911150	0.9185110663983903	0.24007362608467	994	913	3803
marmgCAMI2_short_read_pooled_megahit_assembly	120	S06_S2_contigs	0.35309144072198695	0.3662533247360361	2573897	908821	2481400	0.3741058655221745	0.27497371188222924	1398	523	1902
marmgCAMI2_short_read_pooled_megahit_assembly	134	Rhodoferax_ferrireducens_T118_genomic	0.8050873306701741	0.3590246565686189	2373622	1910973	5322679	0.6758620689655173	0.2728719172633254	1015	686	2514
marmgCAMI2_short_read_pooled_megahit_assembly	271	Caldithrix_abyssi_DSM_13497_genomic	0.9620079793250843	0.35736576881277315	1878605	1807233	5057096	0.9452479338842975	0.25840158147415987	968	915	3541
marmgCAMI2_short_read_pooled_megahit_assembly	273	Caldithrix_abyssi_DSM_13497_genomic	0.9630493784209537	0.35251318147806565	1851092	1782693	5057096	0.9460539460539461	0.26743857667325616	1001	947	3541
marmgCAMI2_short_read_pooled_megahit_assembly	179	Sulfurimonas_denitrificans_DSM_1251_genomic	0.899894292612108	0.35076769060540597	739778	665722	1897900	0.8784860557768924	0.22272727272727272	502	441	1980
marmgCAMI2_short_read_pooled_megahit_assembly	268	Myxococcus_fulvus_HW_1_genomic	0.8590699409809375	0.3462886795588655	2653380	2279439	6582482	0.8504624871531347	0.21690694626474444	1946	1655	7630
marmgCAMI2_short_read_pooled_megahit_assembly	184	Phaeobacter_gallaeciensis_strain_JL2886_genomic	0.2980036079923485	0.32933503695039734	4601451	1371249	4163690	0.2753246753246753	0.21965660153937241	2695	742	3378
marmgCAMI2_short_read_pooled_megahit_assembly	188	Marinobacterium_sp_ST58_10_genomic	0.6087721718933479	0.32699876919240534	2783028	1694230	5181151	0.5728155339805825	0.22102247686205376	1751	1003	4538
marmgCAMI2_short_read_pooled_megahit_assembly	74	Verrucosispora_maris_AB_18_032_genomic	0.8918835217316893	0.32628662357522603	2454020	2188700	6707906	0.8696219035202086	0.2224445556111389	1534	1334	5997
marmgCAMI2_short_read_pooled_megahit_assembly	174	SP010_S4_contigs	0.2940594736614222	0.3262188733674855	4780839	1405851	4309533	0.2978125	0.21372505045974433	3200	953	4459
marmgCAMI2_short_read_pooled_megahit_assembly	68	Synechococcus_sp_CC9311_genomic	0.42923218843502947	0.3202068507637989	2092180	898031	2804534	0.40376106194690264	0.26818515797207937	904	365	1361
marmgCAMI2_short_read_pooled_megahit_assembly	140	Thermococcus_gammatolerans_EJ3_genomic	0.32629966973237956	0.3161355383152241	1688025	550802	1742297	0.3380035026269702	0.20347917764891935	1142	386	1897
marmgCAMI2_short_read_pooled_megahit_assembly	259	Marinomonas_sp_MWYL1_genomic	0.6465593889836314	0.3139188403486731	2607066	1685623	5369614	0.5906656465187452	0.20747110991668907	1307	772	3721
marmgCAMI2_short_read_pooled_megahit_assembly	195	Salinispora_arenicola_CNS_205_genomic	0.8927869428625742	0.3136045768239252	2088421	1864515	5945433	0.8453139217470428	0.22575941676792224	1099	929	4115
marmgCAMI2_short_read_pooled_megahit_assembly	198	Paenibacillus_sp_LPB0068_genomic	0.43798509139753866	0.31201197491272353	2923547	1280470	4103913	0.4345	0.2008784096162737	2000	869	4326
marmgCAMI2_short_read_pooled_megahit_assembly	241	Thermococcus_barophilus_MP_genomic	0.4518193984787294	0.3115781706623031	1185062	535434	1718458	0.4246411483253589	0.20124716553287983	836	355	1764
marmgCAMI2_short_read_pooled_megahit_assembly	284	Salmonella_enterica_subsp_enterica_serovar_Typhimurium_22495_genomic	0.8707084318280109	0.30690161027651514	1657873	1443524	4703540	0.8604972375690608	0.22904411764705881	724	623	2720
marmgCAMI2_short_read_pooled_megahit_assembly	8	Spiribacter_salinus_M19_40_genomic	0.8899509803921568	0.30104600648404534	554880	493816	1640334	0.6666666666666666	0.14634146341463414	18	12	82
marmgCAMI2_short_read_pooled_megahit_assembly	247	Octadecabacter_temperatus_strain_SB1_genomic	0.2874766445198496	0.29976290974537734	2822678	811454	2706986	0.28057913130304546	0.1870216306156406	2003	562	3005
marmgCAMI2_short_read_pooled_megahit_assembly	83	Prochlorococcus_marinus_str_MIT_9313_genomic	0.46197088199956116	0.2979205439927784	1608833	743234	2494739	0.4609271523178808	0.22671009771986972	755	348	1535
marmgCAMI2_short_read_pooled_megahit_assembly	279	Pelagibacterium_halotolerans_B2_genomic	0.970989632565811	0.2968343191592402	1181681	1147400	3865456	0.967741935483871	0.1945305892303355	713	690	3547
marmgCAMI2_short_read_pooled_megahit_assembly	131	Haloferax_mediterranei_ATCC_33500_genomic	0.42604567342983823	0.29642652393361996	2724560	1160787	3915935	0.42262996941896025	0.1996532793990176	1635	691	3461
marmgCAMI2_short_read_pooled_megahit_assembly	3	Nitrosococcus_oceani_ATCC_19707_genomic	0.5781436736142834	0.2956633963588067	1836649	1061847	3591405	0.3442622950819672	0.17355371900826447	61	21	121
marmgCAMI2_short_read_pooled_megahit_assembly	130	Photobacterium_gaetbulicola_Gung47_genomic	0.23011649329251746	0.29451201539346683	7498715	1725578	5859109	0.19830307813733228	0.19771788313987804	5068	1005	5083
marmgCAMI2_short_read_pooled_megahit_assembly	185	Marinobacter_aquaeolei_VT8_genomic	0.8636020250401674	0.29203242084691705	1649350	1424382	4877479	0.8499353169469599	0.21071199486850545	773	657	3118
marmgCAMI2_short_read_pooled_megahit_assembly	163	Vibrio_vulnificus_strain_93U204_genomic	0.212359028238414	0.28157450367079695	5855428	1243453	4416071	0.20939086294416243	0.1834964412811388	3940	825	4496
marmgCAMI2_short_read_pooled_megahit_assembly	251	26_S2_contigs	0.2222186170867331	0.26817024296070063	5054518	1123208	4188414	0.21120840630472854	0.17223650385604114	2855	603	3501
marmgCAMI2_short_read_pooled_megahit_assembly	230	Thermosipho_sp_1063_genomic	0.10712305796517728	0.259744087314121	4590739	491774	1893302	0.07121771217712178	0.187015503875969	2710	193	1032
marmgCAMI2_short_read_pooled_megahit_assembly	65	Titti21_S1_contigs	0.46066684217304676	0.2522578652895847	2111984	972921	3856851	0.40298507462686567	0.12991178829190056	402	162	1247
marmgCAMI2_short_read_pooled_megahit_assembly	158	Oleispira_antarctica_RB_8_genomic	0.8945181208732269	0.23999252324089532	1265971	1132434	4718622	0.8421052631578947	0.16500515641113786	570	480	2909
marmgCAMI2_short_read_pooled_megahit_assembly	172	Marinitoga_piezophila_KA3_genomic	0.0906835220338922	0.23924713540700665	5547590	503075	2102742	0.10116354234001293	0.1639601885804086	3094	313	1909
marmgCAMI2_short_read_pooled_megahit_assembly	93	Synechococcus_sp_CC9311_genomic	0.29120076466039546	0.23377359661177222	2251457	655626	2804534	0.2026315789473684	0.16972814107274062	1140	231	1361
marmgCAMI2_short_read_pooled_megahit_assembly	252	Jannaschia_sp_CCS1_genomic	0.1749359367695033	0.22748904688763225	4819067	843028	3705796	0.19441674975074777	0.14665329656555529	3009	585	3989
marmgCAMI2_short_read_pooled_megahit_assembly	150	Pyrococcus_abyssi_GE5_genomic	0.6660924847279444	0.22346172348927715	450496	300072	1342834	0.6533742331288344	0.1378640776699029	326	213	1545
marmgCAMI2_short_read_pooled_megahit_assembly	6	Spiribacter_salinus_M19_40_genomic	0.9694342451796459	0.21520190400247755	364133	353003	1640334	0.25	0.012195121951219513	4	1	82
marmgCAMI2_short_read_pooled_megahit_assembly	216	Stappia_sp_ES058_genomic	0.29483088334493673	0.20372983685169202	2586883	762693	3743649	0.2903581267217631	0.12707981673498914	1815	527	4147
marmgCAMI2_short_read_pooled_megahit_assembly	5	Spiribacter_salinus_M19_40_genomic	1.0	0.19902836861273374	326473	326473	1640334	1.0	0.012195121951219513	1	1	82
marmgCAMI2_short_read_pooled_megahit_assembly	193	12_S1_contigs	0.09408172601225556	0.18683663321580327	7688103	723310	3871350	0.08743523316062177	0.11476338906205724	4632	405	3529
marmgCAMI2_short_read_pooled_megahit_assembly	165	Celeribacter_indicus_P73_genomic	0.3848790901654626	0.1767934913960133	2381444	916568	5184399	0.3013698630136986	0.13191205862758162	1314	396	3002
marmgCAMI2_short_read_pooled_megahit_assembly	90	Hydrogenophaga_sp_LPB0072_genomic	0.8396591925106502	0.16993116331807634	1083779	910005	5355139	0.7509803921568627	0.13206896551724137	510	383	2900
marmgCAMI2_short_read_pooled_megahit_assembly	7	Spiribacter_sp_UAH_SP71_genomic	0.6157351068345833	0.16982056778436255	671365	413383	2434234	0.10810810810810811	0.008	37	4	500
marmgCAMI2_short_read_pooled_megahit_assembly	225	Paraglaciecola_psychrophila_170_genomic	0.2677109975144633	0.1678107401542174	3551748	950842	5666157	0.23295171727227476	0.11105837683910774	2009	468	4214
marmgCAMI2_short_read_pooled_megahit_assembly	221	Francisella_noatunensis_subsp_orientalis_strain_FNO01_genomic	0.4489926143737308	0.16660320670137233	463874	208276	1250132	0.35185185185185186	0.18095238095238095	270	95	525
marmgCAMI2_short_read_pooled_megahit_assembly	214	Acinetobacter_venetianus_VE_C3_genomic	0.3406102918981766	0.16383976777501968	1788980	609345	3719152	0.2564102564102564	0.12505582849486377	1092	280	2239
marmgCAMI2_short_read_pooled_megahit_assembly	162	Filomicrobium_sp_W1_genomic	0.4104924287388588	0.15967587791735402	1196234	491045	3075261	0.408983451536643	0.09732770745428973	846	346	3555
marmgCAMI2_short_read_pooled_megahit_assembly	139	Streptococcus_iniae_strain_ISET0901_genomic	0.20421412909781272	0.15918539353520378	1028445	210023	1319361	0.11311053984575835	0.25882352941176473	389	44	170
marmgCAMI2_short_read_pooled_megahit_assembly	44	Hyphomicrobium_nitrativorans_NL23_genomic	1.0	0.15556063453148888	605080	605080	3889673	1.0	0.11538461538461539	3	3	26
marmgCAMI2_short_read_pooled_megahit_assembly	186	Pyrococcus_furiosus_DSM_3638_genomic	0.7465043449706271	0.15434391480507448	414157	309170	2003124	0.6607142857142857	0.11535463756819954	224	148	1283
marmgCAMI2_short_read_pooled_megahit_assembly	169	Hahella_chejuensis_KCTC_2396_genomic	0.3620505761939436	0.14866755024542916	3078998	1114753	7498294	0.3210659898477157	0.14094707520891364	788	253	1795
marmgCAMI2_short_read_pooled_megahit_assembly	167	LF22_S6_contigs	0.2768940923288793	0.1472637726901088	2085458	577451	3921202	0.27698863636363635	0.09230769230769231	1408	390	4225
marmgCAMI2_short_read_pooled_megahit_assembly	123	V_H1309_2_2_S2_contigs	0.10129059758522377	0.14673482729277942	5876735	595258	4056692	0.08750383788762665	0.08394698085419734	3257	285	3395
marmgCAMI2_short_read_pooled_megahit_assembly	159	Oleispira_antarctica_RB_8_genomic	0.8998725132942896	0.1267022448502974	664383	597860	4718622	0.8344827586206897	0.08319009969061533	290	242	2909
marmgCAMI2_short_read_pooled_megahit_assembly	108	V_H1309_2_2_S2_contigs	0.6259623788922232	0.1124554193416705	728793	456197	4056692	0.5833333333333334	0.07216494845360824	420	245	3395
marmgCAMI2_short_read_pooled_megahit_assembly	157	Leisingera_methylohalidivorans_DSM_14336_genomic	0.5946399384258819	0.10883203187269012	809431	481320	4422595	0.5523809523809524	0.07130563068600934	525	290	4067
marmgCAMI2_short_read_pooled_megahit_assembly	4	Spiribacter_sp_UAH_SP71_genomic	0.5834058368590325	0.10440163106751446	435611	254138	2434234	0.3333333333333333	0.006	9	3	500
marmgCAMI2_short_read_pooled_megahit_assembly	210	Zunongwangia_profunda_SM_A87_genomic	0.34914239533228586	0.10285363713548086	1617237	564646	5489801	0.24607329842931938	0.08371927324545779	955	235	2807
marmgCAMI2_short_read_pooled_megahit_assembly	160	Pyrococcus_abyssi_GE5_genomic	0.17882056140815208	0.09459099188730699	710321	127020	1342834	0.19096509240246407	0.06019417475728155	487	93	1545
marmgCAMI2_short_read_pooled_megahit_assembly	173	Hyphomonas_sp_Mor2_genomic	0.42191161131664345	0.09433245228412224	603041	254430	2697163	0.42280285035629456	0.056346945235834126	421	178	3159
marmgCAMI2_short_read_pooled_megahit_assembly	196	Vibrio_alginolyticus_strain_ATCC_33787_genomic	0.15784383023658985	0.09402399717965423	3391143	535271	5692919	0.13301435406698564	0.061681828267140006	2090	278	4507
marmgCAMI2_short_read_pooled_megahit_assembly	12	Spiribacter_sp_UAH_SP71_genomic	0.4873280779531252	0.07938760201361085	396546	193248	2434234	0.05263157894736842	0.002	19	1	500
marmgCAMI2_short_read_pooled_megahit_assembly	190	Marinobacterium_sp_ST58_10_genomic	0.25142279836456716	0.07569900973741163	1559954	392208	5181151	0.22971652003910067	0.05178492728074041	1023	235	4538
marmgCAMI2_short_read_pooled_megahit_assembly	168	Oleispira_antarctica_RB_8_genomic	0.5697254613018965	0.07538026991778532	624320	355691	4718622	0.4831804281345566	0.054314197318666206	327	158	2909
marmgCAMI2_short_read_pooled_megahit_assembly	15	2_S8_contigs	0.22765057004827302	0.07306457542851238	534253	121623	1664596	0.017241379310344827	0.0004938271604938272	58	1	2025
marmgCAMI2_short_read_pooled_megahit_assembly	249	Nonlabens_sp_Hel1_33_55_genomic	0.12334903895229847	0.07136541043575875	1777071	219200	3071516	0.11254295532646048	0.04520358868184955	1164	131	2898
marmgCAMI2_short_read_pooled_megahit_assembly	194	Filomicrobium_sp_W1_genomic	0.08811212496866977	0.06344437106313904	2214315	195108	3075261	0.09444072337575352	0.039662447257383965	1493	141	3555
marmgCAMI2_short_read_pooled_megahit_assembly	203	Vibrio_alginolyticus_strain_ATCC_33787_genomic	0.6129552225932009	0.05991671407936772	556486	341101	5692919	0.5830815709969789	0.042822276458841804	331	193	4507
marmgCAMI2_short_read_pooled_megahit_assembly	177	Streptococcus_agalactiae_strain_GX064_genomic	0.06826328245014324	0.05428907685377288	1011598	69055	1271987	0.05961251862891207	0.03404255319148936	671	40	1175
marmgCAMI2_short_read_pooled_megahit_assembly	238	Jannaschia_sp_CCS1_genomic	0.24107526829469778	0.05354962874373009	823162	198444	3705796	0.2767175572519084	0.03634996239659062	524	145	3989
marmgCAMI2_short_read_pooled_megahit_assembly	239	Dokdonia_donghaensis_DSW_1_genomic	0.07307880765061864	0.04987736308778058	2357195	172261	3453691	0.0625	0.03558129913115432	1376	86	2417
marmgCAMI2_short_read_pooled_megahit_assembly	233	LAB19_S8_contigs	0.06599296314912304	0.04966983235872966	1701045	112257	2260064	0.06649616368286446	0.03353396388650043	1173	78	2326
marmgCAMI2_short_read_pooled_megahit_assembly	244	Dokdonia_donghaensis_DSW_1_genomic	0.4446584083005202	0.04927510886179453	382723	170181	3453691	0.37656903765690375	0.037236243276789406	239	90	2417
marmgCAMI2_short_read_pooled_megahit_assembly	27	Vibrio_coralliilyticus_OCN014_genomic	0.2859983690399734	0.0451293853281609	808113	231119	5121253	0.017543859649122806	0.011235955056179775	114	2	178
marmgCAMI2_short_read_pooled_megahit_assembly	201	Marinobacter_aquaeolei_VT8_genomic	0.3488083764765138	0.044299319382000414	619449	216069	4877479	0.27386934673366836	0.03495830660679923	398	109	3118
marmgCAMI2_short_read_pooled_megahit_assembly	58	Aeromonas_salmonicida_subsp_salmonicida_A449_genomic	0.32181444938771764	0.04329896435785957	588454	189373	4373615	0.19658119658119658	0.1329479768786127	117	23	173
marmgCAMI2_short_read_pooled_megahit_assembly	98	Yangia_sp_CCB_MM3_genomic	0.2383626697463263	0.04153079418682327	1004440	239421	5764903	0.2271062271062271	0.029930002413709873	546	124	4143
marmgCAMI2_short_read_pooled_megahit_assembly	171	Novosphingobium_pentaromativorans_US6_1_genomic	0.11080788443038331	0.04065640398544705	993756	110116	2708454	0.1118421052631579	0.023759608665269043	608	68	2862
marmgCAMI2_short_read_pooled_megahit_assembly	220	Alteromonas_stellipolaris_strain_PQQ_44_genomic	0.20139610486483261	0.03869075285324614	770859	155248	4012535	0.15845824411134904	0.03135593220338983	467	74	2360
marmgCAMI2_short_read_pooled_megahit_assembly	187	Marinobacter_aquaeolei_VT8_genomic	0.4418427551818995	0.03866075076899357	426774	188567	4877479	0.49122807017543857	0.026940346375881975	171	84	3118
marmgCAMI2_short_read_pooled_megahit_assembly	212	Octadecabacter_arcticus_238_genomic	0.08347871186760338	0.038312604322504655	1569466	131017	3419684	0.08846918489065607	0.02308091286307054	1006	89	3856
marmgCAMI2_short_read_pooled_megahit_assembly	149	Prochlorococcus_marinus_str_MIT_9515_genomic	0.18468722085374767	0.036852034993472615	369430	68229	1851431	0.12727272727272726	0.03385731559854897	220	28	827
marmgCAMI2_short_read_pooled_megahit_assembly	23	9_S9_contigs	0.26318659471740985	0.034172539833791093	176050	46334	1355884	0.018518518518518517	0.00423728813559322	54	1	236
marmgCAMI2_short_read_pooled_megahit_assembly	248	Glaciecola_sp_4H_3_7_YE_5_genomic	0.48534059355778053	0.034144454231855755	406599	197339	5779533	0.39805825242718446	0.025932953826691967	206	82	3162
marmgCAMI2_short_read_pooled_megahit_assembly	129	Yangia_sp_CCB_MM3_genomic	0.09197444219564088	0.033848791558158044	2121622	195135	5764903	0.08828671328671328	0.024378469707941105	1144	101	4143
marmgCAMI2_short_read_pooled_megahit_assembly	128	Vibrio_harveyi_strain_QT520_genomic	0.2639125358758574	0.029992203176262906	575596	151907	5064883	0.26054590570719605	0.02008416220351951	403	105	5228
marmgCAMI2_short_read_pooled_megahit_assembly	200	Cyclobacterium_amurskyense_strain_KCTC_12363_genomic	0.14114720856613516	0.027973203970977793	822588	116106	4150615	0.1478102189781022	0.016119402985074627	548	81	5025
marmgCAMI2_short_read_pooled_megahit_assembly	182	Novosphingobium_pentaromativorans_US6_1_genomic	0.19626104672195582	0.02664028999569496	367643	72154	2708454	0.17120622568093385	0.015373864430468204	257	44	2862
marmgCAMI2_short_read_pooled_megahit_assembly	135	Vibrio_harveyi_strain_QT520_genomic	0.24720616499520426	0.02656290382226006	544234	134538	5064883	0.24728260869565216	0.01740627390971691	368	91	5228
marmgCAMI2_short_read_pooled_megahit_assembly	208	Gramella_forsetii_KT0803_genomic	0.1492722792088801	0.02559835754407472	474770	70870	2768537	0.1566265060240964	0.015980331899200985	332	52	3254
marmgCAMI2_short_read_pooled_megahit_assembly	215	Paraglaciecola_psychrophila_170_genomic	0.10456491112955207	0.02390615014726913	1295425	135456	5666157	0.09502262443438914	0.019933554817275746	884	84	4214
marmgCAMI2_short_read_pooled_megahit_assembly	166	Pseudomonas_balearica_DSM_6083_genomic	0.22192494306366967	0.023858390665205852	504950	112061	4696922	0.1498371335504886	0.016868353502016868	307	46	2727
marmgCAMI2_short_read_pooled_megahit_assembly	70	Marinobacter_salarius_R9SW1_genomic	0.17235603102504848	0.022370912964846817	602352	103819	4640803	0.06060606060606061	0.11904761904761904	165	10	84
marmgCAMI2_short_read_pooled_megahit_assembly	125	Erythrobacter_litoralis_HTCC2594_genomic	0.2197442141652901	0.020077099447582583	293605	64518	3213512	0.11409395973154363	0.01633045148895293	149	17	1041
marmgCAMI2_short_read_pooled_megahit_assembly	243	Vibrio_alginolyticus_strain_ATCC_33787_genomic	0.30008752066460137	0.01897198958917209	359915	108006	5692919	0.27314814814814814	0.01309074772575993	216	59	4507
marmgCAMI2_short_read_pooled_megahit_assembly	222	Novosphingobium_pentaromativorans_US6_1_genomic	0.06974466389084402	0.018219619015128186	707538	49347	2708454	0.07373271889400922	0.011180992313067784	434	32	2862
marmgCAMI2_short_read_pooled_megahit_assembly	217	Marinobacter_aquaeolei_VT8_genomic	0.2707816483163499	0.01624630264938096	292638	79241	4877479	0.2802547770700637	0.014111610006414367	157	44	3118
marmgCAMI2_short_read_pooled_megahit_assembly	132	Shewanella_piezotolerans_WP3_genomic	0.20049938358734298	0.015885056556031833	447752	89774	5651475	0.13286713286713286	0.014774494556765163	286	38	2572
marmgCAMI2_short_read_pooled_megahit_assembly	205	Vibrio_alginolyticus_strain_ATCC_33787_genomic	0.47400513815341055	0.015880605362556536	190730	90407	5692919	0.4322033898305085	0.011315731084978922	118	51	4507
marmgCAMI2_short_read_pooled_megahit_assembly	54	Vibrio_natriegens_strain_CCUG_16374_genomic	0.4215772289103105	0.014381785534258678	180088	75921	5278969	0.4166666666666667	0.031031807602792862	96	40	1289
marmgCAMI2_short_read_pooled_megahit_assembly	127	18_S4_contigs	0.1486348930797759	0.013971861198925361	253460	37673	2696348	0.17333333333333334	0.010851419031719533	150	26	2396
marmgCAMI2_short_read_pooled_megahit_assembly	28	Alteromonas_macleodii_str_Aegean_Sea_MED64_genomic	0.13251960544243316	0.008333478107740587	159267	21106	2532676	0.23333333333333334	0.007543103448275862	60	14	1856
marmgCAMI2_short_read_pooled_megahit_assembly	111	V_H1309_2_2_S2_contigs	0.19379494028082725	0.006331513459735173	132537	25685	4056692	0.20930232558139536	0.005301914580265096	86	18	3395
marmgCAMI2_short_read_pooled_megahit_assembly	197	Oleispira_antarctica_RB_8_genomic	0.1702561134423383	0.006234023407681311	172775	29416	4718622	0.12844036697247707	0.0048126503953248535	109	14	2909
marmgCAMI2_short_read_pooled_megahit_assembly	206	Photobacterium_profundum_SS9_genomic	0.14667273405257136	0.0038391904133891746	158223	23207	6044764	0.15178571428571427	0.0031954887218045114	112	17	5320
