sample_id	Bin ID	Most abundant genome	Purity (bp)	Completeness (bp)	Bin size (bp)	True positives (bp)	True size of most abundant genome (bp)	Purity (seq)	Completeness (seq)	Bin size (seq)	True positives (seq)	True size of most abundant genome (seq)
strmgCAMI2_short_read_pooled_megahit_assembly	1	MIKI_NS13	1.0	0.9974841989675651	7196252	7196252	7214402	1.0	0.5897435897435898	23	23	39
strmgCAMI2_short_read_pooled_megahit_assembly	11	MIKI_NS08	1.0	0.9942828418493778	2531812	2531812	2546370	1.0	0.5714285714285714	8	8	14
strmgCAMI2_short_read_pooled_megahit_assembly	4	MIKI_NS10	0.9985158068253679	0.9921350453505164	2082613	2079522	2096007	0.9897959183673469	0.8016528925619835	98	97	121
strmgCAMI2_short_read_pooled_megahit_assembly	13	MIKI_NS20	0.9996282292954176	0.9867127483211104	5269377	5267418	5338350	0.9946236559139785	0.7939914163090128	186	185	233
strmgCAMI2_short_read_pooled_megahit_assembly	0	MIKI_NS12	1.0	0.9863194857744472	2224038	2224038	2254886	1.0	0.6944444444444444	75	75	108
strmgCAMI2_short_read_pooled_megahit_assembly	5	MIKI_NS15	0.9637928754999682	0.9840964452643165	7654488	7377341	7496563	0.9318181818181818	0.6029411764705882	132	123	204
strmgCAMI2_short_read_pooled_megahit_assembly	9	MIKI_NS02	0.9608537093235994	0.9616383319553534	2943906	2828663	2941504	0.9583333333333334	0.4	48	46	115
strmgCAMI2_short_read_pooled_megahit_assembly	12	MIKI_NS25	0.7397181786846665	0.9435413854257656	4818869	3564605	3777900	0.6747967479674797	0.4715909090909091	123	83	176
strmgCAMI2_short_read_pooled_megahit_assembly	10	MIKI_NS03	0.9408315273458708	0.9268170440218718	4186537	3938826	4249842	0.9921875	0.49416342412451364	128	127	257
strmgCAMI2_short_read_pooled_megahit_assembly	3	SP21_S92	0.9898927899412168	0.9227643956732484	1713925	1696602	1838608	0.9645390070921985	0.38857142857142857	141	136	350
strmgCAMI2_short_read_pooled_megahit_assembly	2	MIKI_NS06	0.8482252314162356	0.919995727951909	1919377	1628064	1769643	0.9615384615384616	0.44642857142857145	26	25	56
strmgCAMI2_short_read_pooled_megahit_assembly	6	MIKI_NS09	0.9234010144219503	0.8491176776743141	2014152	1859870	2190356	0.9487179487179487	0.3978494623655914	39	37	93
strmgCAMI2_short_read_pooled_megahit_assembly	8	spades_ESBL6643_S3_L001	0.9583913059673846	0.8416805250288132	4885926	4682629	5563428	0.9572815533980582	0.32349081364829396	515	493	1524
strmgCAMI2_short_read_pooled_megahit_assembly	17	spades_VRE2392_S22_L001	0.5307873957544671	0.8370925831526654	2286309	1213544	1449713	0.547945205479452	0.21978021978021978	146	80	364
strmgCAMI2_short_read_pooled_megahit_assembly	7	MIKI_NS14	0.9926722320458247	0.833532064540563	4152697	4122267	4945541	0.9811320754716981	0.2751322751322751	53	52	189
strmgCAMI2_short_read_pooled_megahit_assembly	14	spades_And8457_S3_L001	0.9667524012325093	0.8263744340405956	4563698	4411966	5338943	0.9581749049429658	0.3916083916083916	526	504	1287
strmgCAMI2_short_read_pooled_megahit_assembly	25	spades_And10925_S5_L001	0.4496496732526408	0.34243054285699515	3240118	1456918	4254638	0.42790697674418604	0.09507406131588013	645	276	2903
strmgCAMI2_short_read_pooled_megahit_assembly	24	spades_VRE2943_S1_L001	0.6175839704183819	0.25264108883473635	236363	145974	577792	0.4878048780487805	0.056338028169014086	41	20	355
strmgCAMI2_short_read_pooled_megahit_assembly	23	SP138_S19	0.7096861536774207	0.17303150889378763	291767	207063	1196678	0.6385542168674698	0.03500660501981506	83	53	1514
strmgCAMI2_short_read_pooled_megahit_assembly	16	spades_ESBL7810_S9_L001	0.9089637883359263	0.15865771797322978	317522	288616	1819111	0.9130434782608695	0.019301470588235295	46	42	2176
strmgCAMI2_short_read_pooled_megahit_assembly	22	spades_And12875_S7_L001	0.9814865781893739	0.14342630093651218	475979	467167	3257192	0.9743589743589743	0.01953727506426735	39	38	1945
strmgCAMI2_short_read_pooled_megahit_assembly	18	spades_And4246_S5_L001	0.9638911224786574	0.14221591726596006	292255	281702	1980805	0.9423076923076923	0.02039117769454848	52	49	2403
strmgCAMI2_short_read_pooled_megahit_assembly	19	spades_ESBL6164_S11_L001	0.9452750733500803	0.10859099888414317	355487	336033	3094483	0.9010989010989011	0.020236920039486673	91	82	4052
strmgCAMI2_short_read_pooled_megahit_assembly	21	spades_ESBL8960_S8_L001	0.8326571001284149	0.09159980215431963	312269	260013	2838576	0.8461538461538461	0.014872904272579772	65	55	3698
strmgCAMI2_short_read_pooled_megahit_assembly	20	spades_And11624_S6_L001	0.9518211191618599	0.088726220229421	268022	255109	2875238	0.9230769230769231	0.019704433497536946	39	36	1827
strmgCAMI2_short_read_pooled_megahit_assembly	15	MIKI_NS14	0.95682409567905	0.06334817565964977	327428	313291	4945541	0.75	0.06349206349206349	16	12	189
strmgCAMI2_short_read_pooled_megahit_assembly	26	spades_And8926_S4_L001	1.0	0.03819017494785216	203372	203372	5325244	1.0	0.00498200941046222	18	18	3613
