Method	num_5010	num_7010	num_9010	num_505	num_605	num_705	num_805	num_905
concoct_bins_checkm2_quality_report.tsv	8	5	1	6	4	3	3	1
maxbin2_bins_checkm2_quality_report.tsv	9	4	0	1	0	0	0	0
metabat2_bins_checkm2_quality_report.tsv	13	7	1	8	7	4	2	0
vamb_m200000/bins_checkm2_output/quality_report.tsv	0	0	0	0	0	0	0	0
vamb_v413_m200000/bins_checkm2_output/quality_report.tsv	1	0	0	1	1	0	0	0
clmb_m200000/bins_checkm2_output/quality_report.tsv	2	1	0	1	1	1	0	0
metadecoder/samfiles_checkm2_output/quality_report.tsv	19	6	0	14	10	6	2	0
semibin_Easy_coassemly_mode_v1.0.0_default/output_recluster_bins_checkm2_output/quality_report.tsv	13	6	0	11	10	6	2	0
semibin2_Easy_coassemly_mode/output_bins_checkm2_output/quality_report.tsv	15	8	0	12	7	6	3	0
COMEBin_nocovloss_tau0.15_nepoch200_earlystop_addvars_nedge75_vars_sqrt_NokmerMetric/comebin_res_bins_checkm2_output/quality_report.tsv	22	14	4	13	9	6	6	2
