Method	num_5010	num_7010	num_9010	num_505	num_605	num_705	num_805	num_905
concoct_bins_checkm2_quality_report.tsv	14	9	7	11	7	7	6	5
maxbin2_bins_checkm2_quality_report.tsv	9	6	3	5	4	4	3	2
metabat2_bins_checkm2_quality_report.tsv	18	15	8	12	10	10	10	7
vamb_m200000/bins_checkm2_output/quality_report.tsv	4	3	0	3	3	2	1	0
vamb_v413_m200000/bins_checkm2_output/quality_report.tsv	7	6	1	7	7	6	6	1
clmb_m200000/bins_checkm2_output/quality_report.tsv	6	5	3	5	4	4	4	3
metadecoder/samfiles_checkm2_output/quality_report.tsv	17	12	5	16	15	12	9	5
semibin_Easy_coassemly_mode_v1.0.0_default/output_recluster_bins_checkm2_output/quality_report.tsv	14	11	4	13	12	10	5	4
semibin2_Easy_coassemly_mode/output_bins_checkm2_output/quality_report.tsv	15	10	4	14	12	10	7	4
COMEBin_nocovloss_tau0.15_nepoch200_earlystop_addvars_nedge75_vars_sqrt_NokmerMetric/comebin_res_bins_checkm2_output/quality_report.tsv	29	18	10	15	11	9	9	7
