sample_id	Bin ID	Most abundant genome	Purity (bp)	Completeness (bp)	Bin size (bp)	True positives (bp)	True size of most abundant genome (bp)	Purity (seq)	Completeness (seq)	Bin size (seq)	True positives (seq)	True size of most abundant genome (seq)
strmgCAMI2_short_read_pooled_megahit_assembly	SP70_S53	SP70_S53	1.0	1.0	5982438	5982438	5982438	1.0	1.0	9426	9426	9426
strmgCAMI2_short_read_pooled_megahit_assembly	spades_AND4471_S1_L001	spades_AND4471_S1_L001	1.0	1.0	14642089	14642089	14642089	1.0	1.0	21671	21671	21671
strmgCAMI2_short_read_pooled_megahit_assembly	SP195_S74	SP195_S74	1.0	1.0	6560716	6560716	6560716	1.0	1.0	10308	10308	10308
strmgCAMI2_short_read_pooled_megahit_assembly	spades_ESBL6200_S12_L001	spades_ESBL6200_S12_L001	1.0	1.0	18759570	18759570	18759570	1.0	1.0	28572	28572	28572
strmgCAMI2_short_read_pooled_megahit_assembly	spades_ESBL7534_S10_L001	spades_ESBL7534_S10_L001	1.0	1.0	19116511	19116511	19116511	1.0	1.0	29029	29029	29029
strmgCAMI2_short_read_pooled_megahit_assembly	spades_ESBL6760_S6_L001	spades_ESBL6760_S6_L001	1.0	1.0	18106881	18106881	18106881	1.0	1.0	27539	27539	27539
strmgCAMI2_short_read_pooled_megahit_assembly	spades_ESBL5613_S5_L001	spades_ESBL5613_S5_L001	1.0	1.0	18203322	18203322	18203322	1.0	1.0	27655	27655	27655
strmgCAMI2_short_read_pooled_megahit_assembly	spades_ESBL6101_S9_L001	spades_ESBL6101_S9_L001	1.0	1.0	18098095	18098095	18098095	1.0	1.0	27683	27683	27683
strmgCAMI2_short_read_pooled_megahit_assembly	spades_MRSA8602_S6_L001	spades_MRSA8602_S6_L001	1.0	1.0	3771359	3771359	3771359	1.0	1.0	5293	5293	5293
strmgCAMI2_short_read_pooled_megahit_assembly	spades_MRSA8758_S5_L001	spades_MRSA8758_S5_L001	1.0	1.0	3800058	3800058	3800058	1.0	1.0	5311	5311	5311
strmgCAMI2_short_read_pooled_megahit_assembly	spades_And4191_S5_L001	spades_And4191_S5_L001	1.0	1.0	14779692	14779692	14779692	1.0	1.0	21968	21968	21968
strmgCAMI2_short_read_pooled_megahit_assembly	spades_And9454_S3_L001	spades_And9454_S3_L001	1.0	1.0	15264005	15264005	15264005	1.0	1.0	22611	22611	22611
strmgCAMI2_short_read_pooled_megahit_assembly	SP71_S54	SP71_S54	1.0	1.0	5582940	5582940	5582940	1.0	1.0	8802	8802	8802
strmgCAMI2_short_read_pooled_megahit_assembly	SP57_S43	SP57_S43	1.0	1.0	6516188	6516188	6516188	1.0	1.0	10222	10222	10222
strmgCAMI2_short_read_pooled_megahit_assembly	SP49_S36	SP49_S36	1.0	1.0	5655943	5655943	5655943	1.0	1.0	8920	8920	8920
strmgCAMI2_short_read_pooled_megahit_assembly	SP135_S16	SP135_S16	1.0	1.0	5616637	5616637	5616637	1.0	1.0	8854	8854	8854
strmgCAMI2_short_read_pooled_megahit_assembly	SP140_S21	SP140_S21	1.0	1.0	4287960	4287960	4287960	1.0	1.0	6499	6499	6499
strmgCAMI2_short_read_pooled_megahit_assembly	SP138_S19	SP138_S19	1.0	1.0	4440165	4440165	4440165	1.0	1.0	6623	6623	6623
strmgCAMI2_short_read_pooled_megahit_assembly	spades_ESBL8956_S2_L001	spades_ESBL8956_S2_L001	1.0	1.0	9018228	9018228	9018228	1.0	1.0	13550	13550	13550
strmgCAMI2_short_read_pooled_megahit_assembly	spades_ESBL8953_S1_L001	spades_ESBL8953_S1_L001	1.0	1.0	9050843	9050843	9050843	1.0	1.0	13578	13578	13578
strmgCAMI2_short_read_pooled_megahit_assembly	spades_ESBL8873_S6_L001	spades_ESBL8873_S6_L001	1.0	1.0	9007983	9007983	9007983	1.0	1.0	13561	13561	13561
strmgCAMI2_short_read_pooled_megahit_assembly	spades_ESBL7810_S9_L001	spades_ESBL7810_S9_L001	1.0	1.0	9554538	9554538	9554538	1.0	1.0	14138	14138	14138
strmgCAMI2_short_read_pooled_megahit_assembly	spades_And6098_S1_L001	spades_And6098_S1_L001	1.0	1.0	20215607	20215607	20215607	1.0	1.0	29022	29022	29022
strmgCAMI2_short_read_pooled_megahit_assembly	spades_And5237_S4_L001	spades_And5237_S4_L001	1.0	1.0	17886673	17886673	17886673	1.0	1.0	25441	25441	25441
strmgCAMI2_short_read_pooled_megahit_assembly	SP159_S40	SP159_S40	1.0	1.0	5313076	5313076	5313076	1.0	1.0	8383	8383	8383
strmgCAMI2_short_read_pooled_megahit_assembly	SP86_S69	SP86_S69	1.0	1.0	5752352	5752352	5752352	1.0	1.0	9102	9102	9102
strmgCAMI2_short_read_pooled_megahit_assembly	SP41_S28	SP41_S28	1.0	1.0	5910243	5910243	5910243	1.0	1.0	9331	9331	9331
strmgCAMI2_short_read_pooled_megahit_assembly	SP91_S72	SP91_S72	1.0	1.0	5652666	5652666	5652666	1.0	1.0	8925	8925	8925
strmgCAMI2_short_read_pooled_megahit_assembly	SP147_S28	SP147_S28	1.0	1.0	6739315	6739315	6739315	1.0	1.0	10528	10528	10528
strmgCAMI2_short_read_pooled_megahit_assembly	SP81_S64	SP81_S64	1.0	1.0	6460775	6460775	6460775	1.0	1.0	10139	10139	10139
strmgCAMI2_short_read_pooled_megahit_assembly	SP11_S8	SP11_S8	1.0	1.0	6303749	6303749	6303749	1.0	1.0	9905	9905	9905
strmgCAMI2_short_read_pooled_megahit_assembly	SP129_S10	SP129_S10	1.0	1.0	6080616	6080616	6080616	1.0	1.0	9502	9502	9502
strmgCAMI2_short_read_pooled_megahit_assembly	SP82_S65	SP82_S65	1.0	1.0	5912205	5912205	5912205	1.0	1.0	9271	9271	9271
strmgCAMI2_short_read_pooled_megahit_assembly	SP172_S53	SP172_S53	1.0	1.0	6415647	6415647	6415647	1.0	1.0	10127	10127	10127
strmgCAMI2_short_read_pooled_megahit_assembly	SP92_S73	SP92_S73	1.0	1.0	6423329	6423329	6423329	1.0	1.0	10123	10123	10123
strmgCAMI2_short_read_pooled_megahit_assembly	SP189_S68	SP189_S68	1.0	1.0	6294115	6294115	6294115	1.0	1.0	9874	9874	9874
strmgCAMI2_short_read_pooled_megahit_assembly	SP84_S67	SP84_S67	1.0	1.0	5872018	5872018	5872018	1.0	1.0	9273	9273	9273
strmgCAMI2_short_read_pooled_megahit_assembly	SP40_S27	SP40_S27	1.0	1.0	6679316	6679316	6679316	1.0	1.0	10470	10470	10470
strmgCAMI2_short_read_pooled_megahit_assembly	SP22_S78	SP22_S78	1.0	1.0	6588931	6588931	6588931	1.0	1.0	10369	10369	10369
strmgCAMI2_short_read_pooled_megahit_assembly	SP4_S3	SP4_S3	1.0	1.0	6761720	6761720	6761720	1.0	1.0	10608	10608	10608
strmgCAMI2_short_read_pooled_megahit_assembly	SP166_S47	SP166_S47	1.0	1.0	5969695	5969695	5969695	1.0	1.0	9373	9373	9373
strmgCAMI2_short_read_pooled_megahit_assembly	SP50_S37	SP50_S37	1.0	1.0	6457919	6457919	6457919	1.0	1.0	10142	10142	10142
strmgCAMI2_short_read_pooled_megahit_assembly	SP108_S87	SP108_S87	1.0	1.0	5962460	5962460	5962460	1.0	1.0	9389	9389	9389
strmgCAMI2_short_read_pooled_megahit_assembly	SP156_S37	SP156_S37	1.0	1.0	5825476	5825476	5825476	1.0	1.0	9179	9179	9179
strmgCAMI2_short_read_pooled_megahit_assembly	SP85_S68	SP85_S68	1.0	1.0	6277308	6277308	6277308	1.0	1.0	9872	9872	9872
strmgCAMI2_short_read_pooled_megahit_assembly	SP99_S80	SP99_S80	1.0	1.0	6507165	6507165	6507165	1.0	1.0	10219	10219	10219
strmgCAMI2_short_read_pooled_megahit_assembly	SP167_S48	SP167_S48	1.0	1.0	6176984	6176984	6176984	1.0	1.0	9725	9725	9725
strmgCAMI2_short_read_pooled_megahit_assembly	SP164_S45	SP164_S45	1.0	1.0	6536975	6536975	6536975	1.0	1.0	10302	10302	10302
strmgCAMI2_short_read_pooled_megahit_assembly	SP112_S90	SP112_S90	1.0	1.0	5676686	5676686	5676686	1.0	1.0	8944	8944	8944
strmgCAMI2_short_read_pooled_megahit_assembly	SP88_S94	SP88_S94	1.0	1.0	6241328	6241328	6241328	1.0	1.0	9809	9809	9809
strmgCAMI2_short_read_pooled_megahit_assembly	spades_And4246_S5_L001	spades_And4246_S5_L001	1.0	1.0	8718559	8718559	8718559	1.0	1.0	12972	12972	12972
strmgCAMI2_short_read_pooled_megahit_assembly	spades_And5527_S8_L001	spades_And5527_S8_L001	1.0	1.0	20225383	20225383	20225383	1.0	1.0	29016	29016	29016
strmgCAMI2_short_read_pooled_megahit_assembly	spades_AND8302_S10_L001	spades_AND8302_S10_L001	1.0	1.0	20001580	20001580	20001580	1.0	1.0	28652	28652	28652
strmgCAMI2_short_read_pooled_megahit_assembly	SP27_S15	SP27_S15	1.0	1.0	5899501	5899501	5899501	1.0	1.0	9340	9340	9340
strmgCAMI2_short_read_pooled_megahit_assembly	SP6_S88	SP6_S88	1.0	1.0	7584296	7584296	7584296	1.0	1.0	11853	11853	11853
strmgCAMI2_short_read_pooled_megahit_assembly	SP7_S4	SP7_S4	1.0	1.0	7568881	7568881	7568881	1.0	1.0	11844	11844	11844
strmgCAMI2_short_read_pooled_megahit_assembly	SP73_S56	SP73_S56	1.0	1.0	6937546	6937546	6937546	1.0	1.0	10862	10862	10862
strmgCAMI2_short_read_pooled_megahit_assembly	SP8_S5	SP8_S5	1.0	1.0	7542323	7542323	7542323	1.0	1.0	11804	11804	11804
strmgCAMI2_short_read_pooled_megahit_assembly	spades_And10925_S5_L001	spades_And10925_S5_L001	1.0	1.0	4789743	4789743	4789743	1.0	1.0	3447	3447	3447
strmgCAMI2_short_read_pooled_megahit_assembly	SP60_S48	SP60_S48	1.0	1.0	8369995	8369995	8369995	1.0	1.0	13247	13247	13247
strmgCAMI2_short_read_pooled_megahit_assembly	SP136_S17	SP136_S17	1.0	1.0	8470426	8470426	8470426	1.0	1.0	13332	13332	13332
strmgCAMI2_short_read_pooled_megahit_assembly	SP182_S62	SP182_S62	1.0	1.0	5960624	5960624	5960624	1.0	1.0	9388	9388	9388
strmgCAMI2_short_read_pooled_megahit_assembly	SP116_S94	SP116_S94	1.0	1.0	9938169	9938169	9938169	1.0	1.0	15605	15605	15605
strmgCAMI2_short_read_pooled_megahit_assembly	SP191_S70	SP191_S70	1.0	1.0	8611651	8611651	8611651	1.0	1.0	13600	13600	13600
strmgCAMI2_short_read_pooled_megahit_assembly	SP190_S69	SP190_S69	1.0	1.0	5115050	5115050	5115050	1.0	1.0	8002	8002	8002
strmgCAMI2_short_read_pooled_megahit_assembly	spades_And5284_S5_L001	spades_And5284_S5_L001	1.0	1.0	17058152	17058152	17058152	1.0	1.0	24582	24582	24582
strmgCAMI2_short_read_pooled_megahit_assembly	SP149_S30	SP149_S30	1.0	1.0	5165708	5165708	5165708	1.0	1.0	8114	8114	8114
strmgCAMI2_short_read_pooled_megahit_assembly	spades_ESBL5734_S3_L001	spades_ESBL5734_S3_L001	1.0	1.0	8108656	8108656	8108656	1.0	1.0	12012	12012	12012
strmgCAMI2_short_read_pooled_megahit_assembly	spades_And5232_S2_L001	spades_And5232_S2_L001	1.0	1.0	19088208	19088208	19088208	1.0	1.0	29127	29127	29127
strmgCAMI2_short_read_pooled_megahit_assembly	spades_ESBL10055_S8_L001	spades_ESBL10055_S8_L001	1.0	1.0	7944329	7944329	7944329	1.0	1.0	12008	12008	12008
strmgCAMI2_short_read_pooled_megahit_assembly	spades_And5213_S1_L001	spades_And5213_S1_L001	1.0	1.0	19153818	19153818	19153818	1.0	1.0	29226	29226	29226
strmgCAMI2_short_read_pooled_megahit_assembly	spades_ESBL5621_S1_L001	spades_ESBL5621_S1_L001	1.0	1.0	8245429	8245429	8245429	1.0	1.0	12293	12293	12293
strmgCAMI2_short_read_pooled_megahit_assembly	spades_ESBL6455_S6_L001	spades_ESBL6455_S6_L001	1.0	1.0	21421433	21421433	21421433	1.0	1.0	32709	32709	32709
strmgCAMI2_short_read_pooled_megahit_assembly	SP36_S23	SP36_S23	1.0	1.0	6190490	6190490	6190490	1.0	1.0	9732	9732	9732
strmgCAMI2_short_read_pooled_megahit_assembly	SP144_S25	SP144_S25	1.0	1.0	5954024	5954024	5954024	1.0	1.0	9381	9381	9381
strmgCAMI2_short_read_pooled_megahit_assembly	SP18_S91	SP18_S91	1.0	1.0	5408250	5408250	5408250	1.0	1.0	8549	8549	8549
strmgCAMI2_short_read_pooled_megahit_assembly	SP14_S11	SP14_S11	1.0	1.0	7544804	7544804	7544804	1.0	1.0	11791	11791	11791
strmgCAMI2_short_read_pooled_megahit_assembly	SP42_S29	SP42_S29	1.0	1.0	7361938	7361938	7361938	1.0	1.0	11524	11524	11524
strmgCAMI2_short_read_pooled_megahit_assembly	SP31_S18	SP31_S18	1.0	1.0	7403298	7403298	7403298	1.0	1.0	11576	11576	11576
strmgCAMI2_short_read_pooled_megahit_assembly	SP45_S32	SP45_S32	1.0	1.0	7351371	7351371	7351371	1.0	1.0	11485	11485	11485
strmgCAMI2_short_read_pooled_megahit_assembly	spades_And5315_S3_L001	spades_And5315_S3_L001	1.0	1.0	20169837	20169837	20169837	1.0	1.0	28973	28973	28973
strmgCAMI2_short_read_pooled_megahit_assembly	spades_AND8064_S11_L001	spades_AND8064_S11_L001	1.0	1.0	19985128	19985128	19985128	1.0	1.0	28636	28636	28636
strmgCAMI2_short_read_pooled_megahit_assembly	spades_ESBL7862_S8_L001	spades_ESBL7862_S8_L001	1.0	1.0	9490460	9490460	9490460	1.0	1.0	14040	14040	14040
strmgCAMI2_short_read_pooled_megahit_assembly	spades_And6241_S2_L001	spades_And6241_S2_L001	1.0	1.0	20144177	20144177	20144177	1.0	1.0	28936	28936	28936
strmgCAMI2_short_read_pooled_megahit_assembly	spades_And6100_S3_L001	spades_And6100_S3_L001	1.0	1.0	20197002	20197002	20197002	1.0	1.0	28991	28991	28991
strmgCAMI2_short_read_pooled_megahit_assembly	spades_And5533_S9_L001	spades_And5533_S9_L001	1.0	1.0	20206175	20206175	20206175	1.0	1.0	29012	29012	29012
strmgCAMI2_short_read_pooled_megahit_assembly	spades_And6166_S1_L001	spades_And6166_S1_L001	1.0	1.0	20213874	20213874	20213874	1.0	1.0	29047	29047	29047
strmgCAMI2_short_read_pooled_megahit_assembly	spades_AND8281_S12_L001	spades_AND8281_S12_L001	1.0	1.0	20012418	20012418	20012418	1.0	1.0	28671	28671	28671
strmgCAMI2_short_read_pooled_megahit_assembly	spades_And8381_S10_L001	spades_And8381_S10_L001	1.0	1.0	19963033	19963033	19963033	1.0	1.0	28644	28644	28644
strmgCAMI2_short_read_pooled_megahit_assembly	spades_And9387_S6_L001	spades_And9387_S6_L001	1.0	1.0	8793145	8793145	8793145	1.0	1.0	13140	13140	13140
strmgCAMI2_short_read_pooled_megahit_assembly	SP124_S6	SP124_S6	1.0	1.0	5401714	5401714	5401714	1.0	1.0	8515	8515	8515
strmgCAMI2_short_read_pooled_megahit_assembly	SP146_S27	SP146_S27	1.0	1.0	6557215	6557215	6557215	1.0	1.0	10300	10300	10300
strmgCAMI2_short_read_pooled_megahit_assembly	SP132_S13	SP132_S13	1.0	1.0	5300115	5300115	5300115	1.0	1.0	8391	8391	8391
strmgCAMI2_short_read_pooled_megahit_assembly	SP83_S66	SP83_S66	1.0	1.0	6526526	6526526	6526526	1.0	1.0	10282	10282	10282
strmgCAMI2_short_read_pooled_megahit_assembly	SP188_S67	SP188_S67	1.0	1.0	5180305	5180305	5180305	1.0	1.0	8150	8150	8150
strmgCAMI2_short_read_pooled_megahit_assembly	SP103_S83	SP103_S83	1.0	1.0	5852834	5852834	5852834	1.0	1.0	9237	9237	9237
strmgCAMI2_short_read_pooled_megahit_assembly	SP23_S93	SP23_S93	1.0	1.0	5760607	5760607	5760607	1.0	1.0	9095	9095	9095
strmgCAMI2_short_read_pooled_megahit_assembly	SP126_S7	SP126_S7	1.0	1.0	5344123	5344123	5344123	1.0	1.0	8444	8444	8444
strmgCAMI2_short_read_pooled_megahit_assembly	spades_ESBL8855_S12_L001	spades_ESBL8855_S12_L001	1.0	1.0	10004028	10004028	10004028	1.0	1.0	14972	14972	14972
strmgCAMI2_short_read_pooled_megahit_assembly	SP24_S13	SP24_S13	1.0	1.0	7630730	7630730	7630730	1.0	1.0	11913	11913	11913
strmgCAMI2_short_read_pooled_megahit_assembly	SP80_S63	SP80_S63	1.0	1.0	7477839	7477839	7477839	1.0	1.0	11698	11698	11698
strmgCAMI2_short_read_pooled_megahit_assembly	SP176_S56	SP176_S56	1.0	1.0	6206124	6206124	6206124	1.0	1.0	9762	9762	9762
strmgCAMI2_short_read_pooled_megahit_assembly	SP76_S59	SP76_S59	1.0	1.0	5697816	5697816	5697816	1.0	1.0	8995	8995	8995
strmgCAMI2_short_read_pooled_megahit_assembly	SP173_S54	SP173_S54	1.0	1.0	6500908	6500908	6500908	1.0	1.0	10219	10219	10219
strmgCAMI2_short_read_pooled_megahit_assembly	spades_VRE3766_S8_L001	spades_VRE3766_S8_L001	1.0	1.0	3640488	3640488	3640488	1.0	1.0	3080	3080	3080
strmgCAMI2_short_read_pooled_megahit_assembly	spades_VRE2224_S14_L001	spades_VRE2224_S14_L001	1.0	1.0	4385589	4385589	4385589	1.0	1.0	3551	3551	3551
strmgCAMI2_short_read_pooled_megahit_assembly	spades_VRE2913_S13_L001	spades_VRE2913_S13_L001	1.0	1.0	4274885	4274885	4274885	1.0	1.0	3501	3501	3501
strmgCAMI2_short_read_pooled_megahit_assembly	spades_VRE2237_S15_L001	spades_VRE2237_S15_L001	1.0	1.0	4412677	4412677	4412677	1.0	1.0	3565	3565	3565
strmgCAMI2_short_read_pooled_megahit_assembly	spades_VRE3387_S5_L001	spades_VRE3387_S5_L001	1.0	1.0	3786970	3786970	3786970	1.0	1.0	3001	3001	3001
strmgCAMI2_short_read_pooled_megahit_assembly	spades_VRE2943_S1_L001	spades_VRE2943_S1_L001	1.0	1.0	3825617	3825617	3825617	1.0	1.0	2988	2988	2988
strmgCAMI2_short_read_pooled_megahit_assembly	SP119_S1	SP119_S1	1.0	1.0	2498384	2498384	2498384	1.0	1.0	3298	3298	3298
strmgCAMI2_short_read_pooled_megahit_assembly	MIKI_NS20	MIKI_NS20	1.0	1.0	5498553	5498553	5498553	1.0	1.0	269	269	269
strmgCAMI2_short_read_pooled_megahit_assembly	spades_VRE3342_S6_L001	spades_VRE3342_S6_L001	1.0	1.0	3495932	3495932	3495932	1.0	1.0	2970	2970	2970
strmgCAMI2_short_read_pooled_megahit_assembly	spades_VRE3786_S19_L001	spades_VRE3786_S19_L001	1.0	1.0	3677598	3677598	3677598	1.0	1.0	3081	3081	3081
strmgCAMI2_short_read_pooled_megahit_assembly	spades_VRE3783_S7_L001	spades_VRE3783_S7_L001	1.0	1.0	3592736	3592736	3592736	1.0	1.0	3078	3078	3078
strmgCAMI2_short_read_pooled_megahit_assembly	spades_And8457_S3_L001	spades_And8457_S3_L001	1.0	1.0	5545030	5545030	5545030	1.0	1.0	1484	1484	1484
strmgCAMI2_short_read_pooled_megahit_assembly	SP77_S60	SP77_S60	1.0	1.0	6218402	6218402	6218402	1.0	1.0	9817	9817	9817
strmgCAMI2_short_read_pooled_megahit_assembly	SP169_S50	SP169_S50	1.0	1.0	5599812	5599812	5599812	1.0	1.0	8836	8836	8836
strmgCAMI2_short_read_pooled_megahit_assembly	spades_MRSA7796_S10_L001	spades_MRSA7796_S10_L001	1.0	1.0	1457443	1457443	1457443	1.0	1.0	1915	1915	1915
strmgCAMI2_short_read_pooled_megahit_assembly	spades_MRSA7129_S8_L001	spades_MRSA7129_S8_L001	1.0	1.0	2598370	2598370	2598370	1.0	1.0	3535	3535	3535
strmgCAMI2_short_read_pooled_megahit_assembly	spades_MRSA7231_S7_L001	spades_MRSA7231_S7_L001	1.0	1.0	2622196	2622196	2622196	1.0	1.0	3563	3563	3563
strmgCAMI2_short_read_pooled_megahit_assembly	SP181_S61	SP181_S61	1.0	1.0	2283713	2283713	2283713	1.0	1.0	2231	2231	2231
strmgCAMI2_short_read_pooled_megahit_assembly	spades_ESBL8341_S10_L001	spades_ESBL8341_S10_L001	1.0	1.0	5678719	5678719	5678719	1.0	1.0	3906	3906	3906
strmgCAMI2_short_read_pooled_megahit_assembly	SP128_S9	SP128_S9	1.0	1.0	6121636	6121636	6121636	1.0	1.0	9628	9628	9628
strmgCAMI2_short_read_pooled_megahit_assembly	SP160_S41	SP160_S41	1.0	1.0	6177881	6177881	6177881	1.0	1.0	9708	9708	9708
strmgCAMI2_short_read_pooled_megahit_assembly	SP9_S6	SP9_S6	1.0	1.0	6207685	6207685	6207685	1.0	1.0	9659	9659	9659
strmgCAMI2_short_read_pooled_megahit_assembly	SP113_S91	SP113_S91	1.0	1.0	6259951	6259951	6259951	1.0	1.0	9835	9835	9835
strmgCAMI2_short_read_pooled_megahit_assembly	spades_VRE3277_S16_L001	spades_VRE3277_S16_L001	1.0	1.0	4340806	4340806	4340806	1.0	1.0	3510	3510	3510
strmgCAMI2_short_read_pooled_megahit_assembly	spades_VRE2770_S9_L001	spades_VRE2770_S9_L001	1.0	1.0	4171421	4171421	4171421	1.0	1.0	3695	3695	3695
strmgCAMI2_short_read_pooled_megahit_assembly	spades_VRE2941_S2_L001	spades_VRE2941_S2_L001	1.0	1.0	4071222	4071222	4071222	1.0	1.0	3660	3660	3660
strmgCAMI2_short_read_pooled_megahit_assembly	spades_VRE2392_S22_L001	spades_VRE2392_S22_L001	1.0	1.0	4389739	4389739	4389739	1.0	1.0	3528	3528	3528
strmgCAMI2_short_read_pooled_megahit_assembly	MIKI_NS13	MIKI_NS13	1.0	1.0	7313237	7313237	7313237	1.0	1.0	72	72	72
strmgCAMI2_short_read_pooled_megahit_assembly	MIKI_NS06	MIKI_NS06	1.0	1.0	2096103	2096103	2096103	1.0	1.0	91	91	91
strmgCAMI2_short_read_pooled_megahit_assembly	MIKI_NS02	MIKI_NS02	1.0	1.0	2981319	2981319	2981319	1.0	1.0	165	165	165
strmgCAMI2_short_read_pooled_megahit_assembly	MIKI_NS11	MIKI_NS11	1.0	1.0	1843510	1843510	1843510	1.0	1.0	155	155	155
strmgCAMI2_short_read_pooled_megahit_assembly	MIKI_NS09	MIKI_NS09	1.0	1.0	2319015	2319015	2319015	1.0	1.0	170	170	170
strmgCAMI2_short_read_pooled_megahit_assembly	MIKI_NS10	MIKI_NS10	1.0	1.0	2118488	2118488	2118488	1.0	1.0	157	157	157
strmgCAMI2_short_read_pooled_megahit_assembly	MIKI_NS15	MIKI_NS15	1.0	1.0	7917320	7917320	7917320	1.0	1.0	261	261	261
strmgCAMI2_short_read_pooled_megahit_assembly	MIKI_NS03	MIKI_NS03	1.0	1.0	4984752	4984752	4984752	1.0	1.0	321	321	321
strmgCAMI2_short_read_pooled_megahit_assembly	MIKI_NS12	MIKI_NS12	1.0	1.0	2278493	2278493	2278493	1.0	1.0	147	147	147
strmgCAMI2_short_read_pooled_megahit_assembly	MIKI_NS14	MIKI_NS14	1.0	1.0	5909621	5909621	5909621	1.0	1.0	231	231	231
strmgCAMI2_short_read_pooled_megahit_assembly	MIKI_NS24	MIKI_NS24	1.0	1.0	4888221	4888221	4888221	1.0	1.0	343	343	343
strmgCAMI2_short_read_pooled_megahit_assembly	MIKI_NS25	MIKI_NS25	1.0	1.0	5140550	5140550	5140550	1.0	1.0	352	352	352
strmgCAMI2_short_read_pooled_megahit_assembly	MIKI_NS23	MIKI_NS23	1.0	1.0	4699086	4699086	4699086	1.0	1.0	354	354	354
strmgCAMI2_short_read_pooled_megahit_assembly	spades_VRE3253_S17_L001	spades_VRE3253_S17_L001	1.0	1.0	2977705	2977705	2977705	1.0	1.0	2381	2381	2381
strmgCAMI2_short_read_pooled_megahit_assembly	spades_VRE2961_S3_L001	spades_VRE2961_S3_L001	1.0	1.0	2705228	2705228	2705228	1.0	1.0	1987	1987	1987
strmgCAMI2_short_read_pooled_megahit_assembly	spades_VRE2906_S11_L001	spades_VRE2906_S11_L001	1.0	1.0	4578399	4578399	4578399	1.0	1.0	3734	3734	3734
strmgCAMI2_short_read_pooled_megahit_assembly	spades_VRE2857_S10_L001	spades_VRE2857_S10_L001	1.0	1.0	4265342	4265342	4265342	1.0	1.0	3519	3519	3519
strmgCAMI2_short_read_pooled_megahit_assembly	spades_VRE3056_S20_L001	spades_VRE3056_S20_L001	1.0	1.0	4174423	4174423	4174423	1.0	1.0	3551	3551	3551
strmgCAMI2_short_read_pooled_megahit_assembly	spades_VRE3043_S21_L001	spades_VRE3043_S21_L001	1.0	1.0	4180120	4180120	4180120	1.0	1.0	3540	3540	3540
strmgCAMI2_short_read_pooled_megahit_assembly	spades_VRE3021_S4_L001	spades_VRE3021_S4_L001	1.0	1.0	3227059	3227059	3227059	1.0	1.0	2725	2725	2725
strmgCAMI2_short_read_pooled_megahit_assembly	spades_VRE3967_S23_L001	spades_VRE3967_S23_L001	1.0	1.0	4240408	4240408	4240408	1.0	1.0	3454	3454	3454
strmgCAMI2_short_read_pooled_megahit_assembly	SP95_S76	SP95_S76	1.0	1.0	6199475	6199475	6199475	1.0	1.0	9771	9771	9771
strmgCAMI2_short_read_pooled_megahit_assembly	SP2_S86	SP2_S86	1.0	1.0	6336312	6336312	6336312	1.0	1.0	9967	9967	9967
strmgCAMI2_short_read_pooled_megahit_assembly	SP75_S58	SP75_S58	1.0	1.0	6325240	6325240	6325240	1.0	1.0	9942	9942	9942
strmgCAMI2_short_read_pooled_megahit_assembly	SP179_S59	SP179_S59	1.0	1.0	5344284	5344284	5344284	1.0	1.0	8426	8426	8426
strmgCAMI2_short_read_pooled_megahit_assembly	spades_ESBL5533_S4_L001	spades_ESBL5533_S4_L001	1.0	1.0	17091533	17091533	17091533	1.0	1.0	25916	25916	25916
strmgCAMI2_short_read_pooled_megahit_assembly	spades_ESBL5497_S3_L001	spades_ESBL5497_S3_L001	1.0	1.0	17121556	17121556	17121556	1.0	1.0	25940	25940	25940
strmgCAMI2_short_read_pooled_megahit_assembly	spades_ESBL5780_S5_L001	spades_ESBL5780_S5_L001	1.0	1.0	16888495	16888495	16888495	1.0	1.0	25533	25533	25533
strmgCAMI2_short_read_pooled_megahit_assembly	spades_ESBL5772_S6_L001	spades_ESBL5772_S6_L001	1.0	1.0	12986033	12986033	12986033	1.0	1.0	19340	19340	19340
strmgCAMI2_short_read_pooled_megahit_assembly	spades_ESBL7532_S2_L001	spades_ESBL7532_S2_L001	1.0	1.0	13527349	13527349	13527349	1.0	1.0	20041	20041	20041
strmgCAMI2_short_read_pooled_megahit_assembly	spades_ESBL7525_S1_L001	spades_ESBL7525_S1_L001	1.0	1.0	13136877	13136877	13136877	1.0	1.0	19474	19474	19474
strmgCAMI2_short_read_pooled_megahit_assembly	spades_ESBL6983_S3_L001	spades_ESBL6983_S3_L001	1.0	1.0	12997773	12997773	12997773	1.0	1.0	19577	19577	19577
strmgCAMI2_short_read_pooled_megahit_assembly	spades_ESBL7431_S12_L001	spades_ESBL7431_S12_L001	1.0	1.0	13105881	13105881	13105881	1.0	1.0	19341	19341	19341
strmgCAMI2_short_read_pooled_megahit_assembly	spades_ESBL6364_S9_L001	spades_ESBL6364_S9_L001	1.0	1.0	9468015	9468015	9468015	1.0	1.0	14214	14214	14214
strmgCAMI2_short_read_pooled_megahit_assembly	SP194_S73	SP194_S73	1.0	1.0	6499695	6499695	6499695	1.0	1.0	10232	10232	10232
strmgCAMI2_short_read_pooled_megahit_assembly	SP107_S86	SP107_S86	1.0	1.0	6272964	6272964	6272964	1.0	1.0	9845	9845	9845
strmgCAMI2_short_read_pooled_megahit_assembly	spades_MRSA8339_S5_L001	spades_MRSA8339_S5_L001	1.0	1.0	1991231	1991231	1991231	1.0	1.0	2548	2548	2548
strmgCAMI2_short_read_pooled_megahit_assembly	SP148_S29	SP148_S29	1.0	1.0	6013263	6013263	6013263	1.0	1.0	9487	9487	9487
strmgCAMI2_short_read_pooled_megahit_assembly	SP154_S35	SP154_S35	1.0	1.0	6782289	6782289	6782289	1.0	1.0	10590	10590	10590
strmgCAMI2_short_read_pooled_megahit_assembly	SP58_S44	SP58_S44	1.0	1.0	6460653	6460653	6460653	1.0	1.0	10179	10179	10179
strmgCAMI2_short_read_pooled_megahit_assembly	SP63_S49	SP63_S49	1.0	1.0	6360076	6360076	6360076	1.0	1.0	9966	9966	9966
strmgCAMI2_short_read_pooled_megahit_assembly	SP30_S17	SP30_S17	1.0	1.0	6326921	6326921	6326921	1.0	1.0	9920	9920	9920
strmgCAMI2_short_read_pooled_megahit_assembly	SP94_S75	SP94_S75	1.0	1.0	6337479	6337479	6337479	1.0	1.0	9939	9939	9939
strmgCAMI2_short_read_pooled_megahit_assembly	SP17_S90	SP17_S90	1.0	1.0	5537711	5537711	5537711	1.0	1.0	8790	8790	8790
strmgCAMI2_short_read_pooled_megahit_assembly	SP93_S74	SP93_S74	1.0	1.0	6311134	6311134	6311134	1.0	1.0	9912	9912	9912
strmgCAMI2_short_read_pooled_megahit_assembly	SP127_S8	SP127_S8	1.0	1.0	5404915	5404915	5404915	1.0	1.0	8526	8526	8526
strmgCAMI2_short_read_pooled_megahit_assembly	SP142_S23	SP142_S23	1.0	1.0	5652960	5652960	5652960	1.0	1.0	8906	8906	8906
strmgCAMI2_short_read_pooled_megahit_assembly	spades_ESBL6351_S5_L001	spades_ESBL6351_S5_L001	1.0	1.0	8854203	8854203	8854203	1.0	1.0	13279	13279	13279
strmgCAMI2_short_read_pooled_megahit_assembly	SP177_S57	SP177_S57	1.0	1.0	6941773	6941773	6941773	1.0	1.0	10885	10885	10885
strmgCAMI2_short_read_pooled_megahit_assembly	SP33_S20	SP33_S20	1.0	1.0	7389539	7389539	7389539	1.0	1.0	11561	11561	11561
strmgCAMI2_short_read_pooled_megahit_assembly	spades_ESBL5827_S10_L001	spades_ESBL5827_S10_L001	1.0	1.0	11710149	11710149	11710149	1.0	1.0	17138	17138	17138
strmgCAMI2_short_read_pooled_megahit_assembly	SP13_S10	SP13_S10	1.0	1.0	5809003	5809003	5809003	1.0	1.0	9151	9151	9151
strmgCAMI2_short_read_pooled_megahit_assembly	spades_ESBL6643_S3_L001	spades_ESBL6643_S3_L001	1.0	1.0	5652989	5652989	5652989	1.0	1.0	1604	1604	1604
strmgCAMI2_short_read_pooled_megahit_assembly	spades_And11624_S6_L001	spades_And11624_S6_L001	1.0	1.0	4506524	4506524	4506524	1.0	1.0	3258	3258	3258
strmgCAMI2_short_read_pooled_megahit_assembly	spades_And12875_S7_L001	spades_And12875_S7_L001	1.0	1.0	4765446	4765446	4765446	1.0	1.0	3248	3248	3248
strmgCAMI2_short_read_pooled_megahit_assembly	SP101_S82	SP101_S82	1.0	1.0	6060702	6060702	6060702	1.0	1.0	9506	9506	9506
strmgCAMI2_short_read_pooled_megahit_assembly	spades_And5388_S8_L001	spades_And5388_S8_L001	1.0	1.0	10672594	10672594	10672594	1.0	1.0	15998	15998	15998
strmgCAMI2_short_read_pooled_megahit_assembly	spades_And9183_S10_L001	spades_And9183_S10_L001	1.0	1.0	11138925	11138925	11138925	1.0	1.0	16588	16588	16588
strmgCAMI2_short_read_pooled_megahit_assembly	spades_And5444_S7_L001	spades_And5444_S7_L001	1.0	1.0	10659830	10659830	10659830	1.0	1.0	15990	15990	15990
strmgCAMI2_short_read_pooled_megahit_assembly	spades_AND9183_S11_L001	spades_AND9183_S11_L001	1.0	1.0	11148461	11148461	11148461	1.0	1.0	16597	16597	16597
strmgCAMI2_short_read_pooled_megahit_assembly	SP196_S75	SP196_S75	1.0	1.0	4118875	4118875	4118875	1.0	1.0	6501	6501	6501
strmgCAMI2_short_read_pooled_megahit_assembly	SP145_S26	SP145_S26	1.0	1.0	5540680	5540680	5540680	1.0	1.0	8736	8736	8736
strmgCAMI2_short_read_pooled_megahit_assembly	SP184_S64	SP184_S64	1.0	1.0	4057797	4057797	4057797	1.0	1.0	6337	6337	6337
strmgCAMI2_short_read_pooled_megahit_assembly	SP96_S77	SP96_S77	1.0	1.0	5491454	5491454	5491454	1.0	1.0	8713	8713	8713
strmgCAMI2_short_read_pooled_megahit_assembly	SP48_S35	SP48_S35	1.0	1.0	5881042	5881042	5881042	1.0	1.0	9290	9290	9290
strmgCAMI2_short_read_pooled_megahit_assembly	SP67_S50	SP67_S50	1.0	1.0	6399394	6399394	6399394	1.0	1.0	10176	10176	10176
strmgCAMI2_short_read_pooled_megahit_assembly	SP198_S01	SP198_S01	1.0	1.0	5623191	5623191	5623191	1.0	1.0	8878	8878	8878
strmgCAMI2_short_read_pooled_megahit_assembly	SP69_S52	SP69_S52	1.0	1.0	5681992	5681992	5681992	1.0	1.0	8931	8931	8931
strmgCAMI2_short_read_pooled_megahit_assembly	spades_ESBL9654_S5_L001	spades_ESBL9654_S5_L001	1.0	1.0	16793846	16793846	16793846	1.0	1.0	25606	25606	25606
strmgCAMI2_short_read_pooled_megahit_assembly	spades_ESBL7586_S7_L001	spades_ESBL7586_S7_L001	1.0	1.0	15556157	15556157	15556157	1.0	1.0	23820	23820	23820
strmgCAMI2_short_read_pooled_megahit_assembly	SP21_S92	SP21_S92	1.0	1.0	1867800	1867800	1867800	1.0	1.0	378	378	378
strmgCAMI2_short_read_pooled_megahit_assembly	spades_ESBL5852_S11_L001	spades_ESBL5852_S11_L001	1.0	1.0	11707775	11707775	11707775	1.0	1.0	17134	17134	17134
strmgCAMI2_short_read_pooled_megahit_assembly	SP174_S55	SP174_S55	1.0	1.0	5574421	5574421	5574421	1.0	1.0	8771	8771	8771
strmgCAMI2_short_read_pooled_megahit_assembly	SP1_S85	SP1_S85	1.0	1.0	5241241	5241241	5241241	1.0	1.0	8237	8237	8237
strmgCAMI2_short_read_pooled_megahit_assembly	SP155_S36	SP155_S36	1.0	1.0	5553591	5553591	5553591	1.0	1.0	8748	8748	8748
strmgCAMI2_short_read_pooled_megahit_assembly	spades_ESBL6724_S11_L001	spades_ESBL6724_S11_L001	1.0	1.0	38847986	38847986	38847986	1.0	1.0	58281	58281	58281
strmgCAMI2_short_read_pooled_megahit_assembly	spades_And5141_S4_L001	spades_And5141_S4_L001	1.0	1.0	38995271	38995271	38995271	1.0	1.0	58481	58481	58481
strmgCAMI2_short_read_pooled_megahit_assembly	spades_And9722_S8_L001	spades_And9722_S8_L001	1.0	1.0	38443360	38443360	38443360	1.0	1.0	57718	57718	57718
strmgCAMI2_short_read_pooled_megahit_assembly	spades_And8388_S5_L001	spades_And8388_S5_L001	1.0	1.0	39028165	39028165	39028165	1.0	1.0	58485	58485	58485
strmgCAMI2_short_read_pooled_megahit_assembly	spades_ESBL7347_S10_L001	spades_ESBL7347_S10_L001	1.0	1.0	38713628	38713628	38713628	1.0	1.0	58073	58073	58073
strmgCAMI2_short_read_pooled_megahit_assembly	spades_ESBL5784_S3_L001	spades_ESBL5784_S3_L001	1.0	1.0	39422780	39422780	39422780	1.0	1.0	58914	58914	58914
strmgCAMI2_short_read_pooled_megahit_assembly	spades_ESBL5792_S6_L001	spades_ESBL5792_S6_L001	1.0	1.0	38706241	38706241	38706241	1.0	1.0	58182	58182	58182
strmgCAMI2_short_read_pooled_megahit_assembly	spades_And4902_S2_L001	spades_And4902_S2_L001	1.0	1.0	38451159	38451159	38451159	1.0	1.0	57798	57798	57798
strmgCAMI2_short_read_pooled_megahit_assembly	spades_ESBL6984_S1_L001	spades_ESBL6984_S1_L001	1.0	1.0	38766581	38766581	38766581	1.0	1.0	58123	58123	58123
strmgCAMI2_short_read_pooled_megahit_assembly	spades_ESBL7021_S2_L001	spades_ESBL7021_S2_L001	1.0	1.0	38786311	38786311	38786311	1.0	1.0	58123	58123	58123
strmgCAMI2_short_read_pooled_megahit_assembly	spades_ESBL7410_S11_L001	spades_ESBL7410_S11_L001	1.0	1.0	38721722	38721722	38721722	1.0	1.0	58094	58094	58094
strmgCAMI2_short_read_pooled_megahit_assembly	spades_ESBL5791_S4_L001	spades_ESBL5791_S4_L001	1.0	1.0	39255369	39255369	39255369	1.0	1.0	58772	58772	58772
strmgCAMI2_short_read_pooled_megahit_assembly	spades_ESBL7388_S7_L001	spades_ESBL7388_S7_L001	1.0	1.0	38765671	38765671	38765671	1.0	1.0	58257	58257	58257
strmgCAMI2_short_read_pooled_megahit_assembly	spades_ESBL5660_S7_L001	spades_ESBL5660_S7_L001	1.0	1.0	36080975	36080975	36080975	1.0	1.0	54278	54278	54278
strmgCAMI2_short_read_pooled_megahit_assembly	spades_ESBL5717_S8_L001	spades_ESBL5717_S8_L001	1.0	1.0	38695499	38695499	38695499	1.0	1.0	57938	57938	57938
strmgCAMI2_short_read_pooled_megahit_assembly	spades_ESBL7348_S6_L001	spades_ESBL7348_S6_L001	1.0	1.0	38708633	38708633	38708633	1.0	1.0	58200	58200	58200
strmgCAMI2_short_read_pooled_megahit_assembly	spades_ESBL7234_S12_L001	spades_ESBL7234_S12_L001	1.0	1.0	38593540	38593540	38593540	1.0	1.0	57839	57839	57839
strmgCAMI2_short_read_pooled_megahit_assembly	spades_ESBL7531_S9_L001	spades_ESBL7531_S9_L001	1.0	1.0	38775224	38775224	38775224	1.0	1.0	58265	58265	58265
strmgCAMI2_short_read_pooled_megahit_assembly	spades_ESBL6270_S10_L001	spades_ESBL6270_S10_L001	1.0	1.0	38531090	38531090	38531090	1.0	1.0	57712	57712	57712
strmgCAMI2_short_read_pooled_megahit_assembly	spades_And10073_S10_L001	spades_And10073_S10_L001	1.0	1.0	38502345	38502345	38502345	1.0	1.0	57702	57702	57702
strmgCAMI2_short_read_pooled_megahit_assembly	spades_ESBL8159_S1_L001	spades_ESBL8159_S1_L001	1.0	1.0	39088848	39088848	39088848	1.0	1.0	58555	58555	58555
strmgCAMI2_short_read_pooled_megahit_assembly	spades_And5042_S4_L001	spades_And5042_S4_L001	1.0	1.0	38828833	38828833	38828833	1.0	1.0	58138	58138	58138
strmgCAMI2_short_read_pooled_megahit_assembly	spades_And4892_S4_L001	spades_And4892_S4_L001	1.0	1.0	38707318	38707318	38707318	1.0	1.0	58031	58031	58031
strmgCAMI2_short_read_pooled_megahit_assembly	spades_And5331_S1_L001	spades_And5331_S1_L001	1.0	1.0	38419868	38419868	38419868	1.0	1.0	57783	57783	57783
strmgCAMI2_short_read_pooled_megahit_assembly	spades_And9746_S7_L001	spades_And9746_S7_L001	1.0	1.0	38554651	38554651	38554651	1.0	1.0	57903	57903	57903
strmgCAMI2_short_read_pooled_megahit_assembly	spades_ESBL7424_S8_L001	spades_ESBL7424_S8_L001	1.0	1.0	38792066	38792066	38792066	1.0	1.0	58294	58294	58294
strmgCAMI2_short_read_pooled_megahit_assembly	spades_ESBL9915_S6_L001	spades_ESBL9915_S6_L001	1.0	1.0	38317085	38317085	38317085	1.0	1.0	57528	57528	57528
strmgCAMI2_short_read_pooled_megahit_assembly	spades_And8688_S9_L001	spades_And8688_S9_L001	1.0	1.0	14820565	14820565	14820565	1.0	1.0	21690	21690	21690
strmgCAMI2_short_read_pooled_megahit_assembly	spades_ESBL9251_S1_L001	spades_ESBL9251_S1_L001	1.0	1.0	10980504	10980504	10980504	1.0	1.0	16147	16147	16147
strmgCAMI2_short_read_pooled_megahit_assembly	spades_ESBL6620_S4_L001	spades_ESBL6620_S4_L001	1.0	1.0	14414762	14414762	14414762	1.0	1.0	21318	21318	21318
strmgCAMI2_short_read_pooled_megahit_assembly	spades_ESBL9224_S2_L001	spades_ESBL9224_S2_L001	1.0	1.0	10986945	10986945	10986945	1.0	1.0	16135	16135	16135
strmgCAMI2_short_read_pooled_megahit_assembly	spades_ESBL6792_S10_L001	spades_ESBL6792_S10_L001	1.0	1.0	13843244	13843244	13843244	1.0	1.0	20461	20461	20461
strmgCAMI2_short_read_pooled_megahit_assembly	spades_ESBL9046_S6_L001	spades_ESBL9046_S6_L001	1.0	1.0	9678215	9678215	9678215	1.0	1.0	14525	14525	14525
strmgCAMI2_short_read_pooled_megahit_assembly	spades_ESBL6515_S2_L001	spades_ESBL6515_S2_L001	1.0	1.0	13837130	13837130	13837130	1.0	1.0	20452	20452	20452
strmgCAMI2_short_read_pooled_megahit_assembly	spades_ESBL8075_S12_L001	spades_ESBL8075_S12_L001	1.0	1.0	8480653	8480653	8480653	1.0	1.0	12786	12786	12786
strmgCAMI2_short_read_pooled_megahit_assembly	spades_And4500_S1_L001	spades_And4500_S1_L001	1.0	1.0	9775946	9775946	9775946	1.0	1.0	14567	14567	14567
strmgCAMI2_short_read_pooled_megahit_assembly	spades_And8655_S10_L001	spades_And8655_S10_L001	1.0	1.0	14785033	14785033	14785033	1.0	1.0	21656	21656	21656
strmgCAMI2_short_read_pooled_megahit_assembly	spades_And6442_S8_L001	spades_And6442_S8_L001	1.0	1.0	14344675	14344675	14344675	1.0	1.0	21202	21202	21202
strmgCAMI2_short_read_pooled_megahit_assembly	spades_And4543_S2_L001	spades_And4543_S2_L001	1.0	1.0	9752196	9752196	9752196	1.0	1.0	14553	14553	14553
strmgCAMI2_short_read_pooled_megahit_assembly	spades_ESBL9166_S11_L001	spades_ESBL9166_S11_L001	1.0	1.0	17181493	17181493	17181493	1.0	1.0	26186	26186	26186
strmgCAMI2_short_read_pooled_megahit_assembly	spades_And7051_S7_L001	spades_And7051_S7_L001	1.0	1.0	17458829	17458829	17458829	1.0	1.0	26589	26589	26589
strmgCAMI2_short_read_pooled_megahit_assembly	spades_And10062_S12_L001	spades_And10062_S12_L001	1.0	1.0	17226324	17226324	17226324	1.0	1.0	26273	26273	26273
strmgCAMI2_short_read_pooled_megahit_assembly	spades_ESBL5872_S5_L001	spades_ESBL5872_S5_L001	1.0	1.0	9949559	9949559	9949559	1.0	1.0	14539	14539	14539
strmgCAMI2_short_read_pooled_megahit_assembly	spades_And10026_S11_L001	spades_And10026_S11_L001	1.0	1.0	17210755	17210755	17210755	1.0	1.0	26239	26239	26239
strmgCAMI2_short_read_pooled_megahit_assembly	spades_ESBL7634_S2_L001	spades_ESBL7634_S2_L001	1.0	1.0	10011778	10011778	10011778	1.0	1.0	14986	14986	14986
strmgCAMI2_short_read_pooled_megahit_assembly	SP62_S46	SP62_S46	1.0	1.0	5713913	5713913	5713913	1.0	1.0	9009	9009	9009
strmgCAMI2_short_read_pooled_megahit_assembly	spades_And10054_S9_L001	spades_And10054_S9_L001	1.0	1.0	38485918	38485918	38485918	1.0	1.0	57675	57675	57675
strmgCAMI2_short_read_pooled_megahit_assembly	spades_And4858_S9_L001	spades_And4858_S9_L001	1.0	1.0	38816462	38816462	38816462	1.0	1.0	58152	58152	58152
strmgCAMI2_short_read_pooled_megahit_assembly	spades_ESBL5786_S5_L001	spades_ESBL5786_S5_L001	1.0	1.0	38743599	38743599	38743599	1.0	1.0	58177	58177	58177
strmgCAMI2_short_read_pooled_megahit_assembly	spades_And9426_S4_L001	spades_And9426_S4_L001	1.0	1.0	39049990	39049990	39049990	1.0	1.0	58437	58437	58437
strmgCAMI2_short_read_pooled_megahit_assembly	spades_And6884_S7_L001	spades_And6884_S7_L001	1.0	1.0	11097910	11097910	11097910	1.0	1.0	16586	16586	16586
strmgCAMI2_short_read_pooled_megahit_assembly	SP79_S62	SP79_S62	1.0	1.0	9946864	9946864	9946864	1.0	1.0	15627	15627	15627
strmgCAMI2_short_read_pooled_megahit_assembly	SP143_S24	SP143_S24	1.0	1.0	9971947	9971947	9971947	1.0	1.0	15659	15659	15659
strmgCAMI2_short_read_pooled_megahit_assembly	SP78_S61	SP78_S61	1.0	1.0	10043922	10043922	10043922	1.0	1.0	15758	15758	15758
strmgCAMI2_short_read_pooled_megahit_assembly	SP38_S25	SP38_S25	1.0	1.0	6194383	6194383	6194383	1.0	1.0	9703	9703	9703
strmgCAMI2_short_read_pooled_megahit_assembly	SP192_S71	SP192_S71	1.0	1.0	9127735	9127735	9127735	1.0	1.0	14395	14395	14395
strmgCAMI2_short_read_pooled_megahit_assembly	SP72_S55	SP72_S55	1.0	1.0	9956205	9956205	9956205	1.0	1.0	15623	15623	15623
strmgCAMI2_short_read_pooled_megahit_assembly	SP97_S78	SP97_S78	1.0	1.0	9983810	9983810	9983810	1.0	1.0	15664	15664	15664
strmgCAMI2_short_read_pooled_megahit_assembly	SP152_S33	SP152_S33	1.0	1.0	9967137	9967137	9967137	1.0	1.0	15646	15646	15646
strmgCAMI2_short_read_pooled_megahit_assembly	SP39_S26	SP39_S26	1.0	1.0	10007520	10007520	10007520	1.0	1.0	15715	15715	15715
strmgCAMI2_short_read_pooled_megahit_assembly	SP162_S43	SP162_S43	1.0	1.0	9898058	9898058	9898058	1.0	1.0	15538	15538	15538
strmgCAMI2_short_read_pooled_megahit_assembly	SP125_S84	SP125_S84	1.0	1.0	9947440	9947440	9947440	1.0	1.0	15629	15629	15629
strmgCAMI2_short_read_pooled_megahit_assembly	SP163_S44	SP163_S44	1.0	1.0	9393926	9393926	9393926	1.0	1.0	14786	14786	14786
strmgCAMI2_short_read_pooled_megahit_assembly	spades_And7556_S8_L001	spades_And7556_S8_L001	1.0	1.0	38645074	38645074	38645074	1.0	1.0	57885	57885	57885
strmgCAMI2_short_read_pooled_megahit_assembly	SP52_S38	SP52_S38	1.0	1.0	9960305	9960305	9960305	1.0	1.0	15637	15637	15637
strmgCAMI2_short_read_pooled_megahit_assembly	SP54_S40	SP54_S40	1.0	1.0	6067928	6067928	6067928	1.0	1.0	9515	9515	9515
strmgCAMI2_short_read_pooled_megahit_assembly	SP43_S30	SP43_S30	1.0	1.0	9842308	9842308	9842308	1.0	1.0	15452	15452	15452
strmgCAMI2_short_read_pooled_megahit_assembly	SP55_S41	SP55_S41	1.0	1.0	9884792	9884792	9884792	1.0	1.0	15547	15547	15547
strmgCAMI2_short_read_pooled_megahit_assembly	SP171_S52	SP171_S52	1.0	1.0	9822466	9822466	9822466	1.0	1.0	15420	15420	15420
strmgCAMI2_short_read_pooled_megahit_assembly	SP44_S31	SP44_S31	1.0	1.0	9912538	9912538	9912538	1.0	1.0	15559	15559	15559
strmgCAMI2_short_read_pooled_megahit_assembly	SP165_S46	SP165_S46	1.0	1.0	5980053	5980053	5980053	1.0	1.0	9446	9446	9446
strmgCAMI2_short_read_pooled_megahit_assembly	SP109_S83	SP109_S83	1.0	1.0	9963960	9963960	9963960	1.0	1.0	15606	15606	15606
strmgCAMI2_short_read_pooled_megahit_assembly	SP158_S39	SP158_S39	1.0	1.0	9818386	9818386	9818386	1.0	1.0	15431	15431	15431
strmgCAMI2_short_read_pooled_megahit_assembly	spades_ESBL6164_S11_L001	spades_ESBL6164_S11_L001	1.0	1.0	17402318	17402318	17402318	1.0	1.0	26071	26071	26071
strmgCAMI2_short_read_pooled_megahit_assembly	SP151_S32	SP151_S32	1.0	1.0	9707962	9707962	9707962	1.0	1.0	15265	15265	15265
strmgCAMI2_short_read_pooled_megahit_assembly	SP122_S4	SP122_S4	1.0	1.0	10018579	10018579	10018579	1.0	1.0	15750	15750	15750
strmgCAMI2_short_read_pooled_megahit_assembly	SP106_S85	SP106_S85	1.0	1.0	9949610	9949610	9949610	1.0	1.0	15637	15637	15637
strmgCAMI2_short_read_pooled_megahit_assembly	SP35_S22	SP35_S22	1.0	1.0	6147098	6147098	6147098	1.0	1.0	9620	9620	9620
strmgCAMI2_short_read_pooled_megahit_assembly	spades_And8423_S6_L001	spades_And8423_S6_L001	1.0	1.0	20196153	20196153	20196153	1.0	1.0	28989	28989	28989
strmgCAMI2_short_read_pooled_megahit_assembly	spades_And8454_S5_L001	spades_And8454_S5_L001	1.0	1.0	20225295	20225295	20225295	1.0	1.0	29002	29002	29002
strmgCAMI2_short_read_pooled_megahit_assembly	SP118_S96	SP118_S96	1.0	1.0	5471761	5471761	5471761	1.0	1.0	8615	8615	8615
strmgCAMI2_short_read_pooled_megahit_assembly	SP111_S89	SP111_S89	1.0	1.0	5247221	5247221	5247221	1.0	1.0	8218	8218	8218
strmgCAMI2_short_read_pooled_megahit_assembly	SP141_S22	SP141_S22	1.0	1.0	5502471	5502471	5502471	1.0	1.0	8669	8669	8669
strmgCAMI2_short_read_pooled_megahit_assembly	SP65_S80	SP65_S80	1.0	1.0	5486065	5486065	5486065	1.0	1.0	8630	8630	8630
strmgCAMI2_short_read_pooled_megahit_assembly	SP74_S57	SP74_S57	1.0	1.0	5429008	5429008	5429008	1.0	1.0	8558	8558	8558
strmgCAMI2_short_read_pooled_megahit_assembly	SP114_S92	SP114_S92	1.0	1.0	5518781	5518781	5518781	1.0	1.0	8682	8682	8682
strmgCAMI2_short_read_pooled_megahit_assembly	SP133_S14	SP133_S14	1.0	1.0	5244721	5244721	5244721	1.0	1.0	8301	8301	8301
strmgCAMI2_short_read_pooled_megahit_assembly	SP68_S51	SP68_S51	1.0	1.0	2680875	2680875	2680875	1.0	1.0	3398	3398	3398
strmgCAMI2_short_read_pooled_megahit_assembly	SP117_S95	SP117_S95	1.0	1.0	2245553	2245553	2245553	1.0	1.0	2957	2957	2957
strmgCAMI2_short_read_pooled_megahit_assembly	SP64_S79	SP64_S79	1.0	1.0	10009263	10009263	10009263	1.0	1.0	15688	15688	15688
strmgCAMI2_short_read_pooled_megahit_assembly	SP102_S82	SP102_S82	1.0	1.0	10007941	10007941	10007941	1.0	1.0	15681	15681	15681
strmgCAMI2_short_read_pooled_megahit_assembly	SP150_S31	SP150_S31	1.0	1.0	6106482	6106482	6106482	1.0	1.0	9566	9566	9566
strmgCAMI2_short_read_pooled_megahit_assembly	SP170_S51	SP170_S51	1.0	1.0	6010752	6010752	6010752	1.0	1.0	9499	9499	9499
strmgCAMI2_short_read_pooled_megahit_assembly	SP134_S15	SP134_S15	1.0	1.0	6098948	6098948	6098948	1.0	1.0	9589	9589	9589
strmgCAMI2_short_read_pooled_megahit_assembly	SP15_S89	SP15_S89	1.0	1.0	9865751	9865751	9865751	1.0	1.0	15479	15479	15479
strmgCAMI2_short_read_pooled_megahit_assembly	SP130_S11	SP130_S11	1.0	1.0	5360730	5360730	5360730	1.0	1.0	8462	8462	8462
strmgCAMI2_short_read_pooled_megahit_assembly	SP139_S20	SP139_S20	1.0	1.0	9961312	9961312	9961312	1.0	1.0	15660	15660	15660
strmgCAMI2_short_read_pooled_megahit_assembly	SP47_S34	SP47_S34	1.0	1.0	6152879	6152879	6152879	1.0	1.0	9652	9652	9652
strmgCAMI2_short_read_pooled_megahit_assembly	SP178_S58	SP178_S58	1.0	1.0	9091745	9091745	9091745	1.0	1.0	14314	14314	14314
strmgCAMI2_short_read_pooled_megahit_assembly	spades_ESBL6409_S4_L001	spades_ESBL6409_S4_L001	1.0	1.0	13826499	13826499	13826499	1.0	1.0	20453	20453	20453
strmgCAMI2_short_read_pooled_megahit_assembly	spades_ESBL6628_S5_L001	spades_ESBL6628_S5_L001	1.0	1.0	14412736	14412736	14412736	1.0	1.0	21308	21308	21308
strmgCAMI2_short_read_pooled_megahit_assembly	SP131_S12	SP131_S12	1.0	1.0	6463382	6463382	6463382	1.0	1.0	10230	10230	10230
strmgCAMI2_short_read_pooled_megahit_assembly	spades_MRSA7830_S9_L001	spades_MRSA7830_S9_L001	1.0	1.0	8708374	8708374	8708374	1.0	1.0	11374	11374	11374
strmgCAMI2_short_read_pooled_megahit_assembly	SP59_S47	SP59_S47	1.0	1.0	5535022	5535022	5535022	1.0	1.0	8728	8728	8728
strmgCAMI2_short_read_pooled_megahit_assembly	SP120_S2	SP120_S2	1.0	1.0	6519048	6519048	6519048	1.0	1.0	10316	10316	10316
strmgCAMI2_short_read_pooled_megahit_assembly	SP3_S87	SP3_S87	1.0	1.0	6435466	6435466	6435466	1.0	1.0	10190	10190	10190
strmgCAMI2_short_read_pooled_megahit_assembly	SP121_S3	SP121_S3	1.0	1.0	5725640	5725640	5725640	1.0	1.0	9102	9102	9102
strmgCAMI2_short_read_pooled_megahit_assembly	SP61_S45	SP61_S45	1.0	1.0	5269384	5269384	5269384	1.0	1.0	8342	8342	8342
strmgCAMI2_short_read_pooled_megahit_assembly	SP87_S70	SP87_S70	1.0	1.0	5597471	5597471	5597471	1.0	1.0	8840	8840	8840
strmgCAMI2_short_read_pooled_megahit_assembly	SP137_S18	SP137_S18	1.0	1.0	5406978	5406978	5406978	1.0	1.0	8578	8578	8578
strmgCAMI2_short_read_pooled_megahit_assembly	SP16_S12	SP16_S12	1.0	1.0	7040697	7040697	7040697	1.0	1.0	11008	11008	11008
strmgCAMI2_short_read_pooled_megahit_assembly	SP53_S39	SP53_S39	1.0	1.0	6821537	6821537	6821537	1.0	1.0	10658	10658	10658
strmgCAMI2_short_read_pooled_megahit_assembly	spades_MRSA8595_S7_L001	spades_MRSA8595_S7_L001	1.0	1.0	8849568	8849568	8849568	1.0	1.0	11543	11543	11543
strmgCAMI2_short_read_pooled_megahit_assembly	spades_MRSA7113_S2_L001	spades_MRSA7113_S2_L001	1.0	1.0	8920190	8920190	8920190	1.0	1.0	11536	11536	11536
strmgCAMI2_short_read_pooled_megahit_assembly	spades_ESBL5481_S10_L001	spades_ESBL5481_S10_L001	1.0	1.0	22463682	22463682	22463682	1.0	1.0	34062	34062	34062
strmgCAMI2_short_read_pooled_megahit_assembly	spades_MRSA8013_S11_L001	spades_MRSA8013_S11_L001	1.0	1.0	8690780	8690780	8690780	1.0	1.0	11313	11313	11313
strmgCAMI2_short_read_pooled_megahit_assembly	spades_MRSA8187_S8_L001	spades_MRSA8187_S8_L001	1.0	1.0	8751959	8751959	8751959	1.0	1.0	11510	11510	11510
strmgCAMI2_short_read_pooled_megahit_assembly	spades_MRSA8186_S9_L001	spades_MRSA8186_S9_L001	1.0	1.0	8779416	8779416	8779416	1.0	1.0	11542	11542	11542
strmgCAMI2_short_read_pooled_megahit_assembly	spades_MRSA7286_S4_L001	spades_MRSA7286_S4_L001	1.0	1.0	9047069	9047069	9047069	1.0	1.0	11648	11648	11648
strmgCAMI2_short_read_pooled_megahit_assembly	spades_MRSA8007_S12_L001	spades_MRSA8007_S12_L001	1.0	1.0	8658038	8658038	8658038	1.0	1.0	11289	11289	11289
strmgCAMI2_short_read_pooled_megahit_assembly	spades_MRSA7129_S1_L001	spades_MRSA7129_S1_L001	1.0	1.0	8936013	8936013	8936013	1.0	1.0	11548	11548	11548
strmgCAMI2_short_read_pooled_megahit_assembly	spades_MRSA9344_S6_L001	spades_MRSA9344_S6_L001	1.0	1.0	8653645	8653645	8653645	1.0	1.0	11381	11381	11381
strmgCAMI2_short_read_pooled_megahit_assembly	spades_MRSA7295_S3_L001	spades_MRSA7295_S3_L001	1.0	1.0	9057091	9057091	9057091	1.0	1.0	11658	11658	11658
strmgCAMI2_short_read_pooled_megahit_assembly	spades_ESBL8960_S8_L001	spades_ESBL8960_S8_L001	1.0	1.0	10270930	10270930	10270930	1.0	1.0	15204	15204	15204
strmgCAMI2_short_read_pooled_megahit_assembly	spades_ESBL6210_S10_L001	spades_ESBL6210_S10_L001	1.0	1.0	22076044	22076044	22076044	1.0	1.0	33545	33545	33545
strmgCAMI2_short_read_pooled_megahit_assembly	SP56_S42	SP56_S42	1.0	1.0	6393988	6393988	6393988	1.0	1.0	10030	10030	10030
strmgCAMI2_short_read_pooled_megahit_assembly	spades_ESBL8909_S7_L001	spades_ESBL8909_S7_L001	1.0	1.0	8245136	8245136	8245136	1.0	1.0	12567	12567	12567
strmgCAMI2_short_read_pooled_megahit_assembly	spades_And9353_S7_L001	spades_And9353_S7_L001	1.0	1.0	9843011	9843011	9843011	1.0	1.0	14863	14863	14863
strmgCAMI2_short_read_pooled_megahit_assembly	spades_ESBL7553_S11_L001	spades_ESBL7553_S11_L001	1.0	1.0	8577987	8577987	8577987	1.0	1.0	13088	13088	13088
strmgCAMI2_short_read_pooled_megahit_assembly	SP34_S21	SP34_S21	1.0	1.0	5560234	5560234	5560234	1.0	1.0	8799	8799	8799
strmgCAMI2_short_read_pooled_megahit_assembly	SP46_S33	SP46_S33	1.0	1.0	5156705	5156705	5156705	1.0	1.0	8158	8158	8158
strmgCAMI2_short_read_pooled_megahit_assembly	SP25_S14	SP25_S14	1.0	1.0	6940733	6940733	6940733	1.0	1.0	10871	10871	10871
strmgCAMI2_short_read_pooled_megahit_assembly	SP168_S49	SP168_S49	1.0	1.0	5097667	5097667	5097667	1.0	1.0	8050	8050	8050
strmgCAMI2_short_read_pooled_megahit_assembly	SP161_S42	SP161_S42	1.0	1.0	7116370	7116370	7116370	1.0	1.0	11153	11153	11153
strmgCAMI2_short_read_pooled_megahit_assembly	SP180_S96	SP180_S96	1.0	1.0	5195776	5195776	5195776	1.0	1.0	8188	8188	8188
strmgCAMI2_short_read_pooled_megahit_assembly	SP12_S9	SP12_S9	1.0	1.0	5594503	5594503	5594503	1.0	1.0	8851	8851	8851
strmgCAMI2_short_read_pooled_megahit_assembly	SP110_S88	SP110_S88	1.0	1.0	6401994	6401994	6401994	1.0	1.0	9970	9970	9970
strmgCAMI2_short_read_pooled_megahit_assembly	SP115_S93	SP115_S93	1.0	1.0	6428637	6428637	6428637	1.0	1.0	10193	10193	10193
strmgCAMI2_short_read_pooled_megahit_assembly	SP10_S7	SP10_S7	1.0	1.0	6504389	6504389	6504389	1.0	1.0	10325	10325	10325
strmgCAMI2_short_read_pooled_megahit_assembly	SP153_S34	SP153_S34	1.0	1.0	7039927	7039927	7039927	1.0	1.0	11026	11026	11026
strmgCAMI2_short_read_pooled_megahit_assembly	SP32_S19	SP32_S19	1.0	1.0	5602200	5602200	5602200	1.0	1.0	8898	8898	8898
strmgCAMI2_short_read_pooled_megahit_assembly	spades_And8382_S4_L001	spades_And8382_S4_L001	1.0	1.0	16542255	16542255	16542255	1.0	1.0	25120	25120	25120
strmgCAMI2_short_read_pooled_megahit_assembly	spades_And8344_S10_L001	spades_And8344_S10_L001	1.0	1.0	16560687	16560687	16560687	1.0	1.0	25149	25149	25149
strmgCAMI2_short_read_pooled_megahit_assembly	spades_ESBL9044_S9_L001	spades_ESBL9044_S9_L001	1.0	1.0	16820802	16820802	16820802	1.0	1.0	25570	25570	25570
strmgCAMI2_short_read_pooled_megahit_assembly	spades_ESBL9861_S4_L001	spades_ESBL9861_S4_L001	1.0	1.0	17233969	17233969	17233969	1.0	1.0	26151	26151	26151
strmgCAMI2_short_read_pooled_megahit_assembly	spades_ESBL9875_S5_L001	spades_ESBL9875_S5_L001	1.0	1.0	17250583	17250583	17250583	1.0	1.0	26156	26156	26156
strmgCAMI2_short_read_pooled_megahit_assembly	spades_ESBL9336_S1_L001	spades_ESBL9336_S1_L001	1.0	1.0	8047888	8047888	8047888	1.0	1.0	12146	12146	12146
strmgCAMI2_short_read_pooled_megahit_assembly	spades_And8926_S4_L001	spades_And8926_S4_L001	1.0	1.0	5446316	5446316	5446316	1.0	1.0	3755	3755	3755
strmgCAMI2_short_read_pooled_megahit_assembly	SP100_S81	SP100_S81	1.0	1.0	5848596	5848596	5848596	1.0	1.0	9192	9192	9192
strmgCAMI2_short_read_pooled_megahit_assembly	spades_ESBL9250_S3_L001	spades_ESBL9250_S3_L001	1.0	1.0	15145668	15145668	15145668	1.0	1.0	21972	21972	21972
strmgCAMI2_short_read_pooled_megahit_assembly	spades_ESBL5402_S6_L001	spades_ESBL5402_S6_L001	1.0	1.0	22515168	22515168	22515168	1.0	1.0	34113	34113	34113
strmgCAMI2_short_read_pooled_megahit_assembly	spades_And9653_S7_L001	spades_And9653_S7_L001	1.0	1.0	22497621	22497621	22497621	1.0	1.0	34205	34205	34205
strmgCAMI2_short_read_pooled_megahit_assembly	spades_ESBL6661_S8_L001	spades_ESBL6661_S8_L001	1.0	1.0	14289327	14289327	14289327	1.0	1.0	21314	21314	21314
strmgCAMI2_short_read_pooled_megahit_assembly	spades_And4613_S9_L001	spades_And4613_S9_L001	1.0	1.0	12096944	12096944	12096944	1.0	1.0	18240	18240	18240
strmgCAMI2_short_read_pooled_megahit_assembly	spades_ESBL5817_S7_L001	spades_ESBL5817_S7_L001	1.0	1.0	23155583	23155583	23155583	1.0	1.0	35108	35108	35108
strmgCAMI2_short_read_pooled_megahit_assembly	spades_And9693_S1_L001	spades_And9693_S1_L001	1.0	1.0	22678891	22678891	22678891	1.0	1.0	34239	34239	34239
strmgCAMI2_short_read_pooled_megahit_assembly	spades_And6399_S9_L001	spades_And6399_S9_L001	1.0	1.0	23289048	23289048	23289048	1.0	1.0	35367	35367	35367
strmgCAMI2_short_read_pooled_megahit_assembly	spades_ESBL1009_S1_L001	spades_ESBL1009_S1_L001	1.0	1.0	23292005	23292005	23292005	1.0	1.0	35283	35283	35283
strmgCAMI2_short_read_pooled_megahit_assembly	spades_ESBL10011_S11_L001	spades_ESBL10011_S11_L001	1.0	1.0	23369844	23369844	23369844	1.0	1.0	35400	35400	35400
strmgCAMI2_short_read_pooled_megahit_assembly	spades_And7225_S6_L001	spades_And7225_S6_L001	1.0	1.0	20288010	20288010	20288010	1.0	1.0	30775	30775	30775
strmgCAMI2_short_read_pooled_megahit_assembly	spades_And9205_S9_L001	spades_And9205_S9_L001	1.0	1.0	13081809	13081809	13081809	1.0	1.0	19703	19703	19703
strmgCAMI2_short_read_pooled_megahit_assembly	spades_ESBL5808_S8_L001	spades_ESBL5808_S8_L001	1.0	1.0	13287281	13287281	13287281	1.0	1.0	19998	19998	19998
strmgCAMI2_short_read_pooled_megahit_assembly	spades_ESBL9656_S7_L001	spades_ESBL9656_S7_L001	1.0	1.0	11303144	11303144	11303144	1.0	1.0	17046	17046	17046
strmgCAMI2_short_read_pooled_megahit_assembly	spades_And8861_S3_L001	spades_And8861_S3_L001	1.0	1.0	32045881	32045881	32045881	1.0	1.0	48076	48076	48076
strmgCAMI2_short_read_pooled_megahit_assembly	spades_ESBL9440_S6_L001	spades_ESBL9440_S6_L001	1.0	1.0	11286318	11286318	11286318	1.0	1.0	17034	17034	17034
strmgCAMI2_short_read_pooled_megahit_assembly	spades_ESBL7382_S4_L001	spades_ESBL7382_S4_L001	1.0	1.0	16783575	16783575	16783575	1.0	1.0	25701	25701	25701
strmgCAMI2_short_read_pooled_megahit_assembly	spades_And5192_S3_L001	spades_And5192_S3_L001	1.0	1.0	13058296	13058296	13058296	1.0	1.0	19783	19783	19783
strmgCAMI2_short_read_pooled_megahit_assembly	spades_And4621_S3_L001	spades_And4621_S3_L001	1.0	1.0	12108794	12108794	12108794	1.0	1.0	18270	18270	18270
strmgCAMI2_short_read_pooled_megahit_assembly	spades_ESBL10056_S9_L001	spades_ESBL10056_S9_L001	1.0	1.0	31546456	31546456	31546456	1.0	1.0	47508	47508	47508
strmgCAMI2_short_read_pooled_megahit_assembly	spades_And8909_S4_L001	spades_And8909_S4_L001	1.0	1.0	32110797	32110797	32110797	1.0	1.0	48126	48126	48126
strmgCAMI2_short_read_pooled_megahit_assembly	spades_ESBL7359_S3_L001	spades_ESBL7359_S3_L001	1.0	1.0	33302535	33302535	33302535	1.0	1.0	49975	49975	49975
strmgCAMI2_short_read_pooled_megahit_assembly	spades_And4355_S8_L001	spades_And4355_S8_L001	1.0	1.0	14887051	14887051	14887051	1.0	1.0	22147	22147	22147
strmgCAMI2_short_read_pooled_megahit_assembly	spades_And4366_S2_L001	spades_And4366_S2_L001	1.0	1.0	14841908	14841908	14841908	1.0	1.0	22102	22102	22102
strmgCAMI2_short_read_pooled_megahit_assembly	spades_And4180_S6_L001	spades_And4180_S6_L001	1.0	1.0	10794976	10794976	10794976	1.0	1.0	16246	16246	16246
strmgCAMI2_short_read_pooled_megahit_assembly	spades_ESBL5609_S2_L001	spades_ESBL5609_S2_L001	1.0	1.0	14560738	14560738	14560738	1.0	1.0	21693	21693	21693
strmgCAMI2_short_read_pooled_megahit_assembly	spades_And9855_S12_L001	spades_And9855_S12_L001	1.0	1.0	14898553	14898553	14898553	1.0	1.0	22106	22106	22106
strmgCAMI2_short_read_pooled_megahit_assembly	spades_And6342_S10_L001	spades_And6342_S10_L001	1.0	1.0	23299788	23299788	23299788	1.0	1.0	35394	35394	35394
strmgCAMI2_short_read_pooled_megahit_assembly	spades_ESBL10030_S2_L001	spades_ESBL10030_S2_L001	1.0	1.0	23258462	23258462	23258462	1.0	1.0	35226	35226	35226
strmgCAMI2_short_read_pooled_megahit_assembly	spades_ESBL6418_S2_L001	spades_ESBL6418_S2_L001	1.0	1.0	23294962	23294962	23294962	1.0	1.0	35372	35372	35372
strmgCAMI2_short_read_pooled_megahit_assembly	spades_ESBL8604_S8_L001	spades_ESBL8604_S8_L001	1.0	1.0	23281822	23281822	23281822	1.0	1.0	35320	35320	35320
strmgCAMI2_short_read_pooled_megahit_assembly	spades_And7187_S3_L001	spades_And7187_S3_L001	1.0	1.0	20217518	20217518	20217518	1.0	1.0	30560	30560	30560
strmgCAMI2_short_read_pooled_megahit_assembly	spades_ESBL9318_S2_L001	spades_ESBL9318_S2_L001	1.0	1.0	20138986	20138986	20138986	1.0	1.0	30390	30390	30390
strmgCAMI2_short_read_pooled_megahit_assembly	spades_MRSA7124_S4_L001	spades_MRSA7124_S4_L001	1.0	1.0	3661358	3661358	3661358	1.0	1.0	5175	5175	5175
strmgCAMI2_short_read_pooled_megahit_assembly	spades_MRSA7133_S3_L001	spades_MRSA7133_S3_L001	1.0	1.0	3674968	3674968	3674968	1.0	1.0	5197	5197	5197
strmgCAMI2_short_read_pooled_megahit_assembly	SP185_S65	SP185_S65	1.0	1.0	5771012	5771012	5771012	1.0	1.0	9068	9068	9068
strmgCAMI2_short_read_pooled_megahit_assembly	spades_ESBL6759Q_S12_L001	spades_ESBL6759Q_S12_L001	1.0	1.0	11693931	11693931	11693931	1.0	1.0	17416	17416	17416
strmgCAMI2_short_read_pooled_megahit_assembly	spades_ESBL6769_S11_L001	spades_ESBL6769_S11_L001	1.0	1.0	11713953	11713953	11713953	1.0	1.0	17429	17429	17429
strmgCAMI2_short_read_pooled_megahit_assembly	spades_And9076_S11_L001	spades_And9076_S11_L001	1.0	1.0	11593372	11593372	11593372	1.0	1.0	17129	17129	17129
strmgCAMI2_short_read_pooled_megahit_assembly	spades_And9053_S12_L001	spades_And9053_S12_L001	1.0	1.0	11586586	11586586	11586586	1.0	1.0	17147	17147	17147
strmgCAMI2_short_read_pooled_megahit_assembly	spades_ESBL8514_S7_L001	spades_ESBL8514_S7_L001	1.0	1.0	15488531	15488531	15488531	1.0	1.0	23647	23647	23647
strmgCAMI2_short_read_pooled_megahit_assembly	SP105_S84	SP105_S84	1.0	1.0	5618393	5618393	5618393	1.0	1.0	8886	8886	8886
strmgCAMI2_short_read_pooled_megahit_assembly	SP20_S77	SP20_S77	1.0	1.0	3042705	3042705	3042705	1.0	1.0	3928	3928	3928
strmgCAMI2_short_read_pooled_megahit_assembly	SP157_S38	SP157_S38	1.0	1.0	5226110	5226110	5226110	1.0	1.0	8280	8280	8280
strmgCAMI2_short_read_pooled_megahit_assembly	SP187_S66	SP187_S66	1.0	1.0	5223302	5223302	5223302	1.0	1.0	8217	8217	8217
strmgCAMI2_short_read_pooled_megahit_assembly	spades_MRSA7119_S2_L001	spades_MRSA7119_S2_L001	1.0	1.0	3770395	3770395	3770395	1.0	1.0	5369	5369	5369
strmgCAMI2_short_read_pooled_megahit_assembly	spades_MRSA7172_S1_L001	spades_MRSA7172_S1_L001	1.0	1.0	3781343	3781343	3781343	1.0	1.0	5387	5387	5387
strmgCAMI2_short_read_pooled_megahit_assembly	spades_ESBL5909_S5_L001	spades_ESBL5909_S5_L001	1.0	1.0	16681732	16681732	16681732	1.0	1.0	25468	25468	25468
strmgCAMI2_short_read_pooled_megahit_assembly	spades_ESBL5911_S4_L001	spades_ESBL5911_S4_L001	1.0	1.0	16693733	16693733	16693733	1.0	1.0	25488	25488	25488
strmgCAMI2_short_read_pooled_megahit_assembly	spades_ESBL8411_S7_L001	spades_ESBL8411_S7_L001	1.0	1.0	23911361	23911361	23911361	1.0	1.0	35974	35974	35974
strmgCAMI2_short_read_pooled_megahit_assembly	spades_And4955_S10_L001	spades_And4955_S10_L001	1.0	1.0	22982969	22982969	22982969	1.0	1.0	34763	34763	34763
strmgCAMI2_short_read_pooled_megahit_assembly	spades_And6400_S11_L001	spades_And6400_S11_L001	1.0	1.0	23290168	23290168	23290168	1.0	1.0	35372	35372	35372
strmgCAMI2_short_read_pooled_megahit_assembly	MIKI_NS08	MIKI_NS08	1.0	1.0	2564666	2564666	2564666	1.0	1.0	45	45	45
