Method	num_5010	num_7010	num_9010	num_505	num_605	num_705	num_805	num_905
concoct_bins_checkm2_quality_report.tsv	34	23	12	21	17	13	11	6
maxbin2_bins_checkm2_quality_report.tsv	28	19	10	11	8	5	5	4
metabat2_bins_checkm2_quality_report.tsv	43	31	9	35	31	25	19	8
VAMB/S7_checkm2_output/quality_report.tsv	29	20	5	27	21	18	12	5
CLMB/S7_checkm2_output/quality_report.tsv	23	16	4	22	16	15	12	4
metadecoder/samfiles_checkm2_output/quality_report.tsv	35	30	5	34	30	29	13	5
semibin_Easy_coassemly_mode_v1.0.0_default/output_recluster_bins_checkm2_output/quality_report.tsv	34	26	6	32	25	24	15	6
semibin2_Easy_coassemly_mode/output_bins_checkm2_output/quality_report.tsv	36	27	6	32	27	25	16	6
COMEBin_nocovloss_tau0.15_nepoch200_earlystop_addvars_nedge75_vars_sqrt_NokmerMetric/comebin_res_bins_checkm2_output/quality_report.tsv	64	46	23	40	30	26	21	15
