sample_id	Bin ID	Most abundant genome	Purity (bp)	Completeness (bp)	Bin size (bp)	True positives (bp)	True size of most abundant genome (bp)	Purity (seq)	Completeness (seq)	Bin size (seq)	True positives (seq)	True size of most abundant genome (seq)
marmgCAMI2_short_read_pooled_megahit_assembly	215	Methylophilales_bacterium_MBRSG12_genomic	0.9509378260036477	1.0	1409110	1339976	1339976	0.875	1.0	8	7	7
marmgCAMI2_short_read_pooled_megahit_assembly	76	VSalm561_S16_contigs	0.5223203896834043	1.0	3399067	1775402	1775402	0.5877712031558185	1.0	507	298	298
marmgCAMI2_short_read_pooled_megahit_assembly	198	Woeseia_oceani_strain_XK5_genomic	1.0	0.9966290735645346	4017647	4017647	4031236	1.0	0.68	17	17	25
marmgCAMI2_short_read_pooled_megahit_assembly	220	Mollicutes_bacterium_Candidatus_Izimaplasma_HR1_genomic	1.0	0.9958493110165404	1868527	1868527	1876315	1.0	0.6666666666666666	8	8	12
marmgCAMI2_short_read_pooled_megahit_assembly	93	VO6_S13_contigs	0.502825095324948	0.9949464965175738	3462892	1741229	1750073	0.5169971671388102	0.9918478260869565	706	365	368
marmgCAMI2_short_read_pooled_megahit_assembly	202	Ilumatobacter_coccineum_YM16_304_genomic	1.0	0.9946894040800387	4829415	4829415	4855199	1.0	0.6136363636363636	27	27	44
marmgCAMI2_short_read_pooled_megahit_assembly	166	Pyrococcus_sp_NA2_genomic	1.0	0.9943958717766926	1864006	1864006	1874511	1.0	0.6944444444444444	25	25	36
marmgCAMI2_short_read_pooled_megahit_assembly	65	8_S8_contigs	0.9121513383038232	0.9943915981094537	2523829	2302114	2315098	0.9240506329113924	0.9711751662971175	474	438	451
marmgCAMI2_short_read_pooled_megahit_assembly	205	Candidatus_Nitrosopumilus_sp_AR2_genomic	1.0	0.9942507908197404	1679045	1679045	1688754	1.0	0.7555555555555555	34	34	45
marmgCAMI2_short_read_pooled_megahit_assembly	124	Piscirickettsia_salmonis_strain_AY6297B_genomic	0.8365978979466465	0.9935125531859601	2513352	2102665	2116395	0.8278145695364238	0.9689922480620154	302	250	258
marmgCAMI2_short_read_pooled_megahit_assembly	210	Marivirga_tractuosa_DSM_4126_genomic	1.0	0.9931899792620851	4477946	4477946	4508650	1.0	0.5918367346938775	29	29	49
marmgCAMI2_short_read_pooled_megahit_assembly	13	MR4_25_2A_1A_S4_contigs	0.9051078207470115	0.9927015771087371	6208499	5619361	5660675	0.9358974358974359	0.9798657718120806	156	146	149
marmgCAMI2_short_read_pooled_megahit_assembly	204	Flavobacterium_psychrophilum_strain_VQ50_genomic	0.5058440143463386	0.9925769923072534	2647923	1339436	1349453	0.5666666666666667	0.8292682926829268	60	34	41
marmgCAMI2_short_read_pooled_megahit_assembly	209	Candidatus_Endolissoclinum_faulkneri_L5_genomic	0.7577998081564412	0.9921634856650493	1521031	1152637	1161741	0.8571428571428571	0.4	7	6	15
marmgCAMI2_short_read_pooled_megahit_assembly	168	Flammeovirga_sp_MY04_genomic	1.0	0.9915276121603069	7210833	7210833	7272448	1.0	0.4462809917355372	54	54	121
marmgCAMI2_short_read_pooled_megahit_assembly	89	Desulfovibrio_piezophilus_strain_C1TLV30_genomic	1.0	0.9909678889698906	3609001	3609001	3641895	1.0	0.6666666666666666	46	46	69
marmgCAMI2_short_read_pooled_megahit_assembly	128	Desulfovibrio_hydrothermalis_AM13_genomic	1.0	0.9884897759968476	3742705	3742705	3786286	1.0	0.4444444444444444	24	24	54
marmgCAMI2_short_read_pooled_megahit_assembly	214	Palaeococcus_pacificus_DY20341_genomic	1.0	0.9879318785881637	1844372	1844372	1866902	1.0	0.32	8	8	25
marmgCAMI2_short_read_pooled_megahit_assembly	53	Hyphomonas_neptunium_ATCC_15444_genomic	1.0	0.9876780457283731	3693827	3693827	3739910	1.0	0.8514285714285714	149	149	175
marmgCAMI2_short_read_pooled_megahit_assembly	106	Wenyingzhuangia_fucanilytica_strain_CZ1127_genomic	1.0	0.9868624169466923	3373527	3373527	3418437	1.0	0.5844155844155844	45	45	77
marmgCAMI2_short_read_pooled_megahit_assembly	185	Archaeoglobus_fulgidus_DSM_8774_genomic	0.9890043832514808	0.9861872945669938	2280727	2255649	2287242	0.9824561403508771	0.7088607594936709	57	56	79
marmgCAMI2_short_read_pooled_megahit_assembly	188	Marinithermus_hydrothermalis_DSM_14884_genomic	1.0	0.9858734105565327	2194569	2194569	2226015	1.0	0.7407407407407407	80	80	108
marmgCAMI2_short_read_pooled_megahit_assembly	134	Candidatus_Nitrosoarchaeum_limnia_SFB1_genomic	1.0	0.9858143106127336	1731363	1731363	1756277	1.0	0.6973684210526315	53	53	76
marmgCAMI2_short_read_pooled_megahit_assembly	155	Synechococcus_sp_WH_8103_genomic	0.9202448414568641	0.985086957064782	2399757	2208364	2241796	0.9459459459459459	0.5072463768115942	37	35	69
marmgCAMI2_short_read_pooled_megahit_assembly	190	R2A29_S8_contigs	1.0	0.984211874076187	3036333	3036333	3085040	1.0	0.55	33	33	60
marmgCAMI2_short_read_pooled_megahit_assembly	212	Chloroherpeton_thalassium_ATCC_35110_genomic	1.0	0.9835959196736613	3239243	3239243	3293266	1.0	0.5692307692307692	37	37	65
marmgCAMI2_short_read_pooled_megahit_assembly	126	Algibacter_sp_HZ22_genomic	1.0	0.9833893402473336	3919903	3919903	3986115	1.0	0.42857142857142855	24	24	56
marmgCAMI2_short_read_pooled_megahit_assembly	206	S13_S3_contigs	0.8895872470162688	0.9830599791122577	2500309	2224243	2262571	0.851063829787234	0.5194805194805194	47	40	77
marmgCAMI2_short_read_pooled_megahit_assembly	182	Halolamina_sediminis_strain_Hb3_genomic	1.0	0.9824194978160148	3482125	3482125	3544438	1.0	0.5789473684210527	44	44	76
marmgCAMI2_short_read_pooled_megahit_assembly	6	A_H_1309_4_4_S6_contigs	0.5454127079138197	0.981963348670442	3743919	2041981	2079488	0.5869158878504673	0.9373134328358209	535	314	335
marmgCAMI2_short_read_pooled_megahit_assembly	122	T_219_S4_contigs	0.5663640499398953	0.981915693075675	1536487	870211	886238	0.6013513513513513	0.9468085106382979	296	178	188
marmgCAMI2_short_read_pooled_megahit_assembly	50	Marinomonas_mediterranea_MMB_1_genomic	1.0	0.9801964664785473	4554675	4554675	4646696	1.0	0.581081081081081	86	86	148
marmgCAMI2_short_read_pooled_megahit_assembly	218	Hyperthermus_butylicus_DSM_5456_genomic	0.9742961481181814	0.9801072169702559	1745147	1700290	1734800	0.8181818181818182	0.15254237288135594	11	9	59
marmgCAMI2_short_read_pooled_megahit_assembly	165	Kangiella_geojedonensis_strain_YCS_5_genomic	1.0	0.9796473554049046	2455587	2455587	2506603	1.0	0.6831683168316832	69	69	101
marmgCAMI2_short_read_pooled_megahit_assembly	203	Desulfocapsa_sulfexigens_DSM_10523_genomic	1.0	0.9782774450127016	3922242	3922242	4009335	1.0	0.6111111111111112	55	55	90
marmgCAMI2_short_read_pooled_megahit_assembly	200	Clostridium_botulinum_202F_genomic	1.0	0.9774340952107549	3799777	3799777	3887502	1.0	0.42528735632183906	37	37	87
marmgCAMI2_short_read_pooled_megahit_assembly	141	Novosphingobium_sp_PP1Y_genomic	0.9900693913912177	0.9767828507589362	5233214	5181245	5304398	0.9855072463768116	0.7640449438202247	276	272	356
marmgCAMI2_short_read_pooled_megahit_assembly	54	Colwellia_psychrerythraea_34H_genomic	1.0	0.9756301873496092	5216599	5216599	5346902	1.0	0.6086956521739131	98	98	161
marmgCAMI2_short_read_pooled_megahit_assembly	186	Sulfurovum_sp_NBC37_1_genomic	1.0	0.9745080090963725	2349608	2349608	2411071	1.0	0.2857142857142857	24	24	84
marmgCAMI2_short_read_pooled_megahit_assembly	196	Marinobacter_salarius_R9SW1_genomic	0.9767925405768396	0.9738404287927078	4625237	4517897	4639258	0.9411764705882353	0.5783132530120482	51	48	83
marmgCAMI2_short_read_pooled_megahit_assembly	150	Desulfovibrio_africanus_str_Walvis_Bay_genomic	1.0	0.9737992527758528	4045463	4045463	4154309	1.0	0.7709677419354839	239	239	310
marmgCAMI2_short_read_pooled_megahit_assembly	129	Desulfobacterium_autotrophicum_HRM2_genomic	1.0	0.9730529314381803	5379239	5379239	5528208	1.0	0.6190476190476191	117	117	189
marmgCAMI2_short_read_pooled_megahit_assembly	156	Nonlabens_sp_MIC269_genomic	1.0	0.9703888952992595	2758443	2758443	2842616	1.0	0.4050632911392405	32	32	79
marmgCAMI2_short_read_pooled_megahit_assembly	144	Ilyobacter_polytropus_DSM_2926_genomic	1.0	0.970367635691114	3025321	3025321	3117706	1.0	0.7723880597014925	207	207	268
marmgCAMI2_short_read_pooled_megahit_assembly	78	Draconibacterium_orientale_strain_FH5_genomic	1.0	0.9701486028536125	4983243	4983243	5136577	1.0	0.765807962529274	327	327	427
marmgCAMI2_short_read_pooled_megahit_assembly	181	Methanosarcina_siciliae_T4_M_genomic	0.9747662099709213	0.9700143271714308	4789768	4668904	4813232	0.9733333333333334	0.6403508771929824	150	146	228
marmgCAMI2_short_read_pooled_megahit_assembly	163	Desulfococcus_multivorans_strain_DSM_2059_genomic	1.0	0.9696541398874002	4282334	4282334	4416352	1.0	0.5132743362831859	58	58	113
marmgCAMI2_short_read_pooled_megahit_assembly	140	Glaciecola_nitratireducens_FR1064_genomic	0.9957316712907306	0.9695870631760145	4045143	4027877	4154219	0.9952380952380953	0.7627737226277372	210	209	274
marmgCAMI2_short_read_pooled_megahit_assembly	192	Desulfotalea_psychrophila_LSv54_genomic	1.0	0.9689327801744931	3514949	3514949	3627650	1.0	0.29310344827586204	34	34	116
marmgCAMI2_short_read_pooled_megahit_assembly	193	Mehyloceanibacter_caenitepidi_Gela4_genomic	1.0	0.9670252930221593	3142017	3142017	3249157	1.0	0.6774193548387096	21	21	31
marmgCAMI2_short_read_pooled_megahit_assembly	132	Magnetospira_sp_QH_2_genomic	1.0	0.9661582197392514	3865543	3865543	4000942	1.0	0.5240641711229946	98	98	187
marmgCAMI2_short_read_pooled_megahit_assembly	136	Marinomonas_posidonica_IVIA_Po_181_genomic	0.8899376151369744	0.9647924165235028	3941501	3507690	3635694	0.926829268292683	0.31932773109243695	41	38	119
marmgCAMI2_short_read_pooled_megahit_assembly	187	Corynebacterium_phocae_strain_M408_89_1_genomic	1.0	0.9641644910753162	2650547	2650547	2749061	1.0	0.4574468085106383	43	43	94
marmgCAMI2_short_read_pooled_megahit_assembly	199	Krokinobacter_sp_4H_3_7_5_genomic	1.0	0.9639346089081124	3269805	3269805	3392144	1.0	0.5255474452554745	72	72	137
marmgCAMI2_short_read_pooled_megahit_assembly	42	Roseibacterium_elongatum_DSM_19469_genomic	1.0	0.9621696461406646	3482345	3482345	3619263	1.0	0.7685185185185185	249	249	324
marmgCAMI2_short_read_pooled_megahit_assembly	162	Shewanella_halifaxensis_HAW_EB4_genomic	0.9533503045911544	0.9608317629859641	5047750	4812274	5008446	0.9846153846153847	0.6095238095238096	130	128	210
marmgCAMI2_short_read_pooled_megahit_assembly	99	Tistrella_mobilis_KA081020_065_genomic	0.9865677919069142	0.9585800336417599	6279459	6195112	6462801	0.9931506849315068	0.7712765957446809	146	145	188
marmgCAMI2_short_read_pooled_megahit_assembly	179	Methylomonas_methanica_MC09_genomic	1.0	0.9578377565357247	4814378	4814378	5026298	1.0	0.5256410256410257	82	82	156
marmgCAMI2_short_read_pooled_megahit_assembly	108	TNX_S11_contigs	0.9924425548072062	0.9574894662762438	3623976	3596588	3756269	0.99	0.781578947368421	300	297	380
marmgCAMI2_short_read_pooled_megahit_assembly	159	Chlorobium_phaeobacteroides_BS1_genomic	1.0	0.9570694449016973	2558216	2558216	2672968	1.0	0.6287425149700598	105	105	167
marmgCAMI2_short_read_pooled_megahit_assembly	189	Ferrimonas_balearica_DSM_9799_genomic	1.0	0.9545673309205523	4089754	4089754	4284406	1.0	0.5698924731182796	53	53	93
marmgCAMI2_short_read_pooled_megahit_assembly	148	Erythrobacter_litoralis_strain_DSM_8509_genomic	1.0	0.9512634436918919	3007173	3007173	3161241	1.0	0.6	36	36	60
marmgCAMI2_short_read_pooled_megahit_assembly	184	Streptococcus_iniae_strain_ISET0901_genomic	0.6680352719491205	0.9506518793332543	1838855	1228420	1292187	0.6666666666666666	0.7919463087248322	177	118	149
marmgCAMI2_short_read_pooled_megahit_assembly	169	Planococcus_donghaensis_strain_DSM_22276_genomic	0.9822735125022741	0.94739073237631	3105635	3050583	3219984	0.990990990990991	0.676923076923077	222	220	325
marmgCAMI2_short_read_pooled_megahit_assembly	8	Thiolapillus_brandeum_Hiromi_1_genomic	1.0	0.946812643827019	3041344	3041344	3212192	1.0	0.69	69	69	100
marmgCAMI2_short_read_pooled_megahit_assembly	82	Nonlabens_dokdonensis_DSW_6_genomic	1.0	0.9464751964879405	3713397	3713397	3923396	1.0	0.6892950391644909	264	264	383
marmgCAMI2_short_read_pooled_megahit_assembly	114	Pelobacter_carbinolicus_DSM_2380_genomic	0.9559997704556565	0.9454481062061258	3624572	3465090	3665024	0.9915254237288136	0.6358695652173914	118	117	184
marmgCAMI2_short_read_pooled_megahit_assembly	175	Lacinutrix_sp_5H_3_7_4_genomic	0.8746476149412533	0.9453642616712007	3154220	2758831	2918273	0.9655172413793104	0.358974358974359	29	28	78
marmgCAMI2_short_read_pooled_megahit_assembly	74	Owenweeksia_hongkongensis_DSM_17368_genomic	1.0	0.9304400826295466	3824025	3824025	4109910	1.0	0.6978193146417445	448	448	642
marmgCAMI2_short_read_pooled_megahit_assembly	85	Francisella_noatunensis_subsp_orientalis_strain_FNO01_genomic	0.9074020239102022	0.9303280808538625	832448	755365	811934	0.9120370370370371	0.8312236286919831	216	197	237
marmgCAMI2_short_read_pooled_megahit_assembly	64	Alteromonas_sp_RW2A1_genomic	0.9279003327692197	0.9302906996964322	4035830	3744848	4025460	0.8727272727272727	0.488135593220339	165	144	295
marmgCAMI2_short_read_pooled_megahit_assembly	94	Thiocystis_violascens_DSM_198_genomic	0.9912033770602935	0.9268243680612946	4593581	4553173	4912660	0.9969604863221885	0.665314401622718	329	328	493
marmgCAMI2_short_read_pooled_megahit_assembly	63	Aeropyrum_camini_SY1_JCM_12091_genomic	0.9930722860287856	0.925609185834573	1540768	1530094	1653067	0.9947089947089947	0.6861313868613139	189	188	274
marmgCAMI2_short_read_pooled_megahit_assembly	113	Magnetococcus_marinus_MC_1_genomic	1.0	0.9239148891035003	4146251	4146251	4487698	1.0	0.40939597315436244	183	183	447
marmgCAMI2_short_read_pooled_megahit_assembly	194	Vibrio_cholerae_strain_Env_390_genomic	0.9541775629931231	0.9221547303226592	3810535	3635927	3942860	0.9789473684210527	0.4043478260869565	95	93	230
marmgCAMI2_short_read_pooled_megahit_assembly	4	Desulfobacula_toluolica_Tol2_genomic	1.0	0.91963417423782	4639376	4639376	5044806	1.0	0.3076923076923077	60	60	195
marmgCAMI2_short_read_pooled_megahit_assembly	131	Synechococcus_sp_CC9902_genomic	1.0	0.9151514911509526	2079841	2079841	2272674	1.0	0.7021276595744681	198	198	282
marmgCAMI2_short_read_pooled_megahit_assembly	10	Roseobacter_denitrificans_OCh_114_genomic	0.998607079212569	0.9109349241374682	4132324	4126568	4530036	0.9960079840319361	0.6591809775429326	501	499	757
marmgCAMI2_short_read_pooled_megahit_assembly	121	Vibrio_scophthalmi_strain_VS_05_genomic	0.9822255210808876	0.9078137547778516	4319339	4242565	4673387	0.9770992366412213	0.4383561643835616	131	128	292
marmgCAMI2_short_read_pooled_megahit_assembly	77	S17_S4_contigs	0.9646052665120192	0.9065496740808132	3216778	3102921	3422781	0.9576719576719577	0.5261627906976745	189	181	344
marmgCAMI2_short_read_pooled_megahit_assembly	43	Candidatus_Gloeomargarita_lithophora_D10_genomic	1.0	0.9061031287985687	2780459	2780459	3068590	1.0	0.6353166986564299	331	331	521
marmgCAMI2_short_read_pooled_megahit_assembly	71	Brucella_pinnipedialis_B2_94_genomic	0.5824617470002633	0.9046646505756686	3156027	1838265	2031985	0.5714285714285714	0.5960264900662252	315	180	302
marmgCAMI2_short_read_pooled_megahit_assembly	75	Methanocaldococcus_vulcanius_M7_genomic	1.0	0.9036402889067309	1635335	1635335	1809719	1.0	0.6222222222222222	196	196	315
marmgCAMI2_short_read_pooled_megahit_assembly	174	Aeromonas_salmonicida_subsp_salmonicida_A449_genomic	0.8920553418710934	0.9004872275200854	4412789	3936452	4371469	0.851063829787234	0.46511627906976744	94	80	172
marmgCAMI2_short_read_pooled_megahit_assembly	149	Pelobacter_acetylenicus_strain_DSM_3247_genomic	0.9290883392095887	0.8980181815158548	3255191	3024360	3367816	0.9655172413793104	0.19649122807017544	58	56	285
marmgCAMI2_short_read_pooled_megahit_assembly	62	Salinispora_tropica_CNB_440_genomic	0.9378572468339075	0.8958243959304397	5152250	4832075	5393998	0.8663028649386084	0.617704280155642	733	635	1028
marmgCAMI2_short_read_pooled_megahit_assembly	104	Streptomyces_pactum_strain_KLBMP_5084_genomic	0.9910102966747703	0.8952420004626622	7486009	7418712	8286823	0.9921875	0.6864864864864865	256	254	370
marmgCAMI2_short_read_pooled_megahit_assembly	102	Thermovirga_lienii_DSM_17291_genomic	1.0	0.8947575920295916	1792926	1792926	2003812	1.0	0.6308139534883721	217	217	344
marmgCAMI2_short_read_pooled_megahit_assembly	171	Synechococcus_sp_WH_7803_genomic	1.0	0.8918520564670847	2182568	2182568	2447231	1.0	0.6048387096774194	300	300	496
marmgCAMI2_short_read_pooled_megahit_assembly	123	Synechococcus_sp_RCC307_genomic	1.0	0.8875123199557347	2053100	2053100	2313320	1.0	0.5990888382687927	263	263	439
marmgCAMI2_short_read_pooled_megahit_assembly	118	Streptomyces_sp_GBA_94_10_genomic	0.9839186447446773	0.8828969260483083	6169878	6070658	6875840	0.9724770642201835	0.5221674876847291	109	106	203
marmgCAMI2_short_read_pooled_megahit_assembly	130	Thioflavicoccus_mobilis_8321_genomic	1.0	0.8782666077236505	3681359	3681359	4191619	1.0	0.5681818181818182	75	75	132
marmgCAMI2_short_read_pooled_megahit_assembly	70	Phaeobacter_gallaeciensis_DSM_26640_genomic	0.9978571039252004	0.8777571326073224	4183124	4174160	4755484	0.996309963099631	0.5882352941176471	542	540	918
marmgCAMI2_short_read_pooled_megahit_assembly	112	Shewanella_sp_ANA_3_genomic	0.9200862919342561	0.8689048734278488	4804157	4420239	5087138	0.9310344827586207	0.38434163701067614	116	108	281
marmgCAMI2_short_read_pooled_megahit_assembly	36	Rhodothermus_marinus_DSM_4252_genomic	1.0	0.8674022756313572	3071010	3071010	3540468	1.0	0.5635910224438903	452	452	802
marmgCAMI2_short_read_pooled_megahit_assembly	37	Octadecabacter_antarcticus_307_genomic	1.0	0.8662508991794029	4065461	4065461	4693168	1.0	0.5344086021505376	497	497	930
marmgCAMI2_short_read_pooled_megahit_assembly	15	MvHd14_S5_contigs	0.6330383225750089	0.8549924975204944	4487068	2840486	3322235	0.5870967741935483	0.7109375	155	91	128
marmgCAMI2_short_read_pooled_megahit_assembly	46	Oscillibacter_valericigenes_Sjm18_20_genomic	1.0	0.8548826956342302	3798985	3798985	4443867	1.0	0.5569620253164557	528	528	948
marmgCAMI2_short_read_pooled_megahit_assembly	11	Paraoerskovia_marina_strain_DSM_22126_genomic	0.9924174294524958	0.8504726408715325	2638683	2618675	3079082	0.9946380697050938	0.5400291120815138	373	371	687
marmgCAMI2_short_read_pooled_megahit_assembly	107	11_S11_contigs	0.8347313892455063	0.8417936960974798	5564632	4644973	5517947	0.8739130434782608	0.3165354330708661	230	201	635
marmgCAMI2_short_read_pooled_megahit_assembly	219	Hyphomicrobium_nitrativorans_NL23_genomic	1.0	0.8414308863495723	3272891	3272891	3889673	1.0	0.5	13	13	26
marmgCAMI2_short_read_pooled_megahit_assembly	7	Cycloclasticus_sp_P1_genomic	0.7049897721927485	0.8385790142898001	2761589	1946892	2321656	0.7261904761904762	0.38125	252	183	480
marmgCAMI2_short_read_pooled_megahit_assembly	96	Bacillus_infantis_NRRL_B_14911_genomic	0.9993929744646763	0.8385485766493181	4298007	4295398	5122420	0.9984496124031008	0.563922942206655	645	644	1142
marmgCAMI2_short_read_pooled_megahit_assembly	125	Vibrio_natriegens_strain_CCUG_16374_genomic	0.9276690806078037	0.8304530732302574	4718563	4377265	5270936	0.9078404401650619	0.514820592823713	727	660	1282
marmgCAMI2_short_read_pooled_megahit_assembly	100	Titti30_S10_contigs	0.9984720101982035	0.8192284129043701	4940478	4932929	6021433	0.9974358974358974	0.45872641509433965	390	389	848
marmgCAMI2_short_read_pooled_megahit_assembly	91	Colwellia_sp_MT41_genomic	0.9990835889337917	0.817497776171115	3626102	3622779	4431546	0.9983525535420099	0.49958779884583676	607	606	1213
marmgCAMI2_short_read_pooled_megahit_assembly	145	AW02J18_S11_contigs	0.9762279152629711	0.811589558122701	3089464	3016021	3716190	0.975	0.32231404958677684	40	39	121
marmgCAMI2_short_read_pooled_megahit_assembly	152	Titti27_S7_contigs	1.0	0.8072272364984358	2924933	2924933	3623432	1.0	0.4676258992805755	65	65	139
marmgCAMI2_short_read_pooled_megahit_assembly	177	VO5_S12_contigs	0.53091307348904	0.8052466662877489	827239	439192	545413	0.7307692307692307	0.4222222222222222	78	57	135
marmgCAMI2_short_read_pooled_megahit_assembly	23	Hahella_chejuensis_KCTC_2396_genomic	0.9995431417173399	0.8047330499444274	6036883	6034125	7498294	0.9989047097480832	0.5080779944289694	913	912	1795
marmgCAMI2_short_read_pooled_megahit_assembly	0	Shewanella_baltica_OS223_genomic	0.9490763412496245	0.8013045858355943	4374018	4151277	5180648	0.9401993355481728	0.4161764705882353	301	283	680
marmgCAMI2_short_read_pooled_megahit_assembly	33	Marinobacter_similis_A3d10_genomic	1.0	0.7981927401108528	3337706	3337706	4181579	1.0	0.5140425531914894	604	604	1175
marmgCAMI2_short_read_pooled_megahit_assembly	211	Candidatus_Endolissoclinum_patella_L2_genomic	1.0	0.7976404867430387	1472694	1472694	1846313	1.0	0.36363636363636365	4	4	11
marmgCAMI2_short_read_pooled_megahit_assembly	35	Marinobacter_sp_BSs20148_genomic	0.9544684332527809	0.7966448912904072	3592277	3428715	4303944	0.9724473257698542	0.5	617	600	1200
marmgCAMI2_short_read_pooled_megahit_assembly	41	Rhodococcus_sp_B7740_genomic	0.9936917026097349	0.7930999403774613	4456353	4428241	5583459	0.9975278121137207	0.48614457831325303	809	807	1660
marmgCAMI2_short_read_pooled_megahit_assembly	116	Vibrio_tubiashii_ATCC_19109_genomic	0.9828301556186615	0.789831407273451	4388741	4313387	5461149	0.9798657718120806	0.453416149068323	149	146	322
marmgCAMI2_short_read_pooled_megahit_assembly	110	Erythrobacter_litoralis_HTCC2594_genomic	0.9960462087949888	0.7478839350841073	2412874	2403334	3213512	0.993421052631579	0.43515850144092216	456	453	1041
marmgCAMI2_short_read_pooled_megahit_assembly	98	Thalassolituus_oleivorans_R6_15_genomic	0.613441268631057	0.7427791027893073	3237001	1985710	2673352	0.5958904109589042	0.28744493392070486	438	261	908
marmgCAMI2_short_read_pooled_megahit_assembly	51	Thermococcus_sp_4557_genomic	0.9977695414242346	0.737211936328714	1595636	1592077	2159592	0.9967948717948718	0.4242837653478854	312	311	733
marmgCAMI2_short_read_pooled_megahit_assembly	97	Halomonas_sp_A3H3_genomic	0.5237115828635233	0.7219132850679922	6083841	3186178	4413519	0.5161290322580645	0.32025620496397117	775	400	1249
marmgCAMI2_short_read_pooled_megahit_assembly	173	Nitrosococcus_halophilus_Nc_4_genomic	0.8867336687711195	0.7127305328968437	3744758	3320603	4658988	0.9333333333333333	0.12115384615384615	135	126	1040
marmgCAMI2_short_read_pooled_megahit_assembly	28	Formosa_haliotis_strain_LMG_28520_genomic	1.0	0.7036430603585381	3176636	3176636	4514556	1.0	0.4037758830694275	663	663	1642
marmgCAMI2_short_read_pooled_megahit_assembly	45	Maribacter_sp_MAR_2009_60_genomic	0.739995388292852	0.6787541801275004	3491115	2583409	3806104	0.7062937062937062	0.34400544959128065	715	505	1468
marmgCAMI2_short_read_pooled_megahit_assembly	120	Prochlorococcus_marinus_bv_HNLC2_genomic	0.9167410766842775	0.6378124310871688	1104242	1012304	1587150	0.8884297520661157	0.33541341653666146	242	215	641
marmgCAMI2_short_read_pooled_megahit_assembly	58	Luteimonas_sp_JM171_genomic	1.0	0.6347230755837149	2026832	2026832	3193254	1.0	0.35145482388973964	459	459	1306
marmgCAMI2_short_read_pooled_megahit_assembly	2	Alteromonas_macleodii_str_Black_Sea_11_genomic	0.7878884741652727	0.621696772864935	3341181	2632478	4234344	0.8095238095238095	0.26109215017064846	567	459	1758
marmgCAMI2_short_read_pooled_megahit_assembly	47	Candidatus_Atelocyanobacterium_thalassa_isolate_ALOHA_genomic	0.6166938918382825	0.5990640127923833	1508408	930226	1552799	0.5868421052631579	0.3217893217893218	380	223	693
marmgCAMI2_short_read_pooled_megahit_assembly	9	Prochlorococcus_marinus_bv_HNLC1_genomic	0.9967830863639511	0.5914465235570342	982308	979148	1655514	0.9956896551724138	0.3100671140939597	232	231	745
marmgCAMI2_short_read_pooled_megahit_assembly	135	Spirochaeta_thermophila_DSM_6578_genomic	1.0	0.5914365239284415	1591755	1591755	2691337	1.0	0.30310663308144414	361	361	1191
marmgCAMI2_short_read_pooled_megahit_assembly	73	Desulfovibrio_desulfuricans_ND132_genomic	0.9984163994630311	0.5893810780790875	2446324	2442450	4144093	0.9983164983164983	0.30966057441253264	594	593	1915
marmgCAMI2_short_read_pooled_megahit_assembly	48	Psychromonas_sp_CNPT3_genomic	0.9832371947894736	0.5815945076916145	1916505	1884379	3240022	0.9779735682819384	0.29698996655518395	454	444	1495
marmgCAMI2_short_read_pooled_megahit_assembly	95	Shewanella_piezotolerans_WP3_genomic	1.0	0.5672156383952862	3205605	3205605	5651475	1.0	0.29121306376360806	749	749	2572
marmgCAMI2_short_read_pooled_megahit_assembly	5	Rhodoferax_ferrireducens_T118_genomic	1.0	0.5484781253951253	2919373	2919373	5322679	1.0	0.2756563245823389	693	693	2514
marmgCAMI2_short_read_pooled_megahit_assembly	69	Ruegeria_pomeroyi_DSS_3_genomic	0.9979809565389518	0.5460569854820493	2702765	2697308	4939609	0.9984177215189873	0.2767543859649123	632	631	2280
marmgCAMI2_short_read_pooled_megahit_assembly	151	Prochlorococcus_marinus_str_MIT_9515_genomic	0.9940357675554873	0.5417414961724202	1009015	1002997	1851431	0.9914163090128756	0.279322853688029	233	231	827
marmgCAMI2_short_read_pooled_megahit_assembly	158	Nitrosococcus_oceani_ATCC_19707_genomic	1.0	0.5398681017596177	1938885	1938885	3591405	1.0	0.4462809917355372	54	54	121
marmgCAMI2_short_read_pooled_megahit_assembly	133	Spiribacter_sp_UAH_SP71_genomic	0.8329773527752506	0.5386306328808159	1574056	1311153	2434234	0.8571428571428571	0.06	35	30	500
marmgCAMI2_short_read_pooled_megahit_assembly	38	Synechococcus_sp_CC9311_genomic	0.9875784660044307	0.5347162844165911	1518492	1499630	2804534	0.9840848806366048	0.27259368111682586	377	371	1361
marmgCAMI2_short_read_pooled_megahit_assembly	72	Thermotoga_sp_RQ2_genomic	0.8698075856082619	0.5238545163254638	1034538	899849	1717746	0.8620689655172413	0.2053388090349076	116	100	487
marmgCAMI2_short_read_pooled_megahit_assembly	213	Spiribacter_salinus_M19_40_genomic	0.8873824959054596	0.5136222257174453	949435	842512	1640334	0.8333333333333334	0.12195121951219512	12	10	82
marmgCAMI2_short_read_pooled_megahit_assembly	40	T_232_S7_contigs	0.7106978779019473	0.5055192396402314	1814902	1289847	2551529	0.7032418952618454	0.2175925925925926	401	282	1296
marmgCAMI2_short_read_pooled_megahit_assembly	19	Cellulophaga_baltica_18_genomic	0.5679880888119064	0.49897642373643736	3203039	1819288	3646040	0.5577889447236181	0.22214809873248834	597	333	1499
marmgCAMI2_short_read_pooled_megahit_assembly	21	Zunongwangia_profunda_SM_A87_genomic	0.995955962964669	0.49241692966911793	2713625	2702651	5488542	0.995575221238938	0.2405559515324305	678	675	2806
marmgCAMI2_short_read_pooled_megahit_assembly	80	Desulfovibrio_salexigens_DSM_2638_genomic	1.0	0.4922934217770664	2272039	2272039	4615213	1.0	0.23900414937759337	576	576	2410
marmgCAMI2_short_read_pooled_megahit_assembly	161	Thermoplasma_volcanium_GSS1_genomic	1.0	0.4890855477941413	835789	835789	1708881	1.0	0.22691879866518352	204	204	899
marmgCAMI2_short_read_pooled_megahit_assembly	105	Hydrogenophaga_sp_LPB0072_genomic	0.998949186829546	0.47415575954237604	2541841	2539170	5355139	0.9984871406959153	0.22758620689655173	661	660	2900
marmgCAMI2_short_read_pooled_megahit_assembly	44	Glaciecola_sp_4H_3_7_YE_5_genomic	0.9976087946088099	0.461482614598792	2673547	2667154	5779533	0.9971098265895953	0.21821631878557876	692	690	3162
marmgCAMI2_short_read_pooled_megahit_assembly	157	Weissella_ceti_strain_WS74_genomic	0.28212015890593195	0.45606758832565286	273621	77194	169260	0.2891566265060241	0.22857142857142856	83	24	105
marmgCAMI2_short_read_pooled_megahit_assembly	84	Alteromonas_macleodii_str_Balearic_Sea_AD45_genomic	0.7939429704743072	0.45289719590417055	2385922	1894286	4182596	0.7680412371134021	0.15675960021041557	388	298	1901
marmgCAMI2_short_read_pooled_megahit_assembly	90	Thermosipho_sp_1063_genomic	0.9764410752941368	0.44242228656601007	857849	837639	1893302	0.9724770642201835	0.2054263565891473	218	212	1032
marmgCAMI2_short_read_pooled_megahit_assembly	61	Confluentimicrobium_sp_EMB200_NS6_genomic	0.9649297868245752	0.4299012894300937	1938169	1870197	4350294	0.9549902152641878	0.20810234541577824	511	488	2345
marmgCAMI2_short_read_pooled_megahit_assembly	176	Vibrio_coralliilyticus_OCN014_genomic	0.7435651646408422	0.4212180861316683	2909515	2163414	5136090	0.7586206896551724	0.12290502793296089	29	22	179
marmgCAMI2_short_read_pooled_megahit_assembly	111	Dinoroseobacter_shibae_DFL_12_genomic	0.9893607299908924	0.4209434838486711	1969778	1948821	4629650	0.9921722113502935	0.2037781350482315	511	507	2488
marmgCAMI2_short_read_pooled_megahit_assembly	49	Prochlorococcus_marinus_str_MIT_9301_genomic	1.0	0.41371246843139087	765179	765179	1849543	1.0	0.19509803921568628	199	199	1020
marmgCAMI2_short_read_pooled_megahit_assembly	12	Muricauda_lutaonensis_strain_CC_HSB_11_genomic	0.8898124916324112	0.41054829092520967	1613368	1435595	3496775	0.8656036446469249	0.18756169792694966	439	380	2026
marmgCAMI2_short_read_pooled_megahit_assembly	57	Alteromonas_stellipolaris_strain_PQQ_44_genomic	0.8535990777990462	0.4084603866165124	1972672	1683871	4122483	0.874766355140187	0.1960620025136154	535	468	2387
marmgCAMI2_short_read_pooled_megahit_assembly	25	Haliangium_ochraceum_DSM_14365_genomic	0.9813931862785883	0.40489109227764514	4086460	4010424	9904945	0.9774774774774775	0.18134715025906736	1110	1085	5983
marmgCAMI2_short_read_pooled_megahit_assembly	32	Salmonella_enterica_subsp_enterica_serovar_Typhimurium_22495_genomic	0.8533699142116051	0.3840817767043546	2116953	1806544	4703540	0.8514680483592401	0.18125	579	493	2720
marmgCAMI2_short_read_pooled_megahit_assembly	22	Acinetobacter_venetianus_VE_C3_genomic	0.9977503496503497	0.38363126863327984	1430000	1426783	3719152	0.9974554707379135	0.17507815989280928	393	392	2239
marmgCAMI2_short_read_pooled_megahit_assembly	83	Tenacibaculum_sp_LPB0136_genomic	0.9898509618204817	0.3778366677326148	1210361	1198077	3170886	0.9878787878787879	0.16917488323819407	330	326	1927
marmgCAMI2_short_read_pooled_megahit_assembly	143	Halorhabdus_tiamatea_SARL4B_genomic	1.0	0.36969217359596107	1238915	1238915	3351207	1.0	0.1678115799803729	342	342	2038
marmgCAMI2_short_read_pooled_megahit_assembly	87	Celeribacter_indicus_P73_genomic	1.0	0.36877929341472365	1911899	1911899	5184399	1.0	0.16622251832111926	499	499	3002
marmgCAMI2_short_read_pooled_megahit_assembly	16	Bdellovibrio_bacteriovorus_strain_109J_genomic	0.98431081428474	0.36276338113951767	1524872	1500948	4137540	0.9834123222748815	0.15876052027543994	422	415	2614
marmgCAMI2_short_read_pooled_megahit_assembly	26	Vibrio_nigripulchritudo_str_SFn1_genomic	0.8831396978111746	0.358606216362817	2708439	2391930	6670074	0.8651535380507344	0.15502392344497606	749	648	4180
marmgCAMI2_short_read_pooled_megahit_assembly	24	Parvularcula_bermudensis_HTCC2503_genomic	0.9936364626279466	0.3407670460947495	1065288	1058509	3106254	0.9931972789115646	0.14651279478173607	294	292	1993
marmgCAMI2_short_read_pooled_megahit_assembly	67	Cellulophaga_lytica_strain_HI1_genomic	0.6760169370925823	0.3395847690545153	801082	541545	1594727	0.6748971193415638	0.14990859232175502	243	164	1094
marmgCAMI2_short_read_pooled_megahit_assembly	183	Pyrococcus_furiosus_DSM_3638_genomic	0.9592575608320029	0.3383465027626847	706536	677750	2003124	0.9507389162561576	0.1504286827747467	203	193	1283
marmgCAMI2_short_read_pooled_megahit_assembly	55	Alteromonas_macleodii_str_Ionian_Sea_U4_genomic	0.27706115546584914	0.33604228931301633	2786374	771996	2297318	0.2708333333333333	0.11589895988112928	576	156	1346
marmgCAMI2_short_read_pooled_megahit_assembly	142	Pseudoalteromonas_haloplanktis_TAC125_genomic	0.9717749700913308	0.33434092962553963	1370840	1332148	3984400	0.9671717171717171	0.14896927265655388	396	383	2571
marmgCAMI2_short_read_pooled_megahit_assembly	31	Prochlorococcus_marinus_str_MIT_9313_genomic	0.8628887196012746	0.3255450770601654	941199	812150	2494739	0.846441947565543	0.1472312703583062	267	226	1535
marmgCAMI2_short_read_pooled_megahit_assembly	68	Titti20_S7_contigs	0.8210465343063017	0.32095089742126265	1876594	1540771	4800644	0.8133086876155268	0.13694366635543107	541	440	3213
marmgCAMI2_short_read_pooled_megahit_assembly	29	Flavobacteriaceae_bacterium_UJ101_genomic	0.9908532217320816	0.320254932694783	1060920	1051216	3282435	0.9901960784313726	0.13879981676591846	306	303	2183
marmgCAMI2_short_read_pooled_megahit_assembly	81	Marinobacter_aquaeolei_VT8_genomic	0.8096914348212455	0.30339986815846637	1828625	1480622	4880101	0.8169291338582677	0.13305546649567168	508	415	3119
marmgCAMI2_short_read_pooled_megahit_assembly	172	Pseudomonas_balearica_DSM_6083_genomic	0.9938082946911739	0.29125371892486185	1376519	1367996	4696922	0.9914285714285714	0.12724605793912724	350	347	2727
marmgCAMI2_short_read_pooled_megahit_assembly	59	Marinomonas_sp_MWYL1_genomic	0.7993168782290775	0.2865956472848886	1925279	1538908	5369614	0.7697715289982425	0.11771029293200752	569	438	3721
marmgCAMI2_short_read_pooled_megahit_assembly	30	Dokdonia_donghaensis_DSW_1_genomic	0.934635061358632	0.2804605275920747	1036366	968624	3453691	0.9413793103448276	0.11294993793959454	290	273	2417
marmgCAMI2_short_read_pooled_megahit_assembly	197	Nitrosococcus_oceani_ATCC_19707_genomic	0.6428978699849296	0.27973286220852284	1562665	1004634	3591405	0.72	0.1487603305785124	25	18	121
marmgCAMI2_short_read_pooled_megahit_assembly	160	Thermotoga_sp_RQ2_genomic	0.5455597650411873	0.2741319147301173	863130	470889	1717746	0.5490196078431373	0.2299794661190965	204	112	487
marmgCAMI2_short_read_pooled_megahit_assembly	92	Formosa_sp_Hel3_A1_48_genomic	0.43523173406911986	0.27347929643701774	1343868	584894	2138714	0.42317380352644834	0.11626297577854672	397	168	1445
marmgCAMI2_short_read_pooled_megahit_assembly	34	Salinispora_arenicola_CNS_205_genomic	0.9813707362784307	0.26897553130276636	1629533	1599176	5945433	0.9889380530973452	0.1086269744835966	452	447	4115
marmgCAMI2_short_read_pooled_megahit_assembly	119	Edwardsiella_piscicida_strain_S11_285_genomic	0.8047570535091784	0.26896542459322514	1368326	1101170	4094095	0.8186528497409327	0.11021974189047785	386	316	2867
marmgCAMI2_short_read_pooled_megahit_assembly	115	Psychromonas_ingrahamii_37_genomic	0.9866059257091365	0.26806037860612764	1298410	1281019	4778845	0.9865591397849462	0.10929124478856463	372	367	3358
marmgCAMI2_short_read_pooled_megahit_assembly	66	Caldithrix_abyssi_DSM_13497_genomic	1.0	0.2657442136752002	1343894	1343894	5057096	1.0	0.11070319118892968	392	392	3541
marmgCAMI2_short_read_pooled_megahit_assembly	101	Shewanella_woodyi_ATCC_51908_genomic	0.9585832107614046	0.2594215945370612	1663649	1594746	6147314	0.9570552147239264	0.10542915070961928	489	468	4439
marmgCAMI2_short_read_pooled_megahit_assembly	195	Vibrio_coralliilyticus_OCN014_genomic	0.8487605306274931	0.23621470807559836	1429402	1213220	5136090	0.9259259259259259	0.27932960893854747	54	50	179
marmgCAMI2_short_read_pooled_megahit_assembly	117	Oleispira_antarctica_RB_8_genomic	0.9239077106731429	0.2358616562208204	1204603	1112942	4718622	0.9224137931034483	0.11034719834994844	348	321	2909
marmgCAMI2_short_read_pooled_megahit_assembly	14	Psychrobacter_sp_P11F6_genomic	0.9765424486229681	0.23579933241197285	878992	858373	3640269	0.9770992366412213	0.09513192121887774	262	256	2691
marmgCAMI2_short_read_pooled_megahit_assembly	60	Spirochaeta_sp_L21_RPul_D2_genomic	0.9968930443660824	0.2357405220226482	932424	929527	3943009	0.9963636363636363	0.0958041958041958	275	274	2860
marmgCAMI2_short_read_pooled_megahit_assembly	147	Yangia_sp_CCB_MM3_genomic	1.0	0.23529034226594966	1356426	1356426	5764903	1.0	0.09461742698527636	392	392	4143
marmgCAMI2_short_read_pooled_megahit_assembly	109	Paraglaciecola_psychrophila_170_genomic	0.8489675339181696	0.22468173755157156	1499565	1273082	5666157	0.8366445916114791	0.08993830090175606	453	379	4214
marmgCAMI2_short_read_pooled_megahit_assembly	146	Ruminiclostridium_thermocellum_DSM_2360_strain_LQRI_genomic	0.9965845090401348	0.21769620839799966	810718	807949	3711360	0.9960159362549801	0.091441111923921	251	250	2734
marmgCAMI2_short_read_pooled_megahit_assembly	217	Spiribacter_sp_UAH_SP71_genomic	1.0	0.21014002762265255	511530	511530	2434234	1.0	0.004	2	2	500
marmgCAMI2_short_read_pooled_megahit_assembly	56	Pusillimonas_sp_T7_7_genomic	0.7991864177647541	0.20571715874211233	1059266	846551	4115121	0.7857142857142857	0.08065030283710552	322	253	3137
marmgCAMI2_short_read_pooled_megahit_assembly	178	Haloquadratum_walsbyi_C23_genomic	0.9868761167623648	0.2025143604414355	681658	672712	3321799	0.9852216748768473	0.0779423226812159	203	200	2566
marmgCAMI2_short_read_pooled_megahit_assembly	223	Spiribacter_salinus_M19_40_genomic	1.0	0.19902836861273374	326473	326473	1640334	1.0	0.012195121951219513	1	1	82
marmgCAMI2_short_read_pooled_megahit_assembly	154	alpha_proteobacterium_HIMB5_genomic	0.7155354037397613	0.18952814880582933	380666	272380	1437148	0.7094017094017094	0.07867298578199051	117	83	1055
marmgCAMI2_short_read_pooled_megahit_assembly	86	Gramella_sp_MAR_2010_102_genomic	0.5811125571053622	0.18379085429836037	1144157	664884	3617612	0.5730659025787965	0.070298769771529	349	200	2845
marmgCAMI2_short_read_pooled_megahit_assembly	17	Muricauda_ruestringensis_DSM_13258_genomic	0.9687563092408853	0.18262570660680472	757817	734140	4019916	0.9658119658119658	0.07055885107711521	234	226	3203
marmgCAMI2_short_read_pooled_megahit_assembly	127	Alteromonas_mediterranea_strain_CP48_genomic	0.495931249766495	0.16837065979671906	1258003	623883	3705414	0.5051020408163265	0.04184277261200338	196	99	2366
marmgCAMI2_short_read_pooled_megahit_assembly	208	Alteromonas_mediterranea_strain_CP48_genomic	0.5784638226643845	0.1650787199487021	1057430	611685	3705414	0.23076923076923078	0.001267962806424345	13	3	2366
marmgCAMI2_short_read_pooled_megahit_assembly	103	Cellulophaga_baltica_18_genomic	0.49357340724804194	0.16366002567168764	1208961	596711	3646040	0.4866920152091255	0.08539026017344896	263	128	1499
marmgCAMI2_short_read_pooled_megahit_assembly	1	Alteromonas_macleodii_str_Balearic_Sea_AD45_genomic	0.4150873466011559	0.16172970088433117	1629657	676450	4182596	0.45989304812834225	0.09047869542346133	374	172	1901
marmgCAMI2_short_read_pooled_megahit_assembly	20	12_S1_contigs	0.6702423973269512	0.1563247962597027	902939	605188	3871350	0.6746031746031746	0.04817228676678946	252	170	3529
marmgCAMI2_short_read_pooled_megahit_assembly	222	Hyphomicrobium_nitrativorans_NL23_genomic	1.0	0.153212108061526	595945	595945	3889673	1.0	0.07692307692307693	2	2	26
marmgCAMI2_short_read_pooled_megahit_assembly	164	Vibrio_alginolyticus_strain_ATCC_33787_genomic	0.6910551797769843	0.1505329691147898	1240092	856972	5692919	0.775811209439528	0.05835367206567561	339	263	4507
marmgCAMI2_short_read_pooled_megahit_assembly	18	MvHd14_S5_contigs	0.3588572560827083	0.1450075024795055	1342453	481749	3322235	0.24183006535947713	0.2890625	153	37	128
marmgCAMI2_short_read_pooled_megahit_assembly	39	Photobacterium_profundum_SS9_genomic	0.9320507981747272	0.13114027280469512	850503	792712	6044764	0.9328358208955224	0.046992481203007516	268	250	5320
marmgCAMI2_short_read_pooled_megahit_assembly	201	Vibrio_coralliilyticus_OCN014_genomic	0.7121625280626984	0.13007248704754004	938078	668064	5136090	0.6	0.0335195530726257	10	6	179
marmgCAMI2_short_read_pooled_megahit_assembly	137	Photobacterium_gaetbulicola_Gung47_genomic	1.0	0.12919711853798932	756980	756980	5859109	1.0	0.046822742474916385	238	238	5083
marmgCAMI2_short_read_pooled_megahit_assembly	207	Vibrio_coralliilyticus_OCN014_genomic	0.6355929918733768	0.12393883284755525	1001523	636561	5136090	0.7	0.03910614525139665	10	7	179
marmgCAMI2_short_read_pooled_megahit_assembly	88	Polaribacter_sp_LPB0003_genomic	0.7860799028326031	0.1225021632145368	599378	471159	3846128	0.7754010695187166	0.04384638645297853	187	145	3307
marmgCAMI2_short_read_pooled_megahit_assembly	3	Saccharophagus_degradans_2_40_genomic	0.8225106183433228	0.1212916956038355	742112	610395	5032455	0.8253275109170306	0.042837715321849504	229	189	4412
marmgCAMI2_short_read_pooled_megahit_assembly	27	Pseudomonas_balearica_DSM_6083_genomic	0.748835536581263	0.10994178740886053	689588	516388	4696922	0.7715736040609137	0.055738907224055737	197	152	2727
marmgCAMI2_short_read_pooled_megahit_assembly	221	Thioflavicoccus_mobilis_8321_genomic	1.0	0.09031402901838168	378562	378562	4191619	1.0	0.030303030303030304	4	4	132
marmgCAMI2_short_read_pooled_megahit_assembly	170	Alteromonas_macleodii_str_Ionian_Sea_U4_genomic	0.39828407707071384	0.08798172477645672	507482	202122	2297318	0.1746031746031746	0.008172362555720654	63	11	1346
marmgCAMI2_short_read_pooled_megahit_assembly	52	Moorea_producens_JHB_genomic	0.6661811858653095	0.08080336082298338	1083462	721782	8932574	0.6810344827586207	0.028400239664469744	348	237	8345
marmgCAMI2_short_read_pooled_megahit_assembly	79	Aliivibrio_wodanis_genomic	0.08480336239441592	0.07744874008985406	589104	49958	645046	0.06626506024096386	0.02231237322515213	166	11	493
marmgCAMI2_short_read_pooled_megahit_assembly	153	Vibrio_parahaemolyticus_UCM_V493_genomic	0.19748305187897905	0.07655029099047538	944795	186581	2437365	0.20327868852459016	0.02666666666666667	305	62	2325
marmgCAMI2_short_read_pooled_megahit_assembly	191	Shewanella_sp_ANA_3_genomic	0.472738887305534	0.04727864665751155	508765	240513	5087138	0.5	0.02491103202846975	14	7	281
marmgCAMI2_short_read_pooled_megahit_assembly	167	Vibrio_anguillarum_strain_90_11_286_genomic	0.08892701841343582	0.045472559692488985	874796	77793	1710768	0.08438818565400844	0.01718213058419244	237	20	1164
marmgCAMI2_short_read_pooled_megahit_assembly	216	Streptomyces_pactum_strain_KLBMP_5084_genomic	0.7628759456301125	0.03741964803640672	406475	310090	8286823	0.5	0.002702702702702703	2	1	370
marmgCAMI2_short_read_pooled_megahit_assembly	139	Tistrella_mobilis_KA081020_065_genomic	0.5087391148436566	0.035561825282876575	451762	229829	6462801	0.5	0.09574468085106383	36	18	188
marmgCAMI2_short_read_pooled_megahit_assembly	138	Vibrio_scophthalmi_strain_VS_05_genomic	0.6562085081523182	0.03172624051892129	225948	148269	4673387	0.7777777777777778	0.023972602739726026	9	7	292
marmgCAMI2_short_read_pooled_megahit_assembly	180	Streptomyces_sp_GBA_94_10_genomic	0.6650719274299839	0.02062206217713036	213201	141794	6875840	0.8181818181818182	0.04433497536945813	11	9	203
