Method	num_5010	num_7010	num_9010	num_505	num_605	num_705	num_805	num_905
combine_novars/cluster_res/res/test3_parallel_leiden_markerseed_RBERVertexPartition_nodesize_hnsw_l2mode_bandwidth_0.15_res_maxedges100respara_70_partgraph_ratio_50.tsv.filtersmallbins_200000.tsv_bins_checkm2_output/quality_report.tsv	44	17	3	19	14	5	1	0
covMat/cluster_res/res/test3_parallel_leiden_markerseed_RBERVertexPartition_nodesize_hnsw_l2mode_bandwidth_0.2_res_maxedges100respara_10_partgraph_ratio_100.tsv.filtersmallbins_200000.tsv_bins_checkm2_output/quality_report.tsv	22	14	4	9	7	5	4	2
compositMat/cluster_res/res/test3_parallel_leiden_markerseed_RBERVertexPartition_nodesize_hnsw_l2mode_bandwidth_0.1_res_maxedges100respara_90_partgraph_ratio_50.tsv.filtersmallbins_200000.tsv_bins_checkm2_output/quality_report.tsv	32	12	1	13	10	4	2	1
COMEBIN_with_VAMB_embeddings_l2normaize/cluster_res/res/Leiden_markerseed_nodesize_bandwidth_0.05_res_maxedges100respara_30_partgraph_ratio_50.tsv.filtersmallbins_200000.tsv_bins_checkm2_output/quality_report.tsv	79	45	21	52	39	31	26	16
COMEBIN_with_CLMB_embeddings_l2normaize/cluster_res/res/test3_parallel_leiden_markerseed_RBERVertexPartition_nodesize_hnsw_l2mode_bandwidth_0.05_res_maxedges100respara_30_partgraph_ratio_50.tsv.filtersmallbins_200000.tsv_bins_checkm2_output/quality_report.tsv	49	35	14	32	26	22	18	10
COMEBIN_with_semibin_embeddings_l2normaize/cluster_res/res/Leiden_markerseed_nodesize_bandwidth_0.2_res_maxedges100respara_10_partgraph_ratio_50.tsv.filtersmallbins_200000.tsv_bins_checkm2_output/quality_report.tsv	73	51	17	55	45	39	30	15
cluster_infomap/res/Infomap_nodesize_bandwidth_0.1_res_maxedges100_partgraph_ratio_50.tsv.filtersmallbins_200000.tsv_bins_checkm2_output/quality_report.tsv	149	90	38	71	59	45	31	23
semibin2_Easy_coassemly_mode_no_recluster/output_bins_checkm2_output/quality_report.tsv	100	57	22	66	55	42	30	19
kmeans	26	18	9	8	7	4	3	1
weight_kmeans	34	26	15	16	14	12	11	8
COMEBIN_with_semibin1_embeddings_l2normaize/cluster_res/res/test3_parallel_leiden_markerseed_RBERVertexPartition_nodesize_hnsw_l2mode_bandwidth_0.05_res_maxedges100respara_30_partgraph_ratio_100.tsv.filtersmallbins_200000.tsv_bins_checkm2_output/quality_report.tsv	93	57	14	61	48	39	23	10
COMEBin_nocovloss_tau0.15_nepoch200_earlystop_addvars_nedge75_vars_sqrt_NokmerMetric/test3_parallel_leiden_markerseed_RBERVertexPartition_nodesize_hnsw_l2mode_bandwidth_0.05_res_maxedges100respara_50_partgraph_ratio_100.tsv.filtersmallbins_200000.tsv_bins_checkm2_output/quality_report.tsv	129	89	31	75	61	48	33	22
