Method	num_5010	num_7010	num_9010	num_505	num_605	num_705	num_805	num_905
concoct_bins_checkm2_output/quality_report.tsv	48	32	20	20	19	15	15	9
Method	num_5010	num_7010	num_9010	num_505	num_605	num_705	num_805	num_905
maxbin2_bins_checkm2_output/quality_report.tsv	70	43	26	19	15	13	11	10
Method	num_5010	num_7010	num_9010	num_505	num_605	num_705	num_805	num_905
metabat2_bins_checkm2_output/quality_report.tsv	119	75	32	94	78	60	47	27
Method	num_5010	num_7010	num_9010	num_505	num_605	num_705	num_805	num_905
vamb_m200000/bins_checkm2_output/quality_report.tsv	63	43	13	59	47	40	29	12
Method	num_5010	num_7010	num_9010	num_505	num_605	num_705	num_805	num_905
vamb_v413_m200000/bins_checkm2_output/quality_report.tsv	79	52	17	70	58	47	37	17
clmb_m200000/bins_checkm2_output/quality_report.tsv	62	40	12	57	47	37	26	10
Method	num_5010	num_7010	num_9010	num_505	num_605	num_705	num_805	num_905
metadecoder/samfiles_checkm2_output/quality_report.tsv	99	65	17	91	81	64	44	17
Method	num_5010	num_7010	num_9010	num_505	num_605	num_705	num_805	num_905
semibin_Easy_coassemly_mode_v1.0.0_default/output_recluster_bins_checkm2_output/quality_report.tsv	105	62	23	85	64	53	42	19
semibin2_Easy_coassemly_mode/output_bins_checkm2_output/quality_report.tsv	112	68	27	88	71	58	49	25
Method	num_5010	num_7010	num_9010	num_505	num_605	num_705	num_805	num_905
COMEBin_nocovloss_tau0.15_nepoch200_earlystop_addvars_nedge75_vars_sqrt_NokmerMetric/test3_parallel_leiden_markerseed_RBERVertexPartition_nodesize_hnsw_l2mode_bandwidth_0.1_res_maxedges100respara_50_partgraph_ratio_50.tsv.filtersmallbins_200000.tsv_bins_checkm2_output/quality_report.tsv	175	125	52	103	85	67	51	34
