Method	num_5010	num_7010	num_9010	num_505	num_605	num_705	num_805	num_905
concoct_bins_checkm2_quality_report.tsv	8	4	1	4	3	3	1	0
maxbin2_bins_checkm2_quality_report.tsv	12	4	2	2	1	0	0	0
metabat2_bins_checkm2_quality_report.tsv	24	16	7	16	14	11	8	5
vamb_m200000/bins_checkm2_output/quality_report.tsv	5	1	0	5	5	1	1	0
vamb_v413_m200000/bins_checkm2_output/quality_report.tsv	5	0	0	5	4	0	0	0
clmb_m200000/bins_checkm2_output/quality_report.tsv	12	7	1	7	4	4	2	0
metadecoder/samfiles_checkm2_output/quality_report.tsv	21	14	5	18	16	13	8	4
semibin_Easy_coassemly_mode_v1.0.0_default/output_recluster_bins_checkm2_output/quality_report.tsv	17	11	3	14	14	11	6	3
semibin2_Easy_coassemly_mode/output_bins_checkm2_output/quality_report.tsv	21	12	4	18	14	11	6	3
COMEBin_nocovloss_tau0.15_nepoch200_earlystop_addvars_nedge75_vars_sqrt_NokmerMetric/comebin_res_bins_checkm2_output/quality_report.tsv	28	20	6	15	12	11	9	4
