sample_id	Bin ID	Most abundant genome	Purity (bp)	Completeness (bp)	Bin size (bp)	True positives (bp)	True size of most abundant genome (bp)	Purity (seq)	Completeness (seq)	Bin size (seq)	True positives (seq)	True size of most abundant genome (seq)
strmgCAMI2_short_read_pooled_gold_standard_assembly	55	spades_And8926_S4_L001	1.0	0.9983934377928799	4588144	4588144	4595527	1.0	0.8809523809523809	37	37	42
strmgCAMI2_short_read_pooled_gold_standard_assembly	72	spades_MRSA7796_S10_L001	1.0	0.9960852834233811	2752346	2752346	2763163	1.0	0.7894736842105263	15	15	19
strmgCAMI2_short_read_pooled_gold_standard_assembly	60	SP138_S19	0.4690306197839969	0.9954123595222049	4540953	2129846	2139662	0.35	0.9423076923076923	140	49	52
strmgCAMI2_short_read_pooled_gold_standard_assembly	1	SP181_S61	1.0	0.9925465780313784	2118680	2118680	2134590	1.0	0.9222222222222223	83	83	90
strmgCAMI2_short_read_pooled_gold_standard_assembly	40	MIKI-NS24	0.3338673917545656	0.9880168054472829	15871547	5298992	5363261	0.3507692307692308	0.8382352941176471	325	114	136
strmgCAMI2_short_read_pooled_gold_standard_assembly	8	spades_MRSA7133_S3_L001	0.2542692193321795	0.9863058115961185	10946205	2783283	2821927	0.22	0.6470588235294118	50	11	17
strmgCAMI2_short_read_pooled_gold_standard_assembly	83	spades_ESBL8341_S10_L001	1.0	0.9851301826219304	4790362	4790362	4862669	1.0	0.8888888888888888	40	40	45
strmgCAMI2_short_read_pooled_gold_standard_assembly	151	SP114_S92	0.14625832974592476	0.9845114063715471	13377809	1956616	1987398	0.09090909090909091	0.631578947368421	132	12	19
strmgCAMI2_short_read_pooled_gold_standard_assembly	51	spades_MRSA8602_S6_L001	0.5000013528560686	0.9842962631540635	5543827	2771921	2816145	0.5	0.5882352941176471	20	10	17
strmgCAMI2_short_read_pooled_gold_standard_assembly	54	spades_MRSA7231_S7_L001	0.5000059381153372	0.9840040387231278	5473117	2736591	2781077	0.5074626865671642	0.85	67	34	40
strmgCAMI2_short_read_pooled_gold_standard_assembly	113	SP20_S77	0.9850680603874611	0.9791983236950643	2188865	2156181	2201986	0.96	0.7741935483870968	75	72	93
strmgCAMI2_short_read_pooled_gold_standard_assembly	16	spades_MRSA8186_S9_L001	0.09206529795981977	0.9791073070983964	30248357	2784824	2844248	0.07589285714285714	0.4857142857142857	224	17	35
strmgCAMI2_short_read_pooled_gold_standard_assembly	32	spades_MRSA8339_S5_L001	1.0	0.9737585460777148	2704702	2704702	2777590	1.0	0.5789473684210527	11	11	19
strmgCAMI2_short_read_pooled_gold_standard_assembly	0	spades_And12875_S7_L001	0.5213041936122476	0.971968833325964	9698560	5055900	5201710	0.5339805825242718	0.7857142857142857	103	55	70
strmgCAMI2_short_read_pooled_gold_standard_assembly	251	SP165_S46	0.12270424413714925	0.9685688587101106	15577277	1911398	1973425	0.08854166666666667	0.7391304347826086	192	17	23
strmgCAMI2_short_read_pooled_gold_standard_assembly	99	SP68_S51	1.0	0.9661995049981197	2209563	2209563	2286860	1.0	0.7228915662650602	60	60	83
strmgCAMI2_short_read_pooled_gold_standard_assembly	4	spades_ESBL5609_S2_L001	0.13303261733837457	0.9603051610759057	36728564	4886097	5088067	0.10377358490566038	0.5409836065573771	318	33	61
strmgCAMI2_short_read_pooled_gold_standard_assembly	38	MIKI-NS11	1.0	0.9597017985075212	1956855	1956855	2039024	1.0	0.6666666666666666	18	18	27
strmgCAMI2_short_read_pooled_gold_standard_assembly	110	SP117_S95	1.0	0.9580494267005439	2142119	2142119	2235917	1.0	0.65625	42	42	64
strmgCAMI2_short_read_pooled_gold_standard_assembly	128	SP119_S1	0.9747151329824247	0.957195511507904	2098172	2045120	2136575	0.948905109489051	0.8125	137	130	160
strmgCAMI2_short_read_pooled_gold_standard_assembly	10	spades_And8381_S10_L001	0.06492639037099603	0.9511391622759929	80545984	5229560	5498207	0.057736720554272515	0.6097560975609756	433	25	41
strmgCAMI2_short_read_pooled_gold_standard_assembly	149	SP102_S82	0.034608162880177505	0.9496142731349255	55279704	1913129	2014638	0.022792022792022793	0.6153846153846154	702	16	26
strmgCAMI2_short_read_pooled_gold_standard_assembly	21	spades_And9076_S11_L001	0.25255414967795026	0.9446585894206729	20882488	5273959	5582926	0.25842696629213485	0.3194444444444444	89	23	72
strmgCAMI2_short_read_pooled_gold_standard_assembly	24	spades_ESBL10055_S8_L001	1.0	0.9331930352037371	4750058	4750058	5090113	1.0	0.6491228070175439	37	37	57
strmgCAMI2_short_read_pooled_gold_standard_assembly	159	spades_ESBL8873_S6_L001	0.34394181551877384	0.9320272551287484	15085947	5188688	5567099	0.35064935064935066	0.574468085106383	77	27	47
strmgCAMI2_short_read_pooled_gold_standard_assembly	42	spades_And8655_S10_L001	0.12542814691163792	0.9319084629055538	41617724	5220034	5601445	0.12269938650306748	0.4166666666666667	163	20	48
strmgCAMI2_short_read_pooled_gold_standard_assembly	14	spades_ESBL6200_S12_L001	0.15226913389559604	0.9313187537758686	29683396	4519865	4853188	0.12890625	0.6	256	33	55
strmgCAMI2_short_read_pooled_gold_standard_assembly	9	spades_And4613_S9_L001	0.5026109708754142	0.9145819894170067	9483637	4766580	5211758	0.5238095238095238	0.4125	63	33	80
strmgCAMI2_short_read_pooled_gold_standard_assembly	94	spades_ESBL5772_S6_L001	0.20051984918407476	0.9138986340645939	24270116	4866640	5325142	0.16756756756756758	0.4305555555555556	185	31	72
strmgCAMI2_short_read_pooled_gold_standard_assembly	155	spades_And4500_S1_L001	0.3507657345317542	0.9137202161479328	14550147	5103693	5585619	0.34615384615384615	0.32142857142857145	52	18	56
strmgCAMI2_short_read_pooled_gold_standard_assembly	13	spades_And6884_S7_L001	0.280512027911934	0.913476083020197	18288378	5130110	5616031	0.30833333333333335	0.4868421052631579	120	37	76
strmgCAMI2_short_read_pooled_gold_standard_assembly	164	spades_And7051_S7_L001	0.07468537823726562	0.9067582525597534	62685349	4681679	5163095	0.047957371225577264	0.47368421052631576	563	27	57
strmgCAMI2_short_read_pooled_gold_standard_assembly	156	spades_And4955_S10_L001	0.0464617660805945	0.9034644504039308	98076147	4556791	5043686	0.02531645569620253	0.4	869	22	55
strmgCAMI2_short_read_pooled_gold_standard_assembly	229	SP7_S4	0.07659368349474316	0.9020494050283019	24788454	1898639	2104806	0.03787878787878788	0.5263157894736842	528	20	38
strmgCAMI2_short_read_pooled_gold_standard_assembly	5	spades_ESBL5791_S4_L001	0.029491458155733282	0.8996349347950213	165298846	4874904	5418758	0.02688728024819028	0.3939393939393939	967	26	66
strmgCAMI2_short_read_pooled_gold_standard_assembly	67	spades_ESBL8960_S8_L001	1.0	0.89960043024081	5103525	5103525	5673102	1.0	0.4307692307692308	28	28	65
strmgCAMI2_short_read_pooled_gold_standard_assembly	139	spades_And4180_S6_L001	1.0	0.8990862622741064	4799291	4799291	5337965	1.0	0.36538461538461536	19	19	52
strmgCAMI2_short_read_pooled_gold_standard_assembly	97	spades_ESBL7810_S9_L001	0.5176884017052595	0.8971776687437508	10269639	5316473	5925775	0.28169014084507044	0.3225806451612903	71	20	62
strmgCAMI2_short_read_pooled_gold_standard_assembly	20	spades_ESBL9440_S6_L001	0.5014202607339422	0.8959184105412057	9117340	4571619	5102718	0.43333333333333335	0.3023255813953488	30	13	43
strmgCAMI2_short_read_pooled_gold_standard_assembly	12	spades_ESBL5808_S8_L001	0.3380713180135768	0.8946637492437254	13607614	4600344	5141981	0.36764705882352944	0.3968253968253968	68	25	63
strmgCAMI2_short_read_pooled_gold_standard_assembly	22	spades_ESBL5621_S1_L001	1.0	0.8915645826769976	4686470	4686470	5256456	1.0	0.3625	29	29	80
strmgCAMI2_short_read_pooled_gold_standard_assembly	57	spades_ESBL9336_S1_L001	1.0	0.8882950149213252	4591994	4591994	5169447	1.0	0.41	41	41	100
strmgCAMI2_short_read_pooled_gold_standard_assembly	65	spades_ESBL5734_S3_L001	1.0	0.8864886872605979	4962155	4962155	5597539	1.0	0.5416666666666666	39	39	72
strmgCAMI2_short_read_pooled_gold_standard_assembly	161	spades_And4246_S5_L001	0.17532087475334104	0.881860884192849	28370649	4973967	5640308	0.14465408805031446	0.39655172413793105	159	23	58
strmgCAMI2_short_read_pooled_gold_standard_assembly	11	spades_ESBL6351_S5_L001	0.5034435736488894	0.8808335071233141	8993564	4527752	5140304	0.5135135135135135	0.4418604651162791	74	38	86
strmgCAMI2_short_read_pooled_gold_standard_assembly	90	spades_And10925_S5_L001	1.0	0.8574581894195391	4816906	4816906	5617657	1.0	0.46496815286624205	73	73	157
strmgCAMI2_short_read_pooled_gold_standard_assembly	25	spades_ESBL5852_S11_L001	0.25520641050669524	0.8440706752032663	18624924	4753200	5631282	0.32061068702290074	0.3888888888888889	131	42	108
strmgCAMI2_short_read_pooled_gold_standard_assembly	245	SP49_S36	0.43623785261910064	0.8347137436387341	3937783	1717810	2057963	0.26153846153846155	0.4657534246575342	130	34	73
strmgCAMI2_short_read_pooled_gold_standard_assembly	204	SP195_S74	0.08976053682733975	0.8111243515875555	17934407	1609802	1984655	0.061170212765957445	0.5111111111111111	376	23	45
strmgCAMI2_short_read_pooled_gold_standard_assembly	85	spades_ESBL5872_S5_L001	0.5205583791525603	0.8111082786310624	8801618	4581756	5648760	0.36507936507936506	0.23711340206185566	63	23	97
strmgCAMI2_short_read_pooled_gold_standard_assembly	118	SP149_S30	0.9917500240849482	0.7989157644778473	1702308	1688264	2113194	0.9411764705882353	0.48484848484848486	17	16	33
strmgCAMI2_short_read_pooled_gold_standard_assembly	166	SP36_S23	1.0	0.7902335511443589	1648232	1648232	2085753	1.0	0.41379310344827586	24	24	58
strmgCAMI2_short_read_pooled_gold_standard_assembly	86	spades_VRE2237_S15_L001	0.050539693704488464	0.7835110213996407	46665914	2358481	3010144	0.04785478547854786	0.3790849673202614	1212	58	153
strmgCAMI2_short_read_pooled_gold_standard_assembly	103	spades_And5388_S8_L001	0.501676979276035	0.7661159681605214	8013814	4020346	5247699	0.5053763440860215	0.415929203539823	93	47	113
strmgCAMI2_short_read_pooled_gold_standard_assembly	283	SP3_S87	0.1354052035673959	0.7308590632240705	11016327	1491668	2040979	0.12056737588652482	0.3617021276595745	141	17	47
strmgCAMI2_short_read_pooled_gold_standard_assembly	250	SP187_S66	0.40827659936401667	0.6716644665112514	3221468	1315250	1958195	0.5227272727272727	0.34074074074074073	88	46	135
strmgCAMI2_short_read_pooled_gold_standard_assembly	237	SP69_S52	0.972764770148752	0.6522461977332007	1487375	1446866	2218282	0.9166666666666666	0.4074074074074074	24	22	54
strmgCAMI2_short_read_pooled_gold_standard_assembly	202	SP100_S81	0.1907273913333654	0.635170415492022	6967295	1328854	2092122	0.15	0.32432432432432434	160	24	74
strmgCAMI2_short_read_pooled_gold_standard_assembly	228	spades_ESBL6164_S11_L001	0.958003940475871	0.6134701722673412	3390961	3248554	5295374	0.9635036496350365	0.6910994764397905	137	132	191
strmgCAMI2_short_read_pooled_gold_standard_assembly	248	SP75_S58	0.11442950748355069	0.5877446743838983	10679623	1222064	2079243	0.09803921568627451	0.2542372881355932	153	15	59
strmgCAMI2_short_read_pooled_gold_standard_assembly	284	SP160_S41	0.16101872568299228	0.5580742790647644	7088660	1141407	2045260	0.11711711711711711	0.4642857142857143	111	13	28
strmgCAMI2_short_read_pooled_gold_standard_assembly	226	spades_ESBL9166_S11_L001	0.5995248400727915	0.5420920932933485	4257093	2552233	4708117	0.5408163265306123	0.35570469798657717	98	53	149
strmgCAMI2_short_read_pooled_gold_standard_assembly	306	SP148_S29	0.27964804366489193	0.4932917291265082	3679661	1029010	2086007	0.13636363636363635	0.2903225806451613	66	9	31
strmgCAMI2_short_read_pooled_gold_standard_assembly	259	SP113_S91	0.20783280159506992	0.41817134262695826	4141762	860794	2058472	0.10256410256410256	0.18181818181818182	39	4	22
strmgCAMI2_short_read_pooled_gold_standard_assembly	169	spades_ESBL5909_S5_L001	0.510835664160055	0.35470443149832015	3404729	1739257	4903398	0.48484848484848486	0.2318840579710145	66	32	138
strmgCAMI2_short_read_pooled_gold_standard_assembly	298	SP56_S42	0.9467184641086155	0.34865605350883144	754220	714034	2047961	0.7272727272727273	0.21621621621621623	11	8	37
strmgCAMI2_short_read_pooled_gold_standard_assembly	195	spades_And9353_S7_L001	1.0	0.3381622384492496	1822942	1822942	5390732	1.0	0.16417910447761194	11	11	67
strmgCAMI2_short_read_pooled_gold_standard_assembly	265	SP130_S11	1.0	0.3322804162232698	690070	690070	2076770	1.0	0.16666666666666666	7	7	42
strmgCAMI2_short_read_pooled_gold_standard_assembly	240	SP166_S47	0.25631459476592067	0.3157326369417975	2574512	659885	2090012	0.18	0.23076923076923078	50	9	39
strmgCAMI2_short_read_pooled_gold_standard_assembly	307	SP137_S18	0.8630809959451761	0.25311999543984604	596820	515104	2035019	0.8333333333333334	0.10869565217391304	6	5	46
strmgCAMI2_short_read_pooled_gold_standard_assembly	238	SP1_S85	1.0	0.24985625782262494	540588	540588	2163596	1.0	0.115	23	23	200
strmgCAMI2_short_read_pooled_gold_standard_assembly	268	SP59_S47	0.29583993215528875	0.23796610072195742	1681487	497451	2090428	0.3	0.05172413793103448	10	3	58
strmgCAMI2_short_read_pooled_gold_standard_assembly	115	spades_And7187_S3_L001	0.34240907166457885	0.22479364486777062	3207526	1098286	4885752	0.32	0.0898876404494382	25	8	89
strmgCAMI2_short_read_pooled_gold_standard_assembly	262	SP113_S91	0.4857857086159972	0.21703671461161483	919673	446764	2058472	0.16666666666666666	0.045454545454545456	6	1	22
strmgCAMI2_short_read_pooled_gold_standard_assembly	326	SP105_S84	1.0	0.20658096080881505	418099	418099	2023899	1.0	0.07142857142857142	2	2	28
strmgCAMI2_short_read_pooled_gold_standard_assembly	286	SP145_S26	0.2928391200620917	0.20050514558232932	1396644	408992	2039808	0.3076923076923077	0.07692307692307693	13	4	52
strmgCAMI2_short_read_pooled_gold_standard_assembly	285	SP127_S8	0.3347265399919433	0.1917246750718006	1176662	393860	2054300	0.25	0.05660377358490566	12	3	53
strmgCAMI2_short_read_pooled_gold_standard_assembly	260	SP56_S42	0.28157406100355076	0.18992793319794665	1381395	388965	2047961	0.17647058823529413	0.08108108108108109	17	3	37
strmgCAMI2_short_read_pooled_gold_standard_assembly	263	SP103_S83	0.3114525457137383	0.18738277769962958	1231796	383646	2047392	0.35714285714285715	0.10416666666666667	14	5	48
strmgCAMI2_short_read_pooled_gold_standard_assembly	275	SP4_S3	0.20519515369443586	0.17419831913782688	1863275	382335	2194826	0.2	0.047619047619047616	20	4	84
strmgCAMI2_short_read_pooled_gold_standard_assembly	272	SP22_S78	0.19292900258695028	0.159883698990951	1756895	338956	2120016	0.16666666666666666	0.06060606060606061	12	2	33
strmgCAMI2_short_read_pooled_gold_standard_assembly	270	SP70_S53	0.5576048928169469	0.15547693036756788	573085	319555	2055321	0.3333333333333333	0.058823529411764705	9	3	51
strmgCAMI2_short_read_pooled_gold_standard_assembly	138	spades_ESBL6760_S6_L001	0.8515758667032278	0.1550613560118108	959123	816766	5267373	0.75	0.039473684210526314	4	3	76
strmgCAMI2_short_read_pooled_gold_standard_assembly	267	SP22_S78	0.21091379069532437	0.15456770137583867	1553649	327686	2120016	0.06666666666666667	0.030303030303030304	15	1	33
strmgCAMI2_short_read_pooled_gold_standard_assembly	153	spades_AND4471_S1_L001	0.9949362440016604	0.14333836511590517	773339	769423	5367879	0.9629629629629629	0.30952380952380953	27	26	84
strmgCAMI2_short_read_pooled_gold_standard_assembly	264	SP40_S27	0.48323865819607037	0.14176970824262153	624592	301827	2128995	0.5	0.05128205128205128	4	2	39
strmgCAMI2_short_read_pooled_gold_standard_assembly	290	SP144_S25	0.3569160228628855	0.1370172774396963	796050	284123	2073629	0.36363636363636365	0.05128205128205128	11	4	78
strmgCAMI2_short_read_pooled_gold_standard_assembly	271	SP95_S76	0.4480649816517544	0.1323345957597087	606325	271673	2052925	0.3333333333333333	0.046511627906976744	6	2	43
strmgCAMI2_short_read_pooled_gold_standard_assembly	186	SP101_S82	1.0	0.12879269337688365	274598	274598	2132093	1.0	0.09523809523809523	4	4	42
strmgCAMI2_short_read_pooled_gold_standard_assembly	143	SP17_S90	1.0	0.12348519527405423	257080	257080	2081869	1.0	0.017543859649122806	1	1	57
strmgCAMI2_short_read_pooled_gold_standard_assembly	93	spades_ESBL6101_S9_L001	0.8606755641558294	0.1221676405003602	702820	604900	4951393	0.75	0.04477611940298507	4	3	67
strmgCAMI2_short_read_pooled_gold_standard_assembly	211	spades_VRE2961_S3_L001	0.526347797601354	0.12159785351456158	659372	347059	2854154	0.6744186046511628	0.19727891156462585	43	29	147
strmgCAMI2_short_read_pooled_gold_standard_assembly	318	SP70_S53	0.6173581347290598	0.11977009917185685	398741	246166	2055321	0.5	0.058823529411764705	6	3	51
strmgCAMI2_short_read_pooled_gold_standard_assembly	257	SP160_S41	0.30628182496032835	0.11749019684538885	784565	240298	2045260	0.2	0.03571428571428571	5	1	28
strmgCAMI2_short_read_pooled_gold_standard_assembly	258	SP40_S27	0.188959152822737	0.11214117459176748	1263490	238748	2128995	0.15	0.07692307692307693	20	3	39
strmgCAMI2_short_read_pooled_gold_standard_assembly	104	spades_ESBL7359_S3_L001	0.6463021250246869	0.10854371909588989	1048129	677408	6240877	0.782608695652174	0.03773584905660377	23	18	477
strmgCAMI2_short_read_pooled_gold_standard_assembly	217	spades_ESBL9046_S6_L001	0.38743160072144045	0.10774661121071873	1570192	608342	5646043	0.0625	0.03278688524590164	32	2	61
strmgCAMI2_short_read_pooled_gold_standard_assembly	266	SP103_S83	0.22317087247696946	0.10765109954517747	987602	220404	2047392	0.1875	0.0625	16	3	48
strmgCAMI2_short_read_pooled_gold_standard_assembly	291	SP121_S3	1.0	0.10720419998826067	222822	222822	2078482	1.0	0.043478260869565216	2	2	46
strmgCAMI2_short_read_pooled_gold_standard_assembly	274	SP126_S7	0.27236059539569274	0.1052554872038033	774275	210882	2003525	0.2857142857142857	0.046511627906976744	7	2	43
strmgCAMI2_short_read_pooled_gold_standard_assembly	233	spades_And5237_S4_L001	0.7284530044278734	0.10476687559880724	855038	622855	5945152	0.9479166666666666	0.2893481717011129	192	182	629
strmgCAMI2_short_read_pooled_gold_standard_assembly	120	spades_ESBL7862_S8_L001	0.6465331145386133	0.1036381596531421	946397	611877	5903974	0.7142857142857143	0.17391304347826086	28	20	115
strmgCAMI2_short_read_pooled_gold_standard_assembly	305	SP56_S42	0.8989109968958323	0.10350490072809004	235812	211974	2047961	0.6666666666666666	0.05405405405405406	3	2	37
strmgCAMI2_short_read_pooled_gold_standard_assembly	302	SP27_S15	1.0	0.10179143061993194	201602	201602	1980540	1.0	0.09090909090909091	2	2	22
strmgCAMI2_short_read_pooled_gold_standard_assembly	293	SP145_S26	0.541967554318255	0.10059280089106426	378602	205190	2039808	0.6	0.057692307692307696	5	3	52
strmgCAMI2_short_read_pooled_gold_standard_assembly	154	spades_ESBL5780_S5_L001	1.0	0.1002732067267972	536331	536331	5348697	1.0	0.18867924528301888	20	20	106
strmgCAMI2_short_read_pooled_gold_standard_assembly	322	SP76_S59	0.5224750526915124	0.09993546910995614	400444	209222	2093571	0.5	0.03333333333333333	4	2	60
strmgCAMI2_short_read_pooled_gold_standard_assembly	235	SP126_S7	0.4108986248800767	0.09619645375026516	469050	192732	2003525	0.3333333333333333	0.023255813953488372	3	1	43
strmgCAMI2_short_read_pooled_gold_standard_assembly	282	SP112_S90	0.5669924820889894	0.09255764745485585	339456	192469	2079450	0.3333333333333333	0.02857142857142857	6	2	70
strmgCAMI2_short_read_pooled_gold_standard_assembly	279	SP179_S59	0.3167621617383805	0.0924630528249964	612248	193937	2097454	0.2857142857142857	0.02	7	2	100
strmgCAMI2_short_read_pooled_gold_standard_assembly	323	SP32_S19	0.5273936864075137	0.09227797703987138	367968	194064	2103037	0.5	0.023255813953488372	2	1	43
strmgCAMI2_short_read_pooled_gold_standard_assembly	297	SP112_S90	0.5419616183684764	0.08994589915602684	345113	187038	2079450	0.5	0.02857142857142857	4	2	70
strmgCAMI2_short_read_pooled_gold_standard_assembly	188	spades_And9387_S6_L001	1.0	0.0897239489599743	496709	496709	5535969	1.0	0.030303030303030304	2	2	66
strmgCAMI2_short_read_pooled_gold_standard_assembly	190	spades_ESBL7553_S11_L001	1.0	0.08650484848473615	466728	466728	5395397	1.0	0.028169014084507043	2	2	71
strmgCAMI2_short_read_pooled_gold_standard_assembly	278	SP96_S77	0.4264051180516612	0.08597828043439132	436885	186290	2166710	0.3333333333333333	0.020833333333333332	3	1	48
strmgCAMI2_short_read_pooled_gold_standard_assembly	311	SP144_S25	0.432319699582402	0.08572073403680215	411161	177753	2073629	0.5	0.038461538461538464	6	3	78
strmgCAMI2_short_read_pooled_gold_standard_assembly	109	SP126_S7	0.4965628178191451	0.08505009920015971	343159	170400	2003525	0.3333333333333333	0.023255813953488372	3	1	43
strmgCAMI2_short_read_pooled_gold_standard_assembly	276	SP10_S7	0.27402888232196243	0.08421565755286502	639907	175353	2082190	0.3125	0.08196721311475409	16	5	61
strmgCAMI2_short_read_pooled_gold_standard_assembly	137	spades_ESBL9251_S1_L001	0.39759303813491453	0.08094063662628494	1161298	461724	5704477	0.46153846153846156	0.21951219512195122	39	18	82
strmgCAMI2_short_read_pooled_gold_standard_assembly	296	SP86_S69	0.34114754818034154	0.07585341189056649	455580	155420	2048952	0.25	0.02666666666666667	8	2	75
strmgCAMI2_short_read_pooled_gold_standard_assembly	170	spades_ESBL7359_S3_L001	0.33964929077555384	0.07571580084017038	1391238	472533	6240877	0.4358974358974359	0.03563941299790356	39	17	477
strmgCAMI2_short_read_pooled_gold_standard_assembly	315	SP70_S53	0.6231893377919969	0.07543931093975102	248804	155052	2055321	0.3333333333333333	0.0196078431372549	3	1	51
strmgCAMI2_short_read_pooled_gold_standard_assembly	173	spades_ESBL8075_S12_L001	1.0	0.07326033826013381	395947	395947	5404657	1.0	0.19672131147540983	12	12	61
strmgCAMI2_short_read_pooled_gold_standard_assembly	280	SP53_S39	0.25501695507552125	0.07311868757737958	618104	157627	2155769	0.2727272727272727	0.05084745762711865	11	3	59
strmgCAMI2_short_read_pooled_gold_standard_assembly	163	spades_ESBL8514_S7_L001	1.0	0.06743496592679148	330800	330800	4905467	1.0	0.028985507246376812	2	2	69
strmgCAMI2_short_read_pooled_gold_standard_assembly	241	SP147_S28	0.3475484905143094	0.066034818299012	404873	140713	2130891	0.25	0.018867924528301886	4	1	53
strmgCAMI2_short_read_pooled_gold_standard_assembly	102	SP63_S49	0.2855269412637917	0.06571386071150949	479636	136949	2084020	0.14285714285714285	0.017543859649122806	7	1	57
strmgCAMI2_short_read_pooled_gold_standard_assembly	281	SP111_S89	0.30132681180297294	0.06527269487767533	454699	137013	2099086	0.25	0.041666666666666664	4	1	24
strmgCAMI2_short_read_pooled_gold_standard_assembly	317	SP32_S19	0.6413702449338547	0.06519476357287105	213772	137107	2103037	0.5	0.023255813953488372	2	1	43
strmgCAMI2_short_read_pooled_gold_standard_assembly	193	spades_VRE3021_S4_L001	0.5205147718315984	0.06487189770785713	367930	191513	2952172	0.5714285714285714	0.06153846153846154	14	8	130
strmgCAMI2_short_read_pooled_gold_standard_assembly	247	spades_ESBL8960_S8_L001	0.5549511897498475	0.06413175719385973	655600	363826	5673102	0.6666666666666666	0.24615384615384617	24	16	65
strmgCAMI2_short_read_pooled_gold_standard_assembly	324	SP22_S78	0.5302084768785558	0.06352074701323009	253985	134665	2120016	0.5	0.030303030303030304	2	1	33
strmgCAMI2_short_read_pooled_gold_standard_assembly	287	SP198_S01	0.2189345480830867	0.062414339453910984	586568	128420	2057540	0.14285714285714285	0.03333333333333333	7	1	30
strmgCAMI2_short_read_pooled_gold_standard_assembly	313	SP155_S36	0.582470491253816	0.06197410753699681	220782	128599	2075044	0.5	0.041666666666666664	4	2	48
strmgCAMI2_short_read_pooled_gold_standard_assembly	319	SP76_S59	0.5821607430251481	0.06185460153966596	222442	129497	2093571	0.5	0.016666666666666666	2	1	60
strmgCAMI2_short_read_pooled_gold_standard_assembly	252	SP105_S84	0.5618013471806078	0.06160831148194648	221945	124689	2023899	0.25	0.03571428571428571	4	1	28
strmgCAMI2_short_read_pooled_gold_standard_assembly	301	SP92_S73	0.5545794500826793	0.0600865084236334	224361	124426	2070781	0.5	0.01818181818181818	2	1	55
strmgCAMI2_short_read_pooled_gold_standard_assembly	300	spades_ESBL5872_S5_L001	0.5129819099807631	0.05985933195958051	659148	338131	5648760	0.25	0.16494845360824742	64	16	97
strmgCAMI2_short_read_pooled_gold_standard_assembly	227	spades_And5527_S8_L001	0.1362509078485252	0.0595025573525594	2397151	326614	5489075	0.046153846153846156	0.046875	65	3	64
strmgCAMI2_short_read_pooled_gold_standard_assembly	196	SP40_S27	0.20203487903810405	0.05890948546145012	620774	125418	2128995	0.16666666666666666	0.02564102564102564	6	1	39
strmgCAMI2_short_read_pooled_gold_standard_assembly	320	SP32_S19	0.4816978239191527	0.05811262474221804	253713	122213	2103037	0.3333333333333333	0.023255813953488372	3	1	43
strmgCAMI2_short_read_pooled_gold_standard_assembly	277	SP17_S90	0.515073347403528	0.05697188439810574	230274	118608	2081869	0.5	0.017543859649122806	2	1	57
strmgCAMI2_short_read_pooled_gold_standard_assembly	288	SP147_S28	0.4571494344834874	0.056847112311235064	264979	121135	2130891	0.2857142857142857	0.03773584905660377	7	2	53
strmgCAMI2_short_read_pooled_gold_standard_assembly	230	spades_ESBL6101_S9_L001	1.0	0.05580086250475371	276292	276292	4951393	1.0	0.1044776119402985	7	7	67
strmgCAMI2_short_read_pooled_gold_standard_assembly	183	spades_ESBL8956_S2_L001	0.47263576947936803	0.05540849655262779	651343	307848	5555971	0.4666666666666667	0.1346153846153846	15	7	52
strmgCAMI2_short_read_pooled_gold_standard_assembly	325	SP126_S7	0.3889761837655017	0.055106375014037756	283840	110407	2003525	0.3333333333333333	0.023255813953488372	3	1	43
strmgCAMI2_short_read_pooled_gold_standard_assembly	289	SP147_S28	0.23451499178463475	0.05472358745707782	497239	116610	2130891	0.2	0.018867924528301886	5	1	53
strmgCAMI2_short_read_pooled_gold_standard_assembly	29	SP132_S13	0.38630968553818873	0.05401753444050858	279716	108057	2000406	0.3333333333333333	0.01639344262295082	3	1	61
strmgCAMI2_short_read_pooled_gold_standard_assembly	312	SP161_S42	0.28459770233425935	0.05385783564038141	388046	110437	2050528	0.16666666666666666	0.03225806451612903	6	1	31
strmgCAMI2_short_read_pooled_gold_standard_assembly	261	SP103_S83	0.39541724280352686	0.05377475344242822	278435	110098	2047392	0.25	0.041666666666666664	8	2	48
strmgCAMI2_short_read_pooled_gold_standard_assembly	273	SP169_S50	0.3071614487865679	0.0528724776523137	327336	100545	1901651	0.3	0.0136986301369863	10	3	219
strmgCAMI2_short_read_pooled_gold_standard_assembly	321	SP168_S49	0.41453362969507007	0.05049843548388944	212803	88214	1746866	0.5333333333333333	0.020942408376963352	15	8	382
strmgCAMI2_short_read_pooled_gold_standard_assembly	310	SP32_S19	0.29777886532841685	0.050342433347582566	355539	105872	2103037	0.25	0.023255813953488372	4	1	43
strmgCAMI2_short_read_pooled_gold_standard_assembly	294	SP101_S82	0.05488903996070968	0.04911605638215594	1907849	104720	2132093	0.02	0.023809523809523808	50	1	42
strmgCAMI2_short_read_pooled_gold_standard_assembly	82	spades_VRE2961_S3_L001	0.2155148073908262	0.048406287817686085	641065	138159	2854154	0.14285714285714285	0.006802721088435374	7	1	147
strmgCAMI2_short_read_pooled_gold_standard_assembly	216	spades_And10925_S5_L001	1.0	0.0483577050005011	271657	271657	5617657	1.0	0.12101910828025478	19	19	157
strmgCAMI2_short_read_pooled_gold_standard_assembly	303	SP46_S33	0.3844551439520487	0.04731854331546663	254425	97815	2067160	0.3333333333333333	0.015151515151515152	6	2	132
strmgCAMI2_short_read_pooled_gold_standard_assembly	309	SP4_S3	0.26436364390608147	0.046456530039283295	385696	101964	2194826	0.2857142857142857	0.023809523809523808	7	2	84
strmgCAMI2_short_read_pooled_gold_standard_assembly	299	SP59_S47	0.2982678300735756	0.0463096552476335	324564	96807	2090428	0.25	0.017241379310344827	4	1	58
strmgCAMI2_short_read_pooled_gold_standard_assembly	111	SP116_S94	0.37444609463839845	0.04596533461962815	247109	92529	2013017	0.0625	0.04	16	1	25
strmgCAMI2_short_read_pooled_gold_standard_assembly	223	SP103_S83	0.37360298030867484	0.044916654944436626	246149	91962	2047392	0.3333333333333333	0.020833333333333332	3	1	48
strmgCAMI2_short_read_pooled_gold_standard_assembly	316	SP145_S26	0.38825349466821374	0.044784116936495984	235287	91351	2039808	0.3333333333333333	0.019230769230769232	3	1	52
strmgCAMI2_short_read_pooled_gold_standard_assembly	63	spades_VRE3043_S21_L001	0.15041290335953972	0.043527771353312344	868363	130613	3000682	0.14285714285714285	0.006211180124223602	7	1	161
strmgCAMI2_short_read_pooled_gold_standard_assembly	66	spades_AND9183_S11_L001	0.5000011162632864	0.04350510990109261	447923	223962	5147947	0.5	0.01694915254237288	2	1	59
strmgCAMI2_short_read_pooled_gold_standard_assembly	122	spades_And9454_S3_L001	1.0	0.041564210743412586	231761	231761	5575975	1.0	0.049586776859504134	6	6	121
strmgCAMI2_short_read_pooled_gold_standard_assembly	180	spades_And9426_S4_L001	0.2766132335998579	0.03928390004590336	754277	208643	5311158	0.18181818181818182	0.025	11	2	80
strmgCAMI2_short_read_pooled_gold_standard_assembly	295	SP22_S78	0.33213317624183303	0.03802990166111954	242746	80624	2120016	0.2	0.030303030303030304	5	1	33
strmgCAMI2_short_read_pooled_gold_standard_assembly	304	SP40_S27	0.23808248290559295	0.03799163455057433	339731	80884	2128995	0.125	0.02564102564102564	8	1	39
strmgCAMI2_short_read_pooled_gold_standard_assembly	239	SP35_S22	0.23321712591342755	0.0377800644741179	322412	75192	1990256	0.2	0.022727272727272728	5	1	44
strmgCAMI2_short_read_pooled_gold_standard_assembly	168	spades_And4543_S2_L001	0.5002935868645642	0.03739401098233776	417253	208749	5582418	0.5	0.07272727272727272	8	4	55
strmgCAMI2_short_read_pooled_gold_standard_assembly	114	SP94_S75	0.13673985884365866	0.03691779124572644	561080	76722	2078185	0.1	0.016129032258064516	10	1	62
strmgCAMI2_short_read_pooled_gold_standard_assembly	243	spades_And5237_S4_L001	0.49713863421168103	0.036208662116628806	433010	215266	5945152	0.75	0.02384737678855326	20	15	629
strmgCAMI2_short_read_pooled_gold_standard_assembly	178	spades_And8861_S3_L001	0.5029819904146655	0.03607724341559536	391014	196673	5451442	0.5714285714285714	0.07792207792207792	21	12	154
strmgCAMI2_short_read_pooled_gold_standard_assembly	236	SP142_S23	0.3333542637501626	0.03607484346939766	222961	74325	2060300	0.3333333333333333	0.013333333333333334	3	1	75
strmgCAMI2_short_read_pooled_gold_standard_assembly	62	spades_ESBL5734_S3_L001	0.2635738013295427	0.0353950191325152	751687	198125	5597539	0.375	0.041666666666666664	8	3	72
strmgCAMI2_short_read_pooled_gold_standard_assembly	255	SP132_S13	0.15451759091008604	0.035282337685449854	456770	70579	2000406	0.14285714285714285	0.01639344262295082	7	1	61
strmgCAMI2_short_read_pooled_gold_standard_assembly	167	SP58_S44	0.11930583001771275	0.03424134374390204	566259	67558	1972995	0.1	0.011494252873563218	10	1	87
strmgCAMI2_short_read_pooled_gold_standard_assembly	292	SP112_S90	0.17613533495202216	0.03415278078338022	403207	71019	2079450	0.16666666666666666	0.014285714285714285	6	1	70
strmgCAMI2_short_read_pooled_gold_standard_assembly	231	spades_ESBL7382_S4_L001	0.8166426726093045	0.03410272654220243	202828	165638	4857031	0.6	0.02727272727272727	5	3	110
strmgCAMI2_short_read_pooled_gold_standard_assembly	254	SP150_S31	0.2523641764754178	0.03402134364761851	267958	67623	1987664	0.125	0.038461538461538464	8	1	26
strmgCAMI2_short_read_pooled_gold_standard_assembly	77	SP163_S44	0.051044287691627145	0.0330561244108305	1261434	64389	1947869	0.05	0.00847457627118644	20	1	118
strmgCAMI2_short_read_pooled_gold_standard_assembly	177	SP59_S47	0.12499722146069664	0.03228047079354084	539852	67480	2090428	0.1	0.017241379310344827	10	1	58
strmgCAMI2_short_read_pooled_gold_standard_assembly	308	SP194_S73	0.3190451932173787	0.032024029709884494	206115	65760	2053458	0.25	0.022727272727272728	4	1	44
strmgCAMI2_short_read_pooled_gold_standard_assembly	158	SP33_S20	0.09163669450240676	0.031878763622159516	723171	66269	2078782	0.08333333333333333	0.008849557522123894	12	1	113
strmgCAMI2_short_read_pooled_gold_standard_assembly	44	SP85_S68	0.09351870330992518	0.03153871183919489	696481	65134	2065208	0.09090909090909091	0.009523809523809525	11	1	105
strmgCAMI2_short_read_pooled_gold_standard_assembly	206	spades_ESBL9915_S6_L001	0.5037196963461502	0.031261278376813556	315886	159118	5089939	0.25	0.011235955056179775	4	1	89
strmgCAMI2_short_read_pooled_gold_standard_assembly	146	SP17_S90	0.20484476632184306	0.031207535152307855	317167	64970	2081869	0.14285714285714285	0.017543859649122806	7	1	57
strmgCAMI2_short_read_pooled_gold_standard_assembly	181	SP88_S94	0.29858829879302806	0.030817120473081123	214918	64172	2082349	0.25	0.025	4	1	40
strmgCAMI2_short_read_pooled_gold_standard_assembly	314	SP137_S18	0.30428056957145505	0.030640991558309776	204926	62355	2035019	0.25	0.021739130434782608	4	1	46
strmgCAMI2_short_read_pooled_gold_standard_assembly	249	SP147_S28	0.14736651091049313	0.030488654745831675	440860	64968	2130891	0.1111111111111111	0.018867924528301886	9	1	53
strmgCAMI2_short_read_pooled_gold_standard_assembly	210	SP27_S15	0.18114939269632968	0.02967725973724338	324467	58777	1980540	0.16666666666666666	0.045454545454545456	6	1	22
strmgCAMI2_short_read_pooled_gold_standard_assembly	209	SP78_S61	0.23458811335422017	0.029661669027977313	254706	59751	2014418	0.041666666666666664	0.045454545454545456	24	1	22
strmgCAMI2_short_read_pooled_gold_standard_assembly	208	SP88_S94	0.24402596105841237	0.029340902989844642	250375	61098	2082349	0.2	0.025	5	1	40
strmgCAMI2_short_read_pooled_gold_standard_assembly	253	SP94_S75	0.13740970142173672	0.02927121502657367	442698	60831	2078185	0.1111111111111111	0.016129032258064516	9	1	62
strmgCAMI2_short_read_pooled_gold_standard_assembly	198	spades_VRE2943_S1_L001	0.27521897555544095	0.029006588380353297	329603	90713	3127324	0.2222222222222222	0.012658227848101266	9	2	158
strmgCAMI2_short_read_pooled_gold_standard_assembly	197	spades_And8688_S9_L001	0.12532341260998375	0.028594845431266915	1278939	160281	5605241	0.06666666666666667	0.021739130434782608	15	1	46
strmgCAMI2_short_read_pooled_gold_standard_assembly	207	spades_ESBL7424_S8_L001	0.2575436347500247	0.028069541099141185	567896	146258	5210559	0.25	0.02531645569620253	8	2	79
strmgCAMI2_short_read_pooled_gold_standard_assembly	145	spades_And4858_S9_L001	0.3946225914135444	0.02796422358369261	374753	147886	5288400	0.3333333333333333	0.018867924528301886	3	1	53
strmgCAMI2_short_read_pooled_gold_standard_assembly	131	spades_VRE2941_S2_L001	0.41398709677419354	0.027874644817927525	213125	88231	3165278	0.2857142857142857	0.012345679012345678	7	2	162
strmgCAMI2_short_read_pooled_gold_standard_assembly	61	spades_And10026_S11_L001	0.5	0.02762893753673406	280546	140273	5077032	0.5	0.009009009009009009	2	1	111
strmgCAMI2_short_read_pooled_gold_standard_assembly	221	spades_And7051_S7_L001	0.6196718991193734	0.027135080799404233	226089	140101	5163095	0.8	0.07017543859649122	5	4	57
strmgCAMI2_short_read_pooled_gold_standard_assembly	140	SP153_S34	0.15824463008911924	0.026386669911283873	340555	53891	2042357	0.14285714285714285	0.024390243902439025	7	1	41
strmgCAMI2_short_read_pooled_gold_standard_assembly	192	SP3_S87	0.2292107976582352	0.02603113505822451	231791	53129	2040979	0.2	0.02127659574468085	5	1	47
strmgCAMI2_short_read_pooled_gold_standard_assembly	150	spades_And7556_S8_L001	0.5281357687787582	0.025532416462081847	251015	132570	5192223	0.5	0.018867924528301886	2	1	53
strmgCAMI2_short_read_pooled_gold_standard_assembly	179	spades_ESBL8855_S12_L001	0.11878768668574563	0.02544889182954385	1205167	143159	5625353	0.05555555555555555	0.030303030303030304	18	1	33
strmgCAMI2_short_read_pooled_gold_standard_assembly	212	SP189_S68	0.10000808830892718	0.02518197542561956	519268	51931	2062229	0.1	0.010752688172043012	10	1	93
strmgCAMI2_short_read_pooled_gold_standard_assembly	203	spades_ESBL9656_S7_L001	0.29215323839139445	0.025071695319304463	437671	127867	5100054	0.25	0.08163265306122448	16	4	49
strmgCAMI2_short_read_pooled_gold_standard_assembly	76	spades_VRE2224_S14_L001	0.1543355910155056	0.024973530428304067	487373	75219	3011949	0.14285714285714285	0.0064516129032258064	7	1	155
strmgCAMI2_short_read_pooled_gold_standard_assembly	92	SP81_S64	0.10371530174713475	0.02424888879837482	459209	47627	1964090	0.1	0.014925373134328358	10	1	67
strmgCAMI2_short_read_pooled_gold_standard_assembly	142	spades_ESBL7525_S1_L001	0.34994587439494307	0.023916417599208196	356578	124783	5217462	0.3333333333333333	0.01639344262295082	3	1	61
strmgCAMI2_short_read_pooled_gold_standard_assembly	7	SP44_S31	0.08625813302167143	0.023654982003237315	561292	48416	2046757	0.047619047619047616	0.018518518518518517	21	1	54
strmgCAMI2_short_read_pooled_gold_standard_assembly	88	SP94_S75	0.12667299575882032	0.02362734790213576	387628	49102	2078185	0.1	0.016129032258064516	10	1	62
strmgCAMI2_short_read_pooled_gold_standard_assembly	194	SP146_S27	0.12839988627558102	0.023314394341988988	358762	46065	1975818	0.1	0.018867924528301886	10	1	53
strmgCAMI2_short_read_pooled_gold_standard_assembly	256	spades_ESBL5872_S5_L001	0.6100732156364622	0.022701973530473946	210201	128238	5648760	0.3157894736842105	0.061855670103092786	19	6	97
strmgCAMI2_short_read_pooled_gold_standard_assembly	185	spades_ESBL5481_S10_L001	0.062491014961454906	0.022172836805864442	1739002	108672	4901132	0.02127659574468085	0.022727272727272728	47	1	44
strmgCAMI2_short_read_pooled_gold_standard_assembly	141	spades_ESBL9861_S4_L001	0.5000152337510283	0.02214502989810356	229753	114880	5187620	0.5	0.011627906976744186	2	1	86
strmgCAMI2_short_read_pooled_gold_standard_assembly	107	SP115_S93	0.15052075657928557	0.021513318958465383	291787	43920	2041526	0.125	0.037037037037037035	8	1	27
strmgCAMI2_short_read_pooled_gold_standard_assembly	234	spades_ESBL9656_S7_L001	0.50002515493151	0.021436635768954604	218645	109328	5100054	0.5	0.02040816326530612	2	1	49
strmgCAMI2_short_read_pooled_gold_standard_assembly	106	spades_And4366_S2_L001	0.500002223220201	0.020964438756153468	224899	112450	5363845	0.5	0.008695652173913044	2	1	115
strmgCAMI2_short_read_pooled_gold_standard_assembly	269	SP132_S13	0.11959958830386151	0.019285585026239675	322568	38579	2000406	0.08333333333333333	0.01639344262295082	12	1	61
strmgCAMI2_short_read_pooled_gold_standard_assembly	135	spades_And6442_S8_L001	0.2781097445000951	0.019238046961527377	378552	105279	5472437	0.2222222222222222	0.0425531914893617	9	2	47
strmgCAMI2_short_read_pooled_gold_standard_assembly	174	SP30_S17	0.11295564313533012	0.018713789637430853	344321	38893	2078307	0.1111111111111111	0.014925373134328358	9	1	67
strmgCAMI2_short_read_pooled_gold_standard_assembly	244	SP198_S01	0.12153769422109835	0.018594049204389708	314783	38258	2057540	0.022727272727272728	0.03333333333333333	44	1	30
strmgCAMI2_short_read_pooled_gold_standard_assembly	36	SP93_S74	0.15122006000032084	0.018142946438753842	249332	37704	2078163	0.1111111111111111	0.016666666666666666	9	1	60
strmgCAMI2_short_read_pooled_gold_standard_assembly	129	spades_And9653_S7_L001	0.3530218083924029	0.018135683613831173	242934	85761	4728854	0.3333333333333333	0.013888888888888888	3	1	72
strmgCAMI2_short_read_pooled_gold_standard_assembly	232	SP61_S45	0.14770803681963265	0.017581274173750782	237482	35078	1995191	0.05263157894736842	0.013333333333333334	19	1	75
strmgCAMI2_short_read_pooled_gold_standard_assembly	116	SP81_S64	0.16700693555323767	0.01720084110198616	202291	33784	1964090	0.16666666666666666	0.014925373134328358	6	1	67
strmgCAMI2_short_read_pooled_gold_standard_assembly	147	SP25_S14	0.16749854120551882	0.01713177751624986	207363	34733	2027402	0.16666666666666666	0.009708737864077669	6	1	103
strmgCAMI2_short_read_pooled_gold_standard_assembly	70	spades_VRE2943_S1_L001	0.14461505013995707	0.017015825670765164	367970	53214	3127324	0.08333333333333333	0.006329113924050633	12	1	158
strmgCAMI2_short_read_pooled_gold_standard_assembly	80	spades_ESBL10030_S2_L001	0.33333881457242226	0.01670048876415024	243254	81086	4855307	0.3333333333333333	0.014492753623188406	3	1	69
strmgCAMI2_short_read_pooled_gold_standard_assembly	132	SP167_S48	0.11625453324150939	0.016594271325149512	294767	34268	2065050	0.1	0.009174311926605505	10	1	109
strmgCAMI2_short_read_pooled_gold_standard_assembly	246	spades_ESBL6101_S9_L001	0.3842917053012082	0.016489702998731873	212461	81647	4951393	0.2	0.029850746268656716	10	2	67
strmgCAMI2_short_read_pooled_gold_standard_assembly	87	SP76_S59	0.11732671748961447	0.01644462977372155	293437	34428	2093571	0.058823529411764705	0.016666666666666666	17	1	60
strmgCAMI2_short_read_pooled_gold_standard_assembly	218	SP33_S20	0.1120688228420868	0.016286941103011283	302109	33857	2078782	0.09090909090909091	0.008849557522123894	11	1	113
strmgCAMI2_short_read_pooled_gold_standard_assembly	189	spades_VRE3783_S7_L001	0.20318638418055904	0.01603703526100035	243599	49496	3086356	0.16666666666666666	0.006535947712418301	6	1	153
strmgCAMI2_short_read_pooled_gold_standard_assembly	125	SP170_S51	0.15253428572778338	0.01597567232851065	211677	32288	2021073	0.07692307692307693	0.016666666666666666	13	1	60
strmgCAMI2_short_read_pooled_gold_standard_assembly	220	spades_VRE3342_S6_L001	0.11731406945351891	0.015538887386663636	405595	47582	3062124	0.1111111111111111	0.00684931506849315	9	1	146
strmgCAMI2_short_read_pooled_gold_standard_assembly	165	SP176_S56	0.12510064855727054	0.015277882416712572	249631	31229	2044066	0.125	0.008547008547008548	8	1	117
strmgCAMI2_short_read_pooled_gold_standard_assembly	213	spades_VRE2237_S15_L001	0.21792012300449878	0.015255416352174514	210724	45921	3010144	0.16666666666666666	0.006535947712418301	6	1	153
strmgCAMI2_short_read_pooled_gold_standard_assembly	134	spades_ESBL9875_S5_L001	0.29926203665564405	0.014974475260592738	259769	77739	5191434	0.25	0.011494252873563218	4	1	87
strmgCAMI2_short_read_pooled_gold_standard_assembly	17	spades_ESBL6661_S8_L001	0.2602615887670706	0.013399051500444225	259950	67655	5049238	0.2	0.014925373134328358	5	1	67
strmgCAMI2_short_read_pooled_gold_standard_assembly	148	spades_ESBL8341_S10_L001	0.2531053420842503	0.01336323734969417	256735	64981	4862669	0.16666666666666666	0.022222222222222223	6	1	45
strmgCAMI2_short_read_pooled_gold_standard_assembly	136	spades_ESBL5660_S7_L001	0.25271889675070924	0.012928211705481989	268951	67969	5257417	0.16666666666666666	0.02040816326530612	6	1	49
strmgCAMI2_short_read_pooled_gold_standard_assembly	157	SP85_S68	0.09094859888239099	0.012869405890350996	292231	26578	2065208	0.09090909090909091	0.009523809523809525	11	1	105
strmgCAMI2_short_read_pooled_gold_standard_assembly	222	spades_ESBL7410_S11_L001	0.27923984159779613	0.012658632926963242	232320	64873	5124803	0.14285714285714285	0.017857142857142856	7	1	56
strmgCAMI2_short_read_pooled_gold_standard_assembly	160	spades_VRE2941_S2_L001	0.1984782815179192	0.012543290036451774	200037	39703	3165278	0.14285714285714285	0.006172839506172839	7	1	162
strmgCAMI2_short_read_pooled_gold_standard_assembly	98	spades_ESBL6760_S6_L001	0.27613753015178333	0.0124097913703852	236719	65367	5267373	0.25	0.013157894736842105	4	1	76
strmgCAMI2_short_read_pooled_gold_standard_assembly	47	SP196_S75	0.0923632277974105	0.012350203095950718	263449	24333	1970251	0.08333333333333333	0.03125	12	1	32
strmgCAMI2_short_read_pooled_gold_standard_assembly	49	SP122_S4	0.10688882809561262	0.012200084111593252	233944	25006	2049658	0.0625	0.03571428571428571	16	1	28
strmgCAMI2_short_read_pooled_gold_standard_assembly	225	spades_ESBL6769_S11_L001	0.25112908307950843	0.012122011006644038	266588	66948	5522846	0.2222222222222222	0.044444444444444446	9	2	45
strmgCAMI2_short_read_pooled_gold_standard_assembly	224	spades_And5284_S5_L001	0.10777176062792992	0.012043709708285949	629497	67842	5632982	0.05555555555555555	0.02	18	1	50
strmgCAMI2_short_read_pooled_gold_standard_assembly	162	spades_ESBL7410_S11_L001	0.1051072468824774	0.011991485331241026	584679	61454	5124803	0.07692307692307693	0.017857142857142856	13	1	56
strmgCAMI2_short_read_pooled_gold_standard_assembly	242	SP75_S58	0.10341726994801534	0.01189278982783638	239109	24728	2079243	0.1	0.01694915254237288	10	1	59
strmgCAMI2_short_read_pooled_gold_standard_assembly	50	SP63_S49	0.09092287719012727	0.011795472212358807	270361	24582	2084020	0.09090909090909091	0.017543859649122806	11	1	57
strmgCAMI2_short_read_pooled_gold_standard_assembly	187	spades_VRE2941_S2_L001	0.1397690235309633	0.011719033841577265	265395	37094	3165278	0.05555555555555555	0.006172839506172839	18	1	162
strmgCAMI2_short_read_pooled_gold_standard_assembly	78	spades_ESBL9861_S4_L001	0.29178679965713394	0.011549034046441335	205328	59912	5187620	0.25	0.011627906976744186	4	1	86
strmgCAMI2_short_read_pooled_gold_standard_assembly	130	spades_VRE3043_S21_L001	0.10565467342218995	0.01125110891457342	319541	33761	3000682	0.1	0.006211180124223602	10	1	161
strmgCAMI2_short_read_pooled_gold_standard_assembly	172	SP63_S49	0.110852757960005	0.011049318144739494	207726	23027	2084020	0.1	0.017543859649122806	10	1	57
strmgCAMI2_short_read_pooled_gold_standard_assembly	39	spades_VRE3387_S5_L001	0.08127560651697364	0.011015803547455393	407367	33109	3005591	0.06666666666666667	0.006944444444444444	15	1	144
strmgCAMI2_short_read_pooled_gold_standard_assembly	191	spades_And7051_S7_L001	0.25533990668431206	0.010949246527518863	221399	56532	5163095	0.14285714285714285	0.017543859649122806	7	1	57
strmgCAMI2_short_read_pooled_gold_standard_assembly	95	spades_And10054_S9_L001	0.0663744173602098	0.01094545853047261	865243	57430	5246925	0.05	0.01904761904761905	40	2	105
strmgCAMI2_short_read_pooled_gold_standard_assembly	73	SP30_S17	0.09354490769549886	0.010849696411550362	241050	22549	2078307	0.09090909090909091	0.014925373134328358	11	1	67
strmgCAMI2_short_read_pooled_gold_standard_assembly	121	SP99_S80	0.09481995113245419	0.010758552430584486	224689	21305	1980285	0.06666666666666667	0.016129032258064516	15	1	62
strmgCAMI2_short_read_pooled_gold_standard_assembly	182	SP163_S44	0.07002645368919443	0.010668068540543538	296745	20780	1947869	0.06666666666666667	0.01694915254237288	30	2	118
strmgCAMI2_short_read_pooled_gold_standard_assembly	124	SP167_S48	0.09102145015492015	0.010342122466768359	234637	21357	2065050	0.09090909090909091	0.009174311926605505	11	1	109
strmgCAMI2_short_read_pooled_gold_standard_assembly	96	SP25_S14	0.09651942581610597	0.010307773199395088	216516	20898	2027402	0.07692307692307693	0.009708737864077669	13	1	103
strmgCAMI2_short_read_pooled_gold_standard_assembly	19	spades_VRE3056_S20_L001	0.13523680781903802	0.010105843365907424	224887	30413	3009447	0.125	0.005952380952380952	8	1	168
strmgCAMI2_short_read_pooled_gold_standard_assembly	64	SP11_S8	0.09171063689090334	0.00967011406483252	217761	19971	2065229	0.09090909090909091	0.011904761904761904	11	1	84
strmgCAMI2_short_read_pooled_gold_standard_assembly	68	SP6_S88	0.0753887723674017	0.009558499752999819	264615	19949	2087043	0.047619047619047616	0.02564102564102564	21	1	39
strmgCAMI2_short_read_pooled_gold_standard_assembly	200	SP110_S88	0.06089250054134687	0.009462943930409714	332504	20247	2139609	0.03225806451612903	0.003883495145631068	62	2	515
strmgCAMI2_short_read_pooled_gold_standard_assembly	184	spades_ESBL9861_S4_L001	0.18134661271916175	0.009434769701712925	269892	48944	5187620	0.125	0.011627906976744186	8	1	86
strmgCAMI2_short_read_pooled_gold_standard_assembly	81	spades_VRE2941_S2_L001	0.08334632957308796	0.009117366626248942	346254	28859	3165278	0.08333333333333333	0.006172839506172839	12	1	162
strmgCAMI2_short_read_pooled_gold_standard_assembly	112	SP50_S37	0.08623079992020746	0.008830877786494084	200520	17291	1958016	0.08333333333333333	0.00847457627118644	12	1	118
strmgCAMI2_short_read_pooled_gold_standard_assembly	15	SP192_S71	0.020497712182917387	0.008688935585885486	814969	16705	1922560	0.0047169811320754715	0.0053475935828877	212	1	187
strmgCAMI2_short_read_pooled_gold_standard_assembly	101	spades_ESBL7382_S4_L001	0.045093443292905745	0.008587344820323362	924946	41709	4857031	0.043478260869565216	0.00909090909090909	23	1	110
strmgCAMI2_short_read_pooled_gold_standard_assembly	105	spades_VRE3766_S8_L001	0.10136187076381135	0.008364576398540822	254356	25782	3082284	0.07142857142857142	0.006578947368421052	14	1	152
strmgCAMI2_short_read_pooled_gold_standard_assembly	152	spades_ESBL5911_S4_L001	0.2004576795054684	0.008257763001181634	201888	40470	4900843	0.125	0.006535947712418301	8	1	153
strmgCAMI2_short_read_pooled_gold_standard_assembly	214	spades_ESBL6418_S2_L001	0.1370575904177581	0.008181433181214559	286697	39294	4802826	0.1111111111111111	0.013157894736842105	9	1	76
strmgCAMI2_short_read_pooled_gold_standard_assembly	123	spades_And5315_S3_L001	0.07142800127076772	0.00815680194733574	626393	44742	5485238	0.11764705882352941	0.028985507246376812	17	2	69
strmgCAMI2_short_read_pooled_gold_standard_assembly	126	spades_ESBL5613_S5_L001	0.2041274972027504	0.008096269173165903	209134	42690	5272799	0.16666666666666666	0.02040816326530612	6	1	49
strmgCAMI2_short_read_pooled_gold_standard_assembly	2	spades_ESBL5660_S7_L001	0.030515967801259862	0.007985099907426024	1375706	41981	5257417	0.05405405405405406	0.04081632653061224	37	2	49
strmgCAMI2_short_read_pooled_gold_standard_assembly	79	spades_VRE3783_S7_L001	0.08890941499330145	0.007547411899340193	261997	23294	3086356	0.08333333333333333	0.006535947712418301	12	1	153
strmgCAMI2_short_read_pooled_gold_standard_assembly	117	spades_VRE3021_S4_L001	0.07699554610605033	0.0071147616060310845	272795	21004	2952172	0.07692307692307693	0.007692307692307693	13	1	130
strmgCAMI2_short_read_pooled_gold_standard_assembly	215	spades_ESBL8604_S8_L001	0.1616043230476054	0.007073136062421219	223546	36126	5107494	0.14285714285714285	0.008547008547008548	7	1	117
strmgCAMI2_short_read_pooled_gold_standard_assembly	48	spades_VRE3387_S5_L001	0.07719263337091818	0.006970010224278686	271386	20949	3005591	0.07142857142857142	0.006944444444444444	14	1	144
strmgCAMI2_short_read_pooled_gold_standard_assembly	127	spades_And5444_S7_L001	0.15161122248028472	0.00654280635248264	226474	34336	5247901	0.14285714285714285	0.008695652173913044	7	1	115
strmgCAMI2_short_read_pooled_gold_standard_assembly	100	spades_ESBL8604_S8_L001	0.05015041904749634	0.006096923461877782	620932	31140	5107494	0.05	0.008547008547008548	20	1	117
strmgCAMI2_short_read_pooled_gold_standard_assembly	144	spades_ESBL5808_S8_L001	0.1367673257142357	0.006076646335332628	228461	31246	5141981	0.1111111111111111	0.015873015873015872	9	1	63
strmgCAMI2_short_read_pooled_gold_standard_assembly	35	spades_ESBL7534_S10_L001	0.09712930467207721	0.005806388297402635	291776	28340	4880831	0.08333333333333333	0.011764705882352941	12	1	85
strmgCAMI2_short_read_pooled_gold_standard_assembly	199	spades_ESBL7021_S2_L001	0.09538628965280231	0.005801972275723751	314259	29976	5166519	0.05	0.014705882352941176	20	1	68
strmgCAMI2_short_read_pooled_gold_standard_assembly	46	spades_And10054_S9_L001	0.02789158102529252	0.005749272192760522	1081545	30166	5246925	0.027777777777777776	0.009523809523809525	36	1	105
strmgCAMI2_short_read_pooled_gold_standard_assembly	201	spades_And4246_S5_L001	0.09673706952244449	0.005707844323395105	332799	32194	5640308	0.047619047619047616	0.017241379310344827	21	1	58
strmgCAMI2_short_read_pooled_gold_standard_assembly	119	spades_And8454_S5_L001	0.15277184466019417	0.005690981049110864	206000	31471	5529978	0.1111111111111111	0.017857142857142856	9	1	56
strmgCAMI2_short_read_pooled_gold_standard_assembly	53	spades_ESBL5791_S4_L001	0.1365908495105728	0.0056730712093066345	225059	30741	5418758	0.125	0.015151515151515152	8	1	66
strmgCAMI2_short_read_pooled_gold_standard_assembly	52	spades_VRE2224_S14_L001	0.08045789982484183	0.005581767818777808	208954	16812	3011949	0.07692307692307693	0.0064516129032258064	13	1	155
strmgCAMI2_short_read_pooled_gold_standard_assembly	176	spades_VRE2913_S13_L001	0.06772251559414338	0.005217503788546492	229894	15569	2983994	0.06666666666666667	0.00641025641025641	15	1	156
strmgCAMI2_short_read_pooled_gold_standard_assembly	74	spades_ESBL5533_S4_L001	0.09110928558115132	0.005096288104387797	289718	26396	5179456	0.09090909090909091	0.01098901098901099	11	1	91
strmgCAMI2_short_read_pooled_gold_standard_assembly	84	spades_ESBL6515_S2_L001	0.03820326378073571	0.005093354149555645	694103	26517	5206196	0.03571428571428571	0.03571428571428571	28	1	28
strmgCAMI2_short_read_pooled_gold_standard_assembly	69	spades_ESBL7348_S6_L001	0.06782691393247742	0.004795976928127016	368025	24962	5204779	0.043478260869565216	0.0125	23	1	80
strmgCAMI2_short_read_pooled_gold_standard_assembly	205	spades_ESBL5784_S3_L001	0.06743335483736708	0.0047402438529334	384424	25923	5468706	0.05555555555555555	0.014285714285714285	18	1	70
strmgCAMI2_short_read_pooled_gold_standard_assembly	89	spades_ESBL6270_S10_L001	0.04004544445806159	0.0047137020573808424	603814	24180	5129726	0.03333333333333333	0.014705882352941176	30	1	68
strmgCAMI2_short_read_pooled_gold_standard_assembly	56	spades_And6166_S1_L001	0.11633933379667773	0.004603022960117454	217261	25276	5491174	0.1111111111111111	0.017857142857142856	9	1	56
strmgCAMI2_short_read_pooled_gold_standard_assembly	175	SP69_S52	0.0440609056909125	0.0040256378584868835	202674	8930	2218282	0.0196078431372549	0.018518518518518517	51	1	54
strmgCAMI2_short_read_pooled_gold_standard_assembly	37	spades_And10073_S10_L001	0.033264721397614785	0.003677778146267158	580074	19296	5246646	0.021739130434782608	0.010526315789473684	46	1	95
strmgCAMI2_short_read_pooled_gold_standard_assembly	18	spades_And4902_S2_L001	0.06356633688255256	0.003494129897304046	278465	17701	5065925	0.03571428571428571	0.016666666666666666	28	1	60
strmgCAMI2_short_read_pooled_gold_standard_assembly	91	spades_And9205_S9_L001	0.056301288508421074	0.0033876099828181305	304771	17159	5065223	0.037037037037037035	0.01694915254237288	27	1	59
strmgCAMI2_short_read_pooled_gold_standard_assembly	133	spades_ESBL6984_S1_L001	0.041700172596399014	0.0032905568042307324	407888	17009	5169034	0.02564102564102564	0.014084507042253521	39	1	71
strmgCAMI2_short_read_pooled_gold_standard_assembly	41	spades_ESBL5621_S1_L001	0.039126593462072444	0.003007729922974719	404073	15810	5256456	0.037037037037037035	0.0125	27	1	80
strmgCAMI2_short_read_pooled_gold_standard_assembly	6	SP45_S32	0.024199960447029288	0.0028973321929557524	247769	5996	2069490	0.014705882352941176	0.005952380952380952	68	1	168
strmgCAMI2_short_read_pooled_gold_standard_assembly	28	spades_And5331_S1_L001	0.03726353165048131	0.002770237990333705	376266	14021	5061298	0.0625	0.031746031746031744	32	2	63
strmgCAMI2_short_read_pooled_gold_standard_assembly	30	spades_And4355_S8_L001	0.051321695956818174	0.0024325360507623374	254181	13045	5362716	0.041666666666666664	0.008403361344537815	24	1	119
strmgCAMI2_short_read_pooled_gold_standard_assembly	43	spades_ESBL5792_S6_L001	0.04008417111696001	0.0022845820881348903	301291	12077	5286306	0.03571428571428571	0.014705882352941176	28	1	68
strmgCAMI2_short_read_pooled_gold_standard_assembly	108	SP169_S50	0.012933086911958162	0.0016853776008321191	247814	3205	1901651	0.01020408163265306	0.0045662100456621	98	1	219
strmgCAMI2_short_read_pooled_gold_standard_assembly	171	spades_And9426_S4_L001	0.024724681494277694	0.0009485690314616887	203764	5038	5311158	0.011627906976744186	0.0125	86	1	80
