Method	num_5010	num_7010	num_9010	num_505	num_605	num_705	num_805	num_905
comebin_res/comebin_res/comebin_res_bins_checkm2_output/quality_report.tsv	356	284	192	302	269	247	220	176
comebin_res_10view/comebin_res/comebin_res_bins_checkm2_output/quality_report.tsv	367	285	194	322	284	254	223	177
comebin_res_epoch300/comebin_res/comebin_res_bins_checkm2_output/quality_report.tsv	359	284	190	298	269	243	216	171
comebin_res_10view_epoch300/comebin_res/comebin_res_bins_checkm2_output/quality_report.tsv	349	283	192	289	266	248	221	175
semibin2_Easy_coassemly_mode_metawrapalign/output_bins_checkm2_output/quality_report.tsv	305	247	177	238	221	201	188	151
semibin2_Easy_coassemly_mode_metawrapalign_sequencing_type_long_read/output_bins_checkm2_output/quality_report.tsv	385	296	201	330	298	263	240	183
metadecoder/samfiles_checkm2_output/quality_report.tsv	384	270	184	309	258	230	202	165
metabat2_bins_checkm2_output/quality_report.tsv	242	166	114	216	183	151	132	106
