Method	num_5010	num_7010	num_9010	num_505	num_605	num_705	num_805	num_905
concoct_bins_checkm2_quality_report.tsv	11	6	2	6	4	4	3	2
maxbin2_bins_checkm2_quality_report.tsv	6	3	1	3	2	2	2	1
metabat2_bins_checkm2_quality_report.tsv	10	7	3	10	8	7	5	3
vamb_m200000/bins_checkm2_output/quality_report.tsv	3	2	1	3	2	2	2	1
vamb_v413_m200000/bins_checkm2_output/quality_report.tsv	5	4	3	5	4	4	4	3
clmb_m200000/bins_checkm2_output/quality_report.tsv	5	4	3	5	4	4	3	3
metadecoder/samfiles_checkm2_output/quality_report.tsv	7	5	3	6	5	5	3	3
semibin_Easy_coassemly_mode_v1.0.0_default/output_recluster_bins_checkm2_output/quality_report.tsv	8	4	2	7	5	4	3	2
semibin2_Easy_coassemly_mode/output_bins_checkm2_output/quality_report.tsv	8	4	3	7	6	4	3	3
COMEBin_nocovloss_tau0.15_nepoch200_earlystop_addvars_nedge75_vars_sqrt_NokmerMetric/comebin_res_bins_checkm2_output/quality_report.tsv	12	9	5	6	4	4	3	3
