Method	num_5010	num_7010	num_9010	num_505	num_605	num_705	num_805	num_905
comebin_res/comebin_res/comebin_res_bins_checkm2_output/quality_report.tsv	38	17	8	27	14	11	7	5
comebin_res_10view/comebin_res/comebin_res_bins_checkm2_output/quality_report.tsv	40	17	8	27	16	11	7	5
comebin_res_10view_epoch300/comebin_res/comebin_res_bins_checkm2_output/quality_report.tsv	17	8	6	14	8	5	5	5
comebin_res_epoch300/comebin_res/comebin_res_bins_checkm2_output/quality_report.tsv	35	18	8	22	17	14	11	6
metadecoder/samfiles_checkm2_output/quality_report.tsv	35	14	5	19	14	7	4	3
metabat2_bins_checkm2_output/quality_report.tsv	16	7	1	10	7	5	4	1
semibin2_Easy_coassemly_mode_metawrapalign/output_bins_checkm2_output/quality_report.tsv	42	24	10	23	16	11	8	3
semibin2_Easy_coassemly_mode_metawrapalign_sequencing_type_long_read/output_bins_checkm2_output/quality_report.tsv	43	23	8	30	22	18	9	5
