sample_id	Bin ID	Most abundant genome	Purity (bp)	Completeness (bp)	Bin size (bp)	True positives (bp)	True size of most abundant genome (bp)	Purity (seq)	Completeness (seq)	Bin size (seq)	True positives (seq)	True size of most abundant genome (seq)
strmgCAMI2_short_read_pooled_gold_standard_assembly	66	spades_ESBL6643_S3_L001	1.0	0.9980109856714408	5109940	5109940	5120124	1.0	0.7272727272727273	16	16	22
strmgCAMI2_short_read_pooled_gold_standard_assembly	344	MIKI-NS08	1.0	0.9978478160728314	2543089	2543089	2548574	1.0	0.9	9	9	10
strmgCAMI2_short_read_pooled_gold_standard_assembly	272	MIKI-NS13	1.0	0.9972030085454145	7186515	7186515	7206672	1.0	0.8076923076923077	21	21	26
strmgCAMI2_short_read_pooled_gold_standard_assembly	0	MIKI-NS14	1.0	0.997133285005425	5233818	5233818	5248865	1.0	0.8372093023255814	36	36	43
strmgCAMI2_short_read_pooled_gold_standard_assembly	75	SP21_S92	1.0	0.9949895838265234	1681214	1681214	1689680	1.0	0.7692307692307693	10	10	13
strmgCAMI2_short_read_pooled_gold_standard_assembly	157	MIKI-NS02	1.0	0.9879533696029016	2963623	2963623	2999760	1.0	0.7674418604651163	33	33	43
strmgCAMI2_short_read_pooled_gold_standard_assembly	239	MIKI-NS12	1.0	0.9866967219411942	2221894	2221894	2251851	1.0	0.8472222222222222	61	61	72
strmgCAMI2_short_read_pooled_gold_standard_assembly	465	MIKI-NS06	1.0	0.9829722449577932	1931163	1931163	1964616	1.0	0.5483870967741935	17	17	31
strmgCAMI2_short_read_pooled_gold_standard_assembly	58	MIKI-NS15	1.0	0.9810724045301955	6675509	6675509	6804298	1.0	0.6875	66	66	96
strmgCAMI2_short_read_pooled_gold_standard_assembly	85	spades_And8457_S3_L001	1.0	0.9610654240507871	4735400	4735400	4927240	1.0	0.6463414634146342	53	53	82
strmgCAMI2_short_read_pooled_gold_standard_assembly	43	MIKI-NS10	1.0	0.9322447797320822	1950381	1950381	2092134	1.0	0.59	59	59	100
strmgCAMI2_short_read_pooled_gold_standard_assembly	242	MIKI-NS03	1.0	0.911096711860902	4088900	4088900	4487888	1.0	0.423841059602649	64	64	151
strmgCAMI2_short_read_pooled_gold_standard_assembly	215	MIKI-NS20	1.0	0.8774111535981436	4705277	4705277	5362682	1.0	0.3317307692307692	69	69	208
strmgCAMI2_short_read_pooled_gold_standard_assembly	327	MIKI-NS09	1.0	0.29651458100449096	604783	604783	2039640	1.0	0.09090909090909091	2	2	22
strmgCAMI2_short_read_pooled_gold_standard_assembly	332	MIKI-NS09	1.0	0.24555166598027103	500837	500837	2039640	1.0	0.09090909090909091	2	2	22
strmgCAMI2_short_read_pooled_gold_standard_assembly	213	MIKI-NS09	1.0	0.11750455962816968	239667	239667	2039640	1.0	0.045454545454545456	1	1	22
strmgCAMI2_short_read_pooled_gold_standard_assembly	447	MIKI-NS09	1.0	0.04005559804671412	81699	81699	2039640	1.0	0.045454545454545456	1	1	22
strmgCAMI2_short_read_pooled_gold_standard_assembly	140	SP108_S87	1.0	0.031285072734162436	60517	60517	1934373	1.0	0.017408123791102514	9	9	517
strmgCAMI2_short_read_pooled_gold_standard_assembly	174	SP108_S87	1.0	0.029535668663696196	57133	57133	1934373	1.0	0.015473887814313346	8	8	517
strmgCAMI2_short_read_pooled_gold_standard_assembly	79	SP108_S87	1.0	0.025238669067444593	48821	48821	1934373	1.0	0.027079303675048357	14	14	517
strmgCAMI2_short_read_pooled_gold_standard_assembly	173	SP108_S87	1.0	0.022644029874279676	43802	43802	1934373	1.0	0.009671179883945842	5	5	517
strmgCAMI2_short_read_pooled_gold_standard_assembly	197	SP108_S87	1.0	0.02128183137378365	41167	41167	1934373	1.0	0.02127659574468085	11	11	517
strmgCAMI2_short_read_pooled_gold_standard_assembly	59	SP108_S87	1.0	0.02040816326530612	39477	39477	1934373	1.0	0.013539651837524178	7	7	517
strmgCAMI2_short_read_pooled_gold_standard_assembly	19	SP108_S87	1.0	0.018227094774379088	35258	35258	1934373	1.0	0.017408123791102514	9	9	517
strmgCAMI2_short_read_pooled_gold_standard_assembly	33	SP108_S87	1.0	0.018147482414198297	35104	35104	1934373	1.0	0.017408123791102514	9	9	517
strmgCAMI2_short_read_pooled_gold_standard_assembly	35	SP108_S87	1.0	0.016617270815918128	32144	32144	1934373	1.0	0.009671179883945842	5	5	517
strmgCAMI2_short_read_pooled_gold_standard_assembly	41	SP108_S87	1.0	0.016325186507462626	31579	31579	1934373	1.0	0.007736943907156673	4	4	517
strmgCAMI2_short_read_pooled_gold_standard_assembly	67	SP108_S87	1.0	0.01631381331315108	31557	31557	1934373	1.0	0.017408123791102514	9	9	517
strmgCAMI2_short_read_pooled_gold_standard_assembly	49	SP108_S87	1.0	0.01528712404484554	29571	29571	1934373	1.0	0.013539651837524178	7	7	517
strmgCAMI2_short_read_pooled_gold_standard_assembly	10	SP108_S87	1.0	0.014694684013889773	28425	28425	1934373	1.0	0.009671179883945842	5	5	517
strmgCAMI2_short_read_pooled_gold_standard_assembly	3	SP108_S87	1.0	0.01440776933921224	27870	27870	1934373	1.0	0.01160541586073501	6	6	517
strmgCAMI2_short_read_pooled_gold_standard_assembly	48	SP108_S87	1.0	0.014315232894586515	27691	27691	1934373	1.0	0.007736943907156673	4	4	517
strmgCAMI2_short_read_pooled_gold_standard_assembly	7	SP108_S87	1.0	0.01385720334185806	26805	26805	1934373	1.0	0.007736943907156673	4	4	517
strmgCAMI2_short_read_pooled_gold_standard_assembly	283	SP108_S87	1.0	0.013420369287619296	25960	25960	1934373	1.0	0.007736943907156673	4	4	517
strmgCAMI2_short_read_pooled_gold_standard_assembly	30	SP108_S87	1.0	0.012423663895225999	24032	24032	1934373	1.0	0.009671179883945842	5	5	517
strmgCAMI2_short_read_pooled_gold_standard_assembly	1	SP108_S87	1.0	0.012117104612192169	23439	23439	1934373	1.0	0.01160541586073501	6	6	517
strmgCAMI2_short_read_pooled_gold_standard_assembly	141	SP108_S87	1.0	0.011873097897871818	22967	22967	1934373	1.0	0.005802707930367505	3	3	517
strmgCAMI2_short_read_pooled_gold_standard_assembly	121	SP108_S87	1.0	0.011736102602755517	22702	22702	1934373	1.0	0.005802707930367505	3	3	517
strmgCAMI2_short_read_pooled_gold_standard_assembly	281	SP108_S87	1.0	0.011026311885039752	21329	21329	1934373	1.0	0.0019342359767891683	1	1	517
strmgCAMI2_short_read_pooled_gold_standard_assembly	2	SP108_S87	1.0	0.01030980064341262	19943	19943	1934373	1.0	0.01160541586073501	6	6	517
strmgCAMI2_short_read_pooled_gold_standard_assembly	126	SP108_S87	1.0	0.008687569563884525	16805	16805	1934373	1.0	0.0038684719535783366	2	2	517
strmgCAMI2_short_read_pooled_gold_standard_assembly	82	SP108_S87	1.0	0.007517681439929114	14542	14542	1934373	1.0	0.007736943907156673	4	4	517
strmgCAMI2_short_read_pooled_gold_standard_assembly	338	SP108_S87	1.0	0.006881299521860572	13311	13311	1934373	1.0	0.0019342359767891683	1	1	517
strmgCAMI2_short_read_pooled_gold_standard_assembly	42	SP108_S87	1.0	0.005865466484488773	11346	11346	1934373	1.0	0.0038684719535783366	2	2	517
strmgCAMI2_short_read_pooled_gold_standard_assembly	295	MIKI-NS15	1.0	0.00441221122296525	30022	30022	6804298	1.0	0.010416666666666666	1	1	96
strmgCAMI2_short_read_pooled_gold_standard_assembly	253	SP108_S87	1.0	0.0041739623123358315	8074	8074	1934373	1.0	0.0019342359767891683	1	1	517
strmgCAMI2_short_read_pooled_gold_standard_assembly	112	SP108_S87	1.0	0.003972346594994864	7684	7684	1934373	1.0	0.0019342359767891683	1	1	517
strmgCAMI2_short_read_pooled_gold_standard_assembly	436	MIKI-NS03	1.0	0.002314228875586913	10386	10386	4487888	1.0	0.006622516556291391	1	1	151
strmgCAMI2_short_read_pooled_gold_standard_assembly	269	SP108_S87	1.0	0.0022823933129753156	4415	4415	1934373	1.0	0.0019342359767891683	1	1	517
strmgCAMI2_short_read_pooled_gold_standard_assembly	237	SP108_S87	1.0	0.0015793231191709148	3055	3055	1934373	1.0	0.0019342359767891683	1	1	517
