sample_id	Bin ID	Most abundant genome	Purity (bp)	Completeness (bp)	Bin size (bp)	True positives (bp)	True size of most abundant genome (bp)	Purity (seq)	Completeness (seq)	Bin size (seq)	True positives (seq)	True size of most abundant genome (seq)
marmgCAMI2_short_read_pooled_megahit_assembly	201	Methylophilales_bacterium_MBRSG12_genomic	0.998117550784918	1.0	1358868	1356310	1356310	0.8888888888888888	1.0	9	8	8
marmgCAMI2_short_read_pooled_megahit_assembly	63	VSalm561_S16_contigs	0.49868559769361537	1.0	3595931	1793239	1793239	0.5700934579439252	1.0	535	305	305
marmgCAMI2_short_read_pooled_megahit_assembly	101	MR4_25_2A_1A_S4_contigs	0.9075998640514823	0.9998880336479622	6375943	5786805	5787453	0.9421965317919075	0.9939024390243902	173	163	164
marmgCAMI2_short_read_pooled_megahit_assembly	245	Woeseia_oceani_strain_XK5_genomic	0.987024977035683	0.9984910335192482	4078066	4025153	4031236	0.5294117647058824	0.72	34	18	25
marmgCAMI2_short_read_pooled_megahit_assembly	180	VO6_S13_contigs	0.6901258912030539	0.998375728511142	1425040	983457	985057	0.7142857142857143	0.9898477157360406	273	195	197
marmgCAMI2_short_read_pooled_megahit_assembly	98	MvHd14_S5_contigs	0.6510457951300754	0.9979268201907886	4592104	2989670	2995881	0.5555555555555556	0.9900990099009901	180	100	101
marmgCAMI2_short_read_pooled_megahit_assembly	165	Hyphomicrobium_nitrativorans_NL23_genomic	0.9861271868153566	0.9978212986767556	3555227	3505906	3513561	0.8888888888888888	0.64	18	16	25
marmgCAMI2_short_read_pooled_megahit_assembly	254	Candidatus_Endolissoclinum_patella_L2_genomic	0.9900302641173396	0.9971700356331781	1859628	1841088	1846313	0.625	0.45454545454545453	8	5	11
marmgCAMI2_short_read_pooled_megahit_assembly	179	Marinobacter_salarius_R9SW1_genomic	0.9895340787810265	0.9964610720076357	4671734	4622840	4639258	0.8375	0.8072289156626506	80	67	83
marmgCAMI2_short_read_pooled_megahit_assembly	259	Mollicutes_bacterium_Candidatus_Izimaplasma_HR1_genomic	1.0	0.9958493110165404	1868527	1868527	1876315	1.0	0.6666666666666666	8	8	12
marmgCAMI2_short_read_pooled_megahit_assembly	249	Ilumatobacter_coccineum_YM16_304_genomic	1.0	0.9957237592115173	4834437	4834437	4855199	1.0	0.6363636363636364	28	28	44
marmgCAMI2_short_read_pooled_megahit_assembly	258	Marivirga_tractuosa_DSM_4126_genomic	0.9944682320686928	0.9950342120146829	4511216	4486261	4508650	0.8857142857142857	0.6326530612244898	35	31	49
marmgCAMI2_short_read_pooled_megahit_assembly	252	Flavobacterium_psychrophilum_strain_VQ50_genomic	0.5059972564389491	0.9950244142075545	2713991	1373272	1380139	0.5675675675675675	0.875	74	42	48
marmgCAMI2_short_read_pooled_megahit_assembly	116	Tistrella_mobilis_KA081020_065_genomic	0.9870483995567279	0.9946352982244077	6512477	6428130	6462801	0.9939393939393939	0.8723404255319149	165	164	188
marmgCAMI2_short_read_pooled_megahit_assembly	213	Pyrococcus_sp_NA2_genomic	1.0	0.9943958717766926	1864006	1864006	1874511	1.0	0.6944444444444444	25	25	36
marmgCAMI2_short_read_pooled_megahit_assembly	93	Desulfovibrio_piezophilus_strain_C1TLV30_genomic	0.9983461108378676	0.9943199900052033	3627208	3621209	3641895	0.98	0.7101449275362319	50	49	69
marmgCAMI2_short_read_pooled_megahit_assembly	255	Candidatus_Nitrosopumilus_sp_AR2_genomic	1.0	0.9942507908197404	1679045	1679045	1688754	1.0	0.7555555555555555	34	34	45
marmgCAMI2_short_read_pooled_megahit_assembly	154	Piscirickettsia_salmonis_strain_AY6297B_genomic	0.8354995736425634	0.9935095784535023	2515495	2101695	2115425	0.8338870431893688	0.9691119691119691	301	251	259
marmgCAMI2_short_read_pooled_megahit_assembly	156	Algibacter_sp_HZ22_genomic	0.9956020972949542	0.9933561876664371	3977123	3959632	3986115	0.8857142857142857	0.5535714285714286	35	31	56
marmgCAMI2_short_read_pooled_megahit_assembly	251	Desulfocapsa_sulfexigens_DSM_10523_genomic	0.9991105430630137	0.9931903919228501	3985578	3982033	4009335	0.9848484848484849	0.7222222222222222	66	65	90
marmgCAMI2_short_read_pooled_megahit_assembly	183	Nanoarchaeum_equitans_Kin4_M_genomic	1.0	0.9927670099149342	456786	456786	460114	1.0	0.8571428571428571	18	18	21
marmgCAMI2_short_read_pooled_megahit_assembly	160	Desulfovibrio_hydrothermalis_AM13_genomic	1.0	0.9926938958124135	3758623	3758623	3786286	1.0	0.5185185185185185	28	28	54
marmgCAMI2_short_read_pooled_megahit_assembly	253	Candidatus_Endolissoclinum_faulkneri_L5_genomic	0.8102651378552354	0.9921634856650493	1422543	1152637	1161741	0.1016949152542373	0.4	59	6	15
marmgCAMI2_short_read_pooled_megahit_assembly	216	Flammeovirga_sp_MY04_genomic	0.9977844707720248	0.9920673203851028	7230778	7214758	7272448	0.9821428571428571	0.45454545454545453	56	55	121
marmgCAMI2_short_read_pooled_megahit_assembly	51	8_S8_contigs	0.9477875200270386	0.9919947958519879	2461672	2333142	2351970	0.9494736842105264	0.9698924731182795	475	451	465
marmgCAMI2_short_read_pooled_megahit_assembly	257	Chloroherpeton_thalassium_ATCC_35110_genomic	1.0	0.9915934516070065	3265581	3265581	3293266	1.0	0.6461538461538462	42	42	65
marmgCAMI2_short_read_pooled_megahit_assembly	238	Archaeoglobus_fulgidus_DSM_8774_genomic	0.9890630165280245	0.9915330341083278	2292954	2267876	2287242	0.9836065573770492	0.759493670886076	61	60	79
marmgCAMI2_short_read_pooled_megahit_assembly	242	R2A29_S8_contigs	0.995171307638001	0.9915164795270077	3073710	3058868	3085040	0.9285714285714286	0.65	42	39	60
marmgCAMI2_short_read_pooled_megahit_assembly	233	Halolamina_sediminis_strain_Hb3_genomic	1.0	0.9908851558413492	3512131	3512131	3544438	1.0	0.6447368421052632	49	49	76
marmgCAMI2_short_read_pooled_megahit_assembly	40	Colwellia_psychrerythraea_34H_genomic	1.0	0.9906691762818919	5297011	5297011	5346902	1.0	0.6832298136645962	110	110	161
marmgCAMI2_short_read_pooled_megahit_assembly	246	Clostridium_botulinum_202F_genomic	0.995917755937739	0.9902237992417753	3865276	3849497	3887502	0.9230769230769231	0.5517241379310345	52	48	87
marmgCAMI2_short_read_pooled_megahit_assembly	124	Wenyingzhuangia_fucanilytica_strain_CZ1127_genomic	0.9955979804540331	0.9901048344608955	3399576	3384611	3418437	0.9411764705882353	0.6233766233766234	51	48	77
marmgCAMI2_short_read_pooled_megahit_assembly	212	Kangiella_geojedonensis_strain_YCS_5_genomic	0.9947288848443703	0.9890377534854942	2492262	2479125	2506603	0.9382716049382716	0.7524752475247525	81	76	101
marmgCAMI2_short_read_pooled_megahit_assembly	256	S13_S3_contigs	0.8901542446627129	0.988764109501978	2513215	2237149	2262571	0.86	0.5584415584415584	50	43	77
marmgCAMI2_short_read_pooled_megahit_assembly	204	Synechococcus_sp_WH_8103_genomic	0.9128502913918364	0.9881835813785019	2426801	2215306	2241796	0.9	0.5217391304347826	40	36	69
marmgCAMI2_short_read_pooled_megahit_assembly	36	Marinomonas_mediterranea_MMB_1_genomic	0.9994441131187344	0.9878218846251186	4592661	4590108	4646696	0.9895833333333334	0.6418918918918919	96	95	148
marmgCAMI2_short_read_pooled_megahit_assembly	114	Candidatus_Nitrosoarchaeum_limnia_SFB1_genomic	1.0	0.9874063146075477	1734159	1734159	1756277	1.0	0.7105263157894737	54	54	76
marmgCAMI2_short_read_pooled_megahit_assembly	240	Marinithermus_hydrothermalis_DSM_14884_genomic	1.0	0.9873446495194327	2197844	2197844	2226015	1.0	0.75	81	81	108
marmgCAMI2_short_read_pooled_megahit_assembly	173	Glaciecola_nitratireducens_FR1064_genomic	0.9742911398452748	0.9866865468575441	4207071	4098912	4154219	0.92	0.8394160583941606	250	230	274
marmgCAMI2_short_read_pooled_megahit_assembly	225	Lacinutrix_sp_5H_3_7_4_genomic	0.8609521040529825	0.9862977178625851	3343143	2878286	2918273	0.7096774193548387	0.5641025641025641	62	44	78
marmgCAMI2_short_read_pooled_megahit_assembly	175	Desulfococcus_multivorans_strain_DSM_2059_genomic	1.0	0.9849645136981835	4349950	4349950	4416352	1.0	0.584070796460177	66	66	113
marmgCAMI2_short_read_pooled_megahit_assembly	239	Corynebacterium_phocae_strain_M408_89_1_genomic	0.9985306806641191	0.9846256594524457	2710779	2706796	2749061	0.9807692307692307	0.5425531914893617	52	51	94
marmgCAMI2_short_read_pooled_megahit_assembly	163	Desulfobacterium_autotrophicum_HRM2_genomic	0.9883502618090102	0.98443419639782	5506304	5442157	5528208	0.9848484848484849	0.6878306878306878	132	130	189
marmgCAMI2_short_read_pooled_megahit_assembly	205	Nonlabens_sp_MIC269_genomic	1.0	0.9842377584591095	2797810	2797810	2842616	1.0	0.5189873417721519	41	41	79
marmgCAMI2_short_read_pooled_megahit_assembly	69	Desulfotalea_psychrophila_LSv54_genomic	0.9939359112770313	0.9831648587928824	3588338	3566578	3627650	0.8936170212765957	0.3620689655172414	47	42	116
marmgCAMI2_short_read_pooled_megahit_assembly	210	Shewanella_halifaxensis_HAW_EB4_genomic	0.8992251643788558	0.9831011455449454	5475613	4923809	5008446	0.7696335078534031	0.7	191	147	210
marmgCAMI2_short_read_pooled_megahit_assembly	231	Methanosarcina_siciliae_T4_M_genomic	0.9751076518267652	0.9829947410054168	4855468	4734604	4816510	0.9754601226993865	0.6943231441048034	163	159	229
marmgCAMI2_short_read_pooled_megahit_assembly	87	Sulfurovum_sp_NBC37_1_genomic	0.9753701031203743	0.9825077735164166	2428715	2368896	2411071	0.7941176470588235	0.32142857142857145	34	27	84
marmgCAMI2_short_read_pooled_megahit_assembly	243	Krokinobacter_sp_4H_3_7_5_genomic	0.9953932765268402	0.9818465843431176	3345979	3330565	3392144	0.9550561797752809	0.6204379562043796	89	85	137
marmgCAMI2_short_read_pooled_megahit_assembly	39	Hyphomonas_neptunium_ATCC_15444_genomic	0.991866601337729	0.9808067573818622	3698208	3668129	3739910	0.967741935483871	0.8571428571428571	155	150	175
marmgCAMI2_short_read_pooled_megahit_assembly	2	A_H_1309_4_4_S6_contigs	0.5647321254264146	0.9807442744508126	3329506	1880279	1917196	0.6157024793388429	0.9341692789968652	484	298	319
marmgCAMI2_short_read_pooled_megahit_assembly	164	Thioflavicoccus_mobilis_8321_genomic	0.9815411659196251	0.9807115102780095	4188076	4110769	4191619	0.9655172413793104	0.6363636363636364	87	84	132
marmgCAMI2_short_read_pooled_megahit_assembly	130	Desulfovibrio_africanus_str_Walvis_Bay_genomic	1.0	0.980318267129383	4072545	4072545	4154309	1.0	0.7967741935483871	247	247	310
marmgCAMI2_short_read_pooled_megahit_assembly	166	Hyperthermus_butylicus_DSM_5456_genomic	0.4231860424194049	0.9801072169702559	4017831	1700290	1734800	0.16666666666666666	0.15254237288135594	54	9	59
marmgCAMI2_short_read_pooled_megahit_assembly	178	Novosphingobium_sp_PP1Y_genomic	0.9957484231141733	0.9799832139292716	5220416	5198221	5304398	0.9788732394366197	0.7808988764044944	284	278	356
marmgCAMI2_short_read_pooled_megahit_assembly	27	Roseibacterium_elongatum_DSM_19469_genomic	1.0	0.978867244519119	3542778	3542778	3619263	1.0	0.7993827160493827	259	259	324
marmgCAMI2_short_read_pooled_megahit_assembly	241	Ferrimonas_balearica_DSM_9799_genomic	0.9947454967927382	0.9783335192789853	4213719	4191578	4284406	0.9	0.6774193548387096	70	63	93
marmgCAMI2_short_read_pooled_megahit_assembly	65	Draconibacterium_orientale_strain_FH5_genomic	1.0	0.9773510647265679	5020239	5020239	5136577	1.0	0.7892271662763466	337	337	427
marmgCAMI2_short_read_pooled_megahit_assembly	176	T_219_S4_contigs	0.5998148977897915	0.9767310010908464	1361410	816594	836048	0.640926640926641	0.9378531073446328	259	166	177
marmgCAMI2_short_read_pooled_megahit_assembly	191	Erythrobacter_litoralis_strain_DSM_8509_genomic	0.986937957696526	0.9766541051441506	3128301	3087439	3161241	0.9069767441860465	0.65	43	39	60
marmgCAMI2_short_read_pooled_megahit_assembly	208	Chlorobium_phaeobacteroides_BS1_genomic	0.9971163254734177	0.9721534264532908	2606050	2598535	2672968	0.9827586206896551	0.6826347305389222	116	114	167
marmgCAMI2_short_read_pooled_megahit_assembly	55	Streptococcus_iniae_strain_ISET0901_genomic	0.667996076353359	0.9714489391987966	1889059	1261884	1298971	0.6613756613756614	0.8278145695364238	189	125	151
marmgCAMI2_short_read_pooled_megahit_assembly	84	Magnetospira_sp_QH_2_genomic	0.9948055571553815	0.9713667431319924	3906675	3886382	4000942	0.963302752293578	0.5614973262032086	109	105	187
marmgCAMI2_short_read_pooled_megahit_assembly	127	TNX_S11_contigs	0.9925237257330914	0.967964221944701	3663322	3635934	3756269	0.9903846153846154	0.8131578947368421	312	309	380
marmgCAMI2_short_read_pooled_megahit_assembly	77	Nonlabens_dokdonensis_DSW_6_genomic	1.0	0.9674371386421355	3795639	3795639	3923396	1.0	0.7362924281984334	282	282	383
marmgCAMI2_short_read_pooled_megahit_assembly	182	Ilyobacter_polytropus_DSM_2926_genomic	1.0	0.9669709074556742	3014731	3014731	3117706	1.0	0.7723880597014925	207	207	268
marmgCAMI2_short_read_pooled_megahit_assembly	230	Methylomonas_methanica_MC09_genomic	1.0	0.9656522553975112	4853656	4853656	5026298	1.0	0.5705128205128205	89	89	156
marmgCAMI2_short_read_pooled_megahit_assembly	202	Planococcus_donghaensis_strain_DSM_22276_genomic	0.9979751852072982	0.9603404861639064	3098555	3092281	3219984	0.9915254237288136	0.72	236	234	325
marmgCAMI2_short_read_pooled_megahit_assembly	146	Mehyloceanibacter_caenitepidi_Gela4_genomic	0.9847344568152265	0.9590278680009676	3530631	3476734	3625269	0.92	0.71875	25	23	32
marmgCAMI2_short_read_pooled_megahit_assembly	88	Thiolapillus_brandeum_Hiromi_1_genomic	1.0	0.9578686454607944	3076858	3076858	3212192	1.0	0.76	76	76	100
marmgCAMI2_short_read_pooled_megahit_assembly	144	Streptomyces_sp_GBA_94_10_genomic	0.9067780037816243	0.9576291769441988	7261430	6584505	6875840	0.937007874015748	0.5862068965517241	127	119	203
marmgCAMI2_short_read_pooled_megahit_assembly	115	Marinomonas_posidonica_IVIA_Po_181_genomic	0.8938573035695806	0.9574290355568978	3894267	3480919	3635694	0.8679245283018868	0.3865546218487395	53	46	119
marmgCAMI2_short_read_pooled_megahit_assembly	1	Vibrio_cholerae_strain_Env_390_genomic	0.946098263415354	0.9548570870044821	3903121	3692736	3867318	0.9285714285714286	0.5109170305676856	126	117	229
marmgCAMI2_short_read_pooled_megahit_assembly	108	Thiocystis_violascens_DSM_198_genomic	0.996653573248157	0.9536796765906861	4700835	4685104	4912660	0.9944598337950139	0.7281947261663286	361	359	493
marmgCAMI2_short_read_pooled_megahit_assembly	71	Vibrio_coralliilyticus_OCN014_genomic	0.7879666353322946	0.953116086361415	6212560	4895290	5136090	0.8363636363636363	0.5139664804469274	110	92	179
marmgCAMI2_short_read_pooled_megahit_assembly	150	19_S5_contigs	0.8953030497481121	0.9526016221394727	490893	439498	461366	0.8702290076335878	0.8571428571428571	131	114	133
marmgCAMI2_short_read_pooled_megahit_assembly	196	Pelobacter_acetylenicus_strain_DSM_3247_genomic	0.9415826829106507	0.9483510975659003	3392025	3193872	3367816	0.8656716417910447	0.20350877192982456	67	58	285
marmgCAMI2_short_read_pooled_megahit_assembly	188	AW02J18_S11_contigs	0.9795420549032716	0.9462667409362815	3589950	3516507	3716190	0.9876543209876543	0.6611570247933884	81	80	121
marmgCAMI2_short_read_pooled_megahit_assembly	50	Alteromonas_sp_RW2A1_genomic	0.9809684712920559	0.9427511390002633	3868633	3795007	4025460	0.9333333333333333	0.5220338983050847	165	154	295
marmgCAMI2_short_read_pooled_megahit_assembly	135	Shewanella_sp_ANA_3_genomic	0.8136163632443717	0.9413864927587968	5886021	4788963	5087138	0.6808510638297872	0.4555160142348754	188	128	281
marmgCAMI2_short_read_pooled_megahit_assembly	78	Desulfobacula_toluolica_Tol2_genomic	0.9914974054360145	0.9412696940179662	4789244	4748523	5044806	0.9647058823529412	0.4205128205128205	85	82	195
marmgCAMI2_short_read_pooled_megahit_assembly	68	Synechococcus_sp_CC9902_genomic	0.9986396439802027	0.9402888403704183	2139881	2136970	2272674	0.9951690821256038	0.7304964539007093	207	206	282
marmgCAMI2_short_read_pooled_megahit_assembly	4	Francisella_noatunensis_subsp_orientalis_strain_FNO01_genomic	0.8223493033115349	0.9382348407348757	976979	803418	856308	0.8060836501901141	0.8446215139442231	263	212	251
marmgCAMI2_short_read_pooled_megahit_assembly	136	Pelobacter_carbinolicus_DSM_2380_genomic	1.0	0.9369360200642615	3433893	3433893	3665024	1.0	0.7119565217391305	131	131	184
marmgCAMI2_short_read_pooled_megahit_assembly	61	Owenweeksia_hongkongensis_DSM_17368_genomic	1.0	0.9358273052207956	3846166	3846166	4109910	1.0	0.705607476635514	453	453	642
marmgCAMI2_short_read_pooled_megahit_assembly	64	S17_S4_contigs	0.9500793169481347	0.9291359862053693	3347330	3180229	3422781	0.949748743718593	0.5494186046511628	199	189	344
marmgCAMI2_short_read_pooled_megahit_assembly	151	Vibrio_scophthalmi_strain_VS_05_genomic	0.9760300184436499	0.9263837983030295	4435673	4329350	4673387	0.967741935483871	0.5136986301369864	155	150	292
marmgCAMI2_short_read_pooled_megahit_assembly	184	2_S2_contigs	0.5146157789625139	0.9258726422290074	766603	394506	426091	0.5508982035928144	0.7863247863247863	167	92	117
marmgCAMI2_short_read_pooled_megahit_assembly	49	Aeropyrum_camini_SY1_JCM_12091_genomic	0.9930722860287856	0.925609185834573	1540768	1530094	1653067	0.9947089947089947	0.6861313868613139	189	188	274
marmgCAMI2_short_read_pooled_megahit_assembly	92	Roseobacter_denitrificans_OCh_114_genomic	0.9959127646861726	0.9231732374753755	4199171	4182008	4530036	0.9903100775193798	0.6750330250990753	516	511	757
marmgCAMI2_short_read_pooled_megahit_assembly	28	Candidatus_Gloeomargarita_lithophora_D10_genomic	1.0	0.9224872009620053	2830735	2830735	3068590	1.0	0.6602687140115163	344	344	521
marmgCAMI2_short_read_pooled_megahit_assembly	106	VO5_S12_contigs	0.7821489380187848	0.92092272974343	1542306	1206313	1309896	0.7876712328767124	0.749185667752443	292	230	307
marmgCAMI2_short_read_pooled_megahit_assembly	224	Aeromonas_salmonicida_subsp_salmonicida_A449_genomic	0.8891596436118897	0.9173424311141175	4510027	4010134	4371469	0.839622641509434	0.5174418604651163	106	89	172
marmgCAMI2_short_read_pooled_megahit_assembly	62	Methanocaldococcus_vulcanius_M7_genomic	1.0	0.9169329603104128	1659391	1659391	1809719	1.0	0.6412698412698413	202	202	315
marmgCAMI2_short_read_pooled_megahit_assembly	58	Brucella_pinnipedialis_B2_94_genomic	0.5804289627518627	0.9167029314896575	3219114	1868467	2038247	0.5662650602409639	0.618421052631579	332	188	304
marmgCAMI2_short_read_pooled_megahit_assembly	197	Magnetococcus_marinus_MC_1_genomic	1.0	0.9137742780374258	4100743	4100743	4487698	1.0	0.40939597315436244	183	183	447
marmgCAMI2_short_read_pooled_megahit_assembly	120	Thermovirga_lienii_DSM_17291_genomic	1.0	0.9133626308256463	1830207	1830207	2003812	1.0	0.6569767441860465	226	226	344
marmgCAMI2_short_read_pooled_megahit_assembly	48	Salinispora_tropica_CNB_440_genomic	0.9917244784243371	0.9049195049757156	4921865	4881134	5393998	0.9817629179331308	0.6284046692607004	658	646	1028
marmgCAMI2_short_read_pooled_megahit_assembly	122	Streptomyces_pactum_strain_KLBMP_5084_genomic	0.9906827749568197	0.9019411902486635	7544521	7474227	8286823	0.9890909090909091	0.7351351351351352	275	272	370
marmgCAMI2_short_read_pooled_megahit_assembly	117	Titti30_S10_contigs	0.9979520171033998	0.8973789129597556	5414596	5403507	6021433	0.9960861056751468	0.6002358490566038	511	509	848
marmgCAMI2_short_read_pooled_megahit_assembly	220	Synechococcus_sp_WH_7803_genomic	1.0	0.8966374649552903	2194279	2194279	2447231	1.0	0.6129032258064516	304	304	496
marmgCAMI2_short_read_pooled_megahit_assembly	153	Synechococcus_sp_RCC307_genomic	1.0	0.8962032922379957	2073205	2073205	2313320	1.0	0.6082004555808656	267	267	439
marmgCAMI2_short_read_pooled_megahit_assembly	57	Phaeobacter_gallaeciensis_DSM_26640_genomic	0.9937286618357364	0.8919592621907675	4268467	4241698	4755484	0.9911504424778761	0.6100217864923747	565	560	918
marmgCAMI2_short_read_pooled_megahit_assembly	22	Octadecabacter_antarcticus_307_genomic	0.9954782754414847	0.8910944590093515	4201052	4182056	4693168	0.994392523364486	0.5720430107526882	535	532	930
marmgCAMI2_short_read_pooled_megahit_assembly	67	Shewanella_baltica_OS223_genomic	0.9470255616396348	0.879958288204677	4819683	4564363	5187022	0.926829268292683	0.501466275659824	369	342	682
marmgCAMI2_short_read_pooled_megahit_assembly	32	Oscillibacter_valericigenes_Sjm18_20_genomic	0.9993147965342	0.879541849474793	3911247	3908567	4443867	0.9982174688057041	0.5907172995780591	561	560	948
marmgCAMI2_short_read_pooled_megahit_assembly	200	Titti27_S7_contigs	0.9869826461157064	0.8772412453165949	3220547	3178624	3623432	0.9891304347826086	0.6546762589928058	92	91	139
marmgCAMI2_short_read_pooled_megahit_assembly	21	Rhodothermus_marinus_DSM_4252_genomic	1.0	0.8710876641167213	3084058	3084058	3540468	1.0	0.5685785536159601	456	456	802
marmgCAMI2_short_read_pooled_megahit_assembly	94	Paraoerskovia_marina_strain_DSM_22126_genomic	0.9958252748658595	0.8595305353998367	2657660	2646565	3079082	0.9973614775725593	0.5502183406113537	379	378	687
marmgCAMI2_short_read_pooled_megahit_assembly	7	Hahella_chejuensis_KCTC_2396_genomic	0.9995688718605258	0.8527822462016027	6397170	6394412	7498294	0.9990079365079365	0.5610027855153203	1008	1007	1795
marmgCAMI2_short_read_pooled_megahit_assembly	85	11_S11_contigs	0.8318257048081189	0.8498145911336518	5679560	4724404	5559335	0.8600823045267489	0.32861635220125784	243	209	636
marmgCAMI2_short_read_pooled_megahit_assembly	140	Vibrio_tubiashii_ATCC_19109_genomic	0.9811206163453362	0.8492668850456195	4727220	4637973	5461149	0.9767441860465116	0.5217391304347826	172	168	322
marmgCAMI2_short_read_pooled_megahit_assembly	155	Vibrio_natriegens_strain_CCUG_16374_genomic	0.9210487381908877	0.8480237665568316	4853032	4469879	5270936	0.8988173455978975	0.5335413416536662	761	684	1282
marmgCAMI2_short_read_pooled_megahit_assembly	110	Bacillus_infantis_NRRL_B_14911_genomic	0.9993955186827358	0.8420801105727371	4316097	4313488	5122420	0.998468606431853	0.5709281961471103	653	652	1142
marmgCAMI2_short_read_pooled_megahit_assembly	97	Colwellia_sp_MT41_genomic	0.9992540232683464	0.8242908908087606	3655610	3652883	4431546	0.9983739837398374	0.5061830173124485	615	614	1213
marmgCAMI2_short_read_pooled_megahit_assembly	18	Marinobacter_similis_A3d10_genomic	1.0	0.8215485107419949	3435370	3435370	4181579	1.0	0.5319148936170213	625	625	1175
marmgCAMI2_short_read_pooled_megahit_assembly	207	Nitrosococcus_oceani_ATCC_19707_genomic	0.5949655660174591	0.8170131188211855	4931756	2934225	3591405	0.8433734939759037	0.5785123966942148	83	70	121
marmgCAMI2_short_read_pooled_megahit_assembly	20	Marinobacter_sp_BSs20148_genomic	0.9898666356725834	0.8113044686455029	3527555	3491809	4303944	0.9856687898089171	0.5158333333333334	628	619	1200
marmgCAMI2_short_read_pooled_megahit_assembly	26	Rhodococcus_sp_B7740_genomic	0.9931409300908532	0.8039296070769034	4519709	4488708	5583459	0.9963811821471653	0.4975903614457831	829	826	1660
marmgCAMI2_short_read_pooled_megahit_assembly	74	A3_S3_contigs	0.9582242084260806	0.7989775925332193	234059	224281	280710	0.75	0.375	12	9	24
marmgCAMI2_short_read_pooled_megahit_assembly	59	Thermotoga_sp_RQ2_genomic	0.8133322868430003	0.7963179655199314	1681812	1367872	1717746	0.7757352941176471	0.433264887063655	272	211	487
marmgCAMI2_short_read_pooled_megahit_assembly	129	Erythrobacter_litoralis_HTCC2594_genomic	0.9947125024385466	0.7647925385061578	2470734	2457670	3213512	0.9915611814345991	0.4514889529298751	474	470	1041
marmgCAMI2_short_read_pooled_megahit_assembly	37	Thermococcus_sp_4557_genomic	0.9961842922900946	0.7504894443024424	1626959	1620751	2159592	0.9937888198757764	0.43656207366984995	322	320	733
marmgCAMI2_short_read_pooled_megahit_assembly	244	A_Hdes_20_1_S13_contigs	0.7086796785304248	0.7388113550169791	304850	216041	292417	0.7294117647058823	0.5904761904761905	85	62	105
marmgCAMI2_short_read_pooled_megahit_assembly	12	Formosa_haliotis_strain_LMG_28520_genomic	1.0	0.7023494669243221	3170796	3170796	4514556	1.0	0.40316686967113274	662	662	1642
marmgCAMI2_short_read_pooled_megahit_assembly	83	Cycloclasticus_sp_P1_genomic	0.9070921403446444	0.6994447067093489	1790193	1623870	2321656	0.893491124260355	0.3145833333333333	169	151	480
marmgCAMI2_short_read_pooled_megahit_assembly	167	Nitrosococcus_halophilus_Nc_4_genomic	0.9863768001130973	0.6574361213207676	3105291	3062987	4658988	0.9701492537313433	0.125	134	130	1040
marmgCAMI2_short_read_pooled_megahit_assembly	44	Luteimonas_sp_JM171_genomic	0.9835347132695187	0.6543823322541833	2124591	2089609	3193254	0.9832635983263598	0.35987748851454826	478	470	1306
marmgCAMI2_short_read_pooled_megahit_assembly	194	Prochlorococcus_marinus_bv_HNLC2_genomic	1.0	0.6542488107614277	1038391	1038391	1587150	1.0	0.3463338533541342	222	222	641
marmgCAMI2_short_read_pooled_megahit_assembly	113	Thalassolituus_oleivorans_R6_15_genomic	0.5985045179684411	0.6381282936430087	2842428	1701206	2665931	0.5797872340425532	0.24061810154525387	376	218	906
marmgCAMI2_short_read_pooled_megahit_assembly	198	Prochlorococcus_marinus_str_MIT_9515_genomic	0.9905216805236252	0.6024934226552326	1126149	1115475	1851431	0.9850187265917603	0.3180169286577993	267	263	827
marmgCAMI2_short_read_pooled_megahit_assembly	31	Maribacter_sp_MAR_2009_60_genomic	0.7182539657632223	0.6000898308631157	3186398	2288643	3813834	0.678125	0.29543907420013615	640	434	1469
marmgCAMI2_short_read_pooled_megahit_assembly	90	Prochlorococcus_marinus_bv_HNLC1_genomic	0.9966110243688748	0.5991571197827382	995286	991913	1655514	0.9957627118644068	0.31543624161073824	236	235	745
marmgCAMI2_short_read_pooled_megahit_assembly	206	Candidatus_Atelocyanobacterium_thalassa_isolate_ALOHA_genomic	0.997307922812111	0.5990640127923833	932737	930226	1552799	0.9955357142857143	0.3217893217893218	224	223	693
marmgCAMI2_short_read_pooled_megahit_assembly	60	Desulfovibrio_desulfuricans_ND132_genomic	0.9972090339825166	0.5930993826634682	2464738	2457859	4144093	0.996661101836394	0.31174934725848563	599	597	1915
marmgCAMI2_short_read_pooled_megahit_assembly	34	Psychromonas_sp_CNPT3_genomic	1.0	0.5912891949499108	1915790	1915790	3240022	1.0	0.30301003344481603	453	453	1495
marmgCAMI2_short_read_pooled_megahit_assembly	109	Shewanella_piezotolerans_WP3_genomic	0.9930986110887833	0.5902621881898088	3359034	3335852	5651475	0.9911167512690355	0.3036547433903577	788	781	2572
marmgCAMI2_short_read_pooled_megahit_assembly	56	Ruegeria_pomeroyi_DSS_3_genomic	0.9960111912064772	0.5867942179229165	2910142	2898534	4939609	0.9956584659913169	0.3017543859649123	691	688	2280
marmgCAMI2_short_read_pooled_megahit_assembly	143	Spirochaeta_thermophila_DSM_6578_genomic	1.0	0.5863045021860882	1577943	1577943	2691337	1.0	0.30058774139378674	358	358	1191
marmgCAMI2_short_read_pooled_megahit_assembly	25	T_232_S7_contigs	0.6620380447190134	0.5853110037158112	2255819	1493438	2551529	0.6646216768916156	0.2507716049382716	489	325	1296
marmgCAMI2_short_read_pooled_megahit_assembly	75	Alteromonas_macleodii_str_Balearic_Sea_AD45_genomic	0.7885350651984654	0.569504205242749	3017479	2379388	4177999	0.7634782608695653	0.23105263157894737	575	439	1900
marmgCAMI2_short_read_pooled_megahit_assembly	80	Rhodoferax_ferrireducens_T118_genomic	1.0	0.5694378714177578	3030935	3030935	5322679	1.0	0.28918058870326174	727	727	2514
marmgCAMI2_short_read_pooled_megahit_assembly	248	Spiribacter_salinus_M19_40_genomic	0.48167165996872685	0.5477896574721978	1865499	898558	1640334	0.46153846153846156	0.14634146341463414	26	12	82
marmgCAMI2_short_read_pooled_megahit_assembly	23	Synechococcus_sp_CC9311_genomic	0.9923317766410212	0.5434667577572602	1535949	1524171	2804534	0.9921052631578947	0.27700220426157235	380	377	1361
marmgCAMI2_short_read_pooled_megahit_assembly	66	Alteromonas_macleodii_str_Black_Sea_11_genomic	0.9893956039386965	0.5079657083655118	2164574	2141620	4216072	0.9844559585492227	0.21627774615822423	386	380	1757
marmgCAMI2_short_read_pooled_megahit_assembly	5	Zunongwangia_profunda_SM_A87_genomic	0.9951702728343319	0.5073312312273976	2795396	2781895	5483390	0.9943661971830986	0.25178316690442226	710	706	2804
marmgCAMI2_short_read_pooled_megahit_assembly	3	Cellulophaga_baltica_18_genomic	0.5831576394678699	0.49993335234939823	3125702	1822777	3646040	0.5721739130434783	0.21947965310206805	575	329	1499
marmgCAMI2_short_read_pooled_megahit_assembly	72	Desulfovibrio_salexigens_DSM_2638_genomic	1.0	0.49736166023106626	2295430	2295430	4615213	1.0	0.24107883817427386	581	581	2410
marmgCAMI2_short_read_pooled_megahit_assembly	209	Thermoplasma_volcanium_GSS1_genomic	0.993747086967688	0.4890855477941413	841048	835789	1708881	0.9951219512195122	0.22691879866518352	205	204	899
marmgCAMI2_short_read_pooled_megahit_assembly	123	Hydrogenophaga_sp_LPB0072_genomic	0.9952958154183752	0.4814183161258746	2590247	2578062	5355139	0.9940564635958395	0.2306896551724138	673	669	2900
marmgCAMI2_short_read_pooled_megahit_assembly	47	Confluentimicrobium_sp_EMB200_NS6_genomic	0.990053292922001	0.4766641059201976	2094462	2073629	4350294	0.9908088235294118	0.2298507462686567	544	539	2345
marmgCAMI2_short_read_pooled_megahit_assembly	29	Glaciecola_sp_4H_3_7_YE_5_genomic	0.9944778301709072	0.47496657601920433	2760328	2745085	5779533	0.99302649930265	0.2251739405439595	717	712	3162
marmgCAMI2_short_read_pooled_megahit_assembly	95	Thermosipho_sp_1063_genomic	0.9949558867507883	0.46215817656137265	879441	875005	1893302	0.9955555555555555	0.21705426356589147	225	224	1032
marmgCAMI2_short_read_pooled_megahit_assembly	35	Prochlorococcus_marinus_str_MIT_9301_genomic	0.9906983811390448	0.45475828353274295	848992	841095	1849543	0.9911111111111112	0.21862745098039216	225	223	1020
marmgCAMI2_short_read_pooled_megahit_assembly	132	Dinoroseobacter_shibae_DFL_12_genomic	0.9900940208574194	0.4541228818593198	2123465	2102430	4629650	0.9892280071813285	0.2214630225080386	557	551	2488
marmgCAMI2_short_read_pooled_megahit_assembly	111	Halomonas_sp_A3H3_genomic	0.5832212490693787	0.4515464870548875	3417072	1992909	4413519	0.5635964912280702	0.20576461168935148	456	257	1249
marmgCAMI2_short_read_pooled_megahit_assembly	17	Salmonella_enterica_subsp_enterica_serovar_Typhimurium_22495_genomic	0.8706827633089508	0.42697393877802675	2306568	2008289	4703540	0.8725806451612903	0.1988970588235294	620	541	2720
marmgCAMI2_short_read_pooled_megahit_assembly	96	Muricauda_lutaonensis_strain_CC_HSB_11_genomic	0.9978800755493484	0.42214955208728044	1479298	1476162	3496775	0.9974619289340102	0.19397828232971373	394	393	2026
marmgCAMI2_short_read_pooled_megahit_assembly	11	Pseudomonas_balearica_DSM_6083_genomic	0.9877265328980233	0.41719321717499247	1983873	1959524	4696922	0.9904761904761905	0.1906857352401907	525	520	2727
marmgCAMI2_short_read_pooled_megahit_assembly	174	Nanohaloarchaea_archaeon_SG9_genomic	0.9950125375980208	0.41525969915639493	507673	505141	1216446	0.9921875	0.18091168091168092	128	127	702
marmgCAMI2_short_read_pooled_megahit_assembly	43	Alteromonas_stellipolaris_strain_PQQ_44_genomic	0.9630479724118008	0.4134897374912123	1772352	1706860	4127938	0.9635627530364372	0.1992465466722478	494	476	2389
marmgCAMI2_short_read_pooled_megahit_assembly	162	KCH3_S1_contigs	0.8249132765117352	0.41294529924535817	1103219	910060	2203827	0.8278145695364238	0.10566356720202874	151	125	1183
marmgCAMI2_short_read_pooled_megahit_assembly	9	Haliangium_ochraceum_DSM_14365_genomic	0.9984309041304141	0.40844820440699064	4052015	4045657	9904945	0.9990875912408759	0.18301855256560254	1096	1095	5983
marmgCAMI2_short_read_pooled_megahit_assembly	89	Celeribacter_indicus_P73_genomic	0.9960842405259299	0.3920872988363743	2040728	2032737	5184399	0.996309963099631	0.1798800799467022	542	540	3002
marmgCAMI2_short_read_pooled_megahit_assembly	133	Halorhabdus_tiamatea_SARL4B_genomic	1.0	0.3905267564790835	1308736	1308736	3351207	1.0	0.17811579980372916	363	363	2038
marmgCAMI2_short_read_pooled_megahit_assembly	195	Titti21_S1_contigs	0.9594264179650812	0.38238561126950393	1535334	1473040	3852237	0.9504950495049505	0.15421686746987953	202	192	1245
marmgCAMI2_short_read_pooled_megahit_assembly	79	Tenacibaculum_sp_LPB0136_genomic	0.9926927481621043	0.3813457815891205	1218105	1209204	3170886	0.9909638554216867	0.17073170731707318	332	329	1927
marmgCAMI2_short_read_pooled_megahit_assembly	14	Oleispira_antarctica_RB_8_genomic	0.992338387603319	0.3788767144306113	1801579	1787776	4718622	0.9899598393574297	0.1694740460639395	498	493	2909
marmgCAMI2_short_read_pooled_megahit_assembly	6	Acinetobacter_venetianus_VE_C3_genomic	0.9956986962204206	0.37793373328113505	1411665	1405593	3719152	0.9948453608247423	0.17239839213934793	388	386	2239
marmgCAMI2_short_read_pooled_megahit_assembly	16	Prochlorococcus_marinus_str_MIT_9313_genomic	0.9170847180500777	0.36602345976873735	995691	913133	2494739	0.9071428571428571	0.16547231270358306	280	254	1535
marmgCAMI2_short_read_pooled_megahit_assembly	103	Bdellovibrio_bacteriovorus_strain_109J_genomic	0.9962998397902999	0.36267395602217745	1506151	1500578	4137540	0.9975903614457832	0.15837796480489671	415	414	2614
marmgCAMI2_short_read_pooled_megahit_assembly	10	Vibrio_nigripulchritudo_str_SFn1_genomic	0.9797814867746936	0.3599412840097426	2450378	2400835	6670074	0.9790419161676647	0.15645933014354066	668	654	4180
marmgCAMI2_short_read_pooled_megahit_assembly	54	Cellulophaga_lytica_strain_HI1_genomic	0.678339493981217	0.35559755244190283	843526	572197	1609114	0.6770428015564203	0.1583257506824386	257	174	1099
marmgCAMI2_short_read_pooled_megahit_assembly	8	Parvularcula_bermudensis_HTCC2503_genomic	0.9971861187975152	0.3500167726142164	1090309	1087241	3106254	0.9966887417218543	0.15102860010035124	302	301	1993
marmgCAMI2_short_read_pooled_megahit_assembly	214	Alteromonas_mediterranea_strain_CP48_genomic	0.9513670667198555	0.34556363745073676	1348654	1283065	3712963	0.9090909090909091	0.04647232784114914	121	110	2367
marmgCAMI2_short_read_pooled_megahit_assembly	236	Pyrococcus_furiosus_DSM_3638_genomic	0.9963017040139189	0.3413288443451329	686262	683724	2003124	0.9948979591836735	0.151987529228371	196	195	1283
marmgCAMI2_short_read_pooled_megahit_assembly	99	Marinobacter_aquaeolei_VT8_genomic	0.9898717215985223	0.33999726645001815	1676198	1659221	4880101	0.9894291754756871	0.15004809233728758	473	468	3119
marmgCAMI2_short_read_pooled_megahit_assembly	181	Pseudoalteromonas_haloplanktis_TAC125_genomic	0.9793303732674676	0.3368482080112439	1370465	1342138	3984400	0.9746835443037974	0.1497471800855698	395	385	2571
marmgCAMI2_short_read_pooled_megahit_assembly	149	Halomonas_sp_A3H3_genomic	0.9532513352945757	0.335591622014089	1553777	1481140	4413519	0.9595375722543352	0.13290632506004804	173	166	1249
marmgCAMI2_short_read_pooled_megahit_assembly	13	Flavobacteriaceae_bacterium_UJ101_genomic	1.0	0.33117822592069607	1087071	1087071	3282435	1.0	0.14338066880439762	313	313	2183
marmgCAMI2_short_read_pooled_megahit_assembly	177	Titti20_S7_contigs	0.9941340753651551	0.3246000834102087	1569744	1560536	4807565	0.9933184855233853	0.1387678904791537	449	446	3214
marmgCAMI2_short_read_pooled_megahit_assembly	142	Methanohalophilus_halophilus_strain_Z_7982_genomic	1.0	0.29611414542187986	642133	642133	2168532	1.0	0.12637008381689233	196	196	1551
marmgCAMI2_short_read_pooled_megahit_assembly	102	Formosa_sp_Hel3_A1_48_genomic	0.9759325352470958	0.29598347418121357	648635	633024	2138714	0.973404255319149	0.12664359861591695	188	183	1445
marmgCAMI2_short_read_pooled_megahit_assembly	70	9_S9_contigs	0.8903942696078099	0.2899301453838618	442413	393922	1358679	0.8409090909090909	0.15546218487394958	44	37	238
marmgCAMI2_short_read_pooled_megahit_assembly	19	Salinispora_arenicola_CNS_205_genomic	0.9902155083528332	0.288333919497537	1731209	1714270	5945433	0.991701244813278	0.11616038882138517	482	478	4115
marmgCAMI2_short_read_pooled_megahit_assembly	235	Thalassolituus_oleivorans_MIL_1_genomic	0.738856319625715	0.28635021500866187	560856	414392	1447151	0.696969696969697	0.08789808917197452	99	69	785
marmgCAMI2_short_read_pooled_megahit_assembly	45	Marinomonas_sp_MWYL1_genomic	0.9929754389139102	0.2861842583098152	1547570	1536699	5369614	0.9931818181818182	0.11744154797097554	440	437	3721
marmgCAMI2_short_read_pooled_megahit_assembly	138	Psychromonas_ingrahamii_37_genomic	0.9958602054265727	0.28395710679044833	1362628	1356987	4778845	0.9949367088607595	0.11703394877903514	395	393	3358
marmgCAMI2_short_read_pooled_megahit_assembly	15	Dokdonia_donghaensis_DSW_1_genomic	0.9791809813846373	0.27687132404143855	976559	956228	3453691	0.975	0.11294993793959454	280	273	2417
marmgCAMI2_short_read_pooled_megahit_assembly	148	Saprospira_grandis_str_Lewin_genomic	0.9979330520170903	0.2686964971377719	1211448	1208944	4499292	0.9972375690607734	0.11302442078897934	362	361	3194
marmgCAMI2_short_read_pooled_megahit_assembly	119	Shewanella_woodyi_ATCC_51908_genomic	0.9982396965881485	0.26503152433729593	1632105	1629232	6147314	0.9979166666666667	0.10790718630322145	480	479	4439
marmgCAMI2_short_read_pooled_megahit_assembly	147	Edwardsiella_piscicida_strain_S11_285_genomic	0.9871636242680333	0.26385929002624514	1094312	1080265	4094095	0.9873015873015873	0.10847575863271712	315	311	2867
marmgCAMI2_short_read_pooled_megahit_assembly	53	Caldithrix_abyssi_DSM_13497_genomic	1.0	0.2571212806717531	1300287	1300287	5057096	1.0	0.10731431798926856	380	380	3541
marmgCAMI2_short_read_pooled_megahit_assembly	189	Yangia_sp_CCB_MM3_genomic	0.990065285460032	0.2541688906127302	1479962	1465259	5764903	0.9906542056074766	0.10234129857591118	428	424	4143
marmgCAMI2_short_read_pooled_megahit_assembly	217	S06_S2_contigs	0.983739405952957	0.25414767430232293	640690	630272	2479944	0.9743589743589743	0.05996843766438716	117	114	1901
marmgCAMI2_short_read_pooled_megahit_assembly	105	Psychrobacter_sp_P11F6_genomic	0.9765821671901049	0.24105471326432196	898546	877504	3640269	0.9740740740740741	0.09773318468970643	270	263	2691
marmgCAMI2_short_read_pooled_megahit_assembly	46	Spirochaeta_sp_L21_RPul_D2_genomic	0.9969265860386166	0.23832129219081163	942600	939703	3943009	0.996415770609319	0.0972027972027972	279	278	2860
marmgCAMI2_short_read_pooled_megahit_assembly	203	alpha_proteobacterium_HIMB5_genomic	0.9845461067335456	0.23109171776323664	337326	332113	1437148	0.9807692307692307	0.0966824644549763	104	102	1055
marmgCAMI2_short_read_pooled_megahit_assembly	73	Alteromonas_macleodii_ATCC_27126_genomic	0.4848266442975377	0.22794902050819313	1320868	640392	2809365	0.4488888888888889	0.05299055613850997	225	101	1906
marmgCAMI2_short_read_pooled_megahit_assembly	128	Paraglaciecola_psychrophila_170_genomic	0.993763021003944	0.2275494660666833	1297423	1289331	5666157	0.9922279792746114	0.0908875177978168	386	383	4214
marmgCAMI2_short_read_pooled_megahit_assembly	190	Ruminiclostridium_thermocellum_DSM_2360_strain_LQRI_genomic	0.9965253623056443	0.22116447878944645	823683	820821	3711360	0.996078431372549	0.09290416971470374	255	254	2734
marmgCAMI2_short_read_pooled_megahit_assembly	199	Alteromonas_macleodii_str_Ionian_Sea_U4_genomic	0.46148983913277075	0.21433869336927605	1075794	496468	2316278	0.39603960396039606	0.030165912518853696	101	40	1326
marmgCAMI2_short_read_pooled_megahit_assembly	171	Persephonella_marina_EX_H1_genomic	0.9941870875898685	0.21215040584780015	446764	444167	2093642	0.9927536231884058	0.08404907975460123	138	137	1630
marmgCAMI2_short_read_pooled_megahit_assembly	152	15_S3_contigs	0.3150737625424298	0.21201123518832118	857888	270298	1274923	0.25773195876288657	0.028089887640449437	97	25	890
marmgCAMI2_short_read_pooled_megahit_assembly	42	Pusillimonas_sp_T7_7_genomic	0.9783492668729737	0.20650717196408078	868608	849802	4115121	0.973384030418251	0.08160663053873127	263	256	3137
marmgCAMI2_short_read_pooled_megahit_assembly	232	Thermotoga_maritima_MSB8_1_genomic	0.9321974252750679	0.1988935206041632	224490	209269	1052166	0.9215686274509803	0.06752873563218391	51	47	696
marmgCAMI2_short_read_pooled_megahit_assembly	229	Haloquadratum_walsbyi_C23_genomic	0.9865095749445438	0.1969387672161982	663137	654191	3321799	0.9847715736040609	0.07560405300077942	197	194	2566
marmgCAMI2_short_read_pooled_megahit_assembly	125	Pyrobaculum_aerophilum_str_IM2_genomic	1.0	0.19040087940162453	438220	438220	2301565	1.0	0.07452725250278086	134	134	1798
marmgCAMI2_short_read_pooled_megahit_assembly	82	Alteromonas_macleodii_str_Ionian_Sea_U4_genomic	0.35383898788705154	0.18497218382249453	1210853	428447	2316278	0.32217573221757323	0.058069381598793365	239	77	1326
marmgCAMI2_short_read_pooled_megahit_assembly	0	Muricauda_ruestringensis_DSM_13258_genomic	0.9818919201255691	0.18471604879305936	756237	742543	4019916	0.9827586206896551	0.07118326568841711	232	228	3203
marmgCAMI2_short_read_pooled_megahit_assembly	141	Gramella_sp_MAR_2010_102_genomic	0.9909735332558814	0.1810832670833688	661056	655089	3617612	0.9899497487437185	0.06924428822495607	199	197	2845
marmgCAMI2_short_read_pooled_megahit_assembly	168	Nitrosococcus_halophilus_Nc_4_genomic	0.5801688355002985	0.1777231450263448	1427188	828010	4658988	0.4827586206896552	0.013461538461538462	29	14	1040
marmgCAMI2_short_read_pooled_megahit_assembly	107	V_H1309_2_2_S2_contigs	0.8463287861169903	0.17062695417842913	817863	692181	4056692	0.8391304347826087	0.056848306332842415	230	193	3395
marmgCAMI2_short_read_pooled_megahit_assembly	137	Cellulophaga_baltica_18_genomic	0.7200751811986185	0.16885854241862405	855001	615665	3646040	0.734375	0.09406270847231488	192	141	1499
marmgCAMI2_short_read_pooled_megahit_assembly	118	12_S1_contigs	0.9950395723898721	0.1643584279385744	639461	636289	3871350	0.994475138121547	0.05100595069424766	181	180	3529
marmgCAMI2_short_read_pooled_megahit_assembly	104	Phaeobacter_gallaeciensis_strain_JL2886_genomic	0.9335470828414484	0.16314591143913212	727643	679289	4163690	0.9260869565217391	0.0630550621669627	230	213	3378
marmgCAMI2_short_read_pooled_megahit_assembly	157	Thalassolituus_oleivorans_strain_K188_genomic	0.9432630855404595	0.157936268409012	273508	257990	1633507	0.9	0.048	40	36	750
marmgCAMI2_short_read_pooled_megahit_assembly	215	Alteromonas_macleodii_str_Aegean_Sea_MED64_genomic	0.47349745834081797	0.15642577794595985	857314	405936	2595071	0.45454545454545453	0.021242697822623474	88	40	1883
marmgCAMI2_short_read_pooled_megahit_assembly	211	Vibrio_alginolyticus_strain_ATCC_33787_genomic	0.9895066940055481	0.15563755605867569	895428	886032	5692919	0.9890909090909091	0.06035056578655425	275	272	4507
marmgCAMI2_short_read_pooled_megahit_assembly	192	Vibrio_anguillarum_strain_90_11_286_genomic	0.5098595396638137	0.15056337270746237	505196	257579	1710768	0.5	0.044673539518900345	104	52	1164
marmgCAMI2_short_read_pooled_megahit_assembly	52	26_S2_contigs	0.9956128907086277	0.14212181508322722	597888	595265	4188414	0.9946524064171123	0.05312767780634105	187	186	3501
marmgCAMI2_short_read_pooled_megahit_assembly	187	Cycloclasticus_sp_P1_genomic	0.6199431533573488	0.1391343075804512	521051	323022	2321656	0.7804878048780488	0.06666666666666667	41	32	480
marmgCAMI2_short_read_pooled_megahit_assembly	145	Photobacterium_gaetbulicola_Gung47_genomic	0.9822091688609818	0.12911007458642604	770172	756470	5859109	0.9794238683127572	0.046822742474916385	243	238	5083
marmgCAMI2_short_read_pooled_megahit_assembly	91	Polaribacter_sp_LPB0003_genomic	0.9060563229185683	0.1251684811321932	531329	481414	3846128	0.891566265060241	0.044753553069247054	166	148	3307
marmgCAMI2_short_read_pooled_megahit_assembly	86	Haloferax_mediterranei_ATCC_33500_genomic	0.9809268473342673	0.12445252538665734	496824	487348	3915935	0.98125	0.045362611961860734	160	157	3461
marmgCAMI2_short_read_pooled_megahit_assembly	193	Methanoculleus_marisnigri_JR1_genomic	0.9238322229175102	0.1241241088598434	326004	301173	2426386	0.9150943396226415	0.04395106479383779	106	97	2207
marmgCAMI2_short_read_pooled_megahit_assembly	24	Photobacterium_profundum_SS9_genomic	0.9519475177052835	0.12403643880886003	787618	749771	6044764	0.948	0.04454887218045113	250	237	5320
marmgCAMI2_short_read_pooled_megahit_assembly	76	Saccharophagus_degradans_2_40_genomic	0.9915855566818553	0.12003207018271188	609666	604536	5036454	0.9894179894179894	0.042374801722184455	189	187	4413
marmgCAMI2_short_read_pooled_megahit_assembly	219	Altererythrobacter_namhicola_strain_JCM_16345_genomic	0.9916368971676448	0.11872643786317005	313520	310898	2618608	0.9902912621359223	0.044060475161987044	103	102	2315
marmgCAMI2_short_read_pooled_megahit_assembly	170	Marinobacterium_sp_ST58_10_genomic	0.9950418742007271	0.11848872962783752	616967	613908	5181151	0.9948717948717949	0.04275011018069634	195	194	4538
marmgCAMI2_short_read_pooled_megahit_assembly	161	Cellulophaga_baltica_NN016038_genomic	0.9345867361651423	0.11788704371834845	367586	343541	2914154	0.9555555555555556	0.0581473968897904	90	86	1479
marmgCAMI2_short_read_pooled_megahit_assembly	41	Alteromonas_mediterranea_strain_CP48_genomic	0.36273987138837804	0.1148996098264378	1176099	426618	3712963	0.35177865612648224	0.03760033798056612	253	89	2367
marmgCAMI2_short_read_pooled_megahit_assembly	223	Marinitoga_piezophila_KA3_genomic	0.9491332154484309	0.10925353657272266	242044	229732	2102742	0.9506172839506173	0.04033525405971713	81	77	1909
marmgCAMI2_short_read_pooled_megahit_assembly	234	Thalassolituus_oleivorans_R6_15_genomic	0.9479842889094976	0.10429377204436274	293296	278040	2665931	0.9166666666666666	0.04856512141280353	48	44	906
marmgCAMI2_short_read_pooled_megahit_assembly	134	Verrucosispora_maris_AB_18_032_genomic	0.9648079665822956	0.10205763169609115	709564	684593	6707906	0.9646017699115044	0.03635150908787727	226	218	5997
marmgCAMI2_short_read_pooled_megahit_assembly	222	Pelagibacterium_halotolerans_B2_genomic	0.9908136382726891	0.10070118506070176	392865	389256	3865456	0.9920634920634921	0.035241048773611505	126	125	3547
marmgCAMI2_short_read_pooled_megahit_assembly	139	Titti15_S2_contigs	0.9298301371553759	0.09997259697717455	324085	301344	3014266	0.9230769230769231	0.03421240199572345	104	96	2806
marmgCAMI2_short_read_pooled_megahit_assembly	121	Maribacter_sp_MAR_2009_60_genomic	0.8612632483196545	0.09726668753805226	430715	370959	3813834	0.85	0.057862491490810075	100	85	1469
marmgCAMI2_short_read_pooled_megahit_assembly	159	Alteromonas_macleodii_str_Aegean_Sea_MED64_genomic	0.26658015676378877	0.09428296952183582	917814	244671	2595071	0.2634730538922156	0.02336696760488582	167	44	1883
marmgCAMI2_short_read_pooled_megahit_assembly	237	Vibrio_parahaemolyticus_UCM_V493_genomic	0.5052660005401026	0.08895319051268705	429548	217036	2439890	0.5034965034965035	0.030954428202923472	143	72	2326
marmgCAMI2_short_read_pooled_megahit_assembly	158	Nonlabens_sp_Hel1_33_55_genomic	0.8675061248599917	0.08749946280598897	309803	268756	3071516	0.8640776699029126	0.030710835058661144	103	89	2898
marmgCAMI2_short_read_pooled_megahit_assembly	100	Leisingera_methylohalidivorans_DSM_14336_genomic	0.9611678313696146	0.0856795614339545	394235	378926	4422595	0.9612403100775194	0.0304893041553971	129	124	4067
marmgCAMI2_short_read_pooled_megahit_assembly	131	Clostridium_stercorarium_subsp_thermolacticum_DSM_2910_genomic	0.9678220411974467	0.08427632971602164	248462	240467	2853316	0.9753086419753086	0.029086892488954345	81	79	2716
marmgCAMI2_short_read_pooled_megahit_assembly	33	Vibrio_natriegens_strain_CCUG_16373_genomic	0.6568587616017093	0.08423833971799749	219041	143879	1707999	0.6153846153846154	0.02803083391730904	65	40	1427
marmgCAMI2_short_read_pooled_megahit_assembly	38	Moorea_producens_JHB_genomic	0.992542636664289	0.08053468126880337	724787	719382	8932574	0.9915966386554622	0.028280407429598562	238	236	8345
marmgCAMI2_short_read_pooled_megahit_assembly	221	Marinobacter_sp_CP1_genomic	0.9570268334408724	0.0798984414092181	337862	323343	4046925	0.963302752293578	0.027829313543599257	109	105	3773
marmgCAMI2_short_read_pooled_megahit_assembly	218	10_S9_contigs	0.9787345367567366	0.07773634886724533	267570	261880	3368823	0.9770114942528736	0.026992696093998094	87	85	3149
marmgCAMI2_short_read_pooled_megahit_assembly	185	Methanosarcina_sp_MTP4_genomic	0.9654502086190295	0.0676811168070772	274184	264711	3911150	0.9651162790697675	0.021824875098606363	86	83	3803
marmgCAMI2_short_read_pooled_megahit_assembly	172	Geobacillus_kaustophilus_HTA426_genomic	0.9349353620451739	0.06353692480296828	220304	205970	3241737	0.9295774647887324	0.021310946076848563	71	66	3097
marmgCAMI2_short_read_pooled_megahit_assembly	247	Aeromonas_salmonicida_subsp_salmonicida_A449_genomic	0.9500903970516654	0.0625110231823673	287620	273265	4371469	0.8823529411764706	0.1744186046511628	34	30	172
marmgCAMI2_short_read_pooled_megahit_assembly	112	Actinoalloteichus_sp_ADI127_7_genomic	0.9548106329938063	0.05289887137746878	350193	334368	6320891	0.9576271186440678	0.017686648927844734	118	113	6389
marmgCAMI2_short_read_pooled_megahit_assembly	250	Rhodobacter_sphaeroides_strain_MBTLJ_13_genomic	0.9857918118938833	0.05268454853604299	221492	218345	4144384	0.9863013698630136	0.017212526894573272	73	72	4183
marmgCAMI2_short_read_pooled_megahit_assembly	30	Vibrio_vulnificus_strain_93U204_genomic	0.9751406498156074	0.049218638015557266	222894	217353	4416071	0.972972972972973	0.01601423487544484	74	72	4496
marmgCAMI2_short_read_pooled_megahit_assembly	227	GB02J45_S9_contigs	0.5247560427051491	0.04702228331371441	435732	228653	4862652	0.5170068027210885	0.015507039379718425	147	76	4901
marmgCAMI2_short_read_pooled_megahit_assembly	186	Vibrio_harveyi_strain_QT520_genomic	0.9234315581100557	0.04201201358964747	230356	212718	5063266	0.9210526315789473	0.013392003061029271	76	70	5227
marmgCAMI2_short_read_pooled_megahit_assembly	226	LF22_S6_contigs	0.5298656351082683	0.03880927327895885	287203	152179	3921202	0.5263157894736842	0.011834319526627219	95	50	4225
marmgCAMI2_short_read_pooled_megahit_assembly	126	Pseudoalteromonas_luteoviolacea_strain_S4054_genomic	0.7841970095497469	0.03313670996729025	225451	176798	5335412	0.7808219178082192	0.010165864098448368	73	57	5607
marmgCAMI2_short_read_pooled_megahit_assembly	169	11_S11_contigs	0.2350994580205947	0.03259976238165176	770878	181233	5559335	0.2777777777777778	0.015723270440251572	36	10	636
marmgCAMI2_short_read_pooled_megahit_assembly	81	Rhodovulum_sulfidophilum_DSM_1374_genomic	0.39749869187417974	0.026381040946688836	233158	92680	3513129	0.3902439024390244	0.00835509138381201	82	32	3830
marmgCAMI2_short_read_pooled_megahit_assembly	228	Jannaschia_sp_CCS1_genomic	0.3749001444375408	0.025074774758243573	247858	92922	3705796	0.36470588235294116	0.007771371270995237	85	31	3989
