Method	num_5010	num_7010	num_9010	num_505	num_605	num_705	num_805	num_905
concoct_bins_checkm2_quality_report.tsv	9	7	6	7	7	7	7	6
maxbin2_bins_checkm2_quality_report.tsv	9	5	4	7	6	4	4	4
metabat2_bins_checkm2_quality_report.tsv	9	8	6	9	8	8	7	6
vamb_m200000/bins_checkm2_output/quality_report.tsv	6	4	2	6	5	4	4	2
vamb_v413_m200000/bins_checkm2_output/quality_report.tsv	5	4	2	5	5	4	3	2
clmb_m200000/bins_checkm2_output/quality_report.tsv	8	7	3	8	8	7	5	3
metadecoder/samfiles_checkm2_output/quality_report.tsv	10	9	6	10	10	9	8	6
semibin_Easy_coassemly_mode_v1.0.0_default/output_recluster_bins_checkm2_output/quality_report.tsv	11	9	3	11	9	9	8	3
semibin2_Easy_coassemly_mode/output_bins_checkm2_output/quality_report.tsv	10	9	5	10	9	9	6	5
COMEBin_nocovloss_tau0.15_nepoch200_earlystop_addvars_nedge75_vars_sqrt_NokmerMetric/filter200000/*filtersmallbins_200000.tsv_bins_checkm2_output/quality_report.tsv	14	10	9	12	12	10	10	9
