Method	num_5010	num_7010	num_9010	num_505	num_605	num_705	num_805	num_905
concoct_bins_checkm2_quality_report.tsv	9	3	1	5	3	2	0	0
maxbin2_bins_checkm2_quality_report.tsv	15	7	1	6	2	2	1	1
metabat2_bins_checkm2_quality_report.tsv	22	16	5	11	11	8	8	4
vamb_m200000/bins_checkm2_output/quality_report.tsv	2	0	0	2	1	0	0	0
vamb_v413_m200000/bins_checkm2_output/quality_report.tsv	4	3	2	3	2	2	1	1
clmb_m200000/bins_checkm2_output/quality_report.tsv	0	0	0	0	0	0	0	0
metadecoder/samfiles_checkm2_output/quality_report.tsv	22	10	2	18	11	9	5	2
semibin_Easy_coassemly_mode_v1.0.0_default/output_recluster_bins_checkm2_output/quality_report.tsv	20	10	3	16	11	9	5	3
semibin2_Easy_coassemly_mode/output_bins_checkm2_output/quality_report.tsv	20	10	2	16	11	9	5	2
COMEBin_nocovloss_tau0.15_nepoch200_earlystop_addvars_nedge75_vars_sqrt_NokmerMetric/comebin_res_bins_checkm2_output/quality_report.tsv	29	19	11	18	14	11	7	5
