Method	num_5010	num_7010	num_9010	num_505	num_605	num_705	num_805	num_905
concoct_bins_checkm2_quality_report.tsv	16	11	5	10	10	8	7	4
maxbin2_bins_checkm2_quality_report.tsv	15	7	1	5	3	3	1	0
metabat2_bins_checkm2_quality_report.tsv	28	19	3	18	17	14	10	3
vamb_m200000/bins_checkm2_output/quality_report.tsv	3	2	0	3	2	2	1	0
vamb_v413_m200000/bins_checkm2_output/quality_report.tsv	2	2	1	2	2	2	2	1
clmb_m200000/bins_checkm2_output/quality_report.tsv	7	5	2	6	5	4	3	2
metadecoder/samfiles_checkm2_output/quality_report.tsv	22	12	2	19	13	12	7	2
semibin_Easy_coassemly_mode_v1.0.0_default/output_recluster_bins_checkm2_output/quality_report.tsv	21	10	2	20	15	10	6	2
semibin2_Easy_coassemly_mode/output_bins_checkm2_output/quality_report.tsv	21	9	2	20	14	9	6	2
COMEBin_nocovloss_tau0.15_nepoch200_earlystop_addvars_nedge75_vars_sqrt_NokmerMetric/comebin_res_bins_checkm2_output/quality_report.tsv	40	27	5	24	16	13	7	3
