sample_id	Bin ID	Most abundant genome	Purity (bp)	Completeness (bp)	Bin size (bp)	True positives (bp)	True size of most abundant genome (bp)	Purity (seq)	Completeness (seq)	Bin size (seq)	True positives (seq)	True size of most abundant genome (seq)
marmgCAMI2_short_read_pooled_megahit_assembly	200	Methylophilales_bacterium_MBRSG12_genomic	1.0	1.0	1339976	1339976	1339976	1.0	1.0	7	7	7
marmgCAMI2_short_read_pooled_megahit_assembly	30	MR4_25_2A_1A_S4_contigs	0.9050995512534074	0.9989409357917656	6207958	5618820	5624777	0.935064935064935	0.9863013698630136	154	144	146
marmgCAMI2_short_read_pooled_megahit_assembly	186	Woeseia_oceani_strain_XK5_genomic	1.0	0.9984910335192482	4025153	4025153	4031236	1.0	0.72	18	18	25
marmgCAMI2_short_read_pooled_megahit_assembly	63	MvHd14_S5_contigs	0.6470962902681496	0.9978956191880498	4551488	2945251	2951462	0.569620253164557	0.989010989010989	158	90	91
marmgCAMI2_short_read_pooled_megahit_assembly	199	Candidatus_Endolissoclinum_patella_L2_genomic	1.0	0.9971700356331781	1841088	1841088	1846313	1.0	0.45454545454545453	5	5	11
marmgCAMI2_short_read_pooled_megahit_assembly	188	Hyphomicrobium_nitrativorans_NL23_genomic	1.0	0.9964471868958213	3282026	3282026	3293728	1.0	0.5833333333333334	14	14	24
marmgCAMI2_short_read_pooled_megahit_assembly	201	Mollicutes_bacterium_Candidatus_Izimaplasma_HR1_genomic	1.0	0.9958493110165404	1868527	1868527	1876315	1.0	0.6666666666666666	8	8	12
marmgCAMI2_short_read_pooled_megahit_assembly	182	Ilumatobacter_coccineum_YM16_304_genomic	1.0	0.9946894040800387	4829415	4829415	4855199	1.0	0.6136363636363636	27	27	44
marmgCAMI2_short_read_pooled_megahit_assembly	31	Desulfovibrio_piezophilus_strain_C1TLV30_genomic	1.0	0.9944556336742273	3621703	3621703	3641895	1.0	0.7246376811594203	50	50	69
marmgCAMI2_short_read_pooled_megahit_assembly	0	Candidatus_Nitrosopumilus_sp_AR2_genomic	1.0	0.9942507908197404	1679045	1679045	1688754	1.0	0.7555555555555555	34	34	45
marmgCAMI2_short_read_pooled_megahit_assembly	56	Marivirga_tractuosa_DSM_4126_genomic	1.0	0.9931899792620851	4477946	4477946	4508650	1.0	0.5918367346938775	29	29	49
marmgCAMI2_short_read_pooled_megahit_assembly	179	Nanoarchaeum_equitans_Kin4_M_genomic	1.0	0.9927670099149342	456786	456786	460114	1.0	0.8571428571428571	18	18	21
marmgCAMI2_short_read_pooled_megahit_assembly	90	Flavobacterium_psychrophilum_strain_VQ50_genomic	0.5087677596448014	0.9925794063525082	2633569	1339875	1349892	0.5862068965517241	0.8292682926829268	58	34	41
marmgCAMI2_short_read_pooled_megahit_assembly	48	Colwellia_psychrerythraea_34H_genomic	1.0	0.9920421208393196	5304352	5304352	5346902	1.0	0.7142857142857143	115	115	161
marmgCAMI2_short_read_pooled_megahit_assembly	131	Flammeovirga_sp_MY04_genomic	1.0	0.9913401924633906	7209470	7209470	7272448	1.0	0.45454545454545453	55	55	121
marmgCAMI2_short_read_pooled_megahit_assembly	18	Candidatus_Nitrosoarchaeum_limnia_SFB1_genomic	1.0	0.9909894623684077	1740452	1740452	1756277	1.0	0.7631578947368421	58	58	76
marmgCAMI2_short_read_pooled_megahit_assembly	2	Ilyobacter_polytropus_DSM_2926_genomic	0.9994735064020586	0.9906735914162529	3090256	3088629	3117706	0.9958333333333333	0.8917910447761194	240	239	268
marmgCAMI2_short_read_pooled_megahit_assembly	170	Desulfocapsa_sulfexigens_DSM_10523_genomic	0.9960404723835368	0.9902008687226186	3985829	3970047	4009335	0.9264705882352942	0.7	68	63	90
marmgCAMI2_short_read_pooled_megahit_assembly	51	Desulfovibrio_africanus_str_Walvis_Bay_genomic	1.0	0.9888482055619839	4107981	4107981	4154309	1.0	0.8516129032258064	264	264	310
marmgCAMI2_short_read_pooled_megahit_assembly	197	Palaeococcus_pacificus_DY20341_genomic	1.0	0.9879318785881637	1844372	1844372	1866902	1.0	0.32	8	8	25
marmgCAMI2_short_read_pooled_megahit_assembly	57	Algibacter_sp_HZ22_genomic	1.0	0.9868837201134438	3933832	3933832	3986115	1.0	0.44642857142857145	25	25	56
marmgCAMI2_short_read_pooled_megahit_assembly	148	Wenyingzhuangia_fucanilytica_strain_CZ1127_genomic	0.9975486550573257	0.9868624169466923	3381817	3373527	3418437	0.9782608695652174	0.5844155844155844	46	45	77
marmgCAMI2_short_read_pooled_megahit_assembly	17	Novosphingobium_sp_PP1Y_genomic	0.9952454516564181	0.9865630369365195	5258123	5233123	5304398	0.9735099337748344	0.8258426966292135	302	294	356
marmgCAMI2_short_read_pooled_megahit_assembly	91	Synechococcus_sp_WH_8103_genomic	0.9197885506255558	0.9860205834964466	2403223	2210457	2241796	0.925	0.5362318840579711	40	37	69
marmgCAMI2_short_read_pooled_megahit_assembly	151	Piscirickettsia_salmonis_strain_AY6297B_genomic	0.839761818646368	0.9849161387909819	1808202	1518459	1541714	0.8509316770186336	0.9256756756756757	161	137	148
marmgCAMI2_short_read_pooled_megahit_assembly	79	Chloroherpeton_thalassium_ATCC_35110_genomic	1.0	0.9835959196736613	3239243	3239243	3293266	1.0	0.5692307692307692	37	37	65
marmgCAMI2_short_read_pooled_megahit_assembly	52	Thioflavicoccus_mobilis_8321_genomic	1.0	0.9835471687670087	4122655	4122655	4191619	1.0	0.6212121212121212	82	82	132
marmgCAMI2_short_read_pooled_megahit_assembly	145	Halolamina_sediminis_strain_Hb3_genomic	1.0	0.9824194978160148	3482125	3482125	3544438	1.0	0.5789473684210527	44	44	76
marmgCAMI2_short_read_pooled_megahit_assembly	167	Kangiella_geojedonensis_strain_YCS_5_genomic	1.0	0.9810600242639141	2459128	2459128	2506603	1.0	0.693069306930693	70	70	101
marmgCAMI2_short_read_pooled_megahit_assembly	58	Marinithermus_hydrothermalis_DSM_14884_genomic	1.0	0.9806524214796396	2182947	2182947	2226015	1.0	0.7592592592592593	82	82	108
marmgCAMI2_short_read_pooled_megahit_assembly	141	Clostridium_botulinum_202F_genomic	1.0	0.9803616821290382	3811158	3811158	3887502	1.0	0.45977011494252873	40	40	87
marmgCAMI2_short_read_pooled_megahit_assembly	72	Streptomyces_sp_GBA_94_10_genomic	0.8969730747160395	0.9802781914646065	7514424	6740236	6875840	0.9219858156028369	0.6403940886699507	141	130	203
marmgCAMI2_short_read_pooled_megahit_assembly	76	Glaciecola_nitratireducens_FR1064_genomic	1.0	0.9801308019630164	4071678	4071678	4154219	1.0	0.8138686131386861	223	223	274
marmgCAMI2_short_read_pooled_megahit_assembly	5	Hyperthermus_butylicus_DSM_5456_genomic	0.5123201008556094	0.9801072169702559	3318804	1700290	1734800	0.03643724696356275	0.15254237288135594	247	9	59
marmgCAMI2_short_read_pooled_megahit_assembly	154	Marinomonas_mediterranea_MMB_1_genomic	1.0	0.9781009990754721	4544938	4544938	4646696	1.0	0.581081081081081	86	86	148
marmgCAMI2_short_read_pooled_megahit_assembly	6	Hyphomonas_neptunium_ATCC_15444_genomic	1.0	0.977689570069868	3656471	3656471	3739910	1.0	0.8514285714285714	149	149	175
marmgCAMI2_short_read_pooled_megahit_assembly	12	Magnetospira_sp_QH_2_genomic	1.0	0.9769636750545246	3908775	3908775	4000942	1.0	0.6363636363636364	119	119	187
marmgCAMI2_short_read_pooled_megahit_assembly	181	VO6_S13_contigs	0.736652592291714	0.976732463579789	691801	509617	521757	0.7777777777777778	0.9545454545454546	108	84	88
marmgCAMI2_short_read_pooled_megahit_assembly	189	Nonlabens_sp_MIC269_genomic	1.0	0.9734054828369361	2767018	2767018	2842616	1.0	0.4177215189873418	33	33	79
marmgCAMI2_short_read_pooled_megahit_assembly	33	Pelobacter_carbinolicus_DSM_2380_genomic	0.5475569658605437	0.9733778005273636	6515218	3567453	3665024	0.7028571428571428	0.6684782608695652	175	123	184
marmgCAMI2_short_read_pooled_megahit_assembly	89	Desulfococcus_multivorans_strain_DSM_2059_genomic	1.0	0.9721322032301773	4293278	4293278	4416352	1.0	0.5309734513274337	60	60	113
marmgCAMI2_short_read_pooled_megahit_assembly	149	S13_S3_contigs	0.8902530044992609	0.9721171180926477	2470628	2199484	2262571	0.8636363636363636	0.4935064935064935	44	38	77
marmgCAMI2_short_read_pooled_megahit_assembly	100	Desulfotalea_psychrophila_LSv54_genomic	1.0	0.9712342701197745	3523298	3523298	3627650	1.0	0.3275862068965517	38	38	116
marmgCAMI2_short_read_pooled_megahit_assembly	29	Planococcus_donghaensis_strain_DSM_22276_genomic	0.9979345043241822	0.969746433522651	3129031	3122568	3219984	0.9921875	0.7815384615384615	256	254	325
marmgCAMI2_short_read_pooled_megahit_assembly	161	Methanosarcina_siciliae_T4_M_genomic	0.9731886340325777	0.969693971463721	4803709	4674915	4821021	0.9590643274853801	0.7068965517241379	171	164	232
marmgCAMI2_short_read_pooled_megahit_assembly	95	Streptococcus_iniae_strain_ISET0901_genomic	0.6813171361198427	0.9693678336207183	1884604	1284013	1324588	0.7079207920792079	0.8614457831325302	202	143	166
marmgCAMI2_short_read_pooled_megahit_assembly	15	Nonlabens_dokdonensis_DSW_6_genomic	0.9993555259835786	0.9691096692763106	3804653	3802201	3923396	0.9966101694915255	0.7676240208877284	295	294	383
marmgCAMI2_short_read_pooled_megahit_assembly	20	Owenweeksia_hongkongensis_DSM_17368_genomic	0.9972525393083377	0.968124362820597	3989866	3978904	4109910	0.9907407407407407	0.8333333333333334	540	535	642
marmgCAMI2_short_read_pooled_megahit_assembly	21	Methylomonas_methanica_MC09_genomic	1.0	0.9671810147349004	4861340	4861340	5026298	1.0	0.5961538461538461	93	93	156
marmgCAMI2_short_read_pooled_megahit_assembly	77	Chlorobium_phaeobacteroides_BS1_genomic	0.997709538398756	0.9658780052735386	2587688	2581761	2672968	0.991304347826087	0.6826347305389222	115	114	167
marmgCAMI2_short_read_pooled_megahit_assembly	39	Archaeoglobus_fulgidus_DSM_8774_genomic	0.9887850534161136	0.9657837343663936	2236123	2211045	2289379	0.9821428571428571	0.6875	56	55	80
marmgCAMI2_short_read_pooled_megahit_assembly	46	Roseobacter_denitrificans_OCh_114_genomic	0.9912289552403274	0.9650556860916779	4410421	4371737	4530036	0.9678899082568807	0.8361955085865258	654	633	757
marmgCAMI2_short_read_pooled_megahit_assembly	24	Thermovirga_lienii_DSM_17291_genomic	1.0	0.9642725964312021	1932221	1932221	2003812	1.0	0.8255813953488372	284	284	344
marmgCAMI2_short_read_pooled_megahit_assembly	67	Roseibacterium_elongatum_DSM_19469_genomic	1.0	0.9641968544424652	3489682	3489682	3619263	1.0	0.8179012345679012	265	265	324
marmgCAMI2_short_read_pooled_megahit_assembly	3	Tistrella_mobilis_KA081020_065_genomic	0.9866374512570432	0.9636451749017183	6312194	6227847	6462801	0.9935064935064936	0.8138297872340425	154	153	188
marmgCAMI2_short_read_pooled_megahit_assembly	152	8_S8_contigs	0.9746125912042305	0.9634346468859027	1195120	1164779	1208986	0.9764705882352941	0.8972972972972973	170	166	185
marmgCAMI2_short_read_pooled_megahit_assembly	10	Krokinobacter_sp_4H_3_7_5_genomic	1.0	0.9632338721469371	3267428	3267428	3392144	1.0	0.5182481751824818	71	71	137
marmgCAMI2_short_read_pooled_megahit_assembly	26	TNX_S11_contigs	0.9937105255767004	0.960777835666189	3631782	3608940	3756269	0.9935897435897436	0.8157894736842105	312	310	380
marmgCAMI2_short_read_pooled_megahit_assembly	176	Mehyloceanibacter_caenitepidi_Gela4_genomic	1.0	0.9606317335664958	3693727	3693727	3845102	1.0	0.696969696969697	23	23	33
marmgCAMI2_short_read_pooled_megahit_assembly	25	Draconibacterium_orientale_strain_FH5_genomic	1.0	0.958393692920402	4922863	4922863	5136577	1.0	0.7822014051522248	334	334	427
marmgCAMI2_short_read_pooled_megahit_assembly	103	Erythrobacter_litoralis_strain_DSM_8509_genomic	0.9400284887022744	0.9581939497811145	3222330	3029082	3161241	0.972972972972973	0.6	37	36	60
marmgCAMI2_short_read_pooled_megahit_assembly	1	Lacinutrix_sp_5H_3_7_4_genomic	0.8754174136893415	0.9520428691900997	3173710	2778321	2918273	0.967741935483871	0.38461538461538464	31	30	78
marmgCAMI2_short_read_pooled_megahit_assembly	140	Thiolapillus_brandeum_Hiromi_1_genomic	1.0	0.9509599675237346	3054666	3054666	3212192	1.0	0.74	74	74	100
marmgCAMI2_short_read_pooled_megahit_assembly	28	Ferrimonas_balearica_DSM_9799_genomic	1.0	0.9494195928210352	4067699	4067699	4284406	1.0	0.5913978494623656	55	55	93
marmgCAMI2_short_read_pooled_megahit_assembly	102	A_H_1309_4_4_S6_contigs	0.5320798918437472	0.9491254530666393	2258954	1201944	1266370	0.5650224215246636	0.8289473684210527	223	126	152
marmgCAMI2_short_read_pooled_megahit_assembly	97	Sulfurovum_sp_NBC37_1_genomic	1.0	0.9484768387160727	2286845	2286845	2411071	1.0	0.23809523809523808	20	20	84
marmgCAMI2_short_read_pooled_megahit_assembly	50	Rhodothermus_marinus_DSM_4252_genomic	0.9986572386662701	0.9444593200672905	3348324	3343828	3540468	0.9950900163666121	0.7581047381546134	611	608	802
marmgCAMI2_short_read_pooled_megahit_assembly	14	Thermotoga_sp_RQ2_genomic	0.6480681827482867	0.9442156891138395	2565693	1662744	1760979	0.5256756756756756	0.7553398058252427	740	389	515
marmgCAMI2_short_read_pooled_megahit_assembly	16	Shewanella_halifaxensis_HAW_EB4_genomic	0.9512211920786624	0.940307432684709	4950982	4709479	5008446	0.9758064516129032	0.5761904761904761	124	121	210
marmgCAMI2_short_read_pooled_megahit_assembly	71	Thiocystis_violascens_DSM_198_genomic	0.9994199247200812	0.9399001762792458	4620090	4617410	4912660	0.9971751412429378	0.716024340770791	354	353	493
marmgCAMI2_short_read_pooled_megahit_assembly	32	Colwellia_sp_MT41_genomic	0.9949195720386474	0.9394534097129986	4184490	4163231	4431546	0.9867986798679867	0.7394888705688376	909	897	1213
marmgCAMI2_short_read_pooled_megahit_assembly	69	Corynebacterium_phocae_strain_M408_89_1_genomic	1.0	0.9390319094410783	2581456	2581456	2749061	1.0	0.40425531914893614	38	38	94
marmgCAMI2_short_read_pooled_megahit_assembly	8	Synechococcus_sp_RCC307_genomic	0.9994490990051078	0.9379562706413294	2170989	2169793	2313320	0.9970238095238095	0.7630979498861048	336	335	439
marmgCAMI2_short_read_pooled_megahit_assembly	34	Shewanella_sp_ANA_3_genomic	0.885865935003418	0.934877528386295	5368590	4755851	5087138	0.905511811023622	0.4092526690391459	127	115	281
marmgCAMI2_short_read_pooled_megahit_assembly	60	Synechococcus_sp_CC9902_genomic	0.9841660696192113	0.9338338890663597	2156445	2122300	2272674	0.9910313901345291	0.7836879432624113	223	221	282
marmgCAMI2_short_read_pooled_megahit_assembly	44	Bacillus_infantis_NRRL_B_14911_genomic	0.988927401952083	0.9288178243876918	4811066	4757795	5122420	0.9945054945054945	0.7924693520140105	910	905	1142
marmgCAMI2_short_read_pooled_megahit_assembly	187	Marinomonas_posidonica_IVIA_Po_181_genomic	0.9129556552850461	0.9271473341815896	3692210	3370824	3635694	0.9705882352941176	0.2773109243697479	34	33	119
marmgCAMI2_short_read_pooled_megahit_assembly	36	Methanocaldococcus_vulcanius_M7_genomic	1.0	0.9265477126559427	1676791	1676791	1809719	1.0	0.6984126984126984	220	220	315
marmgCAMI2_short_read_pooled_megahit_assembly	41	Paraoerskovia_marina_strain_DSM_22126_genomic	0.9956879119265798	0.9251000785298995	2860795	2848459	3079082	0.9961240310077519	0.7481804949053857	516	514	687
marmgCAMI2_short_read_pooled_megahit_assembly	73	Oscillibacter_valericigenes_Sjm18_20_genomic	0.9978440357162992	0.9240204533574025	4115096	4106224	4443867	0.994261119081779	0.7310126582278481	697	693	948
marmgCAMI2_short_read_pooled_megahit_assembly	43	Rhodococcus_sp_B7740_genomic	0.9912164388637529	0.9217975810335493	5192427	5146819	5583459	0.9908864954432477	0.7204819277108434	1207	1196	1660
marmgCAMI2_short_read_pooled_megahit_assembly	40	Synechococcus_sp_WH_7803_genomic	1.0	0.9208223498312992	2253465	2253465	2447231	1.0	0.7237903225806451	359	359	496
marmgCAMI2_short_read_pooled_megahit_assembly	35	Candidatus_Gloeomargarita_lithophora_D10_genomic	0.9979448426626318	0.9190712998478129	2826061	2820253	3068590	0.9948453608247423	0.7408829174664108	388	386	521
marmgCAMI2_short_read_pooled_megahit_assembly	45	Vibrio_cholerae_strain_Env_390_genomic	0.9531006037281968	0.9175415623954378	3723033	3548425	3867318	0.978494623655914	0.39737991266375544	93	91	229
marmgCAMI2_short_read_pooled_megahit_assembly	7	Desulfobacterium_autotrophicum_HRM2_genomic	1.0	0.9159597468112632	5063616	5063616	5528208	1.0	0.5026455026455027	95	95	189
marmgCAMI2_short_read_pooled_megahit_assembly	87	Pyrococcus_sp_NA2_genomic	1.0	0.9125243863599627	1710537	1710537	1874511	1.0	0.6666666666666666	24	24	36
marmgCAMI2_short_read_pooled_megahit_assembly	66	Hahella_chejuensis_KCTC_2396_genomic	0.9973875425663592	0.9121558850586546	6857528	6839613	7498294	0.992553983618764	0.7426183844011142	1343	1333	1795
marmgCAMI2_short_read_pooled_megahit_assembly	13	Aeromonas_salmonicida_subsp_salmonicida_A449_genomic	0.891619073903104	0.907545953088081	4449556	3967309	4371469	0.8484848484848485	0.4883720930232558	99	84	172
marmgCAMI2_short_read_pooled_megahit_assembly	64	S17_S4_contigs	0.9459761881267124	0.9074556625153639	3283404	3106022	3422781	0.9408602150537635	0.5087209302325582	186	175	344
marmgCAMI2_short_read_pooled_megahit_assembly	19	Brucella_pinnipedialis_B2_94_genomic	0.5807198306903099	0.9056628142583959	3175719	1844203	2036302	0.5768115942028985	0.6482084690553745	345	199	307
marmgCAMI2_short_read_pooled_megahit_assembly	83	Streptomyces_pactum_strain_KLBMP_5084_genomic	0.9931322698952272	0.903495344355732	7538881	7487106	8286823	0.9929824561403509	0.7648648648648648	285	283	370
marmgCAMI2_short_read_pooled_megahit_assembly	84	Desulfovibrio_hydrothermalis_AM13_genomic	1.0	0.9019065120807039	3414876	3414876	3786286	1.0	0.3333333333333333	18	18	54
marmgCAMI2_short_read_pooled_megahit_assembly	78	Vibrio_scophthalmi_strain_VS_05_genomic	0.9645644018302721	0.899613706290534	4358696	4204243	4673387	0.9612403100775194	0.4246575342465753	129	124	292
marmgCAMI2_short_read_pooled_megahit_assembly	61	Thermococcus_sp_4557_genomic	0.9236199001119968	0.8985410207113196	2100953	1940482	2159592	0.9921259842519685	0.6875852660300137	508	504	733
marmgCAMI2_short_read_pooled_megahit_assembly	4	Spirochaeta_thermophila_DSM_6578_genomic	0.9982338749230055	0.8984285505679891	2422252	2417974	2691337	0.9965156794425087	0.7204030226700252	861	858	1191
marmgCAMI2_short_read_pooled_megahit_assembly	70	Octadecabacter_antarcticus_307_genomic	0.9965715473959416	0.8965877633189351	4222313	4207837	4693168	0.9965635738831615	0.6236559139784946	582	580	930
marmgCAMI2_short_read_pooled_megahit_assembly	53	Marinobacter_salarius_R9SW1_genomic	0.5097132007879117	0.8878120164905681	8080601	4118789	4639258	0.044284243048403706	0.5180722891566265	971	43	83
marmgCAMI2_short_read_pooled_megahit_assembly	85	Formosa_haliotis_strain_LMG_28520_genomic	0.9902321108309724	0.8860685303272349	4039665	4000206	4514556	0.9834782608695652	0.6887941534713764	1150	1131	1642
marmgCAMI2_short_read_pooled_megahit_assembly	47	Shewanella_baltica_OS223_genomic	0.9341576342214645	0.8851468908858747	4916166	4592474	5188375	0.9260204081632653	0.532258064516129	392	363	682
marmgCAMI2_short_read_pooled_megahit_assembly	81	Alteromonas_sp_RW2A1_genomic	0.9585674098241995	0.8777185712937156	3685939	3533221	4025460	0.9583333333333334	0.3898305084745763	120	115	295
marmgCAMI2_short_read_pooled_megahit_assembly	27	Desulfovibrio_salexigens_DSM_2638_genomic	0.9933715679464115	0.8746985242067917	4063857	4036920	4615213	0.9886634844868735	0.687551867219917	1676	1657	2410
marmgCAMI2_short_read_pooled_megahit_assembly	122	Vibrio_coralliilyticus_OCN014_genomic	0.7555983520809622	0.8689271941847044	5889367	4449996	5121253	0.8222222222222222	0.4157303370786517	90	74	178
marmgCAMI2_short_read_pooled_megahit_assembly	80	AW02J18_S11_contigs	0.9776857711280743	0.8659043267432505	3291308	3217865	3716190	0.9782608695652174	0.371900826446281	46	45	121
marmgCAMI2_short_read_pooled_megahit_assembly	68	Desulfobacula_toluolica_Tol2_genomic	1.0	0.864262372031749	4360036	4360036	5044806	1.0	0.27692307692307694	54	54	195
marmgCAMI2_short_read_pooled_megahit_assembly	202	Candidatus_Endolissoclinum_faulkneri_L5_genomic	1.0	0.8528010976629042	990734	990734	1161741	1.0	0.26666666666666666	4	4	15
marmgCAMI2_short_read_pooled_megahit_assembly	110	Magnetococcus_marinus_MC_1_genomic	1.0	0.8519280932005674	3823196	3823196	4487698	1.0	0.32662192393736017	146	146	447
marmgCAMI2_short_read_pooled_megahit_assembly	108	Phaeobacter_gallaeciensis_DSM_26640_genomic	0.9930421703457586	0.8468868783913478	4055575	4027357	4755484	0.9868667917448405	0.5729847494553377	533	526	918
marmgCAMI2_short_read_pooled_megahit_assembly	101	Titti30_S10_contigs	0.994554963339118	0.8381254096823796	5074346	5046716	6021433	0.9951807228915662	0.48702830188679247	415	413	848
marmgCAMI2_short_read_pooled_megahit_assembly	23	Thermoplasma_volcanium_GSS1_genomic	0.9960162168214663	0.8276468636493706	1420007	1414350	1708881	0.9929453262786596	0.6262513904338154	567	563	899
marmgCAMI2_short_read_pooled_megahit_assembly	75	Haliangium_ochraceum_DSM_14365_genomic	0.8957469962544975	0.823868078015577	9110126	8160368	9904945	0.8524514338575393	0.6160788901888684	4324	3686	5983
marmgCAMI2_short_read_pooled_megahit_assembly	22	Nanohaloarchaea_archaeon_SG9_genomic	0.991149399911494	0.8230213260596854	1010101	1001161	1216446	0.9839449541284404	0.6111111111111112	436	429	702
marmgCAMI2_short_read_pooled_megahit_assembly	94	Nitrosococcus_halophilus_Nc_4_genomic	0.7272637600731255	0.8189278452143043	5281876	3841317	4690666	0.8095238095238095	0.1143131604226705	147	119	1041
marmgCAMI2_short_read_pooled_megahit_assembly	74	Luteimonas_sp_JM171_genomic	0.9876356302409248	0.8185985205060418	2646718	2613993	3193254	0.9828431372549019	0.6140888208269525	816	802	1306
marmgCAMI2_short_read_pooled_megahit_assembly	93	11_S11_contigs	0.7877004519946145	0.8156972011940277	5756927	4534734	5559335	0.8439024390243902	0.2720125786163522	205	173	636
marmgCAMI2_short_read_pooled_megahit_assembly	82	Hydrogenophaga_sp_LPB0072_genomic	0.9913299986529239	0.8094139106379872	4372433	4334524	5355139	0.9865016872890888	0.6048275862068966	1778	1754	2900
marmgCAMI2_short_read_pooled_megahit_assembly	65	Titti27_S7_contigs	1.0	0.807908910668118	2927403	2927403	3623432	1.0	0.460431654676259	64	64	139
marmgCAMI2_short_read_pooled_megahit_assembly	191	Spiribacter_sp_UAH_SP71_genomic	0.5415719503087152	0.807907668233455	3799942	2057942	2547249	0.65	0.07784431137724551	60	39	501
marmgCAMI2_short_read_pooled_megahit_assembly	55	Desulfovibrio_desulfuricans_ND132_genomic	0.9928448313449956	0.8077246335929237	3371409	3347286	4144093	0.9887931034482759	0.5989556135770235	1160	1147	1915
marmgCAMI2_short_read_pooled_megahit_assembly	92	Salmonella_enterica_subsp_enterica_serovar_Typhimurium_22495_genomic	0.8743917332470867	0.8058534635614877	4334858	3790364	4703540	0.8768077129084092	0.6018382352941176	1867	1637	2720
marmgCAMI2_short_read_pooled_megahit_assembly	132	Vibrio_tubiashii_ATCC_19109_genomic	0.9766309910813656	0.7965080242271361	4453933	4349849	5461149	0.9664429530201343	0.4472049689440994	149	144	322
marmgCAMI2_short_read_pooled_megahit_assembly	49	Bdellovibrio_bacteriovorus_strain_109J_genomic	0.9919206668252037	0.7913748265877792	3301015	3274345	4137540	0.990170380078637	0.5780413159908186	1526	1511	2614
marmgCAMI2_short_read_pooled_megahit_assembly	88	Muricauda_lutaonensis_strain_CC_HSB_11_genomic	0.9938340699938817	0.7873835176698529	2770385	2753303	3496775	0.9907094594594594	0.5789733464955578	1184	1173	2026
marmgCAMI2_short_read_pooled_megahit_assembly	59	Halorhabdus_tiamatea_SARL4B_genomic	0.9868548327369762	0.7872718695085085	2673454	2638311	3351207	0.9818481848184818	0.5839057899901865	1212	1190	2038
marmgCAMI2_short_read_pooled_megahit_assembly	136	Celeribacter_indicus_P73_genomic	0.9875035008937012	0.7460671912019118	3916857	3867910	5184399	0.9828605200945626	0.5539640239840107	1692	1663	3002
marmgCAMI2_short_read_pooled_megahit_assembly	104	Salinispora_tropica_CNB_440_genomic	0.9891952704051088	0.7351663830798603	4008800	3965486	5393998	0.975609756097561	0.4280155642023346	451	440	1028
marmgCAMI2_short_read_pooled_megahit_assembly	96	Methanohalophilus_halophilus_strain_Z_7982_genomic	0.9832839130497993	0.7173350450904113	1582009	1555564	2168532	0.9789081885856079	0.5087040618955513	806	789	1551
marmgCAMI2_short_read_pooled_megahit_assembly	62	Spirochaeta_sp_L21_RPul_D2_genomic	0.9940845320930787	0.7115720506851493	2822431	2805735	3943009	0.994535519125683	0.509090909090909	1464	1456	2860
marmgCAMI2_short_read_pooled_megahit_assembly	163	T_218_S8_contigs	0.6057320890129843	0.7057964861396672	488513	295908	419254	0.6388888888888888	0.5822784810126582	72	46	79
marmgCAMI2_short_read_pooled_megahit_assembly	42	Pyrobaculum_aerophilum_str_IM2_genomic	0.9912800645287446	0.7048291054130559	1636480	1622210	2301565	0.9900662251655629	0.4988876529477197	906	897	1798
marmgCAMI2_short_read_pooled_megahit_assembly	198	A3_S3_contigs	1.0	0.6867616946248226	207606	207606	302297	1.0	0.25925925925925924	7	7	27
marmgCAMI2_short_read_pooled_megahit_assembly	146	Persephonella_marina_EX_H1_genomic	0.9776367188179628	0.6709719235666842	1436909	1404775	2093642	0.9755784061696658	0.4656441717791411	778	759	1630
marmgCAMI2_short_read_pooled_megahit_assembly	180	Francisella_noatunensis_subsp_orientalis_strain_FNO01_genomic	0.9277115814623089	0.6646029322792092	228529	212009	319001	0.9464285714285714	0.5145631067961165	56	53	103
marmgCAMI2_short_read_pooled_megahit_assembly	157	Cycloclasticus_sp_P1_genomic	0.8639720797537764	0.6255883731267682	1681074	1452401	2321656	0.8918918918918919	0.20625	111	99	480
marmgCAMI2_short_read_pooled_megahit_assembly	171	T_217_S6_contigs	0.7277308068148022	0.6167423404998433	235370	171286	277727	0.7297297297297297	0.4909090909090909	37	27	55
marmgCAMI2_short_read_pooled_megahit_assembly	190	R2A29_S8_contigs	1.0	0.6066342737857532	1871491	1871491	3085040	1.0	0.3333333333333333	20	20	60
marmgCAMI2_short_read_pooled_megahit_assembly	37	Pelagibacterium_halotolerans_B2_genomic	0.9813077763093713	0.6016410483006404	2369916	2325617	3865456	0.978186775732788	0.40456723992106003	1467	1435	3547
marmgCAMI2_short_read_pooled_megahit_assembly	54	Methanoculleus_marisnigri_JR1_genomic	0.9696893536078118	0.5931104943731129	1484099	1439115	2426386	0.9633740288568258	0.39329406434073405	901	868	2207
marmgCAMI2_short_read_pooled_megahit_assembly	128	VO5_S12_contigs	0.7392378401719925	0.5877479649185282	870736	643681	1095165	0.782258064516129	0.38645418326693226	124	97	251
marmgCAMI2_short_read_pooled_megahit_assembly	138	Haloferax_mediterranei_ATCC_33500_genomic	0.9925469422644191	0.5639886770337097	2225127	2208543	3915935	0.9924868519909842	0.3816815949147645	1331	1321	3461
marmgCAMI2_short_read_pooled_megahit_assembly	159	Nitrosococcus_oceani_ATCC_19707_genomic	1.0	0.56056545909279	1995460	1995460	3559727	1.0	0.4166666666666667	50	50	120
marmgCAMI2_short_read_pooled_megahit_assembly	156	Aciduliprofundum_sp_MAR08_339_genomic	0.9891760065109255	0.5140601249788888	713877	706150	1373672	0.9869848156182213	0.34495830174374525	461	455	1319
marmgCAMI2_short_read_pooled_megahit_assembly	126	Geobacillus_kaustophilus_HTA426_genomic	0.929175032746818	0.499351427953594	1742154	1618766	3241737	0.9237749546279492	0.3287051985792703	1102	1018	3097
marmgCAMI2_short_read_pooled_megahit_assembly	135	Thalassolituus_oleivorans_R6_15_genomic	0.5834204804898754	0.49930018388505115	2275844	1327774	2659270	0.5483870967741935	0.1504424778761062	248	136	904
marmgCAMI2_short_read_pooled_megahit_assembly	106	Vibrio_natriegens_strain_CCUG_16374_genomic	0.9438904240371332	0.48506782690918343	2706579	2554714	5266715	0.940251572327044	0.23341139734582358	318	299	1281
marmgCAMI2_short_read_pooled_megahit_assembly	111	Alteromonas_macleodii_str_Black_Sea_11_genomic	0.7918583343536703	0.4505661325579594	2409335	1907852	4234344	0.816711590296496	0.17235494880546076	371	303	1758
marmgCAMI2_short_read_pooled_megahit_assembly	9	Teredinibacter_turnerae_T7901_genomic	0.9925229260323268	0.4299359874604853	1811805	1798258	4182618	0.9930286599535244	0.27493030238044175	1291	1282	4663
marmgCAMI2_short_read_pooled_megahit_assembly	139	6_S6_contigs	0.4619992434632477	0.4236491595506907	2366045	1093111	2580227	0.5343511450381679	0.14861995753715498	262	140	942
marmgCAMI2_short_read_pooled_megahit_assembly	150	Sedimenticola_sp_SIP_G1_genomic	0.9801002140792	0.4228618877551167	1503182	1473269	3484043	0.9766970618034447	0.2684489000278474	987	964	3591
marmgCAMI2_short_read_pooled_megahit_assembly	114	Titti22_S2_contigs	0.9734034957071902	0.41779370782420727	1337469	1301897	3116124	0.967741935483871	0.2641165755919854	899	870	3294
marmgCAMI2_short_read_pooled_megahit_assembly	127	Marinobacter_sp_BSs20148_genomic	0.9932149888640892	0.38586073610623184	1672068	1660723	4303944	0.9911504424778761	0.18666666666666668	226	224	1200
marmgCAMI2_short_read_pooled_megahit_assembly	172	Bacteriovorax_marinus_SJ_genomic	0.9682365452142921	0.38533229740464947	1139706	1103505	2863775	0.9656488549618321	0.2420280612244898	786	759	3136
marmgCAMI2_short_read_pooled_megahit_assembly	107	Maribacter_sp_MAR_2009_60_genomic	0.8379986963524174	0.37824051303593403	1710585	1433468	3789832	0.8168498168498168	0.15242652084757347	273	223	1463
marmgCAMI2_short_read_pooled_megahit_assembly	185	R2A29_S8_contigs	0.9934659668542559	0.37377408396649636	1160692	1153108	3085040	0.7333333333333333	0.18333333333333332	15	11	60
marmgCAMI2_short_read_pooled_megahit_assembly	125	Psychromonas_sp_CNPT3_genomic	0.9981879705104008	0.3718329690353954	1206934	1204747	3240022	0.9964028776978417	0.18528428093645485	278	277	1495
marmgCAMI2_short_read_pooled_megahit_assembly	113	Halomonas_sp_A3H3_genomic	0.5679386287614849	0.3461185960681261	2689729	1527601	4413519	0.5444444444444444	0.1176941553242594	270	147	1249
marmgCAMI2_short_read_pooled_megahit_assembly	118	Alteromonas_macleodii_str_Balearic_Sea_AD45_genomic	0.8036294880560041	0.3384529292611128	1759587	1414056	4177999	0.7716262975778547	0.11736842105263158	289	223	1900
marmgCAMI2_short_read_pooled_megahit_assembly	117	T_232_S7_contigs	0.7452099661593322	0.3366424903624323	1149209	856402	2543951	0.7777777777777778	0.15135135135135136	252	196	1295
marmgCAMI2_short_read_pooled_megahit_assembly	143	Synechococcus_sp_CC9311_genomic	1.0	0.33628831028612954	943132	943132	2804534	1.0	0.17707567964731816	241	241	1361
marmgCAMI2_short_read_pooled_megahit_assembly	105	Cellulophaga_baltica_18_genomic	0.6467181974135302	0.33097223288828426	1865941	1206738	3646040	0.6381322957198443	0.1094062708472315	257	164	1499
marmgCAMI2_short_read_pooled_megahit_assembly	115	Alteromonas_macleodii_str_Ionian_Sea_U4_genomic	0.2949164751633003	0.2943910194456257	2065673	609201	2069360	0.2809917355371901	0.07721423164269493	363	102	1321
marmgCAMI2_short_read_pooled_megahit_assembly	11	Shewanella_violacea_DSS12_genomic	0.9703464907963382	0.2719453392006196	812720	788620	2899921	0.9682539682539683	0.1656708310700706	630	610	3682
marmgCAMI2_short_read_pooled_megahit_assembly	86	Titti33_S13_contigs	0.97937266613013	0.24080742112761283	386429	378458	1571621	0.9797979797979798	0.14470412729985083	297	291	2011
marmgCAMI2_short_read_pooled_megahit_assembly	112	Confluentimicrobium_sp_EMB200_NS6_genomic	0.9980370874078113	0.23059728836717702	1005139	1003166	4350294	0.9962825278810409	0.11428571428571428	269	268	2345
marmgCAMI2_short_read_pooled_megahit_assembly	166	Prochlorococcus_marinus_bv_HNLC2_genomic	0.9956179947151996	0.20914721355889487	333409	331948	1587150	0.9873417721518988	0.12168486739469579	79	78	641
marmgCAMI2_short_read_pooled_megahit_assembly	183	Candidatus_Nitrosopumilus_sp_NF5_genomic	0.9517424316168597	0.206631612539177	205460	195545	946346	0.9559748427672956	0.12408163265306123	159	152	1225
marmgCAMI2_short_read_pooled_megahit_assembly	193	Cycloclasticus_zancles_78_ME_genomic	1.0	0.20588465497066868	210438	210438	1022116	1.0	0.018907563025210083	9	9	476
marmgCAMI2_short_read_pooled_megahit_assembly	162	Phycisphaera_mikurensis_NBRC_102666_genomic	0.9579470846984194	0.2044909820923552	383065	366956	1794485	0.9563758389261745	0.11934673366834171	298	285	2388
marmgCAMI2_short_read_pooled_megahit_assembly	194	Alteromonas_mediterranea_strain_CP48_genomic	0.9679305278156746	0.19395970328821557	742513	718701	3705414	0.9166666666666666	0.004649196956889264	12	11	2366
marmgCAMI2_short_read_pooled_megahit_assembly	160	KCH3_S1_contigs	0.8257404209809346	0.18813409582512602	502113	414615	2203827	0.7857142857142857	0.027895181741335588	42	33	1183
marmgCAMI2_short_read_pooled_megahit_assembly	129	Titti21_S1_contigs	1.0	0.18713084602848457	720299	720299	3849173	1.0	0.04823151125401929	60	60	1244
marmgCAMI2_short_read_pooled_megahit_assembly	133	Rhodoferax_ferrireducens_T118_genomic	1.0	0.18507278007935477	985083	985083	5322679	1.0	0.08035003977724742	202	202	2514
marmgCAMI2_short_read_pooled_megahit_assembly	169	Halomonas_sp_A3H3_genomic	1.0	0.16829359973300217	742767	742767	4413519	1.0	0.04643714971977582	58	58	1249
marmgCAMI2_short_read_pooled_megahit_assembly	192	9_S9_contigs	0.8999699010975502	0.16176615143121664	235889	212293	1312345	0.8666666666666667	0.05485232067510549	15	13	237
marmgCAMI2_short_read_pooled_megahit_assembly	177	Psychrobacter_sp_AntiMn_1_genomic	0.9755433225645794	0.15841928555222587	226891	221342	1397191	0.9771428571428571	0.09248242293131423	175	171	1849
marmgCAMI2_short_read_pooled_megahit_assembly	109	Salinispora_arenicola_CNS_205_genomic	0.9986435339297663	0.15763275778231794	938468	937195	5945433	0.9963768115942029	0.06682867557715674	276	275	4115
marmgCAMI2_short_read_pooled_megahit_assembly	184	Prochlorococcus_marinus_bv_HNLC1_genomic	1.0	0.1573360297768548	260472	260472	1655514	1.0	0.0738255033557047	55	55	745
marmgCAMI2_short_read_pooled_megahit_assembly	116	Glaciecola_sp_4H_3_7_YE_5_genomic	1.0	0.15397022562203555	889876	889876	5779533	1.0	0.06578115117014548	208	208	3162
marmgCAMI2_short_read_pooled_megahit_assembly	38	Sulfobacillus_acidophilus_TPY_genomic	0.7993995545081835	0.1454008461116151	247816	198104	1362468	0.9814814814814815	0.08333333333333333	162	159	1908
marmgCAMI2_short_read_pooled_megahit_assembly	174	Prochlorococcus_marinus_bv_HNLC2_genomic	1.0	0.14491950981318716	230009	230009	1587150	1.0	0.054602184087363496	35	35	641
marmgCAMI2_short_read_pooled_megahit_assembly	158	Tenacibaculum_sp_LPB0136_genomic	1.0	0.1438033407697407	455984	455984	3170886	1.0	0.05708354955889985	110	110	1927
marmgCAMI2_short_read_pooled_megahit_assembly	153	Parvularcula_bermudensis_HTCC2503_genomic	1.0	0.13337962703629516	414311	414311	3106254	1.0	0.051680883090817864	103	103	1993
marmgCAMI2_short_read_pooled_megahit_assembly	164	Erythrobacter_litoralis_HTCC2594_genomic	1.0	0.1283318686844798	412396	412396	3213512	1.0	0.05859750240153699	61	61	1041
marmgCAMI2_short_read_pooled_megahit_assembly	98	Pseudomonas_balearica_DSM_6083_genomic	1.0	0.12568528921706598	590334	590334	4696922	1.0	0.053171983865053174	145	145	2727
marmgCAMI2_short_read_pooled_megahit_assembly	175	Prochlorococcus_marinus_str_MIT_9515_genomic	1.0	0.1167162049247312	216092	216092	1851431	1.0	0.044740024183796856	37	37	827
marmgCAMI2_short_read_pooled_megahit_assembly	120	Pyrococcus_furiosus_DSM_3638_genomic	1.0	0.11659837334084161	233561	233561	2003124	1.0	0.05300077942322681	68	68	1283
marmgCAMI2_short_read_pooled_megahit_assembly	123	Ruegeria_pomeroyi_DSS_3_genomic	1.0	0.1153500206190409	569784	569784	4939609	1.0	0.043859649122807015	100	100	2280
marmgCAMI2_short_read_pooled_megahit_assembly	155	Flavobacteriaceae_bacterium_UJ101_genomic	1.0	0.10376900075705993	340615	340615	3282435	1.0	0.04443426477324782	97	97	2183
marmgCAMI2_short_read_pooled_megahit_assembly	134	26_S2_contigs	1.0	0.10350863119070847	433537	433537	4188414	1.0	0.04884318766066838	171	171	3501
marmgCAMI2_short_read_pooled_megahit_assembly	147	S06_S2_contigs	1.0	0.0995445864906627	246865	246865	2479944	1.0	0.01893740136770121	36	36	1901
marmgCAMI2_short_read_pooled_megahit_assembly	124	Pseudoalteromonas_haloplanktis_TAC125_genomic	0.9833929778022473	0.09862313020781047	399590	392954	3984400	0.98	0.03811746402178141	100	98	2571
marmgCAMI2_short_read_pooled_megahit_assembly	196	Marinobacter_salarius_R9SW1_genomic	1.0	0.09689566736749713	449524	449524	4639258	1.0	0.20481927710843373	17	17	83
marmgCAMI2_short_read_pooled_megahit_assembly	99	Haloquadratum_walsbyi_C23_genomic	0.9665012031875401	0.09624513704772625	330788	319707	3321799	0.963302752293578	0.04091971940763835	109	105	2566
marmgCAMI2_short_read_pooled_megahit_assembly	178	Alteromonas_macleodii_str_Aegean_Sea_MED64_genomic	0.8824362808424989	0.09587703655968513	280214	247271	2579043	0.8571428571428571	0.006389776357827476	14	12	1878
marmgCAMI2_short_read_pooled_megahit_assembly	119	Caldithrix_abyssi_DSM_13497_genomic	1.0	0.09010487441804546	455669	455669	5057096	1.0	0.03643038689635696	129	129	3541
marmgCAMI2_short_read_pooled_megahit_assembly	137	Pseudoalteromonas_luteoviolacea_strain_S4054_genomic	0.9948980877806157	0.08877796128958738	476096	473667	5335412	0.9922178988326849	0.0454788657035848	257	255	5607
marmgCAMI2_short_read_pooled_megahit_assembly	204	Desulfovibrio_hydrothermalis_AM13_genomic	1.0	0.07125531457475742	269793	269793	3786286	1.0	0.018518518518518517	1	1	54
marmgCAMI2_short_read_pooled_megahit_assembly	130	Desulfobacterium_autotrophicum_HRM2_genomic	1.0	0.06763421347387798	373896	373896	5528208	1.0	0.20634920634920634	39	39	189
marmgCAMI2_short_read_pooled_megahit_assembly	203	Pelobacter_acetylenicus_strain_DSM_3247_genomic	1.0	0.06365015190853657	214362	214362	3367816	1.0	0.007017543859649123	2	2	285
marmgCAMI2_short_read_pooled_megahit_assembly	165	Vibrio_natriegens_strain_CCUG_16374_genomic	0.90711463542674	0.06233714943755263	361930	328312	5266715	0.9090909090909091	0.039032006245121	55	50	1281
marmgCAMI2_short_read_pooled_megahit_assembly	144	Rhodoferax_ferrireducens_T118_genomic	1.0	0.061845923828959065	329186	329186	5322679	1.0	0.026650755767700877	67	67	2514
marmgCAMI2_short_read_pooled_megahit_assembly	173	Ruegeria_pomeroyi_DSS_3_genomic	1.0	0.05789952200670134	286001	286001	4939609	1.0	0.025	57	57	2280
marmgCAMI2_short_read_pooled_megahit_assembly	195	Vibrio_coralliilyticus_OCN014_genomic	0.8811833733784846	0.054926792329923944	319223	281294	5121253	0.75	0.016853932584269662	4	3	178
marmgCAMI2_short_read_pooled_megahit_assembly	142	Maribacter_sp_1_2014MBL_MicDiv_genomic	0.5116452394261226	0.053764212796117594	241515	123570	2298369	0.5416666666666666	0.01875901875901876	48	26	1386
marmgCAMI2_short_read_pooled_megahit_assembly	121	Vibrio_nigripulchritudo_str_SFn1_genomic	1.0	0.04465062906348565	297823	297823	6670074	1.0	0.016267942583732056	68	68	4180
marmgCAMI2_short_read_pooled_megahit_assembly	205	Desulfobacula_toluolica_Tol2_genomic	1.0	0.04302008838397354	217028	217028	5044806	1.0	0.005128205128205128	1	1	195
marmgCAMI2_short_read_pooled_megahit_assembly	168	Shewanella_piezotolerans_WP3_genomic	1.0	0.03792691288557412	214343	214343	5651475	1.0	0.015552099533437015	40	40	2572
