Method	num_5010	num_7010	num_9010	num_505	num_605	num_705	num_805	num_905
concoct_bins_checkm2_output/quality_report.tsv	113	86	59	63	57	44	35	28
Method	num_5010	num_7010	num_9010	num_505	num_605	num_705	num_805	num_905
maxbin2_bins_checkm2_output/quality_report.tsv	240	199	119	117	111	93	84	65
Method	num_5010	num_7010	num_9010	num_505	num_605	num_705	num_805	num_905
metabat2_bins_checkm2_output/quality_report.tsv	364	252	83	321	267	216	155	71
Method	num_5010	num_7010	num_9010	num_505	num_605	num_705	num_805	num_905
vamb_m200000/bins_checkm2_output/quality_report.tsv	429	304	130	319	267	210	170	101
Method	num_5010	num_7010	num_9010	num_505	num_605	num_705	num_805	num_905
vamb_v413_m200000/bins_checkm2_output/quality_report.tsv	432	312	135	320	265	218	174	100
clmb_m200000/bins_checkm2_output/quality_report.tsv	427	303	122	319	263	214	174	93
Method	num_5010	num_7010	num_9010	num_505	num_605	num_705	num_805	num_905
metadecoder/samfiles_checkm2_output/quality_report.tsv	252	167	42	244	204	163	111	40
Method	num_5010	num_7010	num_9010	num_505	num_605	num_705	num_805	num_905
semibin_Easy_coassemly_mode_v1.0.0_default/output_recluster_bins_checkm2_output/quality_report.tsv	309	205	56	292	252	193	133	49
Method	num_5010	num_7010	num_9010	num_505	num_605	num_705	num_805	num_905
semibin2_Easy_coassemly_mode/output_bins_checkm2_output/quality_report.tsv	309	205	52	291	253	191	130	45
COMEBin_nocovloss_tau0.15_nepoch200_earlystop_addvars_nedge75_vars_sqrt_NokmerMetric/test3_parallel_leiden_markerseed_RBERVertexPartition_nodesize_hnsw_l2mode_bandwidth_0.05_res_maxedges100respara_10_partgraph_ratio_100.tsv.filtersmallbins_200000.tsv_bins_checkm2_output/quality_report.tsv	455	330	143	359	300	244	202	112
