sample_id	Bin ID	Most abundant genome	Purity (bp)	Completeness (bp)	Bin size (bp)	True positives (bp)	True size of most abundant genome (bp)	Purity (seq)	Completeness (seq)	Bin size (seq)	True positives (seq)	True size of most abundant genome (seq)
strmgCAMI2_short_read_pooled_gold_standard_assembly	196	spades_ESBL6643_S3_L001	1.0	0.9994453259335125	5117284	5117284	5120124	1.0	0.9090909090909091	20	20	22
strmgCAMI2_short_read_pooled_gold_standard_assembly	445	MIKI-NS13	1.0	0.999239316011607	7201190	7201190	7206672	1.0	0.9615384615384616	25	25	26
strmgCAMI2_short_read_pooled_gold_standard_assembly	385	MIKI-NS20	1.0	0.9989775638383928	5357199	5357199	5362682	1.0	0.9951923076923077	207	207	208
strmgCAMI2_short_read_pooled_gold_standard_assembly	344	MIKI-NS14	1.0	0.998955964765716	5243385	5243385	5248865	1.0	0.9767441860465116	42	42	43
strmgCAMI2_short_read_pooled_gold_standard_assembly	200	MIKI-NS02	1.0	0.9981718537482999	2994276	2994276	2999760	1.0	0.9767441860465116	42	42	43
strmgCAMI2_short_read_pooled_gold_standard_assembly	511	MIKI-NS08	1.0	0.9978478160728314	2543089	2543089	2548574	1.0	0.9	9	9	10
strmgCAMI2_short_read_pooled_gold_standard_assembly	311	SP21_S92	1.0	0.9970663084134274	1684723	1684723	1689680	1.0	0.9230769230769231	12	12	13
strmgCAMI2_short_read_pooled_gold_standard_assembly	407	MIKI-NS12	1.0	0.9969203113349862	2244916	2244916	2251851	1.0	0.9722222222222222	70	70	72
strmgCAMI2_short_read_pooled_gold_standard_assembly	252	MIKI-NS10	1.0	0.9967774530694496	2085392	2085392	2092134	1.0	0.98	98	98	100
strmgCAMI2_short_read_pooled_gold_standard_assembly	212	spades_And8457_S3_L001	1.0	0.9967710117631777	4911330	4911330	4927240	1.0	0.9146341463414634	75	75	82
strmgCAMI2_short_read_pooled_gold_standard_assembly	290	MIKI-NS06	1.0	0.9961162893919219	1956986	1956986	1964616	1.0	0.9354838709677419	29	29	31
strmgCAMI2_short_read_pooled_gold_standard_assembly	409	MIKI-NS09	1.0	0.9941063128787433	2027619	2027619	2039640	1.0	0.8181818181818182	18	18	22
strmgCAMI2_short_read_pooled_gold_standard_assembly	74	MIKI-NS15	1.0	0.9926943234996468	6754588	6754588	6804298	1.0	0.96875	93	93	96
strmgCAMI2_short_read_pooled_gold_standard_assembly	238	MIKI-NS03	1.0	0.9865999329751545	4427750	4427750	4487888	1.0	0.9735099337748344	147	147	151
strmgCAMI2_short_read_pooled_gold_standard_assembly	210	SP108_S87	1.0	0.16443726209991558	318083	318083	1934373	1.0	0.19922630560928434	103	103	517
strmgCAMI2_short_read_pooled_gold_standard_assembly	201	SP108_S87	1.0	0.1376921617495695	266348	266348	1934373	1.0	0.09864603481624758	51	51	517
strmgCAMI2_short_read_pooled_gold_standard_assembly	272	SP108_S87	1.0	0.06578617464160222	127255	127255	1934373	1.0	0.04448742746615087	23	23	517
strmgCAMI2_short_read_pooled_gold_standard_assembly	234	SP108_S87	1.0	0.06526352466664909	126244	126244	1934373	1.0	0.05029013539651837	26	26	517
strmgCAMI2_short_read_pooled_gold_standard_assembly	380	SP108_S87	1.0	0.06300284381554126	121871	121871	1934373	1.0	0.06769825918762089	35	35	517
strmgCAMI2_short_read_pooled_gold_standard_assembly	270	SP108_S87	1.0	0.060113535497031856	116282	116282	1934373	1.0	0.0425531914893617	22	22	517
strmgCAMI2_short_read_pooled_gold_standard_assembly	284	SP108_S87	1.0	0.05901240350232349	114152	114152	1934373	1.0	0.059961315280464215	31	31	517
strmgCAMI2_short_read_pooled_gold_standard_assembly	222	SP108_S87	1.0	0.05093950339464002	98536	98536	1934373	1.0	0.025145067698259187	13	13	517
strmgCAMI2_short_read_pooled_gold_standard_assembly	542	SP108_S87	1.0	0.041640883118199024	80549	80549	1934373	1.0	0.029013539651837523	15	15	517
strmgCAMI2_short_read_pooled_gold_standard_assembly	546	SP108_S87	1.0	0.03632805048457562	70272	70272	1934373	1.0	0.025145067698259187	13	13	517
strmgCAMI2_short_read_pooled_gold_standard_assembly	243	SP108_S87	1.0	0.029043002564655317	56180	56180	1934373	1.0	0.02127659574468085	11	11	517
strmgCAMI2_short_read_pooled_gold_standard_assembly	260	SP108_S87	1.0	0.023132560266298174	44747	44747	1934373	1.0	0.019342359767891684	10	10	517
strmgCAMI2_short_read_pooled_gold_standard_assembly	257	SP108_S87	1.0	0.011827088157247853	22878	22878	1934373	1.0	0.007736943907156673	4	4	517
strmgCAMI2_short_read_pooled_gold_standard_assembly	301	SP108_S87	1.0	0.010321690801101959	19966	19966	1934373	1.0	0.01160541586073501	6	6	517
strmgCAMI2_short_read_pooled_gold_standard_assembly	423	SP108_S87	1.0	0.009273289070928926	17938	17938	1934373	1.0	0.009671179883945842	5	5	517
strmgCAMI2_short_read_pooled_gold_standard_assembly	204	SP108_S87	1.0	0.008770283704332102	16965	16965	1934373	1.0	0.009671179883945842	5	5	517
strmgCAMI2_short_read_pooled_gold_standard_assembly	524	SP108_S87	1.0	0.007264886348186208	14053	14053	1934373	1.0	0.01160541586073501	6	6	517
strmgCAMI2_short_read_pooled_gold_standard_assembly	228	SP108_S87	1.0	0.005010926020989747	9693	9693	1934373	1.0	0.0038684719535783366	2	2	517
strmgCAMI2_short_read_pooled_gold_standard_assembly	173	SP108_S87	1.0	0.003171053359408966	6134	6134	1934373	1.0	0.0038684719535783366	2	2	517
strmgCAMI2_short_read_pooled_gold_standard_assembly	568	SP108_S87	1.0	0.0028071111414396293	5430	5430	1934373	1.0	0.0019342359767891683	1	1	517
strmgCAMI2_short_read_pooled_gold_standard_assembly	33	SP108_S87	1.0	0.002396125256090733	4635	4635	1934373	1.0	0.005802707930367505	3	3	517
strmgCAMI2_short_read_pooled_gold_standard_assembly	456	SP108_S87	1.0	0.0019856563341196344	3841	3841	1934373	1.0	0.0019342359767891683	1	1	517
strmgCAMI2_short_read_pooled_gold_standard_assembly	230	SP108_S87	1.0	0.0018760600980265957	3629	3629	1934373	1.0	0.0019342359767891683	1	1	517
strmgCAMI2_short_read_pooled_gold_standard_assembly	115	SP108_S87	1.0	0.0013621985004960264	2635	2635	1934373	1.0	0.0019342359767891683	1	1	517
strmgCAMI2_short_read_pooled_gold_standard_assembly	224	SP108_S87	1.0	0.001257771898180961	2433	2433	1934373	1.0	0.0038684719535783366	2	2	517
strmgCAMI2_short_read_pooled_gold_standard_assembly	509	SP108_S87	1.0	0.0011502435155991114	2225	2225	1934373	1.0	0.0038684719535783366	2	2	517
strmgCAMI2_short_read_pooled_gold_standard_assembly	388	SP108_S87	1.0	0.0011249123100870412	2176	2176	1934373	1.0	0.0019342359767891683	1	1	517
strmgCAMI2_short_read_pooled_gold_standard_assembly	471	spades_And8457_S3_L001	1.0	0.0010772765280359796	5308	5308	4927240	1.0	0.012195121951219513	1	1	82
strmgCAMI2_short_read_pooled_gold_standard_assembly	192	SP108_S87	1.0	0.0010742498990629005	2078	2078	1934373	1.0	0.0019342359767891683	1	1	517
strmgCAMI2_short_read_pooled_gold_standard_assembly	130	SP108_S87	1.0	0.000814734283408629	1576	1576	1934373	1.0	0.0019342359767891683	1	1	517
strmgCAMI2_short_read_pooled_gold_standard_assembly	480	SP108_S87	1.0	0.0008049119792304793	1557	1557	1934373	1.0	0.0019342359767891683	1	1	517
strmgCAMI2_short_read_pooled_gold_standard_assembly	180	SP108_S87	1.0	0.0007847504074963825	1518	1518	1934373	1.0	0.0019342359767891683	1	1	517
strmgCAMI2_short_read_pooled_gold_standard_assembly	19	SP108_S87	1.0	0.0006715354277587621	1299	1299	1934373	1.0	0.0019342359767891683	1	1	517
strmgCAMI2_short_read_pooled_gold_standard_assembly	145	SP108_S87	1.0	0.0006482720757578813	1254	1254	1934373	1.0	0.0019342359767891683	1	1	517
strmgCAMI2_short_read_pooled_gold_standard_assembly	404	SP108_S87	1.0	0.000601228408378322	1163	1163	1934373	1.0	0.0019342359767891683	1	1	517
strmgCAMI2_short_read_pooled_gold_standard_assembly	229	SP108_S87	1.0	0.0005939909210891591	1149	1149	1934373	1.0	0.0019342359767891683	1	1	517
strmgCAMI2_short_read_pooled_gold_standard_assembly	318	SP108_S87	1.0	0.0005738293493550623	1110	1110	1934373	1.0	0.0019342359767891683	1	1	517
strmgCAMI2_short_read_pooled_gold_standard_assembly	101	SP108_S87	1.0	0.000557286521265547	1078	1078	1934373	1.0	0.0019342359767891683	1	1	517
strmgCAMI2_short_read_pooled_gold_standard_assembly	538	SP108_S87	1.0	0.000522133011575327	1010	1010	1934373	1.0	0.0019342359767891683	1	1	517
strmgCAMI2_short_read_pooled_gold_standard_assembly	144	spades_And8457_S3_L001	1.0	0.0004874940128753623	2402	2402	4927240	1.0	0.012195121951219513	1	1	82
strmgCAMI2_short_read_pooled_gold_standard_assembly	349	spades_And8457_S3_L001	1.0	0.00045867463326324675	2260	2260	4927240	1.0	0.012195121951219513	1	1	82
strmgCAMI2_short_read_pooled_gold_standard_assembly	533	spades_And8457_S3_L001	1.0	0.00045826872650814657	2258	2258	4927240	1.0	0.012195121951219513	1	1	82
