sample_id	Bin ID	Most abundant genome	Purity (bp)	Completeness (bp)	Bin size (bp)	True positives (bp)	True size of most abundant genome (bp)	Purity (seq)	Completeness (seq)	Bin size (seq)	True positives (seq)	True size of most abundant genome (seq)
marmgCAMI2_short_read_pooled_gold_standard_assembly	Otu842.0	Otu842.0	1.0	1.0	2189027	2189027	2189027	1.0	1.0	3403	3403	3403
marmgCAMI2_short_read_pooled_gold_standard_assembly	Otu2362.0	Otu2362.0	1.0	1.0	3705592	3705592	3705592	1.0	1.0	1800	1800	1800
marmgCAMI2_short_read_pooled_gold_standard_assembly	Otu1474.0	Otu1474.0	1.0	1.0	4473081	4473081	4473081	1.0	1.0	101	101	101
marmgCAMI2_short_read_pooled_gold_standard_assembly	Otu703	Otu703	1.0	1.0	4650724	4650724	4650724	1.0	1.0	262	262	262
marmgCAMI2_short_read_pooled_gold_standard_assembly	Otu1995	Otu1995	1.0	1.0	1773003	1773003	1773003	1.0	1.0	1226	1226	1226
marmgCAMI2_short_read_pooled_gold_standard_assembly	Otu1248	Otu1248	1.0	1.0	936425	936425	936425	1.0	1.0	2713	2713	2713
marmgCAMI2_short_read_pooled_gold_standard_assembly	Otu1540	Otu1540	1.0	1.0	1374624	1374624	1374624	1.0	1.0	307	307	307
marmgCAMI2_short_read_pooled_gold_standard_assembly	Otu1414.1	Otu1414.1	1.0	1.0	323517	323517	323517	1.0	1.0	1255	1255	1255
marmgCAMI2_short_read_pooled_gold_standard_assembly	Otu1680	Otu1680	1.0	1.0	777083	777083	777083	1.0	1.0	2073	2073	2073
marmgCAMI2_short_read_pooled_gold_standard_assembly	Otu289	Otu289	1.0	1.0	4579336	4579336	4579336	1.0	1.0	98	98	98
marmgCAMI2_short_read_pooled_gold_standard_assembly	Otu467	Otu467	1.0	1.0	4460136	4460136	4460136	1.0	1.0	838	838	838
marmgCAMI2_short_read_pooled_gold_standard_assembly	Otu1769	Otu1769	1.0	1.0	3671501	3671501	3671501	1.0	1.0	2367	2367	2367
marmgCAMI2_short_read_pooled_gold_standard_assembly	Otu937	Otu937	1.0	1.0	4612636	4612636	4612636	1.0	1.0	1132	1132	1132
marmgCAMI2_short_read_pooled_gold_standard_assembly	Otu2487	Otu2487	1.0	1.0	3915823	3915823	3915823	1.0	1.0	2098	2098	2098
marmgCAMI2_short_read_pooled_gold_standard_assembly	Otu1057	Otu1057	1.0	1.0	5050756	5050756	5050756	1.0	1.0	878	878	878
marmgCAMI2_short_read_pooled_gold_standard_assembly	Otu1182	Otu1182	1.0	1.0	2141413	2141413	2141413	1.0	1.0	192	192	192
marmgCAMI2_short_read_pooled_gold_standard_assembly	Otu115	Otu115	1.0	1.0	4074798	4074798	4074798	1.0	1.0	446	446	446
marmgCAMI2_short_read_pooled_gold_standard_assembly	Otu1179.1	Otu1179.1	1.0	1.0	4720942	4720942	4720942	1.0	1.0	30	30	30
marmgCAMI2_short_read_pooled_gold_standard_assembly	Otu1106	Otu1106	1.0	1.0	4610051	4610051	4610051	1.0	1.0	522	522	522
marmgCAMI2_short_read_pooled_gold_standard_assembly	Otu581	Otu581	1.0	1.0	4011332	4011332	4011332	1.0	1.0	903	903	903
marmgCAMI2_short_read_pooled_gold_standard_assembly	Otu635	Otu635	1.0	1.0	5291880	5291880	5291880	1.0	1.0	219	219	219
marmgCAMI2_short_read_pooled_gold_standard_assembly	Otu769	Otu769	1.0	1.0	4512820	4512820	4512820	1.0	1.0	781	781	781
marmgCAMI2_short_read_pooled_gold_standard_assembly	Otu2258.0	Otu2258.0	1.0	1.0	404001	404001	404001	1.0	1.0	1618	1618	1618
marmgCAMI2_short_read_pooled_gold_standard_assembly	Otu1498	Otu1498	1.0	1.0	5293461	5293461	5293461	1.0	1.0	60	60	60
marmgCAMI2_short_read_pooled_gold_standard_assembly	Otu1374	Otu1374	1.0	1.0	1384926	1384926	1384926	1.0	1.0	1543	1543	1543
marmgCAMI2_short_read_pooled_gold_standard_assembly	Otu754	Otu754	1.0	1.0	7091123	7091123	7091123	1.0	1.0	687	687	687
marmgCAMI2_short_read_pooled_gold_standard_assembly	Otu564	Otu564	1.0	1.0	5196900	5196900	5196900	1.0	1.0	84	84	84
marmgCAMI2_short_read_pooled_gold_standard_assembly	Otu10	Otu10	1.0	1.0	5712595	5712595	5712595	1.0	1.0	118	118	118
marmgCAMI2_short_read_pooled_gold_standard_assembly	Otu108.1	Otu108.1	1.0	1.0	5173581	5173581	5173581	1.0	1.0	83	83	83
marmgCAMI2_short_read_pooled_gold_standard_assembly	Otu2019	Otu2019	1.0	1.0	2678342	2678342	2678342	1.0	1.0	114	114	114
marmgCAMI2_short_read_pooled_gold_standard_assembly	Otu371	Otu371	1.0	1.0	5862143	5862143	5862143	1.0	1.0	299	299	299
marmgCAMI2_short_read_pooled_gold_standard_assembly	Otu778	Otu778	1.0	1.0	4053750	4053750	4053750	1.0	1.0	605	605	605
marmgCAMI2_short_read_pooled_gold_standard_assembly	Otu2290.0	Otu2290.0	1.0	1.0	2667193	2667193	2667193	1.0	1.0	129	129	129
marmgCAMI2_short_read_pooled_gold_standard_assembly	Otu911.0	Otu911.0	1.0	1.0	2739777	2739777	2739777	1.0	1.0	1476	1476	1476
marmgCAMI2_short_read_pooled_gold_standard_assembly	Otu282.1	Otu282.1	1.0	1.0	4910232	4910232	4910232	1.0	1.0	61	61	61
marmgCAMI2_short_read_pooled_gold_standard_assembly	Otu980	Otu980	1.0	1.0	3704782	3704782	3704782	1.0	1.0	18	18	18
marmgCAMI2_short_read_pooled_gold_standard_assembly	Otu1032	Otu1032	1.0	1.0	5187681	5187681	5187681	1.0	1.0	6408	6408	6408
marmgCAMI2_short_read_pooled_gold_standard_assembly	Otu1487	Otu1487	1.0	1.0	3317883	3317883	3317883	1.0	1.0	4737	4737	4737
marmgCAMI2_short_read_pooled_gold_standard_assembly	Otu54	Otu54	1.0	1.0	3466651	3466651	3466651	1.0	1.0	199	199	199
marmgCAMI2_short_read_pooled_gold_standard_assembly	Otu1847	Otu1847	1.0	1.0	1833488	1833488	1833488	1.0	1.0	1500	1500	1500
marmgCAMI2_short_read_pooled_gold_standard_assembly	Otu1534	Otu1534	1.0	1.0	1685488	1685488	1685488	1.0	1.0	1794	1794	1794
marmgCAMI2_short_read_pooled_gold_standard_assembly	Otu1472	Otu1472	1.0	1.0	2317722	2317722	2317722	1.0	1.0	1487	1487	1487
marmgCAMI2_short_read_pooled_gold_standard_assembly	Otu1046	Otu1046	1.0	1.0	3091895	3091895	3091895	1.0	1.0	3638	3638	3638
marmgCAMI2_short_read_pooled_gold_standard_assembly	Otu1302	Otu1302	1.0	1.0	1327465	1327465	1327465	1.0	1.0	2862	2862	2862
marmgCAMI2_short_read_pooled_gold_standard_assembly	Otu1040	Otu1040	1.0	1.0	5122178	5122178	5122178	1.0	1.0	2919	2919	2919
marmgCAMI2_short_read_pooled_gold_standard_assembly	Otu282.0	Otu282.0	1.0	1.0	4664295	4664295	4664295	1.0	1.0	2967	2967	2967
marmgCAMI2_short_read_pooled_gold_standard_assembly	Otu2227.0	Otu2227.0	1.0	1.0	2762992	2762992	2762992	1.0	1.0	1458	1458	1458
marmgCAMI2_short_read_pooled_gold_standard_assembly	Otu696	Otu696	1.0	1.0	3947850	3947850	3947850	1.0	1.0	657	657	657
marmgCAMI2_short_read_pooled_gold_standard_assembly	Otu970.0	Otu970.0	1.0	1.0	2718083	2718083	2718083	1.0	1.0	1548	1548	1548
marmgCAMI2_short_read_pooled_gold_standard_assembly	Otu1283	Otu1283	1.0	1.0	4361435	4361435	4361435	1.0	1.0	1459	1459	1459
marmgCAMI2_short_read_pooled_gold_standard_assembly	Otu399.0	Otu399.0	1.0	1.0	3509762	3509762	3509762	1.0	1.0	156	156	156
marmgCAMI2_short_read_pooled_gold_standard_assembly	Otu692	Otu692	1.0	1.0	4046205	4046205	4046205	1.0	1.0	148	148	148
marmgCAMI2_short_read_pooled_gold_standard_assembly	Otu44.0	Otu44.0	1.0	1.0	2799376	2799376	2799376	1.0	1.0	139	139	139
marmgCAMI2_short_read_pooled_gold_standard_assembly	Otu1634	Otu1634	1.0	1.0	1166626	1166626	1166626	1.0	1.0	2854	2854	2854
marmgCAMI2_short_read_pooled_gold_standard_assembly	Otu1753	Otu1753	1.0	1.0	5485775	5485775	5485775	1.0	1.0	7456	7456	7456
marmgCAMI2_short_read_pooled_gold_standard_assembly	Otu1101.0	Otu1101.0	1.0	1.0	3348734	3348734	3348734	1.0	1.0	2040	2040	2040
marmgCAMI2_short_read_pooled_gold_standard_assembly	Otu1925	Otu1925	1.0	1.0	1552783	1552783	1552783	1.0	1.0	1771	1771	1771
marmgCAMI2_short_read_pooled_gold_standard_assembly	Otu383	Otu383	1.0	1.0	3259171	3259171	3259171	1.0	1.0	38	38	38
marmgCAMI2_short_read_pooled_gold_standard_assembly	Otu2446	Otu2446	1.0	1.0	4534151	4534151	4534151	1.0	1.0	1890	1890	1890
marmgCAMI2_short_read_pooled_gold_standard_assembly	Otu2017.0	Otu2017.0	1.0	1.0	2990911	2990911	2990911	1.0	1.0	4467	4467	4467
marmgCAMI2_short_read_pooled_gold_standard_assembly	Otu2078	Otu2078	1.0	1.0	1579210	1579210	1579210	1.0	1.0	1617	1617	1617
marmgCAMI2_short_read_pooled_gold_standard_assembly	Otu2209	Otu2209	1.0	1.0	3203077	3203077	3203077	1.0	1.0	1584	1584	1584
marmgCAMI2_short_read_pooled_gold_standard_assembly	Otu1132	Otu1132	1.0	1.0	4221004	4221004	4221004	1.0	1.0	1664	1664	1664
marmgCAMI2_short_read_pooled_gold_standard_assembly	Otu1734	Otu1734	1.0	1.0	3213467	3213467	3213467	1.0	1.0	2719	2719	2719
marmgCAMI2_short_read_pooled_gold_standard_assembly	Otu2333	Otu2333	1.0	1.0	4677914	4677914	4677914	1.0	1.0	1838	1838	1838
marmgCAMI2_short_read_pooled_gold_standard_assembly	Otu1209	Otu1209	1.0	1.0	4536309	4536309	4536309	1.0	1.0	1711	1711	1711
marmgCAMI2_short_read_pooled_gold_standard_assembly	Otu862.0	Otu862.0	1.0	1.0	2895711	2895711	2895711	1.0	1.0	463	463	463
marmgCAMI2_short_read_pooled_gold_standard_assembly	Otu395	Otu395	1.0	1.0	4853417	4853417	4853417	1.0	1.0	809	809	809
marmgCAMI2_short_read_pooled_gold_standard_assembly	Otu659	Otu659	1.0	1.0	5131947	5131947	5131947	1.0	1.0	87	87	87
marmgCAMI2_short_read_pooled_gold_standard_assembly	Otu1507	Otu1507	1.0	1.0	3374455	3374455	3374455	1.0	1.0	6748	6748	6748
marmgCAMI2_short_read_pooled_gold_standard_assembly	Otu79.0	Otu79.0	1.0	1.0	4438626	4438626	4438626	1.0	1.0	5	5	5
marmgCAMI2_short_read_pooled_gold_standard_assembly	Otu386.0	Otu386.0	1.0	1.0	4399510	4399510	4399510	1.0	1.0	3	3	3
marmgCAMI2_short_read_pooled_gold_standard_assembly	Otu238.0	Otu238.0	1.0	1.0	4505655	4505655	4505655	1.0	1.0	1	1	1
marmgCAMI2_short_read_pooled_gold_standard_assembly	Otu149	Otu149	1.0	1.0	1352774	1352774	1352774	1.0	1.0	1	1	1
marmgCAMI2_short_read_pooled_gold_standard_assembly	Otu30.0	Otu30.0	1.0	1.0	2363209	2363209	2363209	1.0	1.0	1	1	1
marmgCAMI2_short_read_pooled_gold_standard_assembly	Otu576	Otu576	1.0	1.0	3398823	3398823	3398823	1.0	1.0	8	8	8
marmgCAMI2_short_read_pooled_gold_standard_assembly	Otu526	Otu526	1.0	1.0	1352715	1352715	1352715	1.0	1.0	1	1	1
marmgCAMI2_short_read_pooled_gold_standard_assembly	Otu1089	Otu1089	1.0	1.0	3849909	3849909	3849909	1.0	1.0	13	13	13
marmgCAMI2_short_read_pooled_gold_standard_assembly	Otu1573	Otu1573	1.0	1.0	3513552	3513552	3513552	1.0	1.0	62	62	62
marmgCAMI2_short_read_pooled_gold_standard_assembly	Otu281.0	Otu281.0	1.0	1.0	4624361	4624361	4624361	1.0	1.0	7	7	7
marmgCAMI2_short_read_pooled_gold_standard_assembly	Otu189	Otu189	1.0	1.0	5017551	5017551	5017551	1.0	1.0	1	1	1
marmgCAMI2_short_read_pooled_gold_standard_assembly	Otu50.0	Otu50.0	1.0	1.0	4397536	4397536	4397536	1.0	1.0	1	1	1
marmgCAMI2_short_read_pooled_gold_standard_assembly	Otu226	Otu226	1.0	1.0	4508975	4508975	4508975	1.0	1.0	71	71	71
marmgCAMI2_short_read_pooled_gold_standard_assembly	Otu261	Otu261	1.0	1.0	4342041	4342041	4342041	1.0	1.0	2	2	2
marmgCAMI2_short_read_pooled_gold_standard_assembly	Otu405.0	Otu405.0	1.0	1.0	3515402	3515402	3515402	1.0	1.0	5	5	5
marmgCAMI2_short_read_pooled_gold_standard_assembly	Otu139	Otu139	1.0	1.0	5040427	5040427	5040427	1.0	1.0	6	6	6
marmgCAMI2_short_read_pooled_gold_standard_assembly	Otu352.1	Otu352.1	1.0	1.0	3909688	3909688	3909688	1.0	1.0	1	1	1
marmgCAMI2_short_read_pooled_gold_standard_assembly	Otu78	Otu78	1.0	1.0	4802797	4802797	4802797	1.0	1.0	4	4	4
marmgCAMI2_short_read_pooled_gold_standard_assembly	Otu186.0	Otu186.0	1.0	1.0	4927941	4927941	4927941	1.0	1.0	2	2	2
marmgCAMI2_short_read_pooled_gold_standard_assembly	Otu119.0	Otu119.0	1.0	1.0	4653847	4653847	4653847	1.0	1.0	1	1	1
marmgCAMI2_short_read_pooled_gold_standard_assembly	Otu660	Otu660	1.0	1.0	2410811	2410811	2410811	1.0	1.0	2	2	2
marmgCAMI2_short_read_pooled_gold_standard_assembly	Otu87.0	Otu87.0	1.0	1.0	4971279	4971279	4971279	1.0	1.0	2	2	2
marmgCAMI2_short_read_pooled_gold_standard_assembly	Otu211	Otu211	1.0	1.0	2429665	2429665	2429665	1.0	1.0	1	1	1
marmgCAMI2_short_read_pooled_gold_standard_assembly	Otu106	Otu106	1.0	1.0	1877649	1877649	1877649	1.0	1.0	1	1	1
marmgCAMI2_short_read_pooled_gold_standard_assembly	Otu23	Otu23	1.0	1.0	5732773	5732773	5732773	1.0	1.0	3	3	3
marmgCAMI2_short_read_pooled_gold_standard_assembly	Otu104	Otu104	1.0	1.0	5504627	5504627	5504627	1.0	1.0	2	2	2
marmgCAMI2_short_read_pooled_gold_standard_assembly	Otu1180.0	Otu1180.0	1.0	1.0	4674870	4674870	4674870	1.0	1.0	2	2	2
marmgCAMI2_short_read_pooled_gold_standard_assembly	Otu86.0	Otu86.0	1.0	1.0	3764043	3764043	3764043	1.0	1.0	1	1	1
marmgCAMI2_short_read_pooled_gold_standard_assembly	Otu248.0	Otu248.0	1.0	1.0	4063820	4063820	4063820	1.0	1.0	1	1	1
marmgCAMI2_short_read_pooled_gold_standard_assembly	Otu196	Otu196	1.0	1.0	2316281	2316281	2316281	1.0	1.0	1	1	1
marmgCAMI2_short_read_pooled_gold_standard_assembly	Otu497.1	Otu497.1	1.0	1.0	2684573	2684573	2684573	1.0	1.0	1	1	1
marmgCAMI2_short_read_pooled_gold_standard_assembly	Otu435.1	Otu435.1	1.0	1.0	3386699	3386699	3386699	1.0	1.0	2	2	2
marmgCAMI2_short_read_pooled_gold_standard_assembly	Otu232.0	Otu232.0	1.0	1.0	2806549	2806549	2806549	1.0	1.0	7	7	7
marmgCAMI2_short_read_pooled_gold_standard_assembly	Otu137.0	Otu137.0	1.0	1.0	4394971	4394971	4394971	1.0	1.0	8	8	8
marmgCAMI2_short_read_pooled_gold_standard_assembly	Otu459	Otu459	1.0	1.0	2070670	2070670	2070670	1.0	1.0	8	8	8
marmgCAMI2_short_read_pooled_gold_standard_assembly	Otu1142.0	Otu1142.0	1.0	1.0	2690080	2690080	2690080	1.0	1.0	196	196	196
marmgCAMI2_short_read_pooled_gold_standard_assembly	Otu68	Otu68	1.0	1.0	4505155	4505155	4505155	1.0	1.0	355	355	355
marmgCAMI2_short_read_pooled_gold_standard_assembly	Otu1361.0	Otu1361.0	1.0	1.0	2854969	2854969	2854969	1.0	1.0	799	799	799
marmgCAMI2_short_read_pooled_gold_standard_assembly	Otu479	Otu479	1.0	1.0	3363676	3363676	3363676	1.0	1.0	317	317	317
marmgCAMI2_short_read_pooled_gold_standard_assembly	Otu616	Otu616	1.0	1.0	5204476	5204476	5204476	1.0	1.0	172	172	172
marmgCAMI2_short_read_pooled_gold_standard_assembly	Otu1111	Otu1111	1.0	1.0	5518917	5518917	5518917	1.0	1.0	57	57	57
marmgCAMI2_short_read_pooled_gold_standard_assembly	Otu159	Otu159	1.0	1.0	3345961	3345961	3345961	1.0	1.0	76	76	76
marmgCAMI2_short_read_pooled_gold_standard_assembly	Otu198.0	Otu198.0	1.0	1.0	4580430	4580430	4580430	1.0	1.0	60	60	60
marmgCAMI2_short_read_pooled_gold_standard_assembly	Otu394.0	Otu394.0	1.0	1.0	4648829	4648829	4648829	1.0	1.0	101	101	101
marmgCAMI2_short_read_pooled_gold_standard_assembly	Otu747	Otu747	1.0	1.0	2070574	2070574	2070574	1.0	1.0	352	352	352
marmgCAMI2_short_read_pooled_gold_standard_assembly	Otu1529	Otu1529	1.0	1.0	4341207	4341207	4341207	1.0	1.0	198	198	198
marmgCAMI2_short_read_pooled_gold_standard_assembly	Otu796	Otu796	1.0	1.0	6421151	6421151	6421151	1.0	1.0	73	73	73
marmgCAMI2_short_read_pooled_gold_standard_assembly	Otu595.0	Otu595.0	1.0	1.0	5527348	5527348	5527348	1.0	1.0	82	82	82
marmgCAMI2_short_read_pooled_gold_standard_assembly	Otu681	Otu681	1.0	1.0	1867462	1867462	1867462	1.0	1.0	86	86	86
marmgCAMI2_short_read_pooled_gold_standard_assembly	Otu1030	Otu1030	1.0	1.0	2240353	2240353	2240353	1.0	1.0	114	114	114
marmgCAMI2_short_read_pooled_gold_standard_assembly	Otu88.0	Otu88.0	1.0	1.0	3393736	3393736	3393736	1.0	1.0	77	77	77
marmgCAMI2_short_read_pooled_gold_standard_assembly	Otu163	Otu163	1.0	1.0	7221652	7221652	7221652	1.0	1.0	34	34	34
marmgCAMI2_short_read_pooled_gold_standard_assembly	Otu128	Otu128	1.0	1.0	5156583	5156583	5156583	1.0	1.0	105	105	105
marmgCAMI2_short_read_pooled_gold_standard_assembly	Otu116.0	Otu116.0	1.0	1.0	5632384	5632384	5632384	1.0	1.0	100	100	100
marmgCAMI2_short_read_pooled_gold_standard_assembly	Otu230.0	Otu230.0	1.0	1.0	2887087	2887087	2887087	1.0	1.0	94	94	94
marmgCAMI2_short_read_pooled_gold_standard_assembly	Otu370.1	Otu370.1	1.0	1.0	2632482	2632482	2632482	1.0	1.0	116	116	116
marmgCAMI2_short_read_pooled_gold_standard_assembly	Otu6	Otu6	1.0	1.0	2466530	2466530	2466530	1.0	1.0	47	47	47
marmgCAMI2_short_read_pooled_gold_standard_assembly	Otu316.0	Otu316.0	1.0	1.0	2714606	2714606	2714606	1.0	1.0	43	43	43
marmgCAMI2_short_read_pooled_gold_standard_assembly	Otu1278.0	Otu1278.0	1.0	1.0	2637798	2637798	2637798	1.0	1.0	125	125	125
marmgCAMI2_short_read_pooled_gold_standard_assembly	Otu152	Otu152	1.0	1.0	6424305	6424305	6424305	1.0	1.0	42	42	42
marmgCAMI2_short_read_pooled_gold_standard_assembly	Otu338	Otu338	1.0	1.0	5723521	5723521	5723521	1.0	1.0	46	46	46
marmgCAMI2_short_read_pooled_gold_standard_assembly	Otu76.0	Otu76.0	1.0	1.0	3085053	3085053	3085053	1.0	1.0	27	27	27
marmgCAMI2_short_read_pooled_gold_standard_assembly	Otu368	Otu368	1.0	1.0	5548833	5548833	5548833	1.0	1.0	13	13	13
marmgCAMI2_short_read_pooled_gold_standard_assembly	Otu107	Otu107	1.0	1.0	4757680	4757680	4757680	1.0	1.0	86	86	86
marmgCAMI2_short_read_pooled_gold_standard_assembly	Otu336	Otu336	1.0	1.0	3277210	3277210	3277210	1.0	1.0	26	26	26
marmgCAMI2_short_read_pooled_gold_standard_assembly	Otu183.1	Otu183.1	1.0	1.0	4779405	4779405	4779405	1.0	1.0	6	6	6
marmgCAMI2_short_read_pooled_gold_standard_assembly	Otu2229	Otu2229	1.0	1.0	1647634	1647634	1647634	1.0	1.0	2795	2795	2795
marmgCAMI2_short_read_pooled_gold_standard_assembly	Otu930	Otu930	1.0	1.0	3183050	3183050	3183050	1.0	1.0	1462	1462	1462
marmgCAMI2_short_read_pooled_gold_standard_assembly	Otu2453	Otu2453	1.0	1.0	1529315	1529315	1529315	1.0	1.0	3564	3564	3564
marmgCAMI2_short_read_pooled_gold_standard_assembly	Otu2363.0	Otu2363.0	1.0	1.0	2728528	2728528	2728528	1.0	1.0	4300	4300	4300
marmgCAMI2_short_read_pooled_gold_standard_assembly	Otu2386	Otu2386	1.0	1.0	3139089	3139089	3139089	1.0	1.0	7040	7040	7040
marmgCAMI2_short_read_pooled_gold_standard_assembly	Otu2304	Otu2304	1.0	1.0	1311242	1311242	1311242	1.0	1.0	2335	2335	2335
marmgCAMI2_short_read_pooled_gold_standard_assembly	Otu2170	Otu2170	1.0	1.0	4233046	4233046	4233046	1.0	1.0	5293	5293	5293
marmgCAMI2_short_read_pooled_gold_standard_assembly	Otu1743	Otu1743	1.0	1.0	1869662	1869662	1869662	1.0	1.0	5485	5485	5485
marmgCAMI2_short_read_pooled_gold_standard_assembly	Otu2441.1	Otu2441.1	1.0	1.0	721750	721750	721750	1.0	1.0	2681	2681	2681
marmgCAMI2_short_read_pooled_gold_standard_assembly	Otu1896	Otu1896	1.0	1.0	3221435	3221435	3221435	1.0	1.0	2740	2740	2740
marmgCAMI2_short_read_pooled_gold_standard_assembly	Otu2313	Otu2313	1.0	1.0	2576417	2576417	2576417	1.0	1.0	6207	6207	6207
marmgCAMI2_short_read_pooled_gold_standard_assembly	Otu2202	Otu2202	1.0	1.0	3460943	3460943	3460943	1.0	1.0	559	559	559
marmgCAMI2_short_read_pooled_gold_standard_assembly	Otu2191	Otu2191	1.0	1.0	1257039	1257039	1257039	1.0	1.0	2889	2889	2889
marmgCAMI2_short_read_pooled_gold_standard_assembly	Otu2123	Otu2123	1.0	1.0	3389429	3389429	3389429	1.0	1.0	6589	6589	6589
marmgCAMI2_short_read_pooled_gold_standard_assembly	Otu1921	Otu1921	1.0	1.0	3100311	3100311	3100311	1.0	1.0	6741	6741	6741
marmgCAMI2_short_read_pooled_gold_standard_assembly	Otu1301	Otu1301	1.0	1.0	3746521	3746521	3746521	1.0	1.0	5358	5358	5358
marmgCAMI2_short_read_pooled_gold_standard_assembly	Otu1068.0	Otu1068.0	1.0	1.0	3275423	3275423	3275423	1.0	1.0	4966	4966	4966
marmgCAMI2_short_read_pooled_gold_standard_assembly	Otu1843.0	Otu1843.0	1.0	1.0	2212321	2212321	2212321	1.0	1.0	6584	6584	6584
marmgCAMI2_short_read_pooled_gold_standard_assembly	Otu1277	Otu1277	1.0	1.0	4330762	4330762	4330762	1.0	1.0	6373	6373	6373
marmgCAMI2_short_read_pooled_gold_standard_assembly	Otu801.1	Otu801.1	1.0	1.0	2000412	2000412	2000412	1.0	1.0	5852	5852	5852
marmgCAMI2_short_read_pooled_gold_standard_assembly	Otu1366	Otu1366	1.0	1.0	2049934	2049934	2049934	1.0	1.0	6305	6305	6305
marmgCAMI2_short_read_pooled_gold_standard_assembly	Otu555.0	Otu555.0	1.0	1.0	4421702	4421702	4421702	1.0	1.0	701	701	701
marmgCAMI2_short_read_pooled_gold_standard_assembly	Otu1844	Otu1844	1.0	1.0	2533318	2533318	2533318	1.0	1.0	6891	6891	6891
marmgCAMI2_short_read_pooled_gold_standard_assembly	Otu370.0	Otu370.0	1.0	1.0	2483029	2483029	2483029	1.0	1.0	3070	3070	3070
marmgCAMI2_short_read_pooled_gold_standard_assembly	Otu843	Otu843	1.0	1.0	4841504	4841504	4841504	1.0	1.0	2198	2198	2198
marmgCAMI2_short_read_pooled_gold_standard_assembly	Otu753	Otu753	1.0	1.0	1956637	1956637	1956637	1.0	1.0	1297	1297	1297
marmgCAMI2_short_read_pooled_gold_standard_assembly	Otu1156	Otu1156	1.0	1.0	4536480	4536480	4536480	1.0	1.0	790	790	790
marmgCAMI2_short_read_pooled_gold_standard_assembly	Otu2172	Otu2172	1.0	1.0	5432048	5432048	5432048	1.0	1.0	7840	7840	7840
marmgCAMI2_short_read_pooled_gold_standard_assembly	Otu1746	Otu1746	1.0	1.0	3839948	3839948	3839948	1.0	1.0	10885	10885	10885
marmgCAMI2_short_read_pooled_gold_standard_assembly	Otu1998	Otu1998	1.0	1.0	3478358	3478358	3478358	1.0	1.0	9616	9616	9616
marmgCAMI2_short_read_pooled_gold_standard_assembly	Otu1140	Otu1140	1.0	1.0	3018190	3018190	3018190	1.0	1.0	6951	6951	6951
marmgCAMI2_short_read_pooled_gold_standard_assembly	Otu947	Otu947	1.0	1.0	2858324	2858324	2858324	1.0	1.0	8039	8039	8039
marmgCAMI2_short_read_pooled_gold_standard_assembly	Otu1947	Otu1947	1.0	1.0	3427291	3427291	3427291	1.0	1.0	7022	7022	7022
marmgCAMI2_short_read_pooled_gold_standard_assembly	Otu435.0	Otu435.0	1.0	1.0	745939	745939	745939	1.0	1.0	2785	2785	2785
marmgCAMI2_short_read_pooled_gold_standard_assembly	Otu2196	Otu2196	1.0	1.0	2266088	2266088	2266088	1.0	1.0	6057	6057	6057
marmgCAMI2_short_read_pooled_gold_standard_assembly	Otu1570	Otu1570	1.0	1.0	3028097	3028097	3028097	1.0	1.0	8047	8047	8047
marmgCAMI2_short_read_pooled_gold_standard_assembly	Otu2180	Otu2180	1.0	1.0	4338439	4338439	4338439	1.0	1.0	5370	5370	5370
marmgCAMI2_short_read_pooled_gold_standard_assembly	Otu1010	Otu1010	1.0	1.0	5351892	5351892	5351892	1.0	1.0	2033	2033	2033
marmgCAMI2_short_read_pooled_gold_standard_assembly	Otu2416	Otu2416	1.0	1.0	3826699	3826699	3826699	1.0	1.0	10709	10709	10709
marmgCAMI2_short_read_pooled_gold_standard_assembly	Otu596	Otu596	1.0	1.0	3941754	3941754	3941754	1.0	1.0	3160	3160	3160
marmgCAMI2_short_read_pooled_gold_standard_assembly	Otu1179.0	Otu1179.0	1.0	1.0	2592766	2592766	2592766	1.0	1.0	7367	7367	7367
marmgCAMI2_short_read_pooled_gold_standard_assembly	Otu1984	Otu1984	1.0	1.0	1165529	1165529	1165529	1.0	1.0	4086	4086	4086
marmgCAMI2_short_read_pooled_gold_standard_assembly	Otu712	Otu712	1.0	1.0	3168468	3168468	3168468	1.0	1.0	1528	1528	1528
marmgCAMI2_short_read_pooled_gold_standard_assembly	Otu433	Otu433	1.0	1.0	1795422	1795422	1795422	1.0	1.0	748	748	748
marmgCAMI2_short_read_pooled_gold_standard_assembly	Otu644	Otu644	1.0	1.0	1701685	1701685	1701685	1.0	1.0	1587	1587	1587
marmgCAMI2_short_read_pooled_gold_standard_assembly	Otu2177	Otu2177	1.0	1.0	3384827	3384827	3384827	1.0	1.0	6071	6071	6071
marmgCAMI2_short_read_pooled_gold_standard_assembly	Otu1219	Otu1219	1.0	1.0	3974461	3974461	3974461	1.0	1.0	8230	8230	8230
marmgCAMI2_short_read_pooled_gold_standard_assembly	Otu1974.1	Otu1974.1	1.0	1.0	1467204	1467204	1467204	1.0	1.0	5002	5002	5002
marmgCAMI2_short_read_pooled_gold_standard_assembly	Otu1196	Otu1196	1.0	1.0	3460964	3460964	3460964	1.0	1.0	4001	4001	4001
marmgCAMI2_short_read_pooled_gold_standard_assembly	Otu1238	Otu1238	1.0	1.0	3849028	3849028	3849028	1.0	1.0	3730	3730	3730
marmgCAMI2_short_read_pooled_gold_standard_assembly	Otu1854	Otu1854	1.0	1.0	3087405	3087405	3087405	1.0	1.0	8182	8182	8182
marmgCAMI2_short_read_pooled_gold_standard_assembly	Otu1986.0	Otu1986.0	1.0	1.0	4121300	4121300	4121300	1.0	1.0	4850	4850	4850
marmgCAMI2_short_read_pooled_gold_standard_assembly	Otu521.0	Otu521.0	1.0	1.0	3159189	3159189	3159189	1.0	1.0	4329	4329	4329
marmgCAMI2_short_read_pooled_gold_standard_assembly	Otu2455	Otu2455	1.0	1.0	3792582	3792582	3792582	1.0	1.0	8047	8047	8047
marmgCAMI2_short_read_pooled_gold_standard_assembly	Otu360	Otu360	1.0	1.0	3454430	3454430	3454430	1.0	1.0	263	263	263
marmgCAMI2_short_read_pooled_gold_standard_assembly	Otu2215	Otu2215	1.0	1.0	3303358	3303358	3303358	1.0	1.0	5960	5960	5960
marmgCAMI2_short_read_pooled_gold_standard_assembly	Otu2090	Otu2090	1.0	1.0	2957488	2957488	2957488	1.0	1.0	6764	6764	6764
marmgCAMI2_short_read_pooled_gold_standard_assembly	Otu1949.0	Otu1949.0	1.0	1.0	2943740	2943740	2943740	1.0	1.0	6697	6697	6697
marmgCAMI2_short_read_pooled_gold_standard_assembly	Otu1950	Otu1950	1.0	1.0	6603983	6603983	6603983	1.0	1.0	5555	5555	5555
marmgCAMI2_short_read_pooled_gold_standard_assembly	Otu1127	Otu1127	1.0	1.0	5123017	5123017	5123017	1.0	1.0	3875	3875	3875
marmgCAMI2_short_read_pooled_gold_standard_assembly	Otu2087	Otu2087	1.0	1.0	3599472	3599472	3599472	1.0	1.0	6054	6054	6054
marmgCAMI2_short_read_pooled_gold_standard_assembly	Otu903	Otu903	1.0	1.0	4746639	4746639	4746639	1.0	1.0	2215	2215	2215
marmgCAMI2_short_read_pooled_gold_standard_assembly	Otu2258.1	Otu2258.1	1.0	1.0	1382941	1382941	1382941	1.0	1.0	4689	4689	4689
marmgCAMI2_short_read_pooled_gold_standard_assembly	Otu1970	Otu1970	1.0	1.0	2662674	2662674	2662674	1.0	1.0	7055	7055	7055
marmgCAMI2_short_read_pooled_gold_standard_assembly	Otu473	Otu473	1.0	1.0	4463514	4463514	4463514	1.0	1.0	143	143	143
marmgCAMI2_short_read_pooled_gold_standard_assembly	Otu2098	Otu2098	1.0	1.0	1619009	1619009	1619009	1.0	1.0	3649	3649	3649
marmgCAMI2_short_read_pooled_gold_standard_assembly	Otu707	Otu707	1.0	1.0	4370855	4370855	4370855	1.0	1.0	1492	1492	1492
marmgCAMI2_short_read_pooled_gold_standard_assembly	Otu2322	Otu2322	1.0	1.0	4869165	4869165	4869165	1.0	1.0	8010	8010	8010
marmgCAMI2_short_read_pooled_gold_standard_assembly	Otu1386	Otu1386	1.0	1.0	4669997	4669997	4669997	1.0	1.0	4542	4542	4542
marmgCAMI2_short_read_pooled_gold_standard_assembly	Otu1264	Otu1264	1.0	1.0	3126795	3126795	3126795	1.0	1.0	4080	4080	4080
marmgCAMI2_short_read_pooled_gold_standard_assembly	Otu1653	Otu1653	1.0	1.0	2506182	2506182	2506182	1.0	1.0	4394	4394	4394
marmgCAMI2_short_read_pooled_gold_standard_assembly	Otu2259	Otu2259	1.0	1.0	1878237	1878237	1878237	1.0	1.0	5982	5982	5982
marmgCAMI2_short_read_pooled_gold_standard_assembly	Otu1344	Otu1344	1.0	1.0	4598094	4598094	4598094	1.0	1.0	845	845	845
marmgCAMI2_short_read_pooled_gold_standard_assembly	Otu1536	Otu1536	1.0	1.0	1777176	1777176	1777176	1.0	1.0	1115	1115	1115
marmgCAMI2_short_read_pooled_gold_standard_assembly	Otu820	Otu820	1.0	1.0	1775582	1775582	1775582	1.0	1.0	1089	1089	1089
marmgCAMI2_short_read_pooled_gold_standard_assembly	Otu1553	Otu1553	1.0	1.0	3346177	3346177	3346177	1.0	1.0	2132	2132	2132
marmgCAMI2_short_read_pooled_gold_standard_assembly	Otu1650	Otu1650	1.0	1.0	1804420	1804420	1804420	1.0	1.0	5109	5109	5109
marmgCAMI2_short_read_pooled_gold_standard_assembly	Otu1593	Otu1593	1.0	1.0	3379761	3379761	3379761	1.0	1.0	5445	5445	5445
marmgCAMI2_short_read_pooled_gold_standard_assembly	Otu1861	Otu1861	1.0	1.0	3192074	3192074	3192074	1.0	1.0	7660	7660	7660
marmgCAMI2_short_read_pooled_gold_standard_assembly	Otu2059	Otu2059	1.0	1.0	1485808	1485808	1485808	1.0	1.0	5245	5245	5245
marmgCAMI2_short_read_pooled_gold_standard_assembly	Otu999	Otu999	1.0	1.0	5028083	5028083	5028083	1.0	1.0	1380	1380	1380
marmgCAMI2_short_read_pooled_gold_standard_assembly	Otu1263	Otu1263	1.0	1.0	5053677	5053677	5053677	1.0	1.0	3690	3690	3690
marmgCAMI2_short_read_pooled_gold_standard_assembly	Otu1383	Otu1383	1.0	1.0	3869678	3869678	3869678	1.0	1.0	2627	2627	2627
marmgCAMI2_short_read_pooled_gold_standard_assembly	Otu1270	Otu1270	1.0	1.0	4919414	4919414	4919414	1.0	1.0	208	208	208
marmgCAMI2_short_read_pooled_gold_standard_assembly	Otu766	Otu766	1.0	1.0	5124659	5124659	5124659	1.0	1.0	813	813	813
marmgCAMI2_short_read_pooled_gold_standard_assembly	Otu1635	Otu1635	1.0	1.0	3684952	3684952	3684952	1.0	1.0	8356	8356	8356
marmgCAMI2_short_read_pooled_gold_standard_assembly	Otu1870	Otu1870	1.0	1.0	1791128	1791128	1791128	1.0	1.0	5015	5015	5015
marmgCAMI2_short_read_pooled_gold_standard_assembly	Otu1927	Otu1927	1.0	1.0	2160777	2160777	2160777	1.0	1.0	6363	6363	6363
marmgCAMI2_short_read_pooled_gold_standard_assembly	Otu1969	Otu1969	1.0	1.0	1411955	1411955	1411955	1.0	1.0	4500	4500	4500
marmgCAMI2_short_read_pooled_gold_standard_assembly	Otu968.0	Otu968.0	1.0	1.0	4890170	4890170	4890170	1.0	1.0	812	812	812
marmgCAMI2_short_read_pooled_gold_standard_assembly	Otu522	Otu522	1.0	1.0	4938992	4938992	4938992	1.0	1.0	2374	2374	2374
marmgCAMI2_short_read_pooled_gold_standard_assembly	Otu429.0	Otu429.0	1.0	1.0	3605216	3605216	3605216	1.0	1.0	1260	1260	1260
marmgCAMI2_short_read_pooled_gold_standard_assembly	Otu536	Otu536	1.0	1.0	5334600	5334600	5334600	1.0	1.0	128	128	128
marmgCAMI2_short_read_pooled_gold_standard_assembly	Otu2151	Otu2151	1.0	1.0	3153208	3153208	3153208	1.0	1.0	3390	3390	3390
marmgCAMI2_short_read_pooled_gold_standard_assembly	Otu851.0	Otu851.0	1.0	1.0	3288414	3288414	3288414	1.0	1.0	1017	1017	1017
marmgCAMI2_short_read_pooled_gold_standard_assembly	Otu1028	Otu1028	1.0	1.0	6920203	6920203	6920203	1.0	1.0	2869	2869	2869
marmgCAMI2_short_read_pooled_gold_standard_assembly	Otu761	Otu761	1.0	1.0	4391210	4391210	4391210	1.0	1.0	813	813	813
marmgCAMI2_short_read_pooled_gold_standard_assembly	Otu2239	Otu2239	1.0	1.0	1029994	1029994	1029994	1.0	1.0	2046	2046	2046
marmgCAMI2_short_read_pooled_gold_standard_assembly	Otu2106	Otu2106	1.0	1.0	4065303	4065303	4065303	1.0	1.0	2647	2647	2647
marmgCAMI2_short_read_pooled_gold_standard_assembly	Otu2120	Otu2120	1.0	1.0	3172800	3172800	3172800	1.0	1.0	5116	5116	5116
marmgCAMI2_short_read_pooled_gold_standard_assembly	Otu1113	Otu1113	1.0	1.0	3806528	3806528	3806528	1.0	1.0	906	906	906
marmgCAMI2_short_read_pooled_gold_standard_assembly	Otu1860	Otu1860	1.0	1.0	4619416	4619416	4619416	1.0	1.0	948	948	948
marmgCAMI2_short_read_pooled_gold_standard_assembly	Otu1596	Otu1596	1.0	1.0	4332052	4332052	4332052	1.0	1.0	2925	2925	2925
marmgCAMI2_short_read_pooled_gold_standard_assembly	Otu1893	Otu1893	1.0	1.0	1129244	1129244	1129244	1.0	1.0	3852	3852	3852
marmgCAMI2_short_read_pooled_gold_standard_assembly	Otu1791	Otu1791	1.0	1.0	4469249	4469249	4469249	1.0	1.0	4458	4458	4458
marmgCAMI2_short_read_pooled_gold_standard_assembly	Otu497.0	Otu497.0	1.0	1.0	1403263	1403263	1403263	1.0	1.0	3991	3991	3991
marmgCAMI2_short_read_pooled_gold_standard_assembly	Otu1543	Otu1543	1.0	1.0	1477123	1477123	1477123	1.0	1.0	2515	2515	2515
marmgCAMI2_short_read_pooled_gold_standard_assembly	Otu1617	Otu1617	1.0	1.0	3533605	3533605	3533605	1.0	1.0	5339	5339	5339
marmgCAMI2_short_read_pooled_gold_standard_assembly	Otu2343	Otu2343	1.0	1.0	2337397	2337397	2337397	1.0	1.0	6818	6818	6818
marmgCAMI2_short_read_pooled_gold_standard_assembly	Otu2053	Otu2053	1.0	1.0	1356729	1356729	1356729	1.0	1.0	2783	2783	2783
marmgCAMI2_short_read_pooled_gold_standard_assembly	Otu1620	Otu1620	1.0	1.0	4148932	4148932	4148932	1.0	1.0	2797	2797	2797
marmgCAMI2_short_read_pooled_gold_standard_assembly	Otu923	Otu923	1.0	1.0	5173431	5173431	5173431	1.0	1.0	1121	1121	1121
marmgCAMI2_short_read_pooled_gold_standard_assembly	Otu1894	Otu1894	1.0	1.0	3860287	3860287	3860287	1.0	1.0	2304	2304	2304
marmgCAMI2_short_read_pooled_gold_standard_assembly	Otu2014	Otu2014	1.0	1.0	6171988	6171988	6171988	1.0	1.0	3429	3429	3429
marmgCAMI2_short_read_pooled_gold_standard_assembly	Otu860	Otu860	1.0	1.0	4004643	4004643	4004643	1.0	1.0	1402	1402	1402
marmgCAMI2_short_read_pooled_gold_standard_assembly	Otu1722	Otu1722	1.0	1.0	3545962	3545962	3545962	1.0	1.0	7135	7135	7135
marmgCAMI2_short_read_pooled_gold_standard_assembly	Otu1080	Otu1080	1.0	1.0	1854101	1854101	1854101	1.0	1.0	143	143	143
marmgCAMI2_short_read_pooled_gold_standard_assembly	Otu2282	Otu2282	1.0	1.0	1704002	1704002	1704002	1.0	1.0	5442	5442	5442
marmgCAMI2_short_read_pooled_gold_standard_assembly	Otu1597	Otu1597	1.0	1.0	1365882	1365882	1365882	1.0	1.0	2844	2844	2844
marmgCAMI2_short_read_pooled_gold_standard_assembly	Otu2276	Otu2276	1.0	1.0	2884558	2884558	2884558	1.0	1.0	5121	5121	5121
marmgCAMI2_short_read_pooled_gold_standard_assembly	Otu1773	Otu1773	1.0	1.0	4544254	4544254	4544254	1.0	1.0	6789	6789	6789
marmgCAMI2_short_read_pooled_gold_standard_assembly	Otu1923	Otu1923	1.0	1.0	1611308	1611308	1611308	1.0	1.0	4731	4731	4731
marmgCAMI2_short_read_pooled_gold_standard_assembly	Otu1062.0	Otu1062.0	1.0	1.0	2563788	2563788	2563788	1.0	1.0	1508	1508	1508
marmgCAMI2_short_read_pooled_gold_standard_assembly	Otu1519	Otu1519	1.0	1.0	5433103	5433103	5433103	1.0	1.0	1586	1586	1586
marmgCAMI2_short_read_pooled_gold_standard_assembly	Otu1974.0	Otu1974.0	1.0	1.0	4057062	4057062	4057062	1.0	1.0	5520	5520	5520
marmgCAMI2_short_read_pooled_gold_standard_assembly	Otu1914.0	Otu1914.0	1.0	1.0	3929612	3929612	3929612	1.0	1.0	1235	1235	1235
marmgCAMI2_short_read_pooled_gold_standard_assembly	Otu1251	Otu1251	1.0	1.0	2225556	2225556	2225556	1.0	1.0	6366	6366	6366
marmgCAMI2_short_read_pooled_gold_standard_assembly	Otu2423	Otu2423	1.0	1.0	4343103	4343103	4343103	1.0	1.0	5633	5633	5633
marmgCAMI2_short_read_pooled_gold_standard_assembly	Otu1692	Otu1692	1.0	1.0	3436913	3436913	3436913	1.0	1.0	5090	5090	5090
marmgCAMI2_short_read_pooled_gold_standard_assembly	Otu1697	Otu1697	1.0	1.0	3857796	3857796	3857796	1.0	1.0	3661	3661	3661
marmgCAMI2_short_read_pooled_gold_standard_assembly	Otu958	Otu958	1.0	1.0	4194046	4194046	4194046	1.0	1.0	1965	1965	1965
marmgCAMI2_short_read_pooled_gold_standard_assembly	Otu2422	Otu2422	1.0	1.0	3235549	3235549	3235549	1.0	1.0	5282	5282	5282
marmgCAMI2_short_read_pooled_gold_standard_assembly	Otu598	Otu598	1.0	1.0	1703562	1703562	1703562	1.0	1.0	1498	1498	1498
marmgCAMI2_short_read_pooled_gold_standard_assembly	Otu1585	Otu1585	1.0	1.0	3061525	3061525	3061525	1.0	1.0	3128	3128	3128
marmgCAMI2_short_read_pooled_gold_standard_assembly	Otu626.0	Otu626.0	1.0	1.0	3775622	3775622	3775622	1.0	1.0	901	901	901
marmgCAMI2_short_read_pooled_gold_standard_assembly	Otu1084	Otu1084	1.0	1.0	1740394	1740394	1740394	1.0	1.0	2029	2029	2029
marmgCAMI2_short_read_pooled_gold_standard_assembly	Otu1450	Otu1450	1.0	1.0	850907	850907	850907	1.0	1.0	2583	2583	2583
marmgCAMI2_short_read_pooled_gold_standard_assembly	Otu239.0	Otu239.0	1.0	1.0	3920303	3920303	3920303	1.0	1.0	1	1	1
