Method	num_5010	num_7010	num_9010	num_505	num_605	num_705	num_805	num_905
concoct_bins_checkm2_output/quality_report.tsv	105	81	25	82	75	63	40	20
Method	num_5010	num_7010	num_9010	num_505	num_605	num_705	num_805	num_905
maxbin2_bins_checkm2_output/quality_report.tsv	124	93	35	67	61	49	31	22
Method	num_5010	num_7010	num_9010	num_505	num_605	num_705	num_805	num_905
metabat2_bins_checkm2_output/quality_report.tsv	114	68	19	107	83	62	39	18
Method	num_5010	num_7010	num_9010	num_505	num_605	num_705	num_805	num_905
vamb_m200000/bins_checkm2_output/quality_report.tsv	163	111	31	134	108	84	60	24
Method	num_5010	num_7010	num_9010	num_505	num_605	num_705	num_805	num_905
clmb_m200000/bins_checkm2_output/quality_report.tsv	134	93	26	111	94	72	53	24
Method	num_5010	num_7010	num_9010	num_505	num_605	num_705	num_805	num_905
metadecoder/samfiles_checkm2_output/quality_report.tsv	62	29	10	59	47	29	22	10
Method	num_5010	num_7010	num_9010	num_505	num_605	num_705	num_805	num_905
vamb_v413_m200000/bins_checkm2_output/quality_report.tsv	161	107	30	132	106	83	57	23
semibin_Easy_coassemly_mode_v1.0.0_default/output_recluster_bins_checkm2_output/quality_report.tsv	83	42	13	79	63	39	28	11
semibin2_Easy_coassemly_mode/output_bins_checkm2_output/quality_report.tsv	84	44	11	77	58	40	25	9
Method	num_5010	num_7010	num_9010	num_505	num_605	num_705	num_805	num_905
semibin2_Easy_coassemly_mode_minlen_1000/output_bins_checkm2_output/quality_report.tsv	177	113	35	148	121	90	58	25
COMEBin_nocovloss_tau0.15_nepoch200_earlystop_addvars_nedge75_vars_sqrt_NokmerMetric/test3_parallel_leiden_markerseed_RBERVertexPartition_nodesize_hnsw_l2mode_bandwidth_0.05_res_maxedges100respara_5_partgraph_ratio_80.tsv.filtersmallbins_200000.tsv_bins_checkm2_output/quality_report.tsv	194	138	44	163	141	110	74	37
