Method	num_5010	num_7010	num_9010	num_505	num_605	num_705	num_805	num_905
concoct_bins_checkm2_quality_report.tsv	8	4	0	7	6	3	1	0
maxbin2_bins_checkm2_quality_report.tsv	22	6	2	4	0	0	0	0
metabat2_bins_checkm2_quality_report.tsv	15	10	1	8	6	5	4	0
VAMB/S1_checkm2_output/quality_report.tsv	8	4	0	5	3	1	0	0
CLMB/S1_checkm2_output/quality_report.tsv	4	1	0	3	3	1	0	0
metadecoder/samfiles_checkm2_output/quality_report.tsv	8	2	1	8	6	2	2	1
semibin_Easy_coassemly_mode_v1.0.0_default/output_recluster_bins_checkm2_output/quality_report.tsv	22	12	3	16	12	10	7	2
semibin2_Easy_coassemly_mode/output_bins_checkm2_output/quality_report.tsv	19	10	3	16	11	9	6	2
COMEBin_nocovloss_tau0.15_nepoch200_earlystop_addvars_nedge75_vars_sqrt_NokmerMetric/comebin_res_bins_checkm2_output/quality_report.tsv	38	24	12	22	16	13	7	5
